FishHeight(cm),FishWidth(cm),FishDiagonal(cm),ScaleDiagonal(cm),ScaleWidth(cm),OnePixelValue,Circumference(cm),Area(cm),AspectRatio,DiagonalToHeightRatio,AreaRatio,SegmentedFilename,FishDetected,ScaleDetected
15.0,4.0,16.0,15.0,3.0,0.006119951040391677,38.0,37.0,0.26666666666666666,1.0420432220039293,0.16724461945726002,20240502100554940_sardine_bad_(0).png,yes,yes
15.0,6.0,16.0,15.0,3.0,0.006607929515418502,38.0,39.0,0.4,1.0752551020408163,0.15021624628882055,20240502100602502_sardine_bad_(0).png,yes,yes
16.0,4.0,17.0,15.0,2.0,0.006535947712418301,39.0,34.0,0.25,1.0290196078431373,0.13532889326754666,20240502100610158_sardine_bad_(0).png,yes,yes
16.0,3.0,16.0,15.0,3.0,0.006418485237483954,40.0,37.0,0.1875,1.0243804956035172,0.15112969037015678,20240502100619414_sardine_bad_(0).png,yes,yes
14.0,4.0,15.0,15.0,3.0,0.006619593998234775,36.0,34.0,0.2857142857142857,1.0381644706951385,0.13066305293904054,20240502100628226_sardine_bad_(0).png,yes,yes
16.0,4.0,17.0,15.0,3.0,0.007263922518159807,43.0,42.0,0.25,1.0305113880532875,0.13333254904630698,20240502100637141_sardine_bad_(0).png,yes,yes
16.0,4.0,16.0,15.0,3.0,0.006868131868131868,38.0,36.0,0.25,1.0306513409961686,0.1276439650615148,20240502100645440_sardine_bad_(0).png,yes,yes
13.0,3.0,14.0,15.0,1.0,0.006871278057718736,34.0,25.0,0.23076923076923078,1.029294935451837,0.08842986404801573,20240502100653822_sardine_bad_(0).png,yes,yes
14.0,3.0,15.0,15.0,2.0,0.007015902712815715,36.0,28.0,0.21428571428571427,1.020952380952381,0.09787760249797087,20240502100702147_sardine_bad_(0).png,yes,yes
14.0,3.0,14.0,15.0,2.0,0.00641025641025641,35.0,26.0,0.21428571428571427,1.0330167345092718,0.10800783753043701,20240502100713102_sardine_bad_(0).png,yes,yes
14.0,3.0,14.0,15.0,2.0,0.007545271629778672,35.0,32.0,0.21428571428571427,1.0251177394034536,0.09622309061151693,20240502100723330_sardine_bad_(0).png,yes,yes
15.0,3.0,16.0,15.0,2.0,0.006702412868632708,40.0,36.0,0.2,1.027519051651143,0.13476595873916014,20240502100732493_sardine_bad_(0).png,yes,yes
14.0,4.0,15.0,15.0,2.0,0.006918819188191882,35.0,34.0,0.2857142857142857,1.0382797731568998,0.11856726112285873,20240502100741036_sardine_bad_(0).png,yes,yes
16.0,2.0,16.0,15.0,2.0,0.007082152974504249,39.0,30.0,0.125,1.0167106420404572,0.10206169034879747,20240502100749852_sardine_bad_(0).png,yes,yes
17.0,3.0,18.0,15.0,2.0,0.00706880301602262,44.0,37.0,0.17647058823529413,1.020246129416435,0.12534066424772525,20240502100812958_sardine_bad_(0).png,yes,yes
14.0,4.0,14.0,15.0,1.0,0.0077559462254395035,37.0,35.0,0.2857142857142857,1.0466630493760174,0.0991831900924858,20240502100823363_sardine_bad_(0).png,yes,yes
15.0,4.0,16.0,15.0,1.0,0.007045561296383279,39.0,40.0,0.26666666666666666,1.0427501101806964,0.13519039151608356,20240502100833420_sardine_bad_(0).png,yes,yes
13.0,3.0,14.0,15.0,1.0,0.006634232640424591,34.0,25.0,0.23076923076923078,1.0336812144212524,0.09833006936434704,20240502100841908_sardine_bad_(0).png,yes,yes
14.0,2.0,14.0,15.0,1.0,0.007177033492822967,34.0,29.0,0.14285714285714285,1.0213849287169043,0.09487194762164125,20240502100849447_sardine_bad_(0).png,yes,yes
14.0,3.0,14.0,15.0,3.0,0.006699419383653417,36.0,28.0,0.21428571428571427,1.0249177244945933,0.10590486364752873,20240502100900551_sardine_bad_(0).png,yes,yes
14.0,3.0,14.0,15.0,1.0,0.007575757575757576,36.0,28.0,0.21428571428571427,1.0302872062663186,0.08404686765773847,20240502100909675_sardine_bad_(0).png,yes,yes
14.0,4.0,15.0,15.0,3.0,0.0070389488503050214,36.0,34.0,0.2857142857142857,1.0376266280752533,0.11492942084241103,20240502100917435_sardine_bad_(0).png,yes,yes
15.0,3.0,15.0,15.0,3.0,0.007177033492822967,38.0,33.0,0.2,1.025943396226415,0.10874531763958306,20240502100924930_sardine_bad_(0).png,yes,yes
13.0,3.0,13.0,15.0,3.0,0.006846188954815153,32.0,25.0,0.23076923076923078,1.0272251308900524,0.09252384232560126,20240502100933075_sardine_bad_(0).png,yes,yes
13.0,3.0,14.0,15.0,3.0,0.006527415143603133,34.0,30.0,0.23076923076923078,1.0309082263433191,0.1194585949848349,20240502100942240_sardine_bad_(0).png,yes,yes
17.0,5.0,18.0,15.0,4.0,0.006599208095028597,44.0,38.0,0.29411764705882354,1.0472646073688128,0.14787606729783417,20240502100950606_sardine_bad_(0).png,yes,yes
16.0,5.0,17.0,15.0,3.0,0.0076103500761035,42.0,39.0,0.3125,1.0543575920934412,0.11479408961296937,20240502101028854_sardine_bad_(0).png,yes,yes
17.0,4.0,18.0,15.0,3.0,0.0061074918566775245,42.0,44.0,0.23529411764705882,1.0356768100734524,0.19883061135674313,20240502101040254_sardine_bad_(0).png,yes,yes
16.0,4.0,16.0,15.0,2.0,0.00629987400251995,39.0,33.0,0.25,1.034321372854914,0.14115088948160964,20240502101049895_sardine_bad_(0).png,yes,yes
14.0,3.0,15.0,15.0,2.0,0.006170300287947347,35.0,28.0,0.21428571428571427,1.0257058575642646,0.126066546921056,20240502101058970_sardine_bad_(0).png,yes,yes
15.0,3.0,15.0,15.0,1.0,0.00629458665547629,39.0,32.0,0.2,1.0218535006070417,0.13836792205989148,20240502101113669_sardine_bad_(0).png,yes,yes
16.0,3.0,16.0,15.0,2.0,0.006846188954815153,40.0,35.0,0.1875,1.0249471458773785,0.12772489680785168,20240502101125478_sardine_bad_(0).png,yes,yes
15.0,3.0,16.0,15.0,2.0,0.006263048016701462,39.0,31.0,0.2,1.0312374849819783,0.13456179380793712,20240502101133793_sardine_bad_(0).png,yes,yes
15.0,3.0,15.0,15.0,2.0,0.00597609561752988,38.0,32.0,0.2,1.028560401389425,0.14971438602674186,20240502101144227_sardine_bad_(0).png,yes,yes
17.0,4.0,18.0,15.0,2.0,0.006846188954815153,43.0,39.0,0.23529411764705882,1.0368074389771407,0.139018629987398,20240502101153103_sardine_bad_(0).png,yes,yes
16.0,3.0,16.0,15.0,2.0,0.006440532417346501,41.0,38.0,0.1875,1.023659305993691,0.15588388814131318,20240502101204227_sardine_bad_(0).png,yes,yes
13.0,3.0,14.0,15.0,1.0,0.006669630947087594,34.0,26.0,0.23076923076923078,1.0246020260492041,0.09880431271092315,20240502101213407_sardine_bad_(0).png,yes,yes
13.0,3.0,14.0,15.0,2.0,0.006584723441615452,33.0,28.0,0.23076923076923078,1.040677966101695,0.1093308629960699,20240502101223184_sardine_bad_(0).png,yes,yes
14.0,3.0,15.0,15.0,3.0,0.006573181419807186,37.0,29.0,0.21428571428571427,1.028175313059034,0.11230122495621342,20240502101231664_sardine_bad_(0).png,yes,yes
15.0,4.0,16.0,15.0,3.0,0.006944444444444444,39.0,33.0,0.26666666666666666,1.0469769464984775,0.11598303537101115,20240502101239618_sardine_bad_(0).png,yes,yes
15.0,5.0,16.0,15.0,3.0,0.0063371356147021544,39.0,31.0,0.3333333333333333,1.0637254901960784,0.1306781546360374,20240502101311749_sardine_bad_(0).png,yes,yes
14.0,3.0,14.0,15.0,1.0,0.0063025210084033615,35.0,34.0,0.21428571428571427,1.0362030905077262,0.14608347083386733,20240502101320790_sardine_bad_(0).png,yes,yes
16.0,3.0,16.0,15.0,2.0,0.007242877836793819,40.0,36.0,0.1875,1.0240106714095154,0.11766883530372933,20240502101333531_sardine_bad_(0).png,yes,yes
14.0,3.0,14.0,15.0,2.0,0.006657789613848202,34.0,31.0,0.21428571428571427,1.0252808988764044,0.11747785306933231,20240502101341693_sardine_bad_(0).png,yes,yes
17.0,3.0,18.0,15.0,1.0,0.006669630947087594,44.0,41.0,0.17647058823529413,1.0234375,0.15504578567538127,20240502101350519_sardine_bad_(0).png,yes,yes
15.0,3.0,15.0,15.0,1.0,0.006175380815150268,37.0,30.0,0.2,1.0190627482128674,0.13141621878871373,20240502101358886_sardine_bad_(0).png,yes,yes
14.0,4.0,15.0,15.0,1.0,0.0063264445381695485,35.0,31.0,0.2857142857142857,1.0399656209712076,0.13219575003203896,20240502101408662_sardine_bad_(0).png,yes,yes
14.0,2.0,14.0,15.0,1.0,0.005947660586835844,35.0,26.0,0.14285714285714285,1.022090059473237,0.12479308172070572,20240502101418022_sardine_bad_(0).png,yes,yes
14.0,4.0,15.0,15.0,1.0,0.006208609271523178,37.0,30.0,0.2857142857142857,1.0391014975041597,0.13311111311354606,20240502101428004_sardine_bad_(0).png,yes,yes
14.0,2.0,14.0,15.0,1.0,0.006382978723404255,34.0,26.0,0.14285714285714285,1.0204174228675136,0.10700253174526891,20240502101529858_sardine_bad_(0).png,yes,yes
15.0,3.0,15.0,15.0,1.0,0.005580357142857143,38.0,32.0,0.2,1.0261532873229204,0.1754188927068649,20240502101541566_sardine_bad_(0).png,yes,yes
17.0,3.0,17.0,15.0,2.0,0.0066254416961130744,44.0,44.0,0.17647058823529413,1.0253456221198156,0.16782824581357597,20240502101548813_sardine_bad_(0).png,yes,yes
14.0,3.0,15.0,15.0,3.0,0.00628140703517588,35.0,33.0,0.21428571428571427,1.0275032230339494,0.1412324887062668,20240502101556254_sardine_bad_(0).png,yes,yes
14.0,3.0,15.0,15.0,2.0,0.006459948320413436,35.0,28.0,0.21428571428571427,1.0299427564949362,0.11212133954889145,20240502101604319_sardine_bad_(0).png,yes,yes
16.0,5.0,17.0,15.0,3.0,0.006255212677231026,39.0,40.0,0.3125,1.065293431791683,0.17274230464244522,20240502101612899_sardine_bad_(0).png,yes,yes
15.0,3.0,15.0,15.0,2.0,0.0062318238471125885,36.0,33.0,0.2,1.023927392739274,0.14329432923768637,20240502101621483_sardine_bad_(0).png,yes,yes
15.0,3.0,16.0,15.0,2.0,0.006473888649115235,39.0,32.0,0.2,1.0204834084391643,0.13045763648596695,20240502101632842_sardine_bad_(0).png,yes,yes
16.0,3.0,16.0,15.0,2.0,0.006234413965087282,40.0,33.0,0.1875,1.0265755504935459,0.14282534228288266,20240502101640496_sardine_bad_(0).png,yes,yes
13.0,4.0,14.0,15.0,2.0,0.0066050198150594455,34.0,28.0,0.3076923076923077,1.0586820586820587,0.11044605239971805,20240502101652070_sardine_bad_(0).png,yes,yes
15.0,3.0,15.0,15.0,2.0,0.006663705019991115,36.0,35.0,0.2,1.0236323851203502,0.13243412322717757,20240502101700385_sardine_bad_(0).png,yes,yes
14.0,3.0,14.0,15.0,2.0,0.006172839506172839,34.0,29.0,0.21428571428571427,1.0277898393399914,0.12937064804135162,20240502101713830_sardine_bad_(0).png,yes,yes
18.0,4.0,18.0,15.0,2.0,0.006938020351526364,46.0,46.0,0.2222222222222222,1.022803738317757,0.16208926721560082,20240502101721790_sardine_bad_(0).png,yes,yes
14.0,4.0,15.0,15.0,2.0,0.00675371454299865,35.0,33.0,0.2857142857142857,1.0402745995423341,0.12276436480093127,20240502101730919_sardine_bad_(0).png,yes,yes
14.0,3.0,14.0,15.0,2.0,0.006613756613756613,35.0,32.0,0.21428571428571427,1.0379805465493284,0.12277245797556495,20240502101740348_sardine_bad_(0).png,yes,yes
15.0,4.0,15.0,15.0,2.0,0.006720430107526882,38.0,26.0,0.26666666666666666,1.0414644905161006,0.09632546509889359,20240502101748311_sardine_bad_(0).png,yes,yes
16.0,5.0,17.0,15.0,3.0,0.006350550381033023,42.0,37.0,0.3125,1.0539273153575615,0.15331401317335214,20240502101756293_sardine_bad_(0).png,yes,yes
13.0,4.0,14.0,15.0,1.0,0.00702576112412178,35.0,29.0,0.3076923076923077,1.0492738589211619,0.0993464719765902,20240502101815841_sardine_bad_(0).png,yes,yes
14.0,3.0,14.0,15.0,1.0,0.006440532417346501,37.0,29.0,0.21428571428571427,1.023671281822242,0.11682614392434534,20240502101824796_sardine_bad_(0).png,yes,yes
13.0,3.0,14.0,15.0,1.0,0.00629987400251995,34.0,29.0,0.23076923076923078,1.0249320036264733,0.12491523025332137,20240502101833158_sardine_bad_(0).png,yes,yes
12.0,4.0,13.0,15.0,1.0,0.006631299734748011,32.0,27.0,0.3333333333333333,1.0573770491803278,0.10329010076252723,20240502101841431_sardine_bad_(0).png,yes,yes
14.0,3.0,14.0,15.0,2.0,0.006607929515418502,34.0,29.0,0.21428571428571427,1.0301318267419963,0.11382416017877739,20240502101850371_sardine_bad_(0).png,yes,yes
14.0,3.0,15.0,15.0,2.0,0.006247396917950854,36.0,35.0,0.21428571428571427,1.0281867900715187,0.15356657028279722,20240502101902699_sardine_bad_(0).png,yes,yes
15.0,3.0,16.0,15.0,2.0,0.006570302233902759,39.0,34.0,0.2,1.0213991769547326,0.13225966108120807,20240502101910976_sardine_bad_(0).png,yes,yes
16.0,4.0,16.0,15.0,1.0,0.006550218340611353,40.0,36.0,0.25,1.040766408479413,0.14060580999829125,20240502101918623_sardine_bad_(0).png,yes,yes
15.0,3.0,15.0,15.0,4.0,0.00663716814159292,37.0,34.0,0.2,1.028693790149893,0.13150190631808278,20240502101948494_sardine_bad_(0).png,yes,yes
13.0,3.0,13.0,15.0,3.0,0.006507592190889371,34.0,28.0,0.23076923076923078,1.0277114190157668,0.1124448996646589,20240502101955611_sardine_bad_(0).png,yes,yes
16.0,3.0,16.0,15.0,3.0,0.006323777403035413,38.0,31.0,0.1875,1.0220820189274449,0.13087038839228501,20240502102008013_sardine_bad_(0).png,yes,yes
16.0,3.0,16.0,15.0,4.0,0.006504770164787511,40.0,35.0,0.1875,1.0228731942215088,0.13943463585052757,20240502102016408_sardine_bad_(0).png,yes,yes
14.0,3.0,15.0,15.0,3.0,0.0062266500622665,37.0,34.0,0.21428571428571427,1.034351145038168,0.14688344360075184,20240502102025379_sardine_bad_(0).png,yes,yes
13.0,4.0,14.0,15.0,2.0,0.006109979633401222,35.0,33.0,0.3076923076923077,1.0402978537012701,0.15169537824661455,20240502102034860_sardine_bad_(0).png,yes,yes
14.0,3.0,14.0,15.0,3.0,0.006613756613756613,35.0,32.0,0.21428571428571427,1.0277906438165818,0.1245079850431458,20240502102042658_sardine_bad_(0).png,yes,yes
18.0,3.0,18.0,15.0,2.0,0.00639386189258312,45.0,42.0,0.16666666666666666,1.0199929849175728,0.17382370295612798,20240502102052001_sardine_bad_(0).png,yes,yes
15.0,3.0,15.0,15.0,2.0,0.006286672254819782,38.0,31.0,0.2,1.0281573498964802,0.13095632622602418,20240502102100508_sardine_bad_(0).png,yes,yes
17.0,3.0,17.0,15.0,1.0,0.006741573033707865,44.0,42.0,0.17647058823529413,1.0242092932448263,0.15477896121683968,20240502102130913_sardine_bad_(0).png,yes,yes
13.0,3.0,14.0,15.0,1.0,0.006291946308724832,32.0,27.0,0.23076923076923078,1.0265082266910421,0.11550211724123201,20240502102208209_sardine_bad_(0).png,yes,yes
14.0,2.0,14.0,15.0,1.0,0.006321112515802781,33.0,27.0,0.14285714285714285,1.0215536596317916,0.11485432953137682,20240502102217591_sardine_bad_(0).png,yes,yes
15.0,4.0,15.0,15.0,2.0,0.007292173067574137,38.0,31.0,0.26666666666666666,1.0358166189111748,0.10030872541009868,20240502102226004_sardine_bad_(0).png,yes,yes
14.0,3.0,15.0,15.0,3.0,0.006391137622496805,38.0,31.0,0.21428571428571427,1.024516129032258,0.12934169616920843,20240502102237565_sardine_bad_(0).png,yes,yes
15.0,3.0,15.0,15.0,2.0,0.0064963187527068,37.0,36.0,0.2,1.0266047297297298,0.14506022656884104,20240502102252057_sardine_bad_(0).png,yes,yes
15.0,4.0,15.0,15.0,3.0,0.007374631268436578,36.0,34.0,0.26666666666666666,1.043245869776482,0.10609734770814644,20240502102302911_sardine_bad_(0).png,yes,yes
15.0,3.0,15.0,15.0,3.0,0.008379888268156424,38.0,33.0,0.2,1.0253723110865969,0.07906455917061814,20240502102312063_sardine_bad_(0).png,yes,yes
14.0,3.0,15.0,15.0,2.0,0.006573181419807186,37.0,30.0,0.21428571428571427,1.0320284697508897,0.1186663816534239,20240502102320091_sardine_bad_(0).png,yes,yes
13.0,3.0,14.0,15.0,2.0,0.0066166740185266875,34.0,24.0,0.23076923076923078,1.0380673499267936,0.09439236444850271,20240502102329365_sardine_bad_(0).png,yes,yes
15.0,5.0,15.0,15.0,3.0,0.007215007215007215,37.0,36.0,0.3333333333333333,1.0594154288452324,0.11586313957772651,20240502102337885_sardine_bad_(0).png,yes,yes
15.0,3.0,15.0,15.0,3.0,0.007270964614638876,38.0,36.0,0.2,1.031573986804901,0.11444399723396984,20240502102346010_sardine_bad_(0).png,yes,yes
16.0,5.0,16.0,15.0,3.0,0.006811989100817439,40.0,32.0,0.3125,1.0480237994050148,0.11831061570870179,20240502102353853_sardine_bad_(0).png,yes,yes
15.0,3.0,16.0,15.0,3.0,0.007045561296383279,38.0,32.0,0.2,1.027124773960217,0.10772457641825793,20240502102402067_sardine_bad_(0).png,yes,yes
15.0,3.0,15.0,15.0,2.0,0.007072135785007072,38.0,34.0,0.2,1.0214220601640838,0.113840847136785,20240502102410973_sardine_bad_(0).png,yes,yes
21.0,5.0,22.0,15.0,2.0,0.007112375533428165,54.0,58.0,0.23809523809523808,1.0324074074074074,0.19254680357981974,20240502102424704_sardine_bad_(0).png,yes,yes
14.0,4.0,14.0,15.0,2.0,0.006619593998234775,35.0,26.0,0.2857142857142857,1.0404515522107243,0.10200111669122987,20240502102432386_sardine_bad_(0).png,yes,yes
16.0,3.0,17.0,15.0,2.0,0.007338551859099804,40.0,35.0,0.1875,1.0179745725558966,0.10957457601777094,20240502102448477_sardine_bad_(0).png,yes,yes
13.0,3.0,14.0,15.0,3.0,0.006476683937823834,36.0,28.0,0.23076923076923078,1.0343546889507893,0.11211700093980947,20240502102518142_sardine_bad_(0).png,yes,yes
15.0,3.0,15.0,15.0,3.0,0.0067598017124831005,37.0,37.0,0.2,1.0277655354781843,0.13628538970054252,20240502102528287_sardine_bad_(0).png,yes,yes
13.0,5.0,14.0,15.0,3.0,0.007115749525616698,35.0,27.0,0.38461538461538464,1.0681003584229392,0.08998500509953437,20240502102538064_sardine_bad_(0).png,yes,yes
13.0,3.0,14.0,15.0,2.0,0.006454388984509466,33.0,27.0,0.23076923076923078,1.0271154745208042,0.10977406860075185,20240502102547948_sardine_bad_(0).png,yes,yes
16.0,5.0,16.0,15.0,1.0,0.0070555032925682035,40.0,34.0,0.3125,1.049738219895288,0.11599588432867701,20240502102557131_sardine_bad_(0).png,yes,yes
15.0,3.0,16.0,15.0,1.0,0.006726457399103139,39.0,33.0,0.2,1.0232258064516129,0.12341190220641633,20240502102612387_sardine_bad_(0).png,yes,yes
14.0,3.0,15.0,15.0,1.0,0.006331785563528915,38.0,30.0,0.21428571428571427,1.023076923076923,0.12758255705604682,20240502102623031_sardine_bad_(0).png,yes,yes
15.0,3.0,15.0,15.0,2.0,0.006811989100817439,38.0,33.0,0.2,1.02609464838567,0.12054741899483105,20240502102632122_sardine_bad_(0).png,yes,yes
14.0,3.0,15.0,15.0,2.0,0.006347862886161659,36.0,33.0,0.21428571428571427,1.0248500428449014,0.13691740823508053,20240502102641489_sardine_bad_(0).png,yes,yes
15.0,3.0,15.0,15.0,2.0,0.006229235880398671,37.0,32.0,0.2,1.0212853049529267,0.1396126856924687,20240502102651446_sardine_bad_(0).png,yes,yes
13.0,3.0,14.0,15.0,3.0,0.006382978723404255,33.0,29.0,0.23076923076923078,1.0263401109057302,0.12259616026421462,20240502102700416_sardine_bad_(0).png,yes,yes
14.0,3.0,14.0,15.0,2.0,0.006918819188191882,35.0,32.0,0.21428571428571427,1.0331412103746398,0.11231849595775129,20240502102716355_sardine_bad_(0).png,yes,yes
16.0,3.0,16.0,15.0,1.0,0.007292173067574137,40.0,34.0,0.1875,1.0263628239499554,0.10785398377760691,20240502102724483_sardine_bad_(0).png,yes,yes
14.0,3.0,15.0,15.0,1.0,0.007204610951008645,36.0,33.0,0.21428571428571427,1.0339970859640601,0.10615149688688111,20240502102731916_sardine_bad_(0).png,yes,yes
15.0,3.0,15.0,15.0,2.0,0.007112375533428165,37.0,37.0,0.2,1.0274930102516309,0.12330243576188646,20240502102741771_sardine_bad_(0).png,yes,yes
15.0,3.0,15.0,15.0,2.0,0.007288629737609329,38.0,32.0,0.2,1.0310378273520853,0.1015896997415524,20240502102749954_sardine_bad_(0).png,yes,yes
16.0,3.0,16.0,15.0,2.0,0.007944915254237288,40.0,33.0,0.1875,1.0222551928783383,0.08827075390341321,20240502102758677_sardine_bad_(0).png,yes,yes
13.0,3.0,14.0,15.0,2.0,0.0066166740185266875,35.0,24.0,0.23076923076923078,1.0382566585956416,0.09450934002413601,20240502102807588_sardine_bad_(0).png,yes,yes
14.0,3.0,14.0,15.0,3.0,0.007177033492822967,34.0,28.0,0.21428571428571427,1.0227387569479536,0.09350044654299629,20240502102816562_sardine_bad_(0).png,yes,yes
14.0,4.0,15.0,15.0,2.0,0.0066815144766146995,35.0,32.0,0.2857142857142857,1.0365965233302836,0.12028535031932162,20240502102828421_sardine_bad_(0).png,yes,yes
12.0,3.0,13.0,15.0,3.0,0.00633445945945946,32.0,26.0,0.25,1.0293685756240822,0.11083894682600709,20240502102836486_sardine_bad_(0).png,yes,yes
15.0,3.0,15.0,15.0,2.0,0.00625,39.0,32.0,0.2,1.027331189710611,0.1397138920927848,20240502102844850_sardine_bad_(0).png,yes,yes
14.0,4.0,15.0,15.0,2.0,0.006938020351526364,39.0,31.0,0.2857142857142857,1.0462748727441,0.10866772328484771,20240502102854358_sardine_bad_(0).png,yes,yes
14.0,3.0,15.0,15.0,2.0,0.006610841780520053,37.0,31.0,0.21428571428571427,1.0273175100761307,0.11916023217565894,20240502102903984_sardine_bad_(0).png,yes,yes
14.0,3.0,15.0,15.0,3.0,0.007088846880907372,37.0,30.0,0.21428571428571427,1.0325982742090125,0.10001011229655261,20240502102925889_sardine_bad_(0).png,yes,yes
17.0,4.0,17.0,15.0,2.0,0.005753739930955121,44.0,42.0,0.23529411764705882,1.0265516096913376,0.21247837370242215,20240502102955561_sardine_bad_(0).png,yes,yes
14.0,3.0,14.0,15.0,2.0,0.006183017312448475,36.0,27.0,0.21428571428571427,1.0226495726495726,0.12067265461467812,20240502103004290_sardine_bad_(0).png,yes,yes
13.0,3.0,14.0,15.0,2.0,0.006095083299471759,33.0,28.0,0.23076923076923078,1.0299691494050243,0.1266829631498569,20240502103012089_sardine_bad_(0).png,yes,yes
16.0,3.0,17.0,15.0,2.0,0.005620082427875608,42.0,35.0,0.1875,1.020875420875421,0.18713388814131318,20240502103019987_sardine_bad_(0).png,yes,yes
15.0,3.0,15.0,15.0,2.0,0.006487889273356401,38.0,29.0,0.2,1.0241935483870968,0.11645444193472596,20240502103028186_sardine_bad_(0).png,yes,yes
16.0,3.0,16.0,15.0,1.0,0.006957328385899814,41.0,37.0,0.1875,1.0214556163230963,0.12928295807702167,20240502103036758_sardine_bad_(0).png,yes,yes
14.0,8.0,16.0,15.0,3.0,0.006944444444444444,38.0,26.0,0.5714285714285714,1.1817736403723664,0.0904569122719894,20240502103045098_sardine_bad_(0).png,yes,yes
17.0,5.0,17.0,15.0,3.0,0.006787330316742082,43.0,40.0,0.29411764705882354,1.045436428856118,0.14539580129437396,20240502103056600_sardine_bad_(0).png,yes,yes
16.0,4.0,16.0,15.0,3.0,0.007878151260504201,39.0,39.0,0.25,1.031614785992218,0.10537288342624632,20240502103104891_sardine_bad_(0).png,yes,yes
15.0,5.0,16.0,15.0,4.0,0.007136060894386299,38.0,31.0,0.3333333333333333,1.0674157303370786,0.10336160437758982,20240502103114297_sardine_bad_(0).png,yes,yes
15.0,4.0,16.0,15.0,3.0,0.006177924217462933,39.0,35.0,0.26666666666666666,1.047711404189294,0.15305294571532316,20240502103123114_sardine_bad_(0).png,yes,yes
15.0,5.0,16.0,15.0,3.0,0.006909258406264394,40.0,34.0,0.3333333333333333,1.0506993006993006,0.1192812960560041,20240502103132139_sardine_bad_(0).png,yes,yes
13.0,3.0,14.0,15.0,2.0,0.00664599025254763,33.0,28.0,0.23076923076923078,1.0251694094869312,0.1094450017888419,20240502103141894_sardine_bad_(0).png,yes,yes
15.0,3.0,16.0,15.0,1.0,0.006967022758941012,38.0,34.0,0.2,1.0283060592658115,0.11882949666794823,20240502103151111_sardine_bad_(0).png,yes,yes
15.0,4.0,15.0,15.0,1.0,0.006941230911614993,37.0,35.0,0.26666666666666666,1.0381258612769866,0.12292022098872228,20240502103218114_sardine_bad_(0).png,yes,yes
15.0,3.0,15.0,15.0,2.0,0.006599208095028597,38.0,32.0,0.2,1.0208777162334897,0.1258784849043103,20240502103226755_sardine_bad_(0).png,yes,yes
14.0,4.0,15.0,15.0,2.0,0.006799637352674524,36.0,27.0,0.2857142857142857,1.0413339596054485,0.09771648991840745,20240502103234681_sardine_bad_(0).png,yes,yes
14.0,3.0,15.0,15.0,2.0,0.006570302233902759,35.0,33.0,0.21428571428571427,1.028802880288029,0.1285942038852578,20240502103300722_sardine_bad_(0).png,yes,yes
14.0,3.0,15.0,15.0,3.0,0.0066607460035523975,38.0,31.0,0.21428571428571427,1.0303717135086128,0.11768744126190782,20240502103309845_sardine_bad_(0).png,yes,yes
14.0,4.0,14.0,15.0,2.0,0.006273525721455458,34.0,30.0,0.2857142857142857,1.041721563460694,0.12726600546264258,20240502103318952_sardine_bad_(0).png,yes,yes
14.0,3.0,14.0,15.0,3.0,0.006129955046996322,35.0,28.0,0.21428571428571427,1.022973558734287,0.1250160194796873,20240502103330594_sardine_bad_(0).png,yes,yes
17.0,4.0,17.0,15.0,1.0,0.0053705692803437165,43.0,36.0,0.23529411764705882,1.0272277227722773,0.1762048611111111,20240509094929723_sardine_bad_(0).png,yes,yes
15.0,3.0,16.0,15.0,1.0,0.004801536491677336,40.0,33.0,0.2,1.0232067510548524,0.20395777777777777,20240509095041124_sardine_bad_(0).png,yes,yes
16.0,4.0,16.0,15.0,1.0,0.005030181086519115,40.0,34.0,0.25,1.0305903946160906,0.19057180555555556,20240509095054387_sardine_bad_(0).png,yes,yes
16.0,4.0,17.0,15.0,1.0,0.005298481102084069,40.0,35.0,0.25,1.0313688212927756,0.17438979166666665,20240509095106381_sardine_bad_(0).png,yes,yes
16.0,3.0,16.0,15.0,1.0,0.005639097744360902,40.0,35.0,0.1875,1.0294117647058822,0.15387895833333334,20240509095117536_sardine_bad_(0).png,yes,yes
10.0,0.0,10.0,15.0,1.0,0.005639097744360902,21.0,4.0,0.0,1.0011123470522802,0.019138958333333334,20240509095117536_sardine_bad_(1).png,yes,yes
16.0,3.0,16.0,15.0,1.0,0.005366726296958855,37.0,33.0,0.1875,1.0212834569493712,0.16153868055555556,20240509095133916_sardine_bad_(0).png,yes,yes
16.0,4.0,17.0,15.0,1.0,0.005115961800818554,42.0,38.0,0.25,1.0364238410596027,0.20627708333333333,20240509095144023_sardine_bad_(0).png,yes,yes
16.0,5.0,17.0,15.0,1.0,0.005341880341880342,41.0,35.0,0.3125,1.0498524106264349,0.17462944444444445,20240509095153291_sardine_bad_(0).png,yes,yes
15.0,3.0,16.0,15.0,1.0,0.004832474226804124,38.0,34.0,0.2,1.0224174492578006,0.20691916666666665,20240509095205496_sardine_bad_(0).png,yes,yes
16.0,3.0,17.0,15.0,1.0,0.004901960784313725,42.0,36.0,0.1875,1.024064946361264,0.20992847222222222,20240509095216185_sardine_bad_(0).png,yes,yes
17.0,3.0,17.0,15.0,1.0,0.0050217609641781055,43.0,37.0,0.17647058823529413,1.0223382651581086,0.20550055555555555,20240509095229588_sardine_bad_(0).png,yes,yes
16.0,4.0,17.0,15.0,1.0,0.005330490405117271,41.0,35.0,0.25,1.035864297253635,0.17421354166666667,20240509095243651_sardine_bad_(0).png,yes,yes
17.0,3.0,17.0,15.0,1.0,0.005474452554744526,43.0,39.0,0.17647058823529413,1.0204853450992752,0.18466430555555555,20240509095254434_sardine_bad_(0).png,yes,yes
16.0,3.0,17.0,15.0,1.0,0.005454545454545455,41.0,39.0,0.1875,1.021262675825973,0.18269152777777778,20240509095305916_sardine_bad_(0).png,yes,yes
16.0,3.0,16.0,15.0,1.0,0.005599104143337066,38.0,33.0,0.1875,1.0267343485617597,0.149490625,20240509095318846_sardine_bad_(0).png,yes,yes
15.0,3.0,16.0,15.0,1.0,0.005319148936170213,40.0,32.0,0.2,1.0247078464106845,0.16005868055555555,20240509095330081_sardine_bad_(0).png,yes,yes
16.0,3.0,16.0,15.0,1.0,0.004830917874396135,42.0,37.0,0.1875,1.0245183887915936,0.22338069444444444,20240509095339450_sardine_bad_(0).png,yes,yes
15.0,5.0,16.0,15.0,2.0,0.005311614730878187,40.0,32.0,0.3333333333333333,1.0515428958969142,0.16079284722222223,20240509095350120_sardine_bad_(0).png,yes,yes
17.0,5.0,17.0,15.0,1.0,0.004758883248730965,42.0,37.0,0.29411764705882354,1.0450601735236495,0.2281770138888889,20240509095407115_sardine_bad_(0).png,yes,yes
17.0,5.0,18.0,15.0,1.0,0.005147563486616335,44.0,39.0,0.29411764705882354,1.0464982778415615,0.2087879861111111,20240509095417859_sardine_bad_(0).png,yes,yes
17.0,4.0,17.0,15.0,1.0,0.004728877679697352,43.0,40.0,0.23529411764705882,1.0335625859697386,0.2535350694444444,20240509095430617_sardine_bad_(0).png,yes,yes
16.0,3.0,16.0,15.0,1.0,0.005195704883962591,41.0,35.0,0.1875,1.0254556882463859,0.1803428472222222,20240509095442106_sardine_bad_(0).png,yes,yes
17.0,5.0,18.0,15.0,1.0,0.005265005265005265,44.0,42.0,0.29411764705882354,1.0493827160493827,0.21205368055555557,20240509095453496_sardine_bad_(0).png,yes,yes
16.0,4.0,17.0,15.0,1.0,0.005050505050505051,41.0,36.0,0.25,1.0345345345345345,0.19824256944444443,20240509095503520_sardine_bad_(0).png,yes,yes
15.0,4.0,16.0,15.0,1.0,0.0052835505459668895,39.0,33.0,0.26666666666666666,1.0446220446220447,0.16728125,20240509095519479_sardine_bad_(0).png,yes,yes
9.0,0.0,9.0,15.0,1.0,0.0052835505459668895,20.0,6.0,0.0,1.003346346904629,0.03202694444444444,20240509095519479_sardine_bad_(1).png,yes,yes
15.0,3.0,16.0,15.0,1.0,0.004476275738585497,37.0,33.0,0.2,1.0306326939593473,0.23348152777777778,20240509095535432_sardine_bad_(0).png,yes,yes
16.0,4.0,17.0,15.0,1.0,0.005072708826513358,43.0,34.0,0.25,1.0384959713518354,0.18767555555555557,20240509095549567_sardine_bad_(0).png,yes,yes
16.0,4.0,17.0,15.0,1.0,0.004900359359686377,42.0,36.0,0.25,1.0359212050984936,0.21372791666666666,20240509095601059_sardine_bad_(0).png,yes,yes
15.0,3.0,16.0,15.0,1.0,0.004963600264725348,36.0,27.0,0.2,1.021957340025094,0.15661388888888889,20240509095610484_sardine_bad_(0).png,yes,yes
17.0,5.0,17.0,15.0,1.0,0.004849660523763337,42.0,39.0,0.29411764705882354,1.0554765291607398,0.2322675,20240509095620266_sardine_bad_(0).png,yes,yes
16.0,3.0,16.0,15.0,1.0,0.00508992195453003,41.0,35.0,0.1875,1.0212632895559726,0.18889034722222223,20240509095631068_sardine_bad_(0).png,yes,yes
16.0,3.0,17.0,15.0,1.0,0.005875440658049354,42.0,37.0,0.1875,1.0247732030704815,0.14888333333333334,20240509095749635_sardine_bad_(0).png,yes,yes
15.0,4.0,16.0,15.0,1.0,0.00489556135770235,39.0,33.0,0.26666666666666666,1.0455955334987592,0.19253020833333334,20240509095801257_sardine_bad_(0).png,yes,yes
16.0,3.0,16.0,15.0,1.0,0.005422993492407809,39.0,31.0,0.1875,1.0290638729300439,0.15024423611111112,20240509095813658_sardine_bad_(0).png,yes,yes
17.0,3.0,18.0,15.0,1.0,0.0049488617617947876,44.0,40.0,0.17647058823529413,1.0183180682764363,0.22767208333333333,20240509095824668_sardine_bad_(0).png,yes,yes
16.0,4.0,17.0,15.0,1.0,0.005204718945176961,42.0,36.0,0.25,1.037978560490046,0.18566763888888888,20240509095835997_sardine_bad_(0).png,yes,yes
16.0,5.0,17.0,15.0,1.0,0.005053908355795148,40.0,37.0,0.3125,1.049375190490704,0.20134868055555555,20240509095848067_sardine_bad_(0).png,yes,yes
17.0,4.0,17.0,15.0,1.0,0.0052337752965806,43.0,38.0,0.23529411764705882,1.0359208523592085,0.19403923611111112,20240509095911431_sardine_bad_(0).png,yes,yes
15.0,4.0,16.0,15.0,1.0,0.005703422053231939,41.0,36.0,0.26666666666666666,1.0324420677361854,0.15697680555555554,20240509095922953_sardine_bad_(0).png,yes,yes
10.0,0.0,10.0,15.0,1.0,0.005703422053231939,22.0,6.0,0.0,1.0033670033670035,0.02943263888888889,20240509095922953_sardine_bad_(1).png,yes,yes
16.0,4.0,16.0,15.0,1.0,0.005083022704168078,41.0,34.0,0.25,1.0339574738178356,0.183963125,20240509095933979_sardine_bad_(0).png,yes,yes
16.0,4.0,16.0,15.0,1.0,0.005083022704168078,41.0,34.0,0.25,1.0339574738178356,0.183963125,20240509095937835_sardine_bad_(0).png,yes,yes
15.0,6.0,16.0,15.0,1.0,0.005399568034557235,39.0,35.0,0.4,1.0746527777777777,0.16806868055555554,20240509095953030_sardine_bad_(0).png,yes,yes
9.0,1.0,9.0,15.0,1.0,0.005399568034557235,21.0,6.0,0.1111111111111111,1.005592841163311,0.029448472222222223,20240509095953030_sardine_bad_(1).png,yes,yes
16.0,4.0,16.0,15.0,1.0,0.0049148099606815205,41.0,34.0,0.25,1.0312022025084124,0.1987201388888889,20240509100007205_sardine_bad_(0).png,yes,yes
17.0,3.0,17.0,15.0,1.0,0.004893964110929853,42.0,36.0,0.17647058823529413,1.0216962524654833,0.21054083333333334,20240509100017211_sardine_bad_(0).png,yes,yes
15.0,4.0,16.0,15.0,1.0,0.004373177842565598,37.0,29.0,0.26666666666666666,1.0381828316610926,0.2176420138888889,20240509100030534_sardine_bad_(0).png,yes,yes
16.0,3.0,16.0,15.0,1.0,0.0047984644913627635,38.0,35.0,0.1875,1.0274381151207874,0.21245048611111111,20240509100043986_sardine_bad_(0).png,yes,yes
15.0,4.0,16.0,15.0,1.0,0.004973474801061008,36.0,30.0,0.26666666666666666,1.0520325203252032,0.17297430555555557,20240509100054494_sardine_bad_(0).png,yes,yes
15.0,3.0,16.0,15.0,1.0,0.005119453924914676,40.0,33.0,0.2,1.0280130293159608,0.1800884722222222,20240509100104019_sardine_bad_(0).png,yes,yes
16.0,4.0,17.0,15.0,1.0,0.005257623554153523,41.0,33.0,0.25,1.0311332503113324,0.16819604166666666,20240509100124042_sardine_bad_(0).png,yes,yes
16.0,4.0,17.0,15.0,1.0,0.004796929964822514,39.0,34.0,0.25,1.0389800703399765,0.2055742361111111,20240509100139466_sardine_bad_(0).png,yes,yes
15.0,4.0,16.0,15.0,1.0,0.004855940433797346,40.0,34.0,0.26666666666666666,1.0437956204379562,0.20512083333333334,20240509100152693_sardine_bad_(0).png,yes,yes
16.0,4.0,16.0,15.0,1.0,0.00492772667542707,40.0,34.0,0.25,1.0359951603145796,0.20006666666666667,20240509100202041_sardine_bad_(0).png,yes,yes
15.0,3.0,16.0,15.0,1.0,0.004924491135915955,39.0,34.0,0.2,1.022706065318818,0.19679125,20240509100213962_sardine_bad_(0).png,yes,yes
15.0,3.0,16.0,15.0,1.0,0.004924491135915955,39.0,34.0,0.2,1.022706065318818,0.19679125,20240509100218435_sardine_bad_(0).png,yes,yes
16.0,3.0,17.0,15.0,1.0,0.004668534080298786,41.0,34.0,0.1875,1.0284827975183306,0.22134041666666668,20240509100232565_sardine_bad_(0).png,yes,yes
16.0,4.0,17.0,15.0,1.0,0.004485645933014354,40.0,34.0,0.25,1.030615009482525,0.23910472222222223,20240509100242691_sardine_bad_(0).png,yes,yes
15.0,4.0,16.0,15.0,1.0,0.004469606674612634,40.0,38.0,0.26666666666666666,1.036578503095104,0.2706735416666667,20240509100300258_sardine_bad_(0).png,yes,yes
16.0,4.0,16.0,15.0,1.0,0.004535833081342607,38.0,35.0,0.25,1.0294117647058822,0.23915159722222223,20240509100311544_sardine_bad_(0).png,yes,yes
15.0,5.0,16.0,15.0,2.0,0.0057121096725057125,39.0,31.0,0.3333333333333333,1.0608475190148496,0.1320792361111111,20240509100411190_sardine_bad_(0).png,yes,yes
17.0,4.0,17.0,15.0,1.0,0.004733354370463868,42.0,37.0,0.23529411764705882,1.0362338731814438,0.23479534722222223,20240509100426805_sardine_bad_(0).png,yes,yes
16.0,5.0,17.0,15.0,1.0,0.004818503051718599,43.0,40.0,0.3125,1.0449697319112137,0.24344097222222222,20240509100440244_sardine_bad_(0).png,yes,yes
7.0,1.0,7.0,15.0,1.0,0.004818503051718599,18.0,5.0,0.14285714285714285,1.012547051442911,0.034545763888888886,20240509100440244_sardine_bad_(1).png,yes,yes
16.0,3.0,17.0,15.0,1.0,0.005108991825613079,42.0,36.0,0.1875,1.0258044930176078,0.1940104861111111,20240509100452277_sardine_bad_(0).png,yes,yes
16.0,3.0,17.0,15.0,1.0,0.004719949653870359,40.0,34.0,0.1875,1.0225733634311513,0.21374520833333333,20240509100502338_sardine_bad_(0).png,yes,yes
16.0,4.0,16.0,15.0,1.0,0.005031868500503187,41.0,35.0,0.25,1.0308585395661474,0.19564486111111112,20240509100525827_sardine_bad_(0).png,yes,yes
16.0,3.0,16.0,15.0,1.0,0.0045662100456621,41.0,37.0,0.1875,1.0267955801104973,0.2479073611111111,20240509100539892_sardine_bad_(0).png,yes,yes
15.0,4.0,16.0,15.0,1.0,0.004820051413881748,39.0,32.0,0.26666666666666666,1.0322878228782288,0.1915397222222222,20240509100552826_sardine_bad_(0).png,yes,yes
12.0,4.0,13.0,15.0,1.0,0.005095108695652174,29.0,28.0,0.3333333333333333,1.0767939571968108,0.1499990972222222,20240509100602534_sardine_bad_(0).png,yes,yes
15.0,3.0,15.0,15.0,1.0,0.004363001745200698,37.0,32.0,0.2,1.0289481226712525,0.2348829861111111,20240509100615755_sardine_bad_(0).png,yes,yes
16.0,5.0,17.0,15.0,1.0,0.005062436719541006,41.0,36.0,0.3125,1.0526315789473684,0.1982334027777778,20240509100626226_sardine_bad_(0).png,yes,yes
18.0,4.0,19.0,15.0,2.0,0.005045408678102927,46.0,42.0,0.2222222222222222,1.0322234156820622,0.23040118055555556,20240509100705928_sardine_bad_(0).png,yes,yes
17.0,4.0,17.0,15.0,1.0,0.004953764861294584,43.0,42.0,0.23529411764705882,1.0269253039953676,0.23973166666666668,20240509100745750_sardine_bad_(0).png,yes,yes
16.0,4.0,17.0,15.0,1.0,0.004971826317533974,41.0,36.0,0.25,1.0420769919427038,0.20285777777777778,20240509100758657_sardine_bad_(0).png,yes,yes
16.0,3.0,16.0,15.0,1.0,0.004754358161648178,38.0,38.0,0.1875,1.0284305192921381,0.23621645833333332,20240509100808606_sardine_bad_(0).png,yes,yes
18.0,5.0,19.0,15.0,1.0,0.005035246727089627,42.0,39.0,0.2777777777777778,1.0372687704026116,0.21672229166666668,20240509100824768_sardine_bad_(0).png,yes,yes
16.0,5.0,17.0,15.0,1.0,0.005011693952555964,41.0,36.0,0.3125,1.0439299495399228,0.20097381944444445,20240509100838262_sardine_bad_(0).png,yes,yes
16.0,3.0,16.0,15.0,1.0,0.004924491135915955,40.0,34.0,0.1875,1.0292504570383911,0.19975715277777778,20240509100851664_sardine_bad_(0).png,yes,yes
16.0,4.0,17.0,15.0,1.0,0.004646840148698885,41.0,35.0,0.25,1.034473172087851,0.2263227777777778,20240509100905181_sardine_bad_(0).png,yes,yes
17.0,3.0,17.0,15.0,1.0,0.0048543689320388345,44.0,41.0,0.17647058823529413,1.024376731301939,0.24561854166666666,20240509100918407_sardine_bad_(0).png,yes,yes
17.0,4.0,17.0,15.0,1.0,0.005298481102084069,43.0,38.0,0.23529411764705882,1.028493482873598,0.191385,20240509100934378_sardine_bad_(0).png,yes,yes
16.0,3.0,17.0,15.0,1.0,0.0050217609641781055,41.0,33.0,0.1875,1.0198990198990199,0.18683097222222222,20240509100949834_sardine_bad_(0).png,yes,yes
16.0,3.0,17.0,15.0,1.0,0.0050217609641781055,41.0,33.0,0.1875,1.0198990198990199,0.18683097222222222,20240509100955324_sardine_bad_(0).png,yes,yes
16.0,5.0,17.0,15.0,1.0,0.005151098901098901,43.0,35.0,0.3125,1.0505789152955516,0.18655534722222222,20240509101008388_sardine_bad_(0).png,yes,yes
17.0,3.0,17.0,15.0,1.0,0.005062436719541006,40.0,37.0,0.17647058823529413,1.0228521839745444,0.20413659722222222,20240509101022630_sardine_bad_(0).png,yes,yes
16.0,4.0,17.0,15.0,1.0,0.0055514433752775726,38.0,35.0,0.25,1.042002688172043,0.1600382638888889,20240509101035058_sardine_bad_(0).png,yes,yes
9.0,0.0,9.0,15.0,1.0,0.0055514433752775726,21.0,6.0,0.0,1.0039171796306658,0.02903763888888889,20240509101035058_sardine_bad_(1).png,yes,yes
15.0,3.0,16.0,15.0,1.0,0.005074424898511502,39.0,33.0,0.2,1.0190415741034593,0.1797925,20240509101045067_sardine_bad_(0).png,yes,yes
16.0,4.0,17.0,15.0,1.0,0.005079580088046055,41.0,34.0,0.25,1.0327868852459017,0.18794305555555554,20240509101058849_sardine_bad_(0).png,yes,yes
16.0,3.0,16.0,15.0,1.0,0.005131713992473486,40.0,35.0,0.1875,1.0265345268542199,0.18969118055555556,20240509101111026_sardine_bad_(0).png,yes,yes
16.0,3.0,17.0,15.0,2.0,0.005084745762711864,42.0,35.0,0.1875,1.017380881030866,0.18855854166666666,20240509101149701_sardine_bad_(0).png,yes,yes
16.0,5.0,17.0,15.0,1.0,0.004906771344455349,42.0,38.0,0.3125,1.046235921754594,0.22267375,20240509101203668_sardine_bad_(0).png,yes,yes
16.0,4.0,16.0,15.0,1.0,0.004807692307692308,40.0,32.0,0.25,1.0311018957345972,0.19652506944444445,20240509101215071_sardine_bad_(0).png,yes,yes
16.0,4.0,17.0,15.0,1.0,0.00508819538670285,42.0,39.0,0.25,1.0316933293087835,0.20943368055555556,20240509101226793_sardine_bad_(0).png,yes,yes
9.0,0.0,9.0,15.0,1.0,0.00508819538670285,18.0,3.0,0.0,1.0011135857461024,0.02003625,20240509101226793_sardine_bad_(1).png,yes,yes
16.0,4.0,17.0,15.0,1.0,0.004815409309791332,41.0,37.0,0.25,1.0421324161650902,0.222291875,20240509101240984_sardine_bad_(0).png,yes,yes
16.0,4.0,17.0,15.0,1.0,0.005422993492407809,40.0,35.0,0.25,1.0349258649093904,0.16699875,20240509101257519_sardine_bad_(0).png,yes,yes
15.0,3.0,15.0,15.0,1.0,0.005244755244755245,39.0,33.0,0.2,1.0268707482993198,0.1690332638888889,20240509101307878_sardine_bad_(0).png,yes,yes
16.0,4.0,17.0,15.0,1.0,0.005011693952555964,42.0,38.0,0.25,1.0340035481963334,0.21518381944444445,20240509101321691_sardine_bad_(0).png,yes,yes
15.0,3.0,16.0,15.0,1.0,0.0048891786179921775,35.0,30.0,0.2,1.025840597758406,0.17531979166666667,20240509101334181_sardine_bad_(0).png,yes,yes
16.0,4.0,16.0,15.0,2.0,0.005391804457225018,39.0,35.0,0.25,1.0432595573440644,0.168320625,20240509101344068_sardine_bad_(0).png,yes,yes
16.0,4.0,17.0,15.0,1.0,0.005334281650071123,40.0,33.0,0.25,1.0321130378933847,0.1655845138888889,20240509101353753_sardine_bad_(0).png,yes,yes
17.0,4.0,18.0,15.0,1.0,0.005152868430092752,44.0,37.0,0.23529411764705882,1.0378874856486797,0.19537791666666668,20240509101404069_sardine_bad_(0).png,yes,yes
15.0,5.0,16.0,15.0,1.0,0.005231949773282177,39.0,33.0,0.3333333333333333,1.0575016523463319,0.167715625,20240509101419673_sardine_bad_(0).png,yes,yes
19.0,5.0,19.0,15.0,1.0,0.005677517032551098,46.0,46.0,0.2631578947368421,1.0368389780154486,0.19849034722222222,20240509101435822_sardine_bad_(0).png,yes,yes
10.0,1.0,10.0,15.0,1.0,0.005677517032551098,22.0,8.0,0.1,1.011142061281337,0.03514319444444444,20240509101435822_sardine_bad_(1).png,yes,yes
15.0,3.0,16.0,15.0,1.0,0.0048638132295719845,40.0,33.0,0.2,1.030227485197881,0.19522409722222223,20240509101444686_sardine_bad_(0).png,yes,yes
15.0,4.0,16.0,15.0,1.0,0.0045303533675626695,40.0,35.0,0.26666666666666666,1.036792181661397,0.2370298611111111,20240509101524123_sardine_bad_(0).png,yes,yes
16.0,3.0,16.0,15.0,1.0,0.004546832373446499,41.0,36.0,0.1875,1.0204081632653061,0.24399465277777777,20240509101534372_sardine_bad_(0).png,yes,yes
16.0,4.0,17.0,15.0,1.0,0.004988360492184902,41.0,36.0,0.25,1.0316994423246257,0.2038926388888889,20240509101543628_sardine_bad_(0).png,yes,yes
16.0,5.0,17.0,15.0,1.0,0.004829362524146813,38.0,32.0,0.3125,1.0456273764258555,0.19544819444444445,20240509101555323_sardine_bad_(0).png,yes,yes
16.0,4.0,16.0,15.0,1.0,0.004804612427930814,40.0,35.0,0.25,1.0321060382916054,0.21287944444444445,20240509101604481_sardine_bad_(0).png,yes,yes
15.0,4.0,16.0,15.0,1.0,0.005030181086519115,40.0,33.0,0.26666666666666666,1.0380503144654087,0.18188256944444445,20240509101614070_sardine_bad_(0).png,yes,yes
15.0,3.0,16.0,15.0,1.0,0.005119453924914676,41.0,32.0,0.2,1.0285530959255695,0.17181736111111112,20240509101625821_sardine_bad_(0).png,yes,yes
15.0,3.0,16.0,15.0,1.0,0.00482315112540193,39.0,31.0,0.2,1.023076923076923,0.188426875,20240509101636808_sardine_bad_(0).png,yes,yes
8.0,0.0,8.0,15.0,1.0,0.00482315112540193,19.0,3.0,0.0,1.0027870680044593,0.023519375,20240509101636808_sardine_bad_(1).png,yes,yes
16.0,4.0,17.0,15.0,1.0,0.005025125628140704,42.0,36.0,0.25,1.0381431105854524,0.20315173611111112,20240509101649221_sardine_bad_(0).png,yes,yes
17.0,5.0,18.0,15.0,1.0,0.005045408678102927,42.0,36.0,0.29411764705882354,1.0439687590396298,0.2000538888888889,20240509101705286_sardine_bad_(0).png,yes,yes
16.0,3.0,16.0,15.0,1.0,0.004524886877828055,41.0,35.0,0.1875,1.0279563880346658,0.23804479166666667,20240509101721084_sardine_bad_(0).png,yes,yes
17.0,3.0,17.0,15.0,1.0,0.005210142410559222,42.0,42.0,0.17647058823529413,1.0244196563159482,0.2163173611111111,20240509101750388_sardine_bad_(0).png,yes,yes
16.0,4.0,16.0,15.0,2.0,0.00709891150023663,40.0,35.0,0.25,1.0373626373626375,0.11694487163056944,20240509101912411_sardine_bad_(0).png,yes,yes
16.0,4.0,17.0,15.0,3.0,0.007995735607675906,41.0,42.0,0.25,1.0283926852743022,0.110404251569909,20240509101930421_sardine_bad_(0).png,yes,yes
18.0,4.0,18.0,15.0,3.0,0.00715307582260372,45.0,44.0,0.2222222222222222,1.0257425742574258,0.14401028317100262,20240509101939562_sardine_bad_(0).png,yes,yes
18.0,5.0,18.0,15.0,3.0,0.006967022758941012,45.0,39.0,0.2777777777777778,1.0397837002703747,0.13667736634414115,20240509101948709_sardine_bad_(0).png,yes,yes
17.0,5.0,18.0,15.0,4.0,0.00754906894816306,43.0,43.0,0.29411764705882354,1.051097972972973,0.1270964659692853,20240509101956463_sardine_bad_(0).png,yes,yes
18.0,5.0,18.0,15.0,3.0,0.007170172084130019,46.0,47.0,0.2777777777777778,1.041371158392435,0.15525796034644795,20240509102006720_sardine_bad_(0).png,yes,yes
16.0,5.0,17.0,15.0,4.0,0.006941230911614993,41.0,42.0,0.3125,1.047979797979798,0.1459107608184886,20240509102015495_sardine_bad_(0).png,yes,yes
17.0,4.0,18.0,15.0,2.0,0.006983240223463687,44.0,42.0,0.23529411764705882,1.0292143703118832,0.1437651517578709,20240509102026551_sardine_bad_(0).png,yes,yes
18.0,4.0,18.0,15.0,2.0,0.00651890482398957,45.0,42.0,0.2222222222222222,1.030990990990991,0.16768140058310907,20240509102035795_sardine_bad_(0).png,yes,yes
15.0,3.0,16.0,15.0,4.0,0.007602635580334516,38.0,37.0,0.2,1.0296934865900382,0.10877860812080824,20240509102112034_sardine_bad_(0).png,yes,yes
16.0,5.0,17.0,15.0,1.0,0.007882291119285338,40.0,41.0,0.3125,1.0459715639810427,0.11140213165876373,20240509102119812_sardine_bad_(0).png,yes,yes
16.0,4.0,17.0,15.0,2.0,0.007841087297438577,43.0,37.0,0.25,1.0377893245158243,0.10057880382545174,20240509102228358_sardine_bad_(0).png,yes,yes
17.0,4.0,17.0,15.0,4.0,0.0084985835694051,42.0,46.0,0.23529411764705882,1.0266930301532378,0.10671050998013584,20240509102236271_sardine_bad_(0).png,yes,yes
17.0,3.0,17.0,15.0,2.0,0.0078003120124804995,43.0,37.0,0.17647058823529413,1.0252062328139322,0.10390000907770515,20240509102245195_sardine_bad_(0).png,yes,yes
17.0,5.0,17.0,15.0,4.0,0.00865051903114187,43.0,38.0,0.29411764705882354,1.0477642276422765,0.08671603002584476,20240509102253041_sardine_bad_(0).png,yes,yes
18.0,4.0,19.0,15.0,3.0,0.009019843656043296,46.0,45.0,0.2222222222222222,1.0344827586206897,0.09328326578452732,20240509102301041_sardine_bad_(0).png,yes,yes
15.0,3.0,16.0,15.0,2.0,0.00861573808156232,38.0,38.0,0.2,1.0232432432432432,0.08658812449271648,20240509102324284_sardine_bad_(0).png,yes,yes
16.0,4.0,16.0,15.0,2.0,0.007878151260504201,40.0,39.0,0.25,1.0436681222707425,0.10644176652142338,20240509102334821_sardine_bad_(0).png,yes,yes
17.0,4.0,17.0,15.0,1.0,0.0079155672823219,42.0,37.0,0.23529411764705882,1.0289389067524115,0.0987618444027938,20240509102348813_sardine_bad_(0).png,yes,yes
18.0,3.0,18.0,15.0,3.0,0.007982969664715274,46.0,44.0,0.16666666666666666,1.0182608695652173,0.11567624564804135,20240509102356055_sardine_bad_(0).png,yes,yes
17.0,5.0,18.0,15.0,2.0,0.008241758241758242,45.0,32.0,0.29411764705882354,1.0448598130841122,0.08100291621278141,20240509102422023_sardine_bad_(0).png,yes,yes
16.0,3.0,16.0,15.0,1.0,0.007190795781399808,39.0,37.0,0.1875,1.0215574131104268,0.12036853480498953,20240509102531671_sardine_bad_(0).png,yes,yes
17.0,3.0,17.0,15.0,2.0,0.007035647279549718,42.0,42.0,0.17647058823529413,1.025250501002004,0.14362589909329745,20240509102541197_sardine_bad_(0).png,yes,yes
16.0,4.0,17.0,15.0,2.0,0.006765899864682003,41.0,42.0,0.25,1.0375,0.15399350610342177,20240509102551745_sardine_bad_(0).png,yes,yes
16.0,5.0,16.0,15.0,4.0,0.008736167734420501,39.0,41.0,0.3125,1.0479041916167664,0.09094458861976162,20240509102600808_sardine_bad_(0).png,yes,yes
16.0,5.0,17.0,15.0,4.0,0.008680555555555556,41.0,44.0,0.3125,1.058485639686684,0.09914773030671964,20240509102608166_sardine_bad_(0).png,yes,yes
17.0,3.0,17.0,15.0,3.0,0.00931098696461825,43.0,39.0,0.17647058823529413,1.0207116303770578,0.0762001593938229,20240509102617300_sardine_bad_(0).png,yes,yes
16.0,3.0,16.0,15.0,3.0,0.009196811771919068,39.0,42.0,0.1875,1.0258572231590781,0.08298841391131616,20240509102803581_sardine_bad_(0).png,yes,yes
15.0,5.0,16.0,15.0,1.0,0.007149666348903718,38.0,36.0,0.3333333333333333,1.0541666666666667,0.11846480320069204,20240509102810472_sardine_bad_(0).png,yes,yes
17.0,3.0,17.0,15.0,2.0,0.006720430107526882,43.0,40.0,0.17647058823529413,1.0226385636221702,0.14780756733521294,20240509102817968_sardine_bad_(0).png,yes,yes
16.0,3.0,17.0,15.0,2.0,0.007270964614638876,42.0,43.0,0.1875,1.024024024024024,0.13778629813853646,20240509102829348_sardine_bad_(0).png,yes,yes
17.0,5.0,18.0,15.0,3.0,0.007684426229508197,43.0,49.0,0.29411764705882354,1.038527397260274,0.1410959059549746,20240509102838676_sardine_bad_(0).png,yes,yes
17.0,4.0,17.0,15.0,3.0,0.008493771234428085,44.0,43.0,0.23529411764705882,1.0257156720038816,0.09963782626340296,20240509102846340_sardine_bad_(0).png,yes,yes
15.0,4.0,15.0,15.0,2.0,0.009030704394942806,37.0,36.0,0.26666666666666666,1.036158861885003,0.07486845671002605,20240509102857205_sardine_bad_(0).png,yes,yes
17.0,5.0,17.0,15.0,4.0,0.007735946364105209,41.0,44.0,0.29411764705882354,1.041741472172352,0.12315667518369003,20240509102907111_sardine_bad_(0).png,yes,yes
17.0,6.0,18.0,15.0,4.0,0.007970244420828906,44.0,50.0,0.35294117647058826,1.062700228832952,0.13170081485753343,20240509102915121_sardine_bad_(0).png,yes,yes
17.0,6.0,18.0,15.0,3.0,0.006843065693430657,43.0,47.0,0.35294117647058826,1.060834990059642,0.1695584330545944,20240509102923231_sardine_bad_(0).png,yes,yes
17.0,6.0,18.0,15.0,5.0,0.006996268656716418,44.0,40.0,0.35294117647058826,1.0739692805173808,0.13716437521359306,20240509102932032_sardine_bad_(0).png,yes,yes
18.0,5.0,18.0,15.0,4.0,0.006811989100817439,46.0,45.0,0.2777777777777778,1.047315058205032,0.16481332967555215,20240509102942021_sardine_bad_(0).png,yes,yes
16.0,4.0,16.0,15.0,4.0,0.00832870627429206,40.0,40.0,0.25,1.0289487049263586,0.09658069212161989,20240509102949823_sardine_bad_(0).png,yes,yes
17.0,7.0,19.0,16.0,7.0,0.008450704225352112,45.0,41.0,0.4117647058823529,1.0853012048192772,0.09641023484557222,20240509102959376_sardine_bad_(0).png,yes,yes
15.0,4.0,16.0,16.0,5.0,0.008610792192881744,40.0,41.0,0.26666666666666666,1.0436893203883495,0.09291857231727113,20240509103007202_sardine_bad_(0).png,yes,yes
17.0,5.0,18.0,16.0,6.0,0.008508224617129892,44.0,44.0,0.29411764705882354,1.054834054834055,0.10176983545324447,20240509103024431_sardine_bad_(0).png,yes,yes
16.0,3.0,16.0,15.0,4.0,0.008705745792222866,40.0,42.0,0.1875,1.0255727224294087,0.092755874476697,20240509103033629_sardine_bad_(0).png,yes,yes
17.0,4.0,17.0,15.0,4.0,0.00751503006012024,42.0,47.0,0.23529411764705882,1.0327225130890052,0.14076992623029605,20240509103040976_sardine_bad_(0).png,yes,yes
17.0,7.0,18.0,16.0,7.0,0.007961783439490446,44.0,47.0,0.4117647058823529,1.0823692734844979,0.12553022809069161,20240509103053810_sardine_bad_(0).png,yes,yes
15.0,3.0,16.0,15.0,3.0,0.007462686567164179,37.0,35.0,0.2,1.0242395437262357,0.1058051590734333,20240509103101529_sardine_bad_(0).png,yes,yes
16.0,5.0,17.0,15.0,4.0,0.008081896551724138,40.0,38.0,0.3125,1.061377245508982,0.09907188808257508,20240509103118113_sardine_bad_(0).png,yes,yes
17.0,6.0,18.0,15.0,4.0,0.00863060989643268,43.0,45.0,0.35294117647058826,1.0655655655655656,0.1021613949228929,20240509103223999_sardine_bad_(0).png,yes,yes
16.0,4.0,17.0,15.0,3.0,0.007731958762886598,41.0,37.0,0.25,1.0377622377622377,0.1044937310436157,20240509103230788_sardine_bad_(0).png,yes,yes
16.0,3.0,17.0,15.0,1.0,0.007894736842105263,43.0,41.0,0.1875,1.0252454417952315,0.11207436576210004,20240509103241109_sardine_bad_(0).png,yes,yes
16.0,4.0,16.0,15.0,4.0,0.007598784194528876,40.0,37.0,0.25,1.0436018957345972,0.1090758862777137,20240509103248118_sardine_bad_(0).png,yes,yes
18.0,5.0,19.0,15.0,3.0,0.007953340402969246,45.0,42.0,0.2777777777777778,1.046814044213264,0.11279499204365842,20240509103300329_sardine_bad_(0).png,yes,yes
18.0,5.0,18.0,15.0,3.0,0.00861573808156232,46.0,44.0,0.2777777777777778,1.0411483253588516,0.10090770376778162,20240509103308171_sardine_bad_(0).png,yes,yes
17.0,4.0,18.0,15.0,3.0,0.007575757575757576,44.0,42.0,0.23529411764705882,1.0277067348678601,0.12250187895147166,20240509103316790_sardine_bad_(0).png,yes,yes
18.0,4.0,18.0,15.0,2.0,0.008278145695364239,46.0,44.0,0.2222222222222222,1.0363967242948136,0.10949981844589687,20240509103325207_sardine_bad_(0).png,yes,yes
16.0,3.0,16.0,15.0,1.0,0.007444168734491315,41.0,34.0,0.1875,1.018978761861726,0.10463565362147037,20240509103334875_sardine_bad_(0).png,yes,yes
16.0,3.0,17.0,15.0,2.0,0.0077559462254395035,41.0,43.0,0.1875,1.026827012025902,0.12067273804946815,20240509103343979_sardine_bad_(0).png,yes,yes
16.0,4.0,16.0,15.0,2.0,0.007656967840735069,39.0,39.0,0.25,1.033857892226991,0.11280358582703234,20240509103354656_sardine_bad_(0).png,yes,yes
16.0,4.0,16.0,15.0,3.0,0.008422234699606962,39.0,39.0,0.25,1.0304142632406923,0.09371629234482463,20240509103402230_sardine_bad_(0).png,yes,yes
16.0,3.0,16.0,15.0,2.0,0.00715648854961832,41.0,35.0,0.1875,1.028293545534925,0.11632770448865822,20240509103411287_sardine_bad_(0).png,yes,yes
16.0,3.0,16.0,15.0,3.0,0.007263922518159807,42.0,36.0,0.1875,1.02414398595259,0.11549711115382973,20240509103423991_sardine_bad_(0).png,yes,yes
18.0,4.0,19.0,15.0,2.0,0.007649158592554819,47.0,45.0,0.2222222222222222,1.0253890253890254,0.12904884005617498,20240509103441682_sardine_bad_(0).png,yes,yes
17.0,4.0,17.0,15.0,1.0,0.006675567423230975,44.0,41.0,0.23529411764705882,1.029126213592233,0.15420893473129993,20240509103451712_sardine_bad_(0).png,yes,yes
16.0,6.0,17.0,15.0,3.0,0.006887052341597796,41.0,40.0,0.375,1.0677896466721446,0.14162580030650604,20240509105546352_sardine_bad_(0).png,yes,yes
17.0,5.0,18.0,15.0,3.0,0.007022471910112359,42.0,44.0,0.29411764705882354,1.0434606011372867,0.15222694129394676,20240509105554148_sardine_bad_(0).png,yes,yes
17.0,3.0,17.0,15.0,3.0,0.007692307692307693,42.0,43.0,0.17647058823529413,1.0243024302430244,0.12370375710196933,20240509105604472_sardine_bad_(0).png,yes,yes
16.0,4.0,17.0,16.0,5.0,0.007704160246533128,40.0,41.0,0.25,1.0363636363636364,0.11610017781622453,20240509105613686_sardine_bad_(0).png,yes,yes
17.0,4.0,17.0,15.0,4.0,0.007451564828614009,43.0,40.0,0.23529411764705882,1.03877638948729,0.1228737478106711,20240509105622604_sardine_bad_(0).png,yes,yes
18.0,5.0,19.0,15.0,3.0,0.00709891150023663,46.0,42.0,0.2777777777777778,1.040278853601859,0.14031378823315818,20240509105631391_sardine_bad_(0).png,yes,yes
17.0,5.0,18.0,15.0,5.0,0.007194244604316547,45.0,46.0,0.29411764705882354,1.0451219512195122,0.14844617721816394,20240509105653267_sardine_bad_(0).png,yes,yes
15.0,4.0,16.0,15.0,2.0,0.006561679790026247,38.0,36.0,0.26666666666666666,1.0351966873706004,0.14200476112285873,20240509105714752_sardine_bad_(0).png,yes,yes
17.0,3.0,17.0,15.0,3.0,0.006547359231776516,43.0,38.0,0.17647058823529413,1.0220952380952382,0.15070192020163184,20240509105728925_sardine_bad_(0).png,yes,yes
16.0,4.0,17.0,15.0,3.0,0.007281553398058253,40.0,39.0,0.25,1.038955289951306,0.12375056401918065,20240509105740198_sardine_bad_(0).png,yes,yes
16.0,4.0,17.0,15.0,2.0,0.007190795781399808,40.0,40.0,0.25,1.0417398945518452,0.1318859566566278,20240509105750463_sardine_bad_(0).png,yes,yes
16.0,3.0,16.0,15.0,2.0,0.007796257796257797,41.0,40.0,0.1875,1.024551463644948,0.1124907887991798,20240509105811418_sardine_bad_(0).png,yes,yes
17.0,6.0,18.0,15.0,4.0,0.006613756613756613,43.0,37.0,0.35294117647058826,1.0684310018903591,0.1442804450211457,20240509105820041_sardine_bad_(0).png,yes,yes
18.0,4.0,19.0,15.0,3.0,0.006852444038373686,47.0,48.0,0.2222222222222222,1.0273567467652496,0.1722597178168653,20240509105828144_sardine_bad_(0).png,yes,yes
17.0,5.0,18.0,15.0,5.0,0.007306380905991232,44.0,52.0,0.29411764705882354,1.0471544715447154,0.16261907813234225,20240509105838917_sardine_bad_(0).png,yes,yes
17.0,5.0,18.0,15.0,5.0,0.007306380905991232,44.0,52.0,0.29411764705882354,1.0471544715447154,0.16261907813234225,20240509105839646_sardine_bad_(0).png,yes,yes
16.0,6.0,18.0,16.0,7.0,0.0075681130171543895,42.0,43.0,0.375,1.0755813953488371,0.12615265162437525,20240509105849709_sardine_bad_(0).png,yes,yes
15.0,8.0,17.0,16.0,6.0,0.008192244675040962,41.0,42.0,0.5333333333333333,1.1216986017607458,0.10533358564013841,20240509105858274_sardine_bad_(0).png,yes,yes
16.0,5.0,17.0,16.0,5.0,0.007776049766718507,40.0,40.0,0.3125,1.0605773781353527,0.1111933778140886,20240509105907130_sardine_bad_(0).png,yes,yes
18.0,4.0,18.0,15.0,4.0,0.007987220447284345,48.0,49.0,0.2222222222222222,1.0299609205384281,0.1297042203319236,20240509105916306_sardine_bad_(0).png,yes,yes
15.0,4.0,16.0,15.0,2.0,0.007784120394395433,38.0,37.0,0.26666666666666666,1.0419790104947526,0.1020959820475031,20240509105924751_sardine_bad_(0).png,yes,yes
15.0,3.0,16.0,15.0,2.0,0.007816571130797291,39.0,40.0,0.2,1.0261341222879685,0.11127013782092357,20240509105932575_sardine_bad_(0).png,yes,yes
17.0,4.0,17.0,15.0,3.0,0.007878151260504201,42.0,43.0,0.23529411764705882,1.0355002305209775,0.11609408707655175,20240509110024278_sardine_bad_(0).png,yes,yes
14.0,7.0,15.0,15.0,2.0,0.007267441860465116,40.0,29.0,0.5,1.116863147104049,0.09281369478619335,20240509110030815_sardine_bad_(0).png,yes,yes
16.0,4.0,17.0,15.0,3.0,0.006957328385899814,40.0,37.0,0.25,1.0346283783783783,0.13072612964030927,20240509110041403_sardine_bad_(0).png,yes,yes
16.0,4.0,17.0,15.0,2.0,0.006843065693430657,43.0,39.0,0.25,1.0316815597075548,0.14128279988465975,20240509110052117_sardine_bad_(0).png,yes,yes
16.0,4.0,16.0,15.0,3.0,0.007232401157184185,40.0,41.0,0.25,1.0429281518300948,0.13094890052971078,20240509110100208_sardine_bad_(0).png,yes,yes
17.0,4.0,18.0,15.0,2.0,0.007668711656441718,44.0,37.0,0.23529411764705882,1.0275470048097946,0.10738274408347216,20240509110116458_sardine_bad_(0).png,yes,yes
16.0,3.0,16.0,15.0,2.0,0.007088846880907372,38.0,35.0,0.1875,1.0187772925764191,0.11651126102674185,20240509110419234_sardine_bad_(0).png,yes,yes
16.0,3.0,17.0,15.0,4.0,0.00741839762611276,41.0,41.0,0.1875,1.0262352426759949,0.12444724451599812,20240509110429104_sardine_bad_(0).png,yes,yes
15.0,4.0,16.0,15.0,4.0,0.0072744907856450046,39.0,37.0,0.26666666666666666,1.041894353369763,0.11855574712183348,20240509110443716_sardine_bad_(0).png,yes,yes
15.0,5.0,16.0,15.0,4.0,0.007451564828614009,39.0,37.0,0.3333333333333333,1.0526315789473684,0.11142874735678585,20240509110457971_sardine_bad_(0).png,yes,yes
16.0,3.0,16.0,15.0,3.0,0.007614213197969543,39.0,32.0,0.1875,1.0236406619385343,0.09227170239010637,20240509110505444_sardine_bad_(0).png,yes,yes
16.0,4.0,17.0,15.0,3.0,0.00732421875,42.0,34.0,0.25,1.0357142857142858,0.10758816053654577,20240509110515457_sardine_bad_(0).png,yes,yes
15.0,4.0,15.0,15.0,2.0,0.007232401157184185,36.0,33.0,0.26666666666666666,1.0470475276044167,0.10823661572472126,20240509110523098_sardine_bad_(0).png,yes,yes
17.0,5.0,18.0,15.0,2.0,0.00741839762611276,43.0,39.0,0.29411764705882354,1.0478813559322033,0.11886579080161476,20240509110542689_sardine_bad_(0).png,yes,yes
17.0,3.0,18.0,15.0,2.0,0.00723938223938224,44.0,39.0,0.17647058823529413,1.0194963444354184,0.12670732610854799,20240509110551808_sardine_bad_(0).png,yes,yes
15.0,5.0,17.0,15.0,1.0,0.007306380905991232,40.0,40.0,0.3333333333333333,1.0644129739607127,0.12669622928147295,20240509110601218_sardine_bad_(0).png,yes,yes
16.0,4.0,17.0,15.0,2.0,0.007720020586721565,41.0,38.0,0.25,1.030373831775701,0.10851403640159768,20240509110609866_sardine_bad_(0).png,yes,yes
15.0,3.0,16.0,15.0,1.0,0.007407407407407408,40.0,33.0,0.2,1.0236294896030245,0.10109735104553805,20240509110624686_sardine_bad_(0).png,yes,yes
15.0,4.0,16.0,15.0,1.0,0.007411067193675889,38.0,37.0,0.26666666666666666,1.0494186046511629,0.11250146845230467,20240509110637067_sardine_bad_(0).png,yes,yes
16.0,3.0,16.0,15.0,2.0,0.006634232640424591,39.0,34.0,0.1875,1.0222772277227723,0.13145009331346919,20240509110712261_sardine_bad_(0).png,yes,yes
16.0,5.0,17.0,15.0,2.0,0.007263922518159807,40.0,38.0,0.3125,1.0455341506129596,0.12267150187961895,20240509110721461_sardine_bad_(0).png,yes,yes
15.0,4.0,16.0,15.0,4.0,0.007385524372230428,38.0,37.0,0.26666666666666666,1.0435801312089972,0.11491765653701567,20240509110731519_sardine_bad_(0).png,yes,yes
16.0,5.0,17.0,15.0,4.0,0.00732421875,40.0,40.0,0.3125,1.0614901256732496,0.12479717002541757,20240509110741185_sardine_bad_(0).png,yes,yes
16.0,5.0,17.0,15.0,4.0,0.007680491551459293,40.0,40.0,0.3125,1.0612813370473537,0.11381239587338203,20240509110751655_sardine_bad_(0).png,yes,yes
17.0,6.0,18.0,15.0,4.0,0.007886435331230283,44.0,42.0,0.35294117647058826,1.058226731363035,0.11509946094450853,20240509110759251_sardine_bad_(0).png,yes,yes
16.0,6.0,18.0,15.0,5.0,0.00715307582260372,42.0,42.0,0.375,1.0846219931271477,0.13949929781280704,20240509110807535_sardine_bad_(0).png,yes,yes
17.0,4.0,18.0,15.0,4.0,0.007861635220125786,43.0,46.0,0.23529411764705882,1.0296985815602837,0.12681428950937673,20240509110826378_sardine_bad_(0).png,yes,yes
16.0,4.0,17.0,15.0,3.0,0.008152173913043478,42.0,40.0,0.25,1.0330900243309002,0.10211208496198043,20240509110835572_sardine_bad_(0).png,yes,yes
16.0,4.0,17.0,15.0,4.0,0.007190795781399808,41.0,38.0,0.25,1.0382442416340723,0.12282301945832799,20240509110843151_sardine_bad_(0).png,yes,yes
17.0,6.0,18.0,16.0,6.0,0.007371007371007371,44.0,42.0,0.35294117647058826,1.0684053014108594,0.1292644355536332,20240509110850974_sardine_bad_(0).png,yes,yes
17.0,7.0,18.0,15.0,5.0,0.008365867261572783,43.0,51.0,0.4117647058823529,1.0950994662785056,0.12383349820047845,20240509110859829_sardine_bad_(0).png,yes,yes
15.0,3.0,16.0,15.0,4.0,0.0080042689434365,40.0,34.0,0.2,1.0250255362614913,0.08933629960698876,20240509110908989_sardine_bad_(0).png,yes,yes
16.0,4.0,17.0,15.0,2.0,0.007530120481927711,42.0,35.0,0.25,1.0437158469945356,0.10519141275791362,20240509110917201_sardine_bad_(0).png,yes,yes
16.0,4.0,17.0,15.0,2.0,0.007747933884297521,44.0,41.0,0.25,1.029626253418414,0.11408147307125464,20240509110925496_sardine_bad_(0).png,yes,yes
17.0,4.0,18.0,15.0,3.0,0.007957559681697613,44.0,42.0,0.23529411764705882,1.0331818181818182,0.11096827075056602,20240509110933389_sardine_bad_(0).png,yes,yes
16.0,5.0,17.0,15.0,3.0,0.008051529790660225,39.0,40.0,0.3125,1.0617780010045204,0.10547317204387202,20240509110942363_sardine_bad_(0).png,yes,yes
17.0,4.0,17.0,16.0,6.0,0.007704160246533128,41.0,42.0,0.23529411764705882,1.0316742081447965,0.11976121296830279,20240509110952377_sardine_bad_(0).png,yes,yes
16.0,4.0,17.0,15.0,4.0,0.007132667617689016,42.0,38.0,0.25,1.0288172043010753,0.12532139081122645,20240509111001139_sardine_bad_(0).png,yes,yes
16.0,6.0,17.0,16.0,6.0,0.008073196986006458,41.0,41.0,0.375,1.0765788165091994,0.10589919008180615,20240509111055076_sardine_bad_(0).png,yes,yes
16.0,5.0,17.0,15.0,4.0,0.007246376811594203,41.0,33.0,0.3125,1.0588493631971894,0.10678009459502755,20240509111103076_sardine_bad_(0).png,yes,yes
16.0,4.0,17.0,15.0,2.0,0.006880733944954129,43.0,38.0,0.25,1.0271805273833672,0.13551103141419968,20240509111133994_sardine_bad_(0).png,yes,yes
17.0,3.0,17.0,15.0,3.0,0.006808896958692692,45.0,40.0,0.17647058823529413,1.025440313111546,0.14669162701845445,20240509111145056_sardine_bad_(0).png,yes,yes
14.0,4.0,15.0,15.0,3.0,0.006567425569176883,37.0,30.0,0.2857142857142857,1.03568281938326,0.11903891799094365,20240511102333339_sardine_bad_(0).png,yes,yes
19.0,7.0,21.0,15.0,4.0,0.006957328385899814,49.0,53.0,0.3684210526315789,1.0682461103253182,0.1836264564376949,20240511102349818_sardine_bad_(0).png,yes,yes
16.0,6.0,17.0,15.0,3.0,0.006331785563528915,41.0,35.0,0.375,1.0737833594976451,0.14787965499380581,20240511102357606_sardine_bad_(0).png,yes,yes
14.0,4.0,15.0,15.0,3.0,0.0058184639255236615,38.0,30.0,0.2857142857142857,1.0430756843800322,0.15273297329552737,20240511102405664_sardine_bad_(0).png,yes,yes
18.0,3.0,18.0,15.0,3.0,0.006830601092896175,45.0,41.0,0.16666666666666666,1.0207939508506616,0.14862773132128668,20240511102418763_sardine_bad_(0).png,yes,yes
15.0,3.0,15.0,15.0,3.0,0.0069767441860465115,36.0,28.0,0.2,1.028690421101342,0.09935731849929515,20240511102428241_sardine_bad_(0).png,yes,yes
15.0,3.0,15.0,15.0,3.0,0.007082152974504249,37.0,34.0,0.2,1.0300469483568075,0.11357986311354608,20240511102436523_sardine_bad_(0).png,yes,yes
15.0,3.0,15.0,15.0,3.0,0.007082152974504249,37.0,34.0,0.2,1.0300469483568075,0.11357986311354608,20240511102437573_sardine_bad_(0).png,yes,yes
18.0,5.0,19.0,15.0,3.0,0.006377551020408163,48.0,49.0,0.2777777777777778,1.0480604188122211,0.20452545295078817,20240511102446615_sardine_bad_(0).png,yes,yes
15.0,3.0,15.0,15.0,3.0,0.006906077348066298,40.0,35.0,0.2,1.0269299820466786,0.12488769677260883,20240511102455044_sardine_bad_(0).png,yes,yes
16.0,6.0,17.0,15.0,3.0,0.006970260223048327,42.0,36.0,0.375,1.0638031693077565,0.12397108216925114,20240511102502677_sardine_bad_(0).png,yes,yes
16.0,4.0,17.0,15.0,3.0,0.006599208095028597,41.0,36.0,0.25,1.0306528662420382,0.14156063773548636,20240511102511662_sardine_bad_(0).png,yes,yes
19.0,4.0,19.0,15.0,2.0,0.007317073170731708,48.0,51.0,0.21052631578947367,1.0329501915708812,0.1591092268198129,20240511102538379_sardine_bad_(0).png,yes,yes
17.0,6.0,18.0,15.0,3.0,0.007295719844357977,44.0,38.0,0.35294117647058826,1.0726658217152514,0.12132052575932334,20240511102550201_sardine_bad_(0).png,yes,yes
14.0,3.0,15.0,15.0,2.0,0.006871278057718736,35.0,33.0,0.21428571428571427,1.0277125410991075,0.12001518846917852,20240511102605503_sardine_bad_(0).png,yes,yes
17.0,4.0,17.0,15.0,3.0,0.006720430107526882,43.0,39.0,0.23529411764705882,1.040656763096169,0.1448171810254603,20240511102614296_sardine_bad_(0).png,yes,yes
16.0,4.0,16.0,15.0,2.0,0.006347862886161659,42.0,37.0,0.25,1.0316282702069504,0.1561311054241958,20240511102631496_sardine_bad_(0).png,yes,yes
16.0,4.0,16.0,15.0,2.0,0.006787330316742082,40.0,34.0,0.25,1.0318791946308725,0.12588015360011107,20240511102639209_sardine_bad_(0).png,yes,yes
15.0,5.0,16.0,15.0,3.0,0.006805807622504537,40.0,33.0,0.3333333333333333,1.0509635974304068,0.12140571267995215,20240511102650552_sardine_bad_(0).png,yes,yes
16.0,4.0,17.0,15.0,2.0,0.006366723259762309,42.0,41.0,0.25,1.034165067178503,0.17261756963133837,20240511102659536_sardine_bad_(0).png,yes,yes
15.0,3.0,16.0,15.0,2.0,0.006396588486140725,40.0,33.0,0.2,1.0304506699147382,0.13658058198769704,20240511102719008_sardine_bad_(0).png,yes,yes
16.0,5.0,17.0,15.0,2.0,0.006954102920723227,42.0,29.0,0.3125,1.0647948164146868,0.10250189230103807,20240511102739344_sardine_bad_(0).png,yes,yes
,,,,,,,,,,,20240511103053682_sardine_bad.jpeg,yes,no
16.0,3.0,17.0,15.0,3.0,0.006738544474393531,44.0,37.0,0.1875,1.0229976209357652,0.13665458864646077,20240511103100907_sardine_bad_(0).png,yes,yes
14.0,3.0,15.0,15.0,2.0,0.006510416666666667,37.0,29.0,0.21428571428571427,1.0338688666956144,0.11556803072536204,20240511103125752_sardine_bad_(0).png,yes,yes
12.0,8.0,14.0,15.0,4.0,0.006521739130434782,35.0,30.0,0.6666666666666666,1.199248120300752,0.1179309874140288,20240511103136241_sardine_bad_(0).png,yes,yes
16.0,6.0,17.0,16.0,6.0,0.006657789613848202,40.0,42.0,0.375,1.086778550961932,0.16002317150988937,20240511103145164_sardine_bad_(0).png,yes,yes
15.0,4.0,16.0,15.0,4.0,0.006993006993006993,38.0,36.0,0.26666666666666666,1.0456412596987676,0.12465599836067325,20240511103156728_sardine_bad_(0).png,yes,yes
14.0,7.0,16.0,15.0,3.0,0.006890215893431328,38.0,35.0,0.5,1.120203421174295,0.12641772395232603,20240511103204582_sardine_bad_(0).png,yes,yes
16.0,5.0,17.0,15.0,5.0,0.006843065693430657,41.0,39.0,0.3125,1.0465587044534412,0.14204981590947927,20240511103211978_sardine_bad_(0).png,yes,yes
19.0,6.0,20.0,15.0,3.0,0.006570302233902759,51.0,46.0,0.3157894736842105,1.049683227742581,0.18155719020996197,20240511103220724_sardine_bad_(0).png,yes,yes
14.0,3.0,15.0,15.0,2.0,0.006127450980392157,35.0,35.0,0.21428571428571427,1.0296907216494846,0.1564297185377419,20240511103238758_sardine_bad_(0).png,yes,yes
18.0,4.0,18.0,15.0,2.0,0.00629987400251995,46.0,43.0,0.2222222222222222,1.0278260869565217,0.1815730428200692,20240511103304976_sardine_bad_(0).png,yes,yes
16.0,4.0,16.0,15.0,1.0,0.005995203836930456,39.0,35.0,0.25,1.0354477611940298,0.1644120917702593,20240511103315309_sardine_bad_(0).png,yes,yes
16.0,6.0,17.0,15.0,2.0,0.006014434643143544,42.0,38.0,0.375,1.0768094534711965,0.17781789322482805,20240511103330901_sardine_bad_(0).png,yes,yes
16.0,3.0,16.0,15.0,1.0,0.006765899864682003,42.0,34.0,0.1875,1.0253371475275848,0.1250904433124012,20240511103338258_sardine_bad_(0).png,yes,yes
17.0,3.0,17.0,15.0,2.0,0.006252605252188412,42.0,43.0,0.17647058823529413,1.0222546515870121,0.1849363826412918,20240511103345491_sardine_bad_(0).png,yes,yes
17.0,4.0,17.0,15.0,3.0,0.006555944055944056,41.0,44.0,0.23529411764705882,1.0344045368620038,0.17351482736340723,20240511103356373_sardine_bad_(0).png,yes,yes
16.0,4.0,16.0,15.0,3.0,0.00641573994867408,40.0,40.0,0.25,1.0327606871753896,0.16400067482058184,20240511103403947_sardine_bad_(0).png,yes,yes
15.0,6.0,17.0,15.0,3.0,0.006561679790026247,39.0,37.0,0.4,1.0697865353037768,0.1462590176321073,20240511103412774_sardine_bad_(0).png,yes,yes
17.0,5.0,18.0,15.0,1.0,0.0066254416961130744,44.0,43.0,0.29411764705882354,1.044362292051756,0.16664714292579777,20240511103429790_sardine_bad_(0).png,yes,yes
18.0,8.0,20.0,16.0,5.0,0.007249879168680522,47.0,49.0,0.4444444444444444,1.1047765793528506,0.15798944850271263,20240511103524676_sardine_bad_(0).png,yes,yes
15.0,4.0,16.0,15.0,3.0,0.006473888649115235,38.0,25.0,0.26666666666666666,1.0350291909924938,0.10262979783416634,20240511103533589_sardine_bad_(0).png,yes,yes
17.0,4.0,18.0,15.0,3.0,0.006555944055944056,43.0,39.0,0.23529411764705882,1.0367511944138184,0.15357966954483318,20240511103541979_sardine_bad_(0).png,yes,yes
16.0,5.0,17.0,15.0,3.0,0.006699419383653417,41.0,43.0,0.3125,1.055621301775148,0.1620136752958264,20240511103549739_sardine_bad_(0).png,yes,yes
16.0,4.0,17.0,15.0,3.0,0.006440532417346501,41.0,39.0,0.25,1.0417316692667706,0.1589420235005767,20240511103608270_sardine_bad_(0).png,yes,yes
19.0,4.0,19.0,15.0,2.0,0.005985634477254589,46.0,43.0,0.21052631578947367,1.0247882020709131,0.20203709377269427,20240511103617529_sardine_bad_(0).png,yes,yes
17.0,5.0,18.0,15.0,3.0,0.006221484861053505,44.0,45.0,0.29411764705882354,1.0514525726286315,0.19498193136186937,20240511103624953_sardine_bad_(0).png,yes,yes
,,,,,,,,,,,20240511103636246_sardine_bad.jpeg,no,
17.0,4.0,17.0,15.0,2.0,0.006097560975609756,42.0,35.0,0.23529411764705882,1.0364989369241673,0.1610358195565808,20240511103651557_sardine_bad_(0).png,yes,yes
18.0,5.0,19.0,15.0,2.0,0.006270903010033445,46.0,37.0,0.2777777777777778,1.0399863294600136,0.15780998026934084,20240511103717407_sardine_bad_(0).png,yes,yes
19.0,3.0,19.0,15.0,1.0,0.006699419383653417,46.0,44.0,0.15789473684210525,1.0183034142907428,0.16649912960827032,20240511104235295_sardine_bad_(0).png,yes,yes
14.0,3.0,14.0,15.0,2.0,0.00585480093676815,35.0,30.0,0.21428571428571427,1.0251028806584361,0.1470327918749199,20240511104242791_sardine_bad_(0).png,yes,yes
14.0,2.0,15.0,15.0,2.0,0.006628369421122404,37.0,29.0,0.14285714285714285,1.0194690265486726,0.11048668514246657,20240511104250798_sardine_bad_(0).png,yes,yes
18.0,4.0,18.0,15.0,2.0,0.007052186177715092,45.0,47.0,0.2222222222222222,1.0253510140405617,0.1600498706427015,20240511104259050_sardine_bad_(0).png,yes,yes
17.0,5.0,17.0,15.0,3.0,0.007015902712815715,42.0,40.0,0.29411764705882354,1.0429799426934097,0.13596474980242643,20240511104307049_sardine_bad_(0).png,yes,yes
18.0,4.0,18.0,15.0,3.0,0.006824385805277525,46.0,45.0,0.2222222222222222,1.0311572700296736,0.1614146135033534,20240511104320284_sardine_bad_(0).png,yes,yes
17.0,4.0,17.0,15.0,3.0,0.0067842605156037995,43.0,40.0,0.23529411764705882,1.032587357675697,0.14648579339143064,20240511104333546_sardine_bad_(0).png,yes,yes
19.0,6.0,20.0,15.0,3.0,0.006596306068601583,49.0,57.0,0.3157894736842105,1.0530379321920107,0.21893071975522235,20240511104341822_sardine_bad_(0).png,yes,yes
15.0,6.0,16.0,15.0,3.0,0.008021390374331552,40.0,40.0,0.4,1.086198050282196,0.10508962231406724,20240511104410001_sardine_bad_(0).png,yes,yes
21.0,6.0,22.0,15.0,1.0,0.007470119521912351,57.0,67.0,0.2857142857142857,1.042590027700831,0.2026702803942928,20240514091846013_sardine_bad_(0).png,yes,yes
15.0,4.0,15.0,15.0,2.0,0.006109979633401222,38.0,37.0,0.26666666666666666,1.043982407037185,0.16595872247319407,20240514091906292_sardine_bad_(0).png,yes,yes
15.0,4.0,15.0,15.0,4.0,0.0070126227208976155,40.0,35.0,0.26666666666666666,1.0413761041376104,0.12098586881648084,20240514091914318_sardine_bad_(0).png,yes,yes
15.0,4.0,16.0,15.0,4.0,0.007022471910112359,39.0,33.0,0.26666666666666666,1.0326475849731664,0.11447478467149387,20240514091925489_sardine_bad_(0).png,yes,yes
17.0,6.0,18.0,15.0,3.0,0.006499133448873483,43.0,44.0,0.35294117647058826,1.060860058309038,0.17634643726771754,20240514091934074_sardine_bad_(0).png,yes,yes
15.0,6.0,16.0,15.0,5.0,0.00744047619047619,41.0,35.0,0.4,1.0794481446241675,0.105786970289205,20240514091942380_sardine_bad_(0).png,yes,yes
18.0,5.0,19.0,15.0,3.0,0.00725689404934688,46.0,45.0,0.2777777777777778,1.0358796296296295,0.1428745688090051,20240514091951195_sardine_bad_(0).png,yes,yes
14.0,4.0,14.0,15.0,3.0,0.0074850299401197605,36.0,31.0,0.2857142857142857,1.0467339352097715,0.09502004437395874,20240514092001298_sardine_bad_(0).png,yes,yes
18.0,6.0,19.0,15.0,3.0,0.007313505607020965,47.0,58.0,0.3333333333333333,1.060582218725413,0.18223392979196035,20240514092016585_sardine_bad_(0).png,yes,yes
17.0,7.0,19.0,15.0,4.0,0.00706880301602262,48.0,44.0,0.4117647058823529,1.0823483057525611,0.14705223218099875,20240514092023621_sardine_bad_(0).png,yes,yes
17.0,5.0,18.0,15.0,2.0,0.007444168734491315,44.0,43.0,0.29411764705882354,1.040997464074387,0.13015710437224998,20240514092031729_sardine_bad_(0).png,yes,yes
16.0,4.0,17.0,15.0,3.0,0.007194244604316547,41.0,47.0,0.25,1.037521815008726,0.1518203635620915,20240514092039186_sardine_bad_(0).png,yes,yes
17.0,4.0,17.0,15.0,3.0,0.007270964614638876,43.0,46.0,0.23529411764705882,1.0256941566514712,0.1475906368811141,20240514092047516_sardine_bad_(0).png,yes,yes
16.0,6.0,18.0,15.0,3.0,0.007288629737609329,42.0,42.0,0.375,1.067877215737138,0.13305612958691101,20240514092058609_sardine_bad_(0).png,yes,yes
15.0,5.0,16.0,15.0,4.0,0.00785751702462022,38.0,30.0,0.3333333333333333,1.0649484536082474,0.08259159804989534,20240514092147555_sardine_bad_(0).png,yes,yes
17.0,5.0,18.0,15.0,5.0,0.007621951219512195,45.0,42.0,0.29411764705882354,1.0439419795221843,0.12284537998205819,20240514092205703_sardine_bad_(0).png,yes,yes
16.0,4.0,17.0,15.0,2.0,0.006954102920723227,41.0,48.0,0.25,1.0387788778877889,0.16701033456683326,20240514092220624_sardine_bad_(0).png,yes,yes
14.0,4.0,15.0,15.0,3.0,0.006843065693430657,36.0,35.0,0.2857142857142857,1.0505050505050506,0.12565646492801913,20240514092229337_sardine_bad_(0).png,yes,yes
17.0,5.0,18.0,15.0,3.0,0.007385524372230428,44.0,43.0,0.29411764705882354,1.056421052631579,0.13261509328677004,20240514092239055_sardine_bad_(0).png,yes,yes
14.0,6.0,16.0,15.0,5.0,0.007180469123982767,37.0,34.0,0.42857142857142855,1.0952380952380953,0.11185426478597975,20240514092255505_sardine_bad_(0).png,yes,yes
19.0,3.0,19.0,15.0,3.0,0.007125890736342043,49.0,47.0,0.15789473684210525,1.018640350877193,0.15535557905079242,20240514092304112_sardine_bad_(0).png,yes,yes
15.0,4.0,15.0,15.0,4.0,0.007331378299120235,37.0,30.0,0.26666666666666666,1.0462737457379445,0.09431718970267845,20240514092312197_sardine_bad_(0).png,yes,yes
17.0,4.0,18.0,15.0,3.0,0.007263922518159807,44.0,43.0,0.23529411764705882,1.0269262634631318,0.13763653269041823,20240514092325215_sardine_bad_(0).png,yes,yes
15.0,5.0,16.0,15.0,3.0,0.007425742574257425,39.0,34.0,0.3333333333333333,1.0568764568764568,0.10326298445576487,20240514092333563_sardine_bad_(0).png,yes,yes
19.0,5.0,20.0,15.0,4.0,0.00675371454299865,48.0,49.0,0.2631578947368421,1.0451522576128807,0.17951587463689178,20240514092342109_sardine_bad_(0).png,yes,yes
21.0,4.0,21.0,15.0,3.0,0.007052186177715092,54.0,50.0,0.19047619047619047,1.0205230056272758,0.16900475978790208,20240514092408668_sardine_bad_(0).png,yes,yes
13.0,4.0,14.0,15.0,4.0,0.00732421875,35.0,32.0,0.3076923076923077,1.0503408495018354,0.10022520718527063,20240514092417531_sardine_bad_(0).png,yes,yes
16.0,5.0,17.0,15.0,5.0,0.007253384912959381,43.0,38.0,0.3125,1.0456503014642549,0.12078645966828998,20240514092426457_sardine_bad_(0).png,yes,yes
15.0,6.0,16.0,15.0,5.0,0.007342143906020558,38.0,36.0,0.4,1.08927704997574,0.11246200379661668,20240514092434267_sardine_bad_(0).png,yes,yes
14.0,4.0,15.0,15.0,4.0,0.0068997240110395585,36.0,35.0,0.2857142857142857,1.0468460111317255,0.1252958597654748,20240514092442608_sardine_bad_(0).png,yes,yes
15.0,5.0,16.0,15.0,3.0,0.007853403141361256,40.0,35.0,0.3333333333333333,1.0600706713780919,0.09726402305203127,20240514092451123_sardine_bad_(0).png,yes,yes
,,,,,,,,,,,20240514092505999_sardine_bad.jpeg,no,
16.0,4.0,17.0,15.0,3.0,0.0074887668497254116,42.0,36.0,0.25,1.0408988764044944,0.10871536454995942,20240514092513836_sardine_bad_(0).png,yes,yes
16.0,4.0,16.0,15.0,3.0,0.007122507122507123,40.0,37.0,0.25,1.036939313984169,0.12289101881220899,20240514092524895_sardine_bad_(0).png,yes,yes
16.0,3.0,16.0,15.0,4.0,0.00723589001447178,39.0,41.0,0.1875,1.0266311584553929,0.13153035758148576,20240514092534526_sardine_bad_(0).png,yes,yes
14.0,5.0,15.0,15.0,4.0,0.007187350263536177,35.0,32.0,0.35714285714285715,1.0607594936708862,0.10643250525972917,20240514092545514_sardine_bad_(0).png,yes,yes
15.0,4.0,16.0,15.0,4.0,0.007637474541751527,40.0,31.0,0.26666666666666666,1.0325826545280308,0.09149409014695202,20240514092556037_sardine_bad_(0).png,yes,yes
16.0,3.0,17.0,15.0,2.0,0.0066815144766146995,41.0,35.0,0.1875,1.0185477505919496,0.13345661657909352,20240514092629910_sardine_bad_(0).png,yes,yes
14.0,4.0,14.0,15.0,2.0,0.006744604316546762,34.0,32.0,0.2857142857142857,1.0454110898661568,0.117514480942159,20240514092639214_sardine_bad_(0).png,yes,yes
16.0,3.0,16.0,15.0,3.0,0.007356547327121138,40.0,42.0,0.1875,1.0258928571428572,0.12975277937972574,20240514092707814_sardine_bad_(0).png,yes,yes
16.0,6.0,18.0,16.0,7.0,0.007374631268436578,42.0,47.0,0.375,1.0834072759538598,0.14517895427506514,20240514092844051_sardine_bad_(0).png,yes,yes
15.0,7.0,17.0,16.0,6.0,0.007389162561576354,38.0,46.0,0.4666666666666667,1.0990654205607477,0.14294999385919946,20240514092852590_sardine_bad_(0).png,yes,yes
17.0,9.0,19.0,16.0,7.0,0.007146260123868509,47.0,44.0,0.5294117647058824,1.1425653594771241,0.1469245769522406,20240514092902922_sardine_bad_(0).png,yes,yes
20.0,6.0,21.0,16.0,6.0,0.00723589001447178,50.0,55.0,0.3,1.053294922578322,0.17760805472788244,20240514092912109_sardine_bad_(0).png,yes,yes
19.0,10.0,22.0,16.0,6.0,0.007433102081268583,57.0,56.0,0.5263157894736842,1.1299813780260708,0.16968291776133113,20240514092920293_sardine_bad_(0).png,yes,yes
17.0,7.0,19.0,16.0,7.0,0.007228915662650603,45.0,47.0,0.4117647058823529,1.0950996677740863,0.15015525545730274,20240514092930348_sardine_bad_(0).png,yes,yes
15.0,6.0,17.0,16.0,7.0,0.006996268656716418,40.0,35.0,0.4,1.0845195729537367,0.12230096797706011,20240514092940033_sardine_bad_(0).png,yes,yes
16.0,8.0,18.0,16.0,7.0,0.0076297049847405905,44.0,49.0,0.5,1.111315547378105,0.14123173779315648,20240514092949183_sardine_bad_(0).png,yes,yes
16.0,4.0,17.0,15.0,3.0,0.00723589001447178,42.0,41.0,0.25,1.0340077486009471,0.13210814350249903,20240514093000472_sardine_bad_(0).png,yes,yes
14.0,4.0,14.0,15.0,5.0,0.007317073170731708,35.0,31.0,0.2857142857142857,1.04318418314256,0.09738308449741552,20240514093008094_sardine_bad_(0).png,yes,yes
15.0,6.0,16.0,15.0,4.0,0.007533902561526871,40.0,39.0,0.4,1.069789674952199,0.11696047393630656,20240514093017122_sardine_bad_(0).png,yes,yes
13.0,3.0,13.0,15.0,3.0,0.006587615283267457,31.0,25.0,0.23076923076923078,1.0262228946041352,0.09681931562112862,20240514093027591_sardine_bad_(0).png,yes,yes
17.0,4.0,18.0,15.0,1.0,0.007342143906020558,45.0,46.0,0.23529411764705882,1.0266112266112266,0.14276543610363535,20240514093048603_sardine_bad_(0).png,yes,yes
15.0,3.0,15.0,15.0,2.0,0.0068150840527033164,38.0,30.0,0.2,1.0248306997742664,0.10966201567773079,20240514093105141_sardine_bad_(0).png,yes,yes
16.0,4.0,17.0,15.0,3.0,0.006516072980017376,41.0,38.0,0.25,1.0416991426344504,0.15006247597078046,20240514093113128_sardine_bad_(0).png,yes,yes
18.0,5.0,19.0,15.0,3.0,0.00675371454299865,45.0,46.0,0.2777777777777778,1.0519337016574586,0.17015699423832714,20240514093128589_sardine_bad_(0).png,yes,yes
17.0,4.0,17.0,15.0,3.0,0.006462731581214994,42.0,43.0,0.23529411764705882,1.0308270676691729,0.17197328618266478,20240514093138100_sardine_bad_(0).png,yes,yes
19.0,5.0,19.0,15.0,3.0,0.006711409395973154,48.0,50.0,0.2631578947368421,1.0366876310272537,0.18725787223930968,20240514093148335_sardine_bad_(0).png,yes,yes
14.0,3.0,15.0,15.0,3.0,0.0066725978647686835,37.0,30.0,0.21428571428571427,1.0328828828828829,0.11539139927485155,20240514093158201_sardine_bad_(0).png,yes,yes
18.0,3.0,18.0,15.0,3.0,0.00725689404934688,44.0,43.0,0.16666666666666666,1.020096463022508,0.13747333424110386,20240514093207969_sardine_bad_(0).png,yes,yes
19.0,6.0,20.0,15.0,2.0,0.0068997240110395585,51.0,49.0,0.3157894736842105,1.0553206483439042,0.17464445098573197,20240514093217064_sardine_bad_(0).png,yes,yes
18.0,4.0,18.0,15.0,2.0,0.0074367873078829945,46.0,45.0,0.2222222222222222,1.0292801952013013,0.13862540182194882,20240514093228211_sardine_bad_(0).png,yes,yes
17.0,4.0,18.0,15.0,2.0,0.006989748369058714,43.0,40.0,0.23529411764705882,1.0290082320658565,0.13756402785787517,20240514093236258_sardine_bad_(0).png,yes,yes
18.0,4.0,18.0,15.0,2.0,0.0069767441860465115,46.0,45.0,0.2222222222222222,1.0292983808789515,0.15659141516083558,20240514093246718_sardine_bad_(0).png,yes,yes
18.0,4.0,18.0,15.0,2.0,0.007204610951008645,46.0,44.0,0.2222222222222222,1.0308178585539312,0.14184565097825622,20240514093256339_sardine_bad_(0).png,yes,yes
15.0,3.0,16.0,15.0,2.0,0.005516734093416698,39.0,34.0,0.2,1.0242550242550243,0.18933656659831688,20240514093323951_sardine_bad_(0).png,yes,yes
17.0,6.0,18.0,15.0,4.0,0.006570302233902759,45.0,46.0,0.35294117647058826,1.0738657667791527,0.17840836123392712,20240514093334777_sardine_bad_(0).png,yes,yes
17.0,4.0,18.0,15.0,2.0,0.006790402897238569,42.0,44.0,0.23529411764705882,1.0382364416699181,0.16186432702165834,20240514093522038_sardine_bad_(0).png,yes,yes
16.0,3.0,17.0,15.0,2.0,0.00675371454299865,41.0,36.0,0.1875,1.0227272727272727,0.13223020860032467,20240514093608625_sardine_bad_(0).png,yes,yes
16.0,4.0,17.0,15.0,3.0,0.006382978723404255,41.0,33.0,0.25,1.0390299355816597,0.13728368696334742,20240514093619123_sardine_bad_(0).png,yes,yes
14.0,4.0,14.0,15.0,5.0,0.007455268389662028,35.0,32.0,0.2857142857142857,1.058637083993661,0.09773200878935452,20240514093628264_sardine_bad_(0).png,yes,yes
14.0,3.0,14.0,15.0,3.0,0.006855575868372943,36.0,33.0,0.21428571428571427,1.0344662517951173,0.11764413860587808,20240514093646385_sardine_bad_(0).png,yes,yes
18.0,7.0,19.0,16.0,5.0,0.007221954742416947,45.0,42.0,0.3888888888888889,1.090072057646117,0.13712791421034645,20240514093655421_sardine_bad_(0).png,yes,yes
14.0,5.0,15.0,15.0,3.0,0.00692201199815413,38.0,32.0,0.35714285714285715,1.068486811661268,0.11153896471442608,20240514093704335_sardine_bad_(0).png,yes,yes
14.0,6.0,15.0,15.0,4.0,0.006696428571428571,37.0,29.0,0.42857142857142855,1.0979934671021931,0.10820983315711906,20240514093712970_sardine_bad_(0).png,yes,yes
18.0,5.0,19.0,15.0,3.0,0.006890215893431328,46.0,48.0,0.2777777777777778,1.0468178493050475,0.17001615631274297,20240514093735976_sardine_bad_(0).png,yes,yes
13.0,6.0,15.0,15.0,2.0,0.006890215893431328,37.0,27.0,0.46153846153846156,1.0940423436730675,0.09603235868149003,20240514093745259_sardine_bad_(0).png,yes,yes
19.0,5.0,20.0,15.0,3.0,0.006843065693430657,49.0,48.0,0.2631578947368421,1.0374220374220373,0.17127235051155537,20240514093753044_sardine_bad_(0).png,yes,yes
19.0,4.0,19.0,15.0,2.0,0.007009345794392523,49.0,51.0,0.21052631578947367,1.0219298245614035,0.17597048010380623,20240514093802722_sardine_bad_(0).png,yes,yes
17.0,6.0,19.0,15.0,2.0,0.007228915662650603,45.0,39.0,0.35294117647058826,1.0686037126715093,0.12761225984130037,20240514093817674_sardine_bad_(0).png,yes,yes
21.0,5.0,22.0,15.0,2.0,0.006669630947087594,54.0,61.0,0.23809523809523808,1.0366541353383458,0.23131152481417402,20240514093825054_sardine_bad_(0).png,yes,yes
16.0,4.0,17.0,15.0,3.0,0.006476683937823834,44.0,42.0,0.25,1.037940379403794,0.1673316419432697,20240514093834286_sardine_bad_(0).png,yes,yes
17.0,4.0,17.0,15.0,3.0,0.0067598017124831005,42.0,40.0,0.23529411764705882,1.0361254466057959,0.14915962810777905,20240514093842585_sardine_bad_(0).png,yes,yes
17.0,4.0,18.0,15.0,2.0,0.006839945280437756,44.0,41.0,0.23529411764705882,1.035128805620609,0.1489832469616387,20240514093850787_sardine_bad_(0).png,yes,yes
18.0,3.0,18.0,15.0,3.0,0.0070191857744501636,45.0,45.0,0.16666666666666666,1.0186737804878048,0.154145440856081,20240514093859785_sardine_bad_(0).png,yes,yes
15.0,3.0,15.0,15.0,2.0,0.007190795781399808,39.0,34.0,0.2,1.031657355679702,0.11145461214169763,20240514093909785_sardine_bad_(0).png,yes,yes
18.0,7.0,20.0,15.0,2.0,0.0068368277119416595,48.0,50.0,0.3888888888888889,1.0669077757685352,0.1793749532765176,20240514093922854_sardine_bad_(0).png,yes,yes
18.0,3.0,18.0,15.0,3.0,0.007170172084130019,46.0,45.0,0.16666666666666666,1.0228526398739164,0.14922070237408688,20240514093930321_sardine_bad_(0).png,yes,yes
15.0,3.0,15.0,15.0,2.0,0.0073818897637795275,37.0,37.0,0.2,1.0331869204489994,0.11616258703917297,20240514094002766_sardine_bad_(0).png,yes,yes
17.0,5.0,18.0,15.0,1.0,0.0067842605156037995,44.0,51.0,0.29411764705882354,1.0488837567359508,0.18679422511106838,20240514094014964_sardine_bad_(0).png,yes,yes
16.0,4.0,16.0,15.0,2.0,0.006708407871198569,40.0,36.0,0.25,1.0439469320066335,0.13370483507945663,20240514094025479_sardine_bad_(0).png,yes,yes
16.0,3.0,16.0,15.0,3.0,0.006855575868372943,40.0,43.0,0.1875,1.0293378038558256,0.1536396591588705,20240514094034742_sardine_bad_(0).png,yes,yes
18.0,3.0,18.0,15.0,1.0,0.0071633237822349575,46.0,44.0,0.16666666666666666,1.0224980605120249,0.14461293265944722,20240514094045879_sardine_bad_(0).png,yes,yes
18.0,3.0,18.0,15.0,1.0,0.007201152184349496,45.0,44.0,0.16666666666666666,1.0231259968102073,0.14351009160472467,20240514094054577_sardine_bad_(0).png,yes,yes
17.0,4.0,18.0,15.0,2.0,0.006590509666080844,44.0,44.0,0.23529411764705882,1.033320853612879,0.16914751671365713,20240514094103829_sardine_bad_(0).png,yes,yes
14.0,3.0,14.0,15.0,3.0,0.0070028011204481795,35.0,33.0,0.21428571428571427,1.0348668280871671,0.11248811888589859,20240514094113322_sardine_bad_(0).png,yes,yes
18.0,3.0,18.0,15.0,2.0,0.0066166740185266875,44.0,46.0,0.16666666666666666,1.0211833455076698,0.17694483158187022,20240514094124320_sardine_bad_(0).png,yes,yes
15.0,5.0,16.0,16.0,5.0,0.007317073170731708,38.0,35.0,0.3333333333333333,1.0555032925682033,0.11106547228096031,20240514094153525_sardine_bad_(0).png,yes,yes
15.0,3.0,15.0,15.0,2.0,0.00641573994867408,37.0,30.0,0.2,1.02427597955707,0.1216801297043872,20240514094332449_sardine_bad_(0).png,yes,yes
18.0,4.0,18.0,15.0,3.0,0.006640106241699867,44.0,48.0,0.2222222222222222,1.034673552194762,0.18433515154427785,20240514094341363_sardine_bad_(0).png,yes,yes
16.0,3.0,17.0,15.0,2.0,0.007253384912959381,41.0,41.0,0.1875,1.024761077324066,0.13165350733158188,20240514094349640_sardine_bad_(0).png,yes,yes
15.0,3.0,15.0,15.0,2.0,0.007149666348903718,38.0,37.0,0.2,1.0320185614849189,0.12281542689243453,20240514094357976_sardine_bad_(0).png,yes,yes
17.0,5.0,18.0,15.0,3.0,0.0073964497041420114,42.0,48.0,0.29411764705882354,1.0441051738761662,0.14729753046371055,20240514094406021_sardine_bad_(0).png,yes,yes
16.0,3.0,16.0,15.0,1.0,0.007029053420805998,41.0,35.0,0.1875,1.0211024978466838,0.12156215291127344,20240514094428778_sardine_bad_(0).png,yes,yes
15.0,4.0,16.0,15.0,2.0,0.006607929515418502,37.0,38.0,0.26666666666666666,1.0501285347043703,0.1471637844952796,20240514094437762_sardine_bad_(0).png,yes,yes
15.0,5.0,15.0,15.0,3.0,0.0071633237822349575,37.0,36.0,0.3333333333333333,1.0566127497621314,0.11868632256824298,20240514094445412_sardine_bad_(0).png,yes,yes
14.0,4.0,15.0,15.0,3.0,0.006364022061943148,36.0,32.0,0.2857142857142857,1.0437553101104502,0.13276652743068906,20240514094455861_sardine_bad_(0).png,yes,yes
13.0,3.0,14.0,15.0,3.0,0.007583417593528817,34.0,28.0,0.23076923076923078,1.024671052631579,0.08249447995429109,20240514094504841_sardine_bad_(0).png,yes,yes
18.0,7.0,20.0,15.0,2.0,0.007462686567164179,48.0,46.0,0.3888888888888889,1.0799522673031026,0.14060005299777864,20240514094512978_sardine_bad_(0).png,yes,yes
16.0,3.0,16.0,15.0,2.0,0.007470119521912351,39.0,35.0,0.1875,1.0223152022315203,0.10590094221239695,20240514094522839_sardine_bad_(0).png,yes,yes
15.0,3.0,16.0,15.0,2.0,0.007122507122507123,38.0,39.0,0.2,1.03,0.13019773711499852,20240514094530675_sardine_bad_(0).png,yes,yes
17.0,4.0,18.0,15.0,2.0,0.0073277967757694185,44.0,43.0,0.23529411764705882,1.026622296173045,0.1354182519276774,20240514094540892_sardine_bad_(0).png,yes,yes
17.0,3.0,17.0,15.0,2.0,0.007006071929005138,42.0,40.0,0.17647058823529413,1.0233682514101532,0.1371278307755564,20240514094548999_sardine_bad_(0).png,yes,yes
18.0,4.0,19.0,15.0,4.0,0.007425742574257425,47.0,47.0,0.2222222222222222,1.0281411018628617,0.14230913123691744,20240514094602409_sardine_bad_(0).png,yes,yes
20.0,5.0,21.0,15.0,2.0,0.007292173067574137,52.0,54.0,0.25,1.0403825717321997,0.17235299791212783,20240514094620316_sardine_bad_(0).png,yes,yes
18.0,3.0,18.0,15.0,2.0,0.006547359231776516,46.0,43.0,0.16666666666666666,1.0225241329996424,0.17005061488102866,20240514094634090_sardine_bad_(0).png,yes,yes
14.0,4.0,15.0,15.0,3.0,0.006622516556291391,35.0,34.0,0.2857142857142857,1.0554029304029304,0.12952917414242385,20240514094641859_sardine_bad_(0).png,yes,yes
16.0,4.0,16.0,15.0,3.0,0.007204610951008645,40.0,40.0,0.25,1.0335244816938685,0.12898250939809475,20240514094700929_sardine_bad_(0).png,yes,yes
19.0,3.0,20.0,15.0,3.0,0.007545271629778672,45.0,48.0,0.15789473684210525,1.019047619047619,0.1424227694209492,20240514094713318_sardine_bad_(0).png,yes,yes
17.0,3.0,17.0,15.0,2.0,0.007052186177715092,42.0,45.0,0.17647058823529413,1.0222852512155591,0.1520345406681191,20240514094725230_sardine_bad_(0).png,yes,yes
15.0,3.0,15.0,15.0,1.0,0.006476683937823834,38.0,31.0,0.2,1.0208688245315163,0.12462454344482891,20240514094733052_sardine_bad_(0).png,yes,yes
14.0,3.0,14.0,15.0,1.0,0.006747638326585695,36.0,27.0,0.21428571428571427,1.0274881516587677,0.10021043922743389,20240514094832469_sardine_bad_(0).png,yes,yes
20.0,5.0,21.0,15.0,4.0,0.007102272727272727,54.0,62.0,0.25,1.0287842871655943,0.20541578559528387,20240514094851309_sardine_bad_(0).png,yes,yes
15.0,3.0,16.0,15.0,3.0,0.0066607460035523975,38.0,31.0,0.2,1.0184873949579831,0.1177143906990901,20240514094901366_sardine_bad_(0).png,yes,yes
17.0,3.0,17.0,15.0,3.0,0.0069605568445475635,43.0,39.0,0.17647058823529413,1.0215654952076678,0.13691891006130122,20240514094908285_sardine_bad_(0).png,yes,yes
15.0,3.0,15.0,15.0,1.0,0.007317073170731708,37.0,30.0,0.2,1.023278370514064,0.0935062035435089,20240514094916845_sardine_bad_(0).png,yes,yes
14.0,6.0,15.0,15.0,2.0,0.006802721088435374,37.0,27.0,0.42857142857142855,1.086255924170616,0.0992430962717331,20240514094925124_sardine_bad_(0).png,yes,yes
16.0,5.0,17.0,15.0,1.0,0.007125890736342043,42.0,37.0,0.3125,1.0463939266132434,0.12179218262740826,20240514094933531_sardine_bad_(0).png,yes,yes
14.0,5.0,15.0,15.0,2.0,0.007146260123868509,36.0,28.0,0.35714285714285715,1.0630946419629443,0.09279717469776581,20240514094943299_sardine_bad_(0).png,yes,yes
14.0,3.0,14.0,15.0,3.0,0.0068997240110395585,34.0,31.0,0.21428571428571427,1.0260186548846342,0.11094198879170404,20240514095001008_sardine_bad_(0).png,yes,yes
18.0,4.0,19.0,15.0,2.0,0.00697350069735007,45.0,40.0,0.2222222222222222,1.0220588235294117,0.1379035240185399,20240514095008675_sardine_bad_(0).png,yes,yes
14.0,3.0,14.0,15.0,2.0,0.006979990693345742,37.0,31.0,0.21428571428571427,1.0319148936170213,0.10670433580567303,20240514095017528_sardine_bad_(0).png,yes,yes
17.0,4.0,18.0,15.0,3.0,0.0073673870333988214,44.0,40.0,0.23529411764705882,1.0377513336068938,0.12444724451599812,20240514095034678_sardine_bad_(0).png,yes,yes
18.0,4.0,19.0,15.0,2.0,0.007197696737044146,47.0,49.0,0.2222222222222222,1.031010719754977,0.1592009216540647,20240514095135624_sardine_bad_(0).png,yes,yes
16.0,4.0,17.0,15.0,3.0,0.006702412868632708,43.0,39.0,0.25,1.0354864433811801,0.14677806546093383,20240514095202786_sardine_bad_(0).png,yes,yes
16.0,4.0,16.0,15.0,3.0,0.006858710562414266,40.0,38.0,0.25,1.0418445772843723,0.1371387607330514,20240514095210635_sardine_bad_(0).png,yes,yes
16.0,4.0,16.0,15.0,3.0,0.006708407871198569,41.0,37.0,0.25,1.0382218529289573,0.13723546165470546,20240514095218793_sardine_bad_(0).png,yes,yes
,,,,,,,,,,,20240514095228724_sardine_bad.jpeg,yes,no
17.0,4.0,18.0,15.0,4.0,0.007122507122507123,46.0,46.0,0.23529411764705882,1.0292116846738695,0.15170263707334786,20240514095238384_sardine_bad_(0).png,yes,yes
17.0,5.0,18.0,15.0,3.0,0.006938020351526364,42.0,48.0,0.29411764705882354,1.0493777599357688,0.1697257198086206,20240514095248813_sardine_bad_(0).png,yes,yes
17.0,5.0,18.0,15.0,3.0,0.00692201199815413,43.0,44.0,0.29411764705882354,1.0413416536661466,0.1562504171739502,20240514095256547_sardine_bad_(0).png,yes,yes
,,,,,,,,,,,20240514095306675_sardine_bad.jpeg,yes,no
19.0,5.0,19.0,15.0,3.0,0.007911392405063292,47.0,46.0,0.2631578947368421,1.037098103874691,0.12478624006792259,20240514095314638_sardine_bad_(0).png,yes,yes
15.0,4.0,15.0,15.0,2.0,0.007183908045977011,38.0,31.0,0.26666666666666666,1.0371075166508088,0.10193286703297877,20240514095324114_sardine_bad_(0).png,yes,yes
17.0,4.0,18.0,15.0,2.0,0.006996268656716418,45.0,47.0,0.23529411764705882,1.0252864480442512,0.16100453151031655,20240514095332620_sardine_bad_(0).png,yes,yes
21.0,6.0,22.0,15.0,3.0,0.007743933918430563,55.0,58.0,0.2857142857142857,1.0447330447330447,0.16240039554765262,20240514095400571_sardine_bad_(0).png,yes,yes
18.0,6.0,19.0,15.0,3.0,0.0069605568445475635,48.0,50.0,0.3333333333333333,1.0572703607288956,0.17256850997479603,20240514095408589_sardine_bad_(0).png,yes,yes
16.0,4.0,17.0,15.0,3.0,0.007006071929005138,41.0,45.0,0.25,1.0401195049082372,0.15510126981075656,20240514095416480_sardine_bad_(0).png,yes,yes
17.0,5.0,18.0,15.0,1.0,0.006690454950936664,44.0,43.0,0.29411764705882354,1.0404536862003781,0.16117882678670598,20240514095516490_sardine_bad_(0).png,yes,yes
17.0,5.0,18.0,15.0,1.0,0.006544502617801047,43.0,41.0,0.29411764705882354,1.0419026047565119,0.1627462327523602,20240514095524871_sardine_bad_(0).png,yes,yes
15.0,3.0,15.0,15.0,2.0,0.006167763157894737,36.0,34.0,0.2,1.0233965308592174,0.15064009502221368,20240514095534963_sardine_bad_(0).png,yes,yes
18.0,4.0,19.0,15.0,2.0,0.006818181818181818,47.0,47.0,0.2222222222222222,1.0229007633587786,0.1719373257881584,20240514095542304_sardine_bad_(0).png,yes,yes
18.0,4.0,18.0,15.0,2.0,0.007425742574257425,46.0,50.0,0.2222222222222222,1.0250707642539425,0.15133969573668246,20240514095550059_sardine_bad_(0).png,yes,yes
14.0,3.0,15.0,15.0,1.0,0.007095553453169348,38.0,31.0,0.21428571428571427,1.0234113712374582,0.1047298514994233,20240514095601018_sardine_bad_(0).png,yes,yes
17.0,3.0,18.0,15.0,2.0,0.00709891150023663,43.0,40.0,0.17647058823529413,1.0196708149337614,0.13363474985582469,20240514095609077_sardine_bad_(0).png,yes,yes
15.0,3.0,15.0,15.0,1.0,0.006567425569176883,37.0,37.0,0.2,1.0283261802575108,0.14498571930133708,20240514095617853_sardine_bad_(0).png,yes,yes
16.0,3.0,16.0,15.0,1.0,0.007062146892655367,39.0,36.0,0.1875,1.0226876090750436,0.120997215947926,20240514095625776_sardine_bad_(0).png,yes,yes
16.0,5.0,17.0,15.0,1.0,0.006778129236330773,41.0,37.0,0.3125,1.049917491749175,0.13777712031163228,20240514095633673_sardine_bad_(0).png,yes,yes
19.0,5.0,20.0,15.0,2.0,0.00683371298405467,47.0,47.0,0.2631578947368421,1.034920634920635,0.16955067361912085,20240514095651949_sardine_bad_(0).png,yes,yes
16.0,5.0,17.0,15.0,3.0,0.006846188954815153,41.0,40.0,0.3125,1.0475998386446148,0.14562533040176856,20240514095700469_sardine_bad_(0).png,yes,yes
,,,,,,,,,,,20240514095708473_sardine_bad.jpeg,yes,no
16.0,4.0,17.0,15.0,5.0,0.006944444444444444,41.0,47.0,0.25,1.0363105175292153,0.16263926935153147,20240514095716546_sardine_bad_(0).png,yes,yes
16.0,4.0,17.0,15.0,3.0,0.006666666666666667,41.0,46.0,0.25,1.031063321385902,0.17341370439788115,20240514095730974_sardine_bad_(0).png,yes,yes
15.0,3.0,15.0,15.0,3.0,0.00663716814159292,39.0,32.0,0.2,1.024945295404814,0.12200686034217609,20240514095743915_sardine_bad_(0).png,yes,yes
17.0,4.0,17.0,15.0,3.0,0.006260434056761269,45.0,46.0,0.23529411764705882,1.035688273852877,0.19784324405143322,20240514095751283_sardine_bad_(0).png,yes,yes
19.0,5.0,20.0,15.0,3.0,0.006762849413886384,48.0,47.0,0.2631578947368421,1.040644709180098,0.17254973714703747,20240514095800420_sardine_bad_(0).png,yes,yes
19.0,4.0,19.0,15.0,2.0,0.006918819188191882,48.0,52.0,0.21052631578947367,1.0220955096222382,0.1813447652345252,20240514095808112_sardine_bad_(0).png,yes,yes
14.0,4.0,14.0,15.0,2.0,0.007088846880907372,36.0,31.0,0.2857142857142857,1.0378750614854895,0.10476973332906148,20240514095818001_sardine_bad_(0).png,yes,yes
16.0,4.0,17.0,15.0,3.0,0.007575757575757576,41.0,46.0,0.25,1.0312641594925238,0.13437273057371096,20240514095827526_sardine_bad_(0).png,yes,yes
19.0,4.0,19.0,15.0,2.0,0.007473841554559043,47.0,58.0,0.21052631578947367,1.031857031857032,0.17524576551753598,20240514095841799_sardine_bad_(0).png,yes,yes
13.0,5.0,14.0,15.0,2.0,0.0073277967757694185,36.0,31.0,0.38461538461538464,1.0705754614549403,0.09653038094322697,20240514095849090_sardine_bad_(0).png,yes,yes
18.0,4.0,19.0,15.0,2.0,0.007132667617689016,47.0,48.0,0.2222222222222222,1.022484756097561,0.15823724982912554,20240514100026262_sardine_bad_(0).png,yes,yes
16.0,3.0,16.0,15.0,1.0,0.006989748369058714,41.0,38.0,0.1875,1.0240607851414099,0.12997421531248665,20240514100033767_sardine_bad_(0).png,yes,yes
19.0,5.0,20.0,15.0,2.0,0.007621951219512195,49.0,52.0,0.2631578947368421,1.0424434748115827,0.15104049857960614,20240514100040406_sardine_bad_(0).png,yes,yes
16.0,3.0,17.0,15.0,2.0,0.007183908045977011,42.0,41.0,0.1875,1.0229689493832412,0.1336760500768935,20240514100049512_sardine_bad_(0).png,yes,yes
16.0,3.0,17.0,15.0,2.0,0.007009345794392523,40.0,33.0,0.1875,1.017362546506821,0.11523295660856936,20240514100057575_sardine_bad_(0).png,yes,yes
18.0,6.0,19.0,15.0,2.0,0.007204610951008645,47.0,46.0,0.3333333333333333,1.050462249614792,0.1481840251078645,20240514100106147_sardine_bad_(0).png,yes,yes
15.0,3.0,15.0,15.0,2.0,0.0073818897637795275,38.0,33.0,0.2,1.0209923664122138,0.10238308116002393,20240514100120845_sardine_bad_(0).png,yes,yes
14.0,3.0,15.0,15.0,2.0,0.006893382352941176,38.0,33.0,0.21428571428571427,1.0290456431535269,0.11773316352684865,20240514100129318_sardine_bad_(0).png,yes,yes
16.0,3.0,17.0,15.0,2.0,0.007112375533428165,41.0,40.0,0.1875,1.0228329809725158,0.13367304642445213,20240514100137678_sardine_bad_(0).png,yes,yes
19.0,4.0,20.0,15.0,1.0,0.007075471698113208,49.0,57.0,0.21052631578947367,1.0265709156193896,0.19234197117027638,20240514100204719_sardine_bad_(0).png,yes,yes
15.0,3.0,16.0,15.0,2.0,0.0066518847006651885,39.0,34.0,0.2,1.0230704697986577,0.1301682846341151,20240514100216042_sardine_bad_(0).png,yes,yes
16.0,6.0,17.0,15.0,5.0,0.0070126227208976155,42.0,37.0,0.375,1.077971878994461,0.1274655814804135,20240514100223074_sardine_bad_(0).png,yes,yes
18.0,4.0,18.0,15.0,3.0,0.006717420510523959,46.0,44.0,0.2222222222222222,1.024799416484318,0.1661578813170148,20240514100233822_sardine_bad_(0).png,yes,yes
18.0,5.0,18.0,15.0,2.0,0.007602635580334516,44.0,44.0,0.2777777777777778,1.0412805391743891,0.128410313608014,20240514100243656_sardine_bad_(0).png,yes,yes
17.0,7.0,19.0,16.0,6.0,0.007587253414264037,45.0,44.0,0.4117647058823529,1.0906344410876132,0.1296299633687898,20240514100258091_sardine_bad_(0).png,yes,yes
16.0,3.0,16.0,15.0,2.0,0.006714413607878245,41.0,36.0,0.1875,1.0232368528332654,0.13558754111666452,20240514100310463_sardine_bad_(0).png,yes,yes
17.0,3.0,17.0,15.0,1.0,0.007129277566539924,42.0,39.0,0.17647058823529413,1.0232751454696591,0.1294258818723568,20240514100320007_sardine_bad_(0).png,yes,yes
15.0,3.0,15.0,15.0,2.0,0.0073964497041420114,37.0,35.0,0.2,1.0269475747182752,0.10717999754367978,20240514100335974_sardine_bad_(0).png,yes,yes
16.0,3.0,17.0,15.0,2.0,0.0066166740185266875,41.0,33.0,0.1875,1.0239779874213837,0.12764663497479603,20240516100959247_sardine_bad_(0).png,yes,yes
15.0,4.0,16.0,15.0,3.0,0.006188118811881188,39.0,32.0,0.26666666666666666,1.040125885129819,0.14102932499252424,20240516101010631_sardine_bad_(0).png,yes,yes
13.0,3.0,13.0,15.0,3.0,0.0063264445381695485,32.0,24.0,0.23076923076923078,1.0266978922716627,0.10131569989106753,20240516101021501_sardine_bad_(0).png,yes,yes
12.0,2.0,12.0,15.0,2.0,0.006590509666080844,30.0,22.0,0.16666666666666666,1.0238600212089077,0.0857702966807638,20240516101030217_sardine_bad_(0).png,yes,yes
13.0,3.0,14.0,15.0,2.0,0.006711409395973154,34.0,22.0,0.23076923076923078,1.0386686245717083,0.08463650131893716,20240516101040274_sardine_bad_(0).png,yes,yes
12.0,5.0,13.0,15.0,3.0,0.0070555032925682035,33.0,22.0,0.4166666666666667,1.0743169398907104,0.07397754002200009,20240516101049372_sardine_bad_(0).png,yes,yes
13.0,4.0,14.0,15.0,3.0,0.006778129236330773,35.0,24.0,0.3076923076923077,1.0460717749757518,0.08986135474069802,20240516101058460_sardine_bad_(0).png,yes,yes
11.0,3.0,12.0,15.0,2.0,0.006157635467980296,29.0,19.0,0.2727272727272727,1.0520020800832033,0.08400373187128882,20240516101107099_sardine_bad_(0).png,yes,yes
16.0,3.0,16.0,15.0,1.0,0.006607929515418502,41.0,31.0,0.1875,1.0223018717642374,0.12168580327010979,20240516101127921_sardine_bad_(0).png,yes,yes
11.0,2.0,11.0,15.0,2.0,0.005789270551910459,28.0,19.0,0.18181818181818182,1.0262891809908998,0.09828835196932803,20240516101142567_sardine_bad_(0).png,yes,yes
15.0,3.0,15.0,15.0,2.0,0.00675371454299865,36.0,32.0,0.2,1.0190941385435168,0.11851094263958306,20240516101149487_sardine_bad_(0).png,yes,yes
,,,,,,,,,,,20240516101157136_sardine_bad.jpeg,yes,no
12.0,4.0,13.0,15.0,3.0,0.006265664160401002,31.0,24.0,0.3333333333333333,1.0696864111498259,0.10546658069545901,20240516101217209_sardine_bad_(0).png,yes,yes
19.0,4.0,19.0,15.0,2.0,0.006521739130434782,49.0,49.0,0.21052631578947367,1.0215924426450742,0.19414966933124012,20240518093515045_sardine_bad_(0).png,yes,yes
15.0,2.0,16.0,15.0,2.0,0.005516734093416698,38.0,29.0,0.13333333333333333,1.0159833217512162,0.16331192062881797,20240518093529736_sardine_bad_(0).png,yes,yes
16.0,5.0,17.0,15.0,3.0,0.0059382422802850355,43.0,40.0,0.3125,1.0510311080041943,0.19083664068841044,20240518093540521_sardine_bad_(0).png,yes,yes
,,,,,,,,,,,20240518093550757_sardine_bad.jpeg,yes,no
16.0,3.0,16.0,15.0,2.0,0.005804953560371517,40.0,36.0,0.1875,1.0201769911504426,0.18235591145499594,20240518093559985_sardine_bad_(0).png,yes,yes
17.0,3.0,18.0,15.0,2.0,0.005973715651135006,41.0,33.0,0.17647058823529413,1.016739203213927,0.15884382075270195,20240518093610458_sardine_bad_(0).png,yes,yes
16.0,4.0,16.0,15.0,4.0,0.006640106241699867,39.0,33.0,0.25,1.041101520756268,0.12743871547802127,20240518093619685_sardine_bad_(0).png,yes,yes
18.0,7.0,20.0,15.0,5.0,0.0071633237822349575,47.0,49.0,0.3888888888888889,1.0802139037433156,0.16037251297577854,20240518093627835_sardine_bad_(0).png,yes,yes
16.0,3.0,17.0,15.0,2.0,0.005995203836930456,42.0,40.0,0.1875,1.0255671588044653,0.18680131706822162,20240518093639253_sardine_bad_(0).png,yes,yes
14.0,4.0,15.0,15.0,4.0,0.006237006237006237,38.0,30.0,0.2857142857142857,1.053781512605042,0.1299240710036738,20240518093649383_sardine_bad_(0).png,yes,yes
17.0,4.0,17.0,15.0,2.0,0.006114961271911945,43.0,39.0,0.23529411764705882,1.0273923870508717,0.1779893517183562,20240518093716889_sardine_bad_(0).png,yes,yes
16.0,4.0,16.0,15.0,1.0,0.006768953068592058,41.0,34.0,0.25,1.0316008316008316,0.12679893750800975,20240518093725675_sardine_bad_(0).png,yes,yes
16.0,5.0,16.0,15.0,2.0,0.0064571674558760225,40.0,35.0,0.3125,1.0491606714628297,0.14287690498312614,20240518093735829_sardine_bad_(0).png,yes,yes
19.0,4.0,19.0,15.0,3.0,0.0061525840853158325,49.0,46.0,0.21052631578947367,1.0314885496183206,0.20521295562070144,20240518093756384_sardine_bad_(0).png,yes,yes
15.0,2.0,15.0,15.0,3.0,0.0058162078324932144,38.0,31.0,0.13333333333333333,1.0176029962546818,0.15371666947007562,20240518093815273_sardine_bad_(0).png,yes,yes
,,,,,,,,,,,20240518093825363_sardine_bad.jpeg,yes,no
18.0,4.0,18.0,15.0,2.0,0.006435006435006435,45.0,43.0,0.2222222222222222,1.0261207200847158,0.17660717098658635,20240518093835167_sardine_bad_(0).png,yes,yes
17.0,3.0,18.0,15.0,1.0,0.0066254416961130744,44.0,42.0,0.17647058823529413,1.0235690235690236,0.16094863020099107,20240518093846671_sardine_bad_(0).png,yes,yes
20.0,4.0,20.0,15.0,2.0,0.006507592190889371,51.0,53.0,0.2,1.0222007722007722,0.21190300739031998,20240518093856845_sardine_bad_(0).png,yes,yes
16.0,4.0,17.0,15.0,2.0,0.0067842605156037995,41.0,35.0,0.25,1.038130381303813,0.12788225482186338,20240518093907035_sardine_bad_(0).png,yes,yes
16.0,3.0,16.0,15.0,1.0,0.006366723259762309,39.0,34.0,0.1875,1.0198098256735342,0.14241175602866418,20240518093917273_sardine_bad_(0).png,yes,yes
14.0,3.0,14.0,15.0,2.0,0.006501950585175552,35.0,29.0,0.21428571428571427,1.029505220154335,0.11492366384189842,20240518093934457_sardine_bad_(0).png,yes,yes
15.0,5.0,16.0,15.0,3.0,0.006890215893431328,38.0,30.0,0.3333333333333333,1.0522847100175747,0.10787559338822675,20240518093943004_sardine_bad_(0).png,yes,yes
18.0,4.0,18.0,15.0,2.0,0.006307821698906644,51.0,37.0,0.2222222222222222,1.023980815347722,0.15521849569075996,20240518094008780_sardine_bad_(0).png,yes,yes
15.0,3.0,16.0,15.0,2.0,0.006699419383653417,37.0,36.0,0.2,1.0263269639065817,0.13606286911551113,20240518094018089_sardine_bad_(0).png,yes,yes
16.0,4.0,17.0,15.0,3.0,0.00648228176318064,43.0,42.0,0.25,1.0303975058456742,0.1693543515581614,20240518094027695_sardine_bad_(0).png,yes,yes
14.0,4.0,15.0,15.0,3.0,0.006781193490054249,35.0,28.0,0.2857142857142857,1.0377094972067038,0.10332188941753172,20240518094038533_sardine_bad_(0).png,yes,yes
18.0,4.0,19.0,15.0,4.0,0.007042253521126761,44.0,46.0,0.2222222222222222,1.0348749052312358,0.1575136198951258,20240518094050828_sardine_bad_(0).png,yes,yes
15.0,4.0,16.0,15.0,3.0,0.006590509666080844,38.0,33.0,0.26666666666666666,1.0341382181515404,0.12954602797001152,20240518094103541_sardine_bad_(0).png,yes,yes
15.0,4.0,16.0,15.0,3.0,0.006391137622496805,41.0,36.0,0.26666666666666666,1.0331715210355987,0.1485843452304669,20240518094113408_sardine_bad_(0).png,yes,yes
20.0,5.0,20.0,15.0,3.0,0.006772009029345372,52.0,53.0,0.25,1.03248730964467,0.1964128380110214,20240518094126227_sardine_bad_(0).png,yes,yes
15.0,3.0,15.0,15.0,3.0,0.00633445945945946,39.0,32.0,0.2,1.024400162667751,0.13565095155709342,20240518094136922_sardine_bad_(0).png,yes,yes
17.0,4.0,17.0,15.0,3.0,0.006643046944198406,44.0,44.0,0.23529411764705882,1.0326671790930053,0.16957011392519972,20240518094144935_sardine_bad_(0).png,yes,yes
15.0,3.0,15.0,15.0,2.0,0.0066607460035523975,37.0,34.0,0.2,1.0247395833333333,0.12861906745268914,20240518094155168_sardine_bad_(0).png,yes,yes
19.0,6.0,20.0,15.0,4.0,0.007228915662650603,48.0,48.0,0.3157894736842105,1.0601559598960268,0.15386001043936093,20240518094205107_sardine_bad_(0).png,yes,yes
18.0,3.0,18.0,15.0,2.0,0.006454388984509466,45.0,43.0,0.16666666666666666,1.0189739985945185,0.17242266596180955,20240518094217644_sardine_bad_(0).png,yes,yes
16.0,5.0,17.0,15.0,2.0,0.006513243595310464,41.0,36.0,0.3125,1.0454007106198184,0.1440598434362852,20240518094305940_sardine_bad_(0).png,yes,yes
16.0,4.0,17.0,15.0,1.0,0.006242197253433208,40.0,37.0,0.25,1.0411786928598414,0.16100778546712802,20240518094313807_sardine_bad_(0).png,yes,yes
18.0,5.0,19.0,15.0,1.0,0.006675567423230975,46.0,42.0,0.2777777777777778,1.0420783022319795,0.15962510412661796,20240518094330098_sardine_bad_(0).png,yes,yes
14.0,3.0,15.0,15.0,1.0,0.0059928086296444265,37.0,29.0,0.21428571428571427,1.0299716484406642,0.13725807248280575,20240518094338977_sardine_bad_(0).png,yes,yes
17.0,5.0,18.0,15.0,1.0,0.006435006435006435,44.0,37.0,0.29411764705882354,1.05119825708061,0.1501797018507839,20240518094353927_sardine_bad_(0).png,yes,yes
18.0,5.0,19.0,15.0,2.0,0.006345177664974619,44.0,39.0,0.2777777777777778,1.0439177413733007,0.16490268833568286,20240518094415105_sardine_bad_(0).png,yes,yes
15.0,4.0,16.0,15.0,3.0,0.005875440658049354,39.0,33.0,0.26666666666666666,1.0352985354862936,0.16080879349288735,20240518094623056_sardine_bad_(0).png,yes,yes
0.0,0.0,1.0,15.0,3.0,0.005875440658049354,2.0,0.0,0.0,1.1005917159763314,0.0009544105632449058,20240518094623056_sardine_bad_(1).png,yes,yes
15.0,3.0,15.0,15.0,1.0,0.0055248618784530384,38.0,31.0,0.2,1.0238774055595152,0.1745767019362211,20240518094631822_sardine_bad_(0).png,yes,yes
17.0,4.0,18.0,15.0,1.0,0.005798221878623889,43.0,38.0,0.23529411764705882,1.0284297520661156,0.19194657370028623,20240518094641894_sardine_bad_(0).png,yes,yes
15.0,4.0,16.0,15.0,1.0,0.006564551422319475,38.0,29.0,0.26666666666666666,1.0366161616161615,0.11487969370754837,20240518094652599_sardine_bad_(0).png,yes,yes
15.0,3.0,16.0,15.0,1.0,0.006142506142506142,39.0,36.0,0.2,1.0245775729646698,0.15939974675872529,20240518094832975_sardine_bad_(0).png,yes,yes
15.0,3.0,16.0,15.0,2.0,0.005639097744360902,39.0,33.0,0.2,1.0258620689655173,0.17601945632555854,20240518094847964_sardine_bad_(0).png,yes,yes
14.0,3.0,14.0,15.0,3.0,0.007072135785007072,35.0,32.0,0.21428571428571427,1.0280420630946419,0.10932585690866761,20240518094855255_sardine_bad_(0).png,yes,yes
14.0,3.0,15.0,15.0,1.0,0.006216328222130129,36.0,28.0,0.21428571428571427,1.026615969581749,0.12422789445298817,20240518094932931_sardine_bad_(0).png,yes,yes
14.0,4.0,15.0,15.0,1.0,0.005607476635514018,37.0,32.0,0.2857142857142857,1.044251134644478,0.1705198521402025,20240518094951085_sardine_bad_(0).png,yes,yes
13.0,2.0,14.0,15.0,2.0,0.00684931506849315,33.0,27.0,0.15384615384615385,1.0211510083620265,0.09663016895211243,20240518095014267_sardine_bad_(0).png,yes,yes
14.0,5.0,15.0,15.0,1.0,0.0066607460035523975,38.0,32.0,0.35714285714285715,1.0618279569892473,0.12270612731748473,20240518095024816_sardine_bad_(0).png,yes,yes
14.0,3.0,14.0,15.0,2.0,0.0061074918566775245,35.0,27.0,0.21428571428571427,1.0228233305156382,0.12493642268999103,20240518095306765_sardine_bad_(0).png,yes,yes
15.0,4.0,15.0,15.0,2.0,0.00633445945945946,41.0,29.0,0.26666666666666666,1.0464527027027026,0.1217424554925456,20240521121009586_sardine_bad_(0).png,yes,yes
15.0,3.0,15.0,15.0,3.0,0.006530256856769699,37.0,32.0,0.2,1.0179465776293823,0.12666819519202016,20240521121019310_sardine_bad_(0).png,yes,yes
19.0,5.0,20.0,15.0,1.0,0.00800854244527496,49.0,49.0,0.2631578947368421,1.03612012987013,0.12836918025652527,20240521122408311_sardine_bad_(0).png,yes,yes
18.0,4.0,18.0,15.0,3.0,0.00825082508250825,44.0,47.0,0.2222222222222222,1.032036613272311,0.11553257093959589,20240521122417131_sardine_bad_(0).png,yes,yes
17.0,4.0,17.0,15.0,1.0,0.007173601147776184,43.0,38.0,0.23529411764705882,1.0341240116521015,0.12430023241595113,20240525101618309_sardine_bad_(0).png,yes,yes
13.0,2.0,14.0,15.0,2.0,0.006781193490054249,33.0,25.0,0.15384615384615385,1.0222441917943648,0.0935048685868683,20240525101627373_sardine_bad_(0).png,yes,yes
14.0,2.0,15.0,15.0,2.0,0.007288629737609329,36.0,30.0,0.14285714285714285,1.0181194906953968,0.0953298377493699,20240525101636157_sardine_bad_(0).png,yes,yes
15.0,5.0,16.0,15.0,2.0,0.00715648854961832,38.0,26.0,0.3333333333333333,1.052681091251176,0.08729156320752703,20240525101644760_sardine_bad_(0).png,yes,yes
13.0,3.0,14.0,15.0,3.0,0.0070028011204481795,36.0,26.0,0.23076923076923078,1.0310432569974555,0.09170017407834594,20240525101651744_sardine_bad_(0).png,yes,yes
16.0,4.0,16.0,15.0,3.0,0.006909258406264394,39.0,38.0,0.25,1.0328151986183074,0.13357484367657738,20240525101658696_sardine_bad_(0).png,yes,yes
15.0,5.0,16.0,15.0,3.0,0.007392804337111878,39.0,38.0,0.3333333333333333,1.0652888680131518,0.11795501663355974,20240525101708695_sardine_bad_(0).png,yes,yes
15.0,3.0,16.0,15.0,2.0,0.007177033492822967,38.0,34.0,0.2,1.031651376146789,0.11315543033662266,20240525101716634_sardine_bad_(0).png,yes,yes
17.0,4.0,17.0,15.0,3.0,0.007583417593528817,41.0,43.0,0.23529411764705882,1.0342222222222222,0.12600263587188687,20240525101724461_sardine_bad_(0).png,yes,yes
14.0,3.0,14.0,15.0,2.0,0.008038585209003215,35.0,31.0,0.21428571428571427,1.025527192008879,0.08153915160835576,20240525101733172_sardine_bad_(0).png,yes,yes
17.0,4.0,18.0,15.0,3.0,0.0071090047393364926,42.0,43.0,0.23529411764705882,1.0325732899022801,0.14321965510060233,20240525101741882_sardine_bad_(0).png,yes,yes
17.0,3.0,18.0,15.0,3.0,0.007035647279549718,45.0,41.0,0.17647058823529413,1.0215432824128476,0.1402451214009569,20240525101751565_sardine_bad_(0).png,yes,yes
14.0,3.0,14.0,15.0,1.0,0.007320644216691069,34.0,25.0,0.21428571428571427,1.0292607802874743,0.07958043647742322,20240525101817992_sardine_bad_(0).png,yes,yes
14.0,3.0,15.0,15.0,1.0,0.007302823758519961,38.0,31.0,0.21428571428571427,1.0298288508557458,0.09836869967213464,20240525101825677_sardine_bad_(0).png,yes,yes
16.0,3.0,17.0,15.0,2.0,0.0070921985815602835,40.0,32.0,0.1875,1.0242656449553,0.10730439881562646,20240525101836179_sardine_bad_(0).png,yes,yes
14.0,2.0,14.0,15.0,1.0,0.006861848124428179,34.0,27.0,0.14285714285714285,1.0199809705042817,0.09789428945597847,20240525101843766_sardine_bad_(0).png,yes,yes
15.0,3.0,15.0,15.0,2.0,0.006634232640424591,37.0,36.0,0.2,1.0282776349614395,0.1397319974422231,20240525101853132_sardine_bad_(0).png,yes,yes
15.0,3.0,16.0,15.0,2.0,0.007015902712815715,38.0,36.0,0.2,1.0214190093708166,0.12293423803344868,20240525101909030_sardine_bad_(0).png,yes,yes
15.0,3.0,15.0,15.0,1.0,0.007072135785007072,36.0,32.0,0.2,1.0205799812909262,0.106906164562775,20240525101917424_sardine_bad_(0).png,yes,yes
14.0,3.0,15.0,15.0,1.0,0.006429489927132447,35.0,29.0,0.21428571428571427,1.0249780893952674,0.11885703014866077,20240525101926680_sardine_bad_(0).png,yes,yes
14.0,2.0,14.0,15.0,2.0,0.006648936170212766,35.0,28.0,0.14285714285714285,1.0211665098777045,0.10835767960506643,20240525101934635_sardine_bad_(0).png,yes,yes
,,,,,,,,,,,20240525101942640_sardine_bad.jpeg,yes,no
13.0,3.0,14.0,15.0,2.0,0.006705409029950827,33.0,29.0,0.23076923076923078,1.0305825242718447,0.10984365321564356,20240525101951007_sardine_bad_(0).png,yes,yes
15.0,3.0,15.0,15.0,2.0,0.006208609271523178,38.0,31.0,0.2,1.0253371475275848,0.13508943542013754,20240525102105123_sardine_bad_(0).png,yes,yes
15.0,3.0,15.0,15.0,2.0,0.006448839208942391,36.0,28.0,0.2,1.0269691780821917,0.11428029817591524,20240525102119395_sardine_bad_(0).png,yes,yes
14.0,3.0,15.0,15.0,2.0,0.006666666666666667,36.0,34.0,0.21428571428571427,1.0229007633587786,0.12867905706672647,20240525102206516_sardine_bad_(0).png,yes,yes
17.0,4.0,17.0,15.0,2.0,0.006970260223048327,42.0,45.0,0.23529411764705882,1.0297069450020073,0.15496585514652483,20240525102214784_sardine_bad_(0).png,yes,yes
15.0,4.0,16.0,15.0,2.0,0.006142506142506142,40.0,33.0,0.26666666666666666,1.036476523088863,0.15034423525673887,20240525102223746_sardine_bad_(0).png,yes,yes
15.0,3.0,15.0,15.0,1.0,0.006702412868632708,38.0,30.0,0.2,1.0234720992028343,0.11221720612264513,20240525102232798_sardine_bad_(0).png,yes,yes
15.0,2.0,15.0,15.0,1.0,0.00663716814159292,37.0,29.0,0.13333333333333333,1.016839378238342,0.11098220436050237,20240525102241049_sardine_bad_(0).png,yes,yes
14.0,3.0,14.0,15.0,2.0,0.006418485237483954,35.0,28.0,0.21428571428571427,1.0288248337028825,0.11699051046072023,20240525102300100_sardine_bad_(0).png,yes,yes
17.0,3.0,17.0,15.0,1.0,0.006278777731268313,42.0,38.0,0.17647058823529413,1.0199419869470632,0.16479647584796445,20240525102309076_sardine_bad_(0).png,yes,yes
15.0,2.0,15.0,15.0,2.0,0.0065416484954208464,37.0,28.0,0.13333333333333333,1.0164288802421098,0.11236121457025076,20240525102322139_sardine_bad_(0).png,yes,yes
,,,,,,,,,,,20240525102333411_sardine_bad.jpeg,yes,no
14.0,3.0,14.0,15.0,1.0,0.006989748369058714,34.0,25.0,0.21428571428571427,1.036889332003988,0.08556337840146952,20240525102344538_sardine_bad_(0).png,yes,yes
15.0,3.0,15.0,15.0,2.0,0.006669630947087594,39.0,33.0,0.2,1.0265410958904109,0.12588207260028195,20240525102352934_sardine_bad_(0).png,yes,yes
16.0,3.0,16.0,15.0,3.0,0.0075,40.0,35.0,0.1875,1.0279431974347228,0.10424567941283266,20240525102400676_sardine_bad_(0).png,yes,yes
16.0,4.0,16.0,15.0,1.0,0.006599208095028597,40.0,31.0,0.25,1.0312243221035333,0.12016144965611517,20240525102417934_sardine_bad_(0).png,yes,yes
17.0,4.0,18.0,15.0,3.0,0.0071056371387967785,42.0,43.0,0.23529411764705882,1.0396080032666395,0.14463187235678585,20240525102526778_sardine_bad_(0).png,yes,yes
16.0,4.0,17.0,15.0,2.0,0.007187350263536177,41.0,38.0,0.25,1.0357294768183751,0.12533449007326242,20240525102636362_sardine_bad_(0).png,yes,yes
15.0,5.0,16.0,15.0,2.0,0.0072254335260115606,40.0,30.0,0.3333333333333333,1.0503231763619576,0.09836452793263274,20240525102645091_sardine_bad_(0).png,yes,yes
16.0,3.0,17.0,15.0,2.0,0.006699419383653417,42.0,39.0,0.1875,1.020230067433558,0.14500349091161518,20240525102657386_sardine_bad_(0).png,yes,yes
15.0,3.0,16.0,15.0,2.0,0.006112469437652812,39.0,34.0,0.2,1.0199081163859112,0.1519658738359178,20240525102705585_sardine_bad_(0).png,yes,yes
14.0,4.0,15.0,15.0,3.0,0.006382978723404255,36.0,30.0,0.2857142857142857,1.0420824295010847,0.12444966412490922,20240525102713747_sardine_bad_(0).png,yes,yes
17.0,3.0,17.0,15.0,1.0,0.006105006105006105,43.0,40.0,0.17647058823529413,1.0249910746162085,0.1795209641590841,20240525102725854_sardine_bad_(0).png,yes,yes
15.0,4.0,15.0,15.0,1.0,0.006263048016701462,37.0,30.0,0.26666666666666666,1.04238683127572,0.12837885869216967,20240525102737521_sardine_bad_(0).png,yes,yes
15.0,3.0,15.0,15.0,2.0,0.0069864927806241265,38.0,28.0,0.2,1.0293712712253327,0.09817463035050622,20240525102748807_sardine_bad_(0).png,yes,yes
17.0,4.0,18.0,15.0,2.0,0.0067506750675067504,43.0,37.0,0.23529411764705882,1.0341217526172934,0.1358997541009868,20240525102756785_sardine_bad_(0).png,yes,yes
15.0,3.0,15.0,15.0,2.0,0.005764796310530361,38.0,32.0,0.2,1.026535253980288,0.16363823409265668,20240525102809988_sardine_bad_(0).png,yes,yes
,,,,,,,,,,,20240525102820857_sardine_bad.jpeg,yes,no
17.0,4.0,18.0,15.0,2.0,0.006732495511669659,42.0,36.0,0.23529411764705882,1.0346020761245676,0.13376807865030543,20240525102829636_sardine_bad_(0).png,yes,yes
18.0,5.0,19.0,15.0,2.0,0.006732495511669659,47.0,47.0,0.2777777777777778,1.0411807580174928,0.17444954731620316,20240525102837905_sardine_bad_(0).png,yes,yes
15.0,3.0,15.0,15.0,1.0,0.006276150627615063,37.0,32.0,0.2,1.0270824784571193,0.1359941188485198,20240525102846586_sardine_bad_(0).png,yes,yes
19.0,4.0,20.0,15.0,2.0,0.007088846880907372,48.0,49.0,0.21052631578947367,1.0298181818181817,0.1640236193878423,20240525102859293_sardine_bad_(0).png,yes,yes
15.0,4.0,15.0,15.0,1.0,0.007075471698113208,37.0,28.0,0.26666666666666666,1.0470588235294118,0.09492150788692383,20240525102931440_sardine_bad_(0).png,yes,yes
18.0,3.0,18.0,15.0,1.0,0.006567425569176883,46.0,46.0,0.16666666666666666,1.0225563909774436,0.1815512663398693,20240525102955871_sardine_bad_(0).png,yes,yes
16.0,3.0,17.0,15.0,3.0,0.006535947712418301,41.0,36.0,0.1875,1.021161985378992,0.1441248391377248,20240525103008295_sardine_bad_(0).png,yes,yes
16.0,4.0,17.0,15.0,2.0,0.0062682824905975765,42.0,37.0,0.25,1.0349942944085204,0.15867620025951557,20240525103015807_sardine_bad_(0).png,yes,yes
17.0,3.0,17.0,15.0,2.0,0.006490696668109044,43.0,40.0,0.17647058823529413,1.0183314627759072,0.15872259000277672,20240525103024674_sardine_bad_(0).png,yes,yes
17.0,6.0,18.0,15.0,2.0,0.006584723441615452,43.0,42.0,0.35294117647058826,1.05709992486852,0.16487749102909138,20240525103034107_sardine_bad_(0).png,yes,yes
15.0,3.0,15.0,15.0,2.0,0.006527415143603133,39.0,32.0,0.2,1.0322443784471786,0.12537654120744157,20240525103059972_sardine_bad_(0).png,yes,yes
15.0,3.0,16.0,15.0,3.0,0.00732421875,41.0,38.0,0.2,1.0280459770114942,0.118289172967662,20240525103108237_sardine_bad_(0).png,yes,yes
14.0,4.0,15.0,15.0,3.0,0.007260406582768635,37.0,32.0,0.2857142857142857,1.0378006872852235,0.1035494160899654,20240525103116442_sardine_bad_(0).png,yes,yes
14.0,4.0,15.0,15.0,4.0,0.007088846880907372,36.0,32.0,0.2857142857142857,1.0371980676328503,0.10919344589687727,20240525103137847_sardine_bad_(0).png,yes,yes
15.0,3.0,16.0,15.0,2.0,0.0062447960033305576,40.0,34.0,0.2,1.027602523659306,0.14739957121192704,20240525103156975_sardine_bad_(0).png,yes,yes
14.0,3.0,15.0,15.0,4.0,0.006796556411418215,36.0,30.0,0.21428571428571427,1.0233730522456461,0.11104661601841172,20240525103212126_sardine_bad_(0).png,yes,yes
14.0,3.0,14.0,15.0,4.0,0.006077795786061589,34.0,25.0,0.21428571428571427,1.034364261168385,0.11619813025972917,20240525103220709_sardine_bad_(0).png,yes,yes
14.0,9.0,17.0,16.0,7.0,0.007204610951008645,40.0,34.0,0.6428571428571429,1.1857976653696498,0.10984206795463283,20240525103228804_sardine_bad_(0).png,yes,yes
15.0,3.0,16.0,15.0,4.0,0.006708407871198569,38.0,36.0,0.2,1.0210172341319883,0.1368229600527575,20240525103239391_sardine_bad_(0).png,yes,yes
13.0,3.0,14.0,15.0,3.0,0.006355932203389831,34.0,27.0,0.23076923076923078,1.0373271889400921,0.11550111602375154,20240525103420842_sardine_bad_(0).png,yes,yes
13.0,2.0,13.0,15.0,1.0,0.006273525721455458,33.0,27.0,0.15384615384615385,1.0235239852398523,0.11558104655260797,20240525103428699_sardine_bad_(0).png,yes,yes
18.0,4.0,18.0,15.0,2.0,0.007062146892655367,44.0,47.0,0.2222222222222222,1.0288611544461779,0.15978897005425263,20240525103437306_sardine_bad_(0).png,yes,yes
14.0,3.0,14.0,15.0,2.0,0.00629458665547629,37.0,28.0,0.21428571428571427,1.024890829694323,0.12020675474710582,20240525103447120_sardine_bad_(0).png,yes,yes
13.0,3.0,14.0,15.0,3.0,0.006979990693345742,33.0,27.0,0.23076923076923078,1.0300601202404809,0.09374182339057627,20240525103455090_sardine_bad_(0).png,yes,yes
15.0,3.0,16.0,15.0,2.0,0.007045561296383279,38.0,34.0,0.2,1.0310251798561152,0.11615924964757145,20240525103515965_sardine_bad_(0).png,yes,yes
15.0,3.0,15.0,15.0,3.0,0.007246376811594203,38.0,35.0,0.2,1.0231568998109641,0.11127063842966381,20240525103532620_sardine_bad_(0).png,yes,yes
15.0,3.0,15.0,15.0,1.0,0.007146260123868509,38.0,29.0,0.2,1.0305555555555554,0.09544756423811354,20240525103544559_sardine_bad_(0).png,yes,yes
16.0,3.0,17.0,15.0,1.0,0.007462686567164179,41.0,38.0,0.1875,1.0272564789991063,0.11412903090157632,20240525103553975_sardine_bad_(0).png,yes,yes
15.0,3.0,16.0,15.0,1.0,0.007136060894386299,40.0,34.0,0.2,1.023391812865497,0.11178092560553633,20240525103606214_sardine_bad_(0).png,yes,yes
12.0,3.0,12.0,15.0,1.0,0.007125890736342043,31.0,18.0,0.25,1.0294284097340125,0.06169009849310094,20240525103614445_sardine_bad_(0).png,yes,yes
17.0,6.0,18.0,15.0,3.0,0.0070191857744501636,45.0,41.0,0.35294117647058826,1.0638129211256442,0.1414571785958392,20240525103622957_sardine_bad_(0).png,yes,yes
16.0,3.0,16.0,15.0,2.0,0.00706880301602262,42.0,36.0,0.1875,1.0239214011106366,0.12050278138216071,20240525103631218_sardine_bad_(0).png,yes,yes
16.0,3.0,16.0,15.0,2.0,0.006938020351526364,39.0,32.0,0.1875,1.0188275566966196,0.11324553990986373,20240525103640858_sardine_bad_(0).png,yes,yes
16.0,3.0,17.0,15.0,1.0,0.006631299734748011,42.0,38.0,0.1875,1.0226640159045726,0.145556079526037,20240525103650726_sardine_bad_(0).png,yes,yes
15.0,3.0,15.0,15.0,2.0,0.006305170239596469,37.0,30.0,0.2,1.022708505367465,0.1286102233649451,20240525103659152_sardine_bad_(0).png,yes,yes
14.0,3.0,14.0,15.0,1.0,0.006260434056761269,36.0,28.0,0.21428571428571427,1.023508924684371,0.12276411449656115,20240525103707006_sardine_bad_(0).png,yes,yes
15.0,3.0,16.0,15.0,1.0,0.0063371356147021544,38.0,34.0,0.2,1.0247900839664135,0.14413493474731942,20240525103716353_sardine_bad_(0).png,yes,yes
18.0,4.0,18.0,15.0,1.0,0.006999533364442371,45.0,40.0,0.2222222222222222,1.0310225967062427,0.13943063098060576,20240525103738055_sardine_bad_(0).png,yes,yes
18.0,4.0,19.0,15.0,2.0,0.0072992700729927005,47.0,45.0,0.2222222222222222,1.0250096190842632,0.14169455057349736,20240525103838727_sardine_bad_(0).png,yes,yes
17.0,3.0,17.0,15.0,1.0,0.00625,43.0,40.0,0.17647058823529413,1.0238970588235294,0.17509374733008673,20240525103941900_sardine_bad_(0).png,yes,yes
14.0,3.0,15.0,15.0,2.0,0.0067506750675067504,36.0,29.0,0.21428571428571427,1.0316312697695436,0.10877660568584732,20240525104028438_sardine_bad_(0).png,yes,yes
14.0,3.0,15.0,15.0,2.0,0.0068775790921595595,36.0,28.0,0.21428571428571427,1.031929662193429,0.09951217346960571,20240525104038819_sardine_bad_(0).png,yes,yes
18.0,3.0,18.0,15.0,2.0,0.006938020351526364,44.0,46.0,0.16666666666666666,1.0206343141001146,0.1608461722788244,20240525104053090_sardine_bad_(0).png,yes,yes
14.0,3.0,15.0,15.0,1.0,0.007042253521126761,38.0,29.0,0.21428571428571427,1.0228136882129277,0.09902224438250246,20240525104103893_sardine_bad_(0).png,yes,yes
17.0,4.0,18.0,15.0,2.0,0.006634232640424591,44.0,48.0,0.23529411764705882,1.031657355679702,0.18203335255670897,20240528095740960_sardine_bad_(0).png,yes,yes
17.0,3.0,18.0,15.0,2.0,0.006339814032121725,44.0,37.0,0.17647058823529413,1.0163004961020552,0.15539204005403903,20240528095846284_sardine_bad_(0).png,yes,yes
14.0,3.0,15.0,15.0,2.0,0.0059928086296444265,37.0,30.0,0.21428571428571427,1.0246066962484872,0.14073788727092143,20240528095856515_sardine_bad_(0).png,yes,yes
14.0,3.0,15.0,15.0,2.0,0.0059928086296444265,37.0,30.0,0.21428571428571427,1.0246066962484872,0.14073788727092143,20240528095856859_sardine_bad_(0).png,yes,yes
17.0,4.0,18.0,15.0,2.0,0.005857087075361187,44.0,41.0,0.23529411764705882,1.0275107722903547,0.19995723132662652,20240528095912840_sardine_bad_(0).png,yes,yes
18.0,3.0,19.0,15.0,2.0,0.006504770164787511,47.0,48.0,0.16666666666666666,1.0196619523973784,0.19129327929428852,20240528095925244_sardine_bad_(0).png,yes,yes
16.0,3.0,16.0,15.0,2.0,0.006437768240343348,38.0,30.0,0.1875,1.0204326923076923,0.12248502512388397,20240528095935470_sardine_bad_(0).png,yes,yes
16.0,3.0,16.0,15.0,3.0,0.0061074918566775245,39.0,31.0,0.1875,1.01875,0.14135113297770088,20240528100001044_sardine_bad_(0).png,yes,yes
15.0,4.0,16.0,15.0,2.0,0.0060508269463493344,39.0,32.0,0.26666666666666666,1.0456621004566211,0.14872184576444958,20240528100010667_sardine_bad_(0).png,yes,yes
,,,,,,,,,,,20240528100020736_sardine_bad.jpeg,yes,no
15.0,4.0,16.0,15.0,1.0,0.006561679790026247,40.0,34.0,0.26666666666666666,1.0312243221035333,0.13274224790678799,20240528100030064_sardine_bad_(0).png,yes,yes
,,,,,,,,,,,20240528100109457_sardine_bad.jpeg,yes,no
14.0,2.0,14.0,15.0,1.0,0.005905511811023622,33.0,26.0,0.14285714285714285,1.021630615640599,0.12853788540198213,20240528100128962_sardine_bad_(0).png,yes,yes
15.0,3.0,15.0,15.0,2.0,0.005983246908655764,37.0,31.0,0.2,1.032130107100357,0.14690229986330045,20240528100150209_sardine_bad_(0).png,yes,yes
15.0,3.0,16.0,15.0,2.0,0.006180469715698393,40.0,34.0,0.2,1.0237816764132555,0.15271870594643086,20240528100203175_sardine_bad_(0).png,yes,yes
16.0,3.0,16.0,15.0,1.0,0.005971337579617835,40.0,36.0,0.1875,1.0235640648011781,0.1701108547994361,20240528100239084_sardine_bad_(0).png,yes,yes
17.0,4.0,18.0,15.0,3.0,0.0064516129032258064,43.0,40.0,0.23529411764705882,1.0247400501972033,0.16391540446516298,20240528100316542_sardine_bad_(0).png,yes,yes
,,,,,,,,,,,20240528100331670_sardine_bad.jpeg,yes,no
15.0,5.0,15.0,15.0,1.0,0.006237006237006237,37.0,31.0,0.3333333333333333,1.060430463576159,0.13613846103528557,20240528100347912_sardine_bad_(0).png,yes,yes
15.0,3.0,16.0,15.0,2.0,0.006257822277847309,39.0,32.0,0.2,1.0247738891073535,0.13839395371438334,20240528100404209_sardine_bad_(0).png,yes,yes
15.0,3.0,15.0,15.0,2.0,0.006080259424402107,37.0,28.0,0.2,1.020875150541951,0.1280813302308941,20240528100419907_sardine_bad_(0).png,yes,yes
15.0,3.0,15.0,15.0,2.0,0.006080259424402107,37.0,28.0,0.2,1.020875150541951,0.1280813302308941,20240528100420541_sardine_bad_(0).png,yes,yes
16.0,5.0,16.0,15.0,2.0,0.006530256856769699,36.0,29.0,0.3125,1.055217214778725,0.11622182574009997,20240528100430072_sardine_bad_(0).png,yes,yes
15.0,5.0,16.0,15.0,2.0,0.006175380815150268,38.0,30.0,0.3333333333333333,1.0511498810467883,0.13417198646887948,20240528100450158_sardine_bad_(0).png,yes,yes
,,,,,,,,,,,20240528100539355_sardine_bad.jpeg,yes,no
17.0,4.0,18.0,15.0,3.0,0.0067842605156037995,44.0,44.0,0.23529411764705882,1.035935085007728,0.16064576191315305,20240528100557796_sardine_bad_(0).png,yes,yes
,,,,,,,,,,,20240528100606782_sardine_bad.jpeg,yes,no
20.0,4.0,20.0,15.0,2.0,0.0069864927806241265,50.0,51.0,0.2,1.0226027397260273,0.17653491645841343,20240604103618032_sardine_bad_(0).png,yes,yes
16.0,7.0,18.0,15.0,2.0,0.007841087297438577,44.0,41.0,0.4375,1.099009900990099,0.1139850224539707,20240604103634895_sardine_bad_(0).png,yes,yes
17.0,3.0,18.0,15.0,2.0,0.006487889273356401,44.0,43.0,0.17647058823529413,1.0209084354722422,0.17302331301529325,20240604103643682_sardine_bad_(0).png,yes,yes
16.0,3.0,16.0,15.0,3.0,0.00706547338671691,41.0,38.0,0.1875,1.024526678141136,0.12939242452155153,20240604103651581_sardine_bad_(0).png,yes,yes
16.0,4.0,16.0,15.0,3.0,0.007526342197691922,41.0,35.0,0.25,1.0374479889042996,0.1057581852866419,20240604103710820_sardine_bad_(0).png,yes,yes
15.0,3.0,16.0,15.0,2.0,0.007249879168680522,39.0,36.0,0.2,1.0233302836230558,0.11444558249498056,20240604103721620_sardine_bad_(0).png,yes,yes
14.0,3.0,14.0,15.0,2.0,0.00727802037845706,34.0,30.0,0.21428571428571427,1.0342185903983656,0.09612004864581998,20240604103730647_sardine_bad_(0).png,yes,yes
15.0,5.0,17.0,15.0,3.0,0.006412997007268063,40.0,31.0,0.3333333333333333,1.0670413488558812,0.12830093059827416,20240604103834292_sardine_bad_(0).png,yes,yes
16.0,4.0,16.0,15.0,2.0,0.005609573672400898,40.0,35.0,0.25,1.0381786339754817,0.1874951607821778,20240604103913300_sardine_bad_(0).png,yes,yes
15.0,3.0,15.0,15.0,2.0,0.00651890482398957,37.0,34.0,0.2,1.026215644820296,0.13485348183391002,20240604103929557_sardine_bad_(0).png,yes,yes
16.0,3.0,16.0,15.0,2.0,0.006925207756232687,41.0,33.0,0.1875,1.0233362143474503,0.11760041877589816,20240604103942743_sardine_bad_(0).png,yes,yes
17.0,3.0,17.0,15.0,3.0,0.006855575868372943,42.0,37.0,0.17647058823529413,1.0204901566894335,0.13181303465013455,20240604103955810_sardine_bad_(0).png,yes,yes
15.0,3.0,16.0,15.0,2.0,0.006374840628984276,38.0,35.0,0.2,1.024330900243309,0.14744604438997821,20240604104003782_sardine_bad_(0).png,yes,yes
15.0,3.0,15.0,15.0,1.0,0.006714413607878245,38.0,32.0,0.2,1.0247395833333333,0.12116658857170319,20240604104012694_sardine_bad_(0).png,yes,yes
16.0,3.0,16.0,15.0,2.0,0.006590509666080844,40.0,32.0,0.1875,1.026602176541717,0.1255488340488701,20240604104035518_sardine_bad_(0).png,yes,yes
15.0,3.0,15.0,15.0,3.0,0.006045949214026602,38.0,31.0,0.2,1.0248198558847077,0.14213758930859927,20240604104042667_sardine_bad_(0).png,yes,yes
18.0,4.0,19.0,15.0,3.0,0.006699419383653417,45.0,49.0,0.2222222222222222,1.0266051791415396,0.18220531165897733,20240604104050578_sardine_bad_(0).png,yes,yes
17.0,4.0,18.0,15.0,2.0,0.007425742574257425,46.0,43.0,0.23529411764705882,1.0318658280922433,0.1306159957174591,20240604104100460_sardine_bad_(0).png,yes,yes
19.0,4.0,19.0,15.0,1.0,0.0074887668497254116,47.0,46.0,0.21052631578947367,1.0301016419077405,0.13753557659447221,20240604104107414_sardine_bad_(0).png,yes,yes
15.0,3.0,16.0,15.0,2.0,0.006364022061943148,39.0,32.0,0.2,1.0264657980456027,0.1320294644954932,20240604104116244_sardine_bad_(0).png,yes,yes
16.0,3.0,16.0,15.0,1.0,0.007389162561576354,40.0,34.0,0.1875,1.0206927575348628,0.1051650473642616,20240604104125596_sardine_bad_(0).png,yes,yes
15.0,3.0,15.0,15.0,2.0,0.006355932203389831,39.0,31.0,0.2,1.0211468076453842,0.13195195357554787,20240604104141480_sardine_bad_(0).png,yes,yes
15.0,3.0,15.0,15.0,2.0,0.006808896958692692,38.0,30.0,0.2,1.0280748663101604,0.10871469707163911,20240604104149420_sardine_bad_(0).png,yes,yes
16.0,3.0,17.0,15.0,2.0,0.006781193490054249,42.0,37.0,0.1875,1.026530612244898,0.13461360681255072,20240604104158312_sardine_bad_(0).png,yes,yes
17.0,3.0,17.0,15.0,2.0,0.006741573033707865,43.0,39.0,0.17647058823529413,1.023659305993691,0.14411783061536163,20240604104207551_sardine_bad_(0).png,yes,yes
16.0,4.0,17.0,15.0,2.0,0.007425742574257425,42.0,33.0,0.25,1.0295302013422818,0.10287159185569653,20240604104215987_sardine_bad_(0).png,yes,yes
17.0,5.0,17.0,15.0,1.0,0.007125890736342043,43.0,39.0,0.29411764705882354,1.0423236514522822,0.12962312171600665,20240604104224376_sardine_bad_(0).png,yes,yes
19.0,5.0,19.0,15.0,2.0,0.0075910931174089065,47.0,45.0,0.2631578947368421,1.0338915470494419,0.13194970083621685,20240604104239357_sardine_bad_(0).png,yes,yes
,,,,,,,,,,,20240604104249074_sardine_bad.jpeg,yes,no
14.0,3.0,14.0,15.0,2.0,0.007349338559529643,36.0,31.0,0.21428571428571427,1.0265170831208568,0.09691943736917424,20240604104256987_sardine_bad_(0).png,yes,yes
14.0,5.0,15.0,15.0,1.0,0.007129277566539924,37.0,28.0,0.35714285714285715,1.056867469879518,0.09359614624716989,20240604104305775_sardine_bad_(0).png,yes,yes
,,,,,,,,,,,20240604104321127_sardine_bad.jpeg,yes,no
17.0,4.0,18.0,15.0,3.0,0.0071056371387967785,44.0,40.0,0.23529411764705882,1.0396728016359917,0.13331619582745952,20240604104330504_sardine_bad_(0).png,yes,yes
17.0,4.0,17.0,15.0,3.0,0.006206040546131568,43.0,45.0,0.23529411764705882,1.0300398117987695,0.1989892208926054,20240604104352675_sardine_bad_(0).png,yes,yes
15.0,4.0,16.0,15.0,3.0,0.006440532417346501,39.0,32.0,0.26666666666666666,1.0456810631229236,0.1298593256066043,20240604104402557_sardine_bad_(0).png,yes,yes
19.0,5.0,20.0,15.0,3.0,0.006781193490054249,54.0,45.0,0.2631578947368421,1.0332990044627532,0.16637539581464394,20240604104413050_sardine_bad_(0).png,yes,yes
14.0,7.0,16.0,16.0,6.0,0.007082152974504249,37.0,31.0,0.5,1.1351217088922008,0.10639671173480285,20240604104422097_sardine_bad_(0).png,yes,yes
16.0,5.0,17.0,15.0,4.0,0.00663716814159292,41.0,35.0,0.3125,1.0599838969404187,0.13611927103357682,20240604104431170_sardine_bad_(0).png,yes,yes
15.0,5.0,16.0,15.0,3.0,0.006818181818181818,38.0,31.0,0.3333333333333333,1.0583482944344704,0.11172060225233885,20240604104440395_sardine_bad_(0).png,yes,yes
16.0,7.0,17.0,16.0,6.0,0.006941230911614993,41.0,35.0,0.4375,1.105421686746988,0.12167353835597419,20240604104449680_sardine_bad_(0).png,yes,yes
14.0,4.0,15.0,15.0,4.0,0.006768953068592058,36.0,32.0,0.2857142857142857,1.0461108523521192,0.11685542953564869,20240604104457078_sardine_bad_(0).png,yes,yes
16.0,4.0,16.0,15.0,5.0,0.007058823529411765,40.0,41.0,0.25,1.0431338028169015,0.14009510564846853,20240604104504901_sardine_bad_(0).png,yes,yes
15.0,3.0,15.0,15.0,2.0,0.007122507122507123,37.0,34.0,0.2,1.030942334739803,0.11217490468409586,20240604104513786_sardine_bad_(0).png,yes,yes
16.0,5.0,17.0,15.0,4.0,0.006693440428380187,40.0,35.0,0.3125,1.0506950122649223,0.13095882926972532,20240604104524044_sardine_bad_(0).png,yes,yes
15.0,4.0,15.0,15.0,4.0,0.007656967840735069,38.0,29.0,0.26666666666666666,1.051750380517504,0.08418061362616942,20240604104546438_sardine_bad_(0).png,yes,yes
17.0,4.0,18.0,15.0,3.0,0.007720020586721565,42.0,43.0,0.23529411764705882,1.0327288810260946,0.12249462012473834,20240604104604177_sardine_bad_(0).png,yes,yes
15.0,3.0,16.0,15.0,1.0,0.007444168734491315,40.0,33.0,0.2,1.025094696969697,0.1022122901448161,20240604104611894_sardine_bad_(0).png,yes,yes
16.0,4.0,17.0,15.0,1.0,0.007583417593528817,42.0,35.0,0.25,1.0345926263086027,0.10224724932184202,20240604104621097_sardine_bad_(0).png,yes,yes
16.0,4.0,17.0,15.0,3.0,0.007982969664715274,41.0,36.0,0.25,1.0363548230731945,0.09508937868448032,20240604104629664_sardine_bad_(0).png,yes,yes
17.0,5.0,18.0,15.0,2.0,0.0076297049847405905,44.0,39.0,0.29411764705882354,1.0559895833333333,0.11306715632876244,20240604104638162_sardine_bad_(0).png,yes,yes
17.0,5.0,18.0,15.0,3.0,0.007865757734661772,45.0,44.0,0.29411764705882354,1.0415194346289753,0.12062109191443462,20240604104648856_sardine_bad_(0).png,yes,yes
15.0,3.0,15.0,15.0,3.0,0.007861635220125786,39.0,33.0,0.2,1.0263157894736843,0.08998350327331368,20240604104656845_sardine_bad_(0).png,yes,yes
14.0,4.0,15.0,15.0,3.0,0.006775067750677507,35.0,32.0,0.2857142857142857,1.039008719596145,0.1165245271583579,20240604104709733_sardine_bad_(0).png,yes,yes
15.0,4.0,16.0,15.0,4.0,0.007208073041806823,40.0,36.0,0.26666666666666666,1.043282236248873,0.11603201159276347,20240604104720294_sardine_bad_(0).png,yes,yes
16.0,4.0,16.0,15.0,4.0,0.007664793050587634,40.0,36.0,0.25,1.0340425531914894,0.10320658253769918,20240604104727474_sardine_bad_(0).png,yes,yes
17.0,3.0,18.0,15.0,3.0,0.007518796992481203,45.0,43.0,0.17647058823529413,1.0188837599664289,0.12962721002071853,20240604104737459_sardine_bad_(0).png,yes,yes
15.0,3.0,16.0,15.0,4.0,0.007389162561576354,37.0,33.0,0.2,1.0234192037470726,0.10133088502285446,20240604104746802_sardine_bad_(0).png,yes,yes
16.0,3.0,16.0,15.0,3.0,0.007267441860465116,40.0,34.0,0.1875,1.0216508795669823,0.10853389388162672,20240604104755643_sardine_bad_(0).png,yes,yes
18.0,4.0,18.0,15.0,4.0,0.0072254335260115606,46.0,43.0,0.2222222222222222,1.0268987341772151,0.13991647176299712,20240604104804947_sardine_bad_(0).png,yes,yes
15.0,6.0,16.0,15.0,4.0,0.006524575902566333,40.0,34.0,0.4,1.0791245791245792,0.13545913497479603,20240604104819856_sardine_bad_(0).png,yes,yes
16.0,4.0,16.0,15.0,3.0,0.006388415672913117,41.0,36.0,0.25,1.033164260632072,0.14896789496027169,20240604104837929_sardine_bad_(0).png,yes,yes
15.0,4.0,15.0,15.0,2.0,0.006839945280437756,37.0,29.0,0.26666666666666666,1.0387243735763099,0.10423249671600666,20240604104851436_sardine_bad_(0).png,yes,yes
17.0,4.0,17.0,15.0,1.0,0.007194244604316547,44.0,37.0,0.23529411764705882,1.028428093645485,0.12004973047225426,20240604104901314_sardine_bad_(0).png,yes,yes
19.0,5.0,19.0,15.0,1.0,0.006996268656716418,48.0,44.0,0.2631578947368421,1.0345588235294119,0.15025162263979666,20240604104910139_sardine_bad_(0).png,yes,yes
16.0,5.0,17.0,15.0,1.0,0.0074887668497254116,42.0,36.0,0.3125,1.046023235031278,0.10719593358857704,20240604104943533_sardine_bad_(0).png,yes,yes
16.0,3.0,16.0,15.0,2.0,0.006893382352941176,41.0,35.0,0.1875,1.0226415094339623,0.12609716748899996,20240604105010041_sardine_bad_(0).png,yes,yes
,,,,,,,,,,,20240604105018763_sardine_bad.jpeg,yes,no
18.0,4.0,18.0,15.0,4.0,0.007170172084130019,45.0,46.0,0.2222222222222222,1.0362919132149901,0.1502774039899184,20240604105026697_sardine_bad_(0).png,yes,yes
18.0,3.0,19.0,15.0,3.0,0.007637474541751527,46.0,49.0,0.16666666666666666,1.0205645161290322,0.14024203431372548,20240604105037592_sardine_bad_(0).png,yes,yes
16.0,3.0,17.0,15.0,2.0,0.006996268656716418,40.0,29.0,0.1875,1.0156830375567478,0.10109276213208596,20240604105045584_sardine_bad_(0).png,yes,yes
15.0,3.0,15.0,15.0,2.0,0.007407407407407408,37.0,29.0,0.2,1.019385342789598,0.08968630855119826,20240604105053737_sardine_bad_(0).png,yes,yes
15.0,3.0,15.0,15.0,2.0,0.006122448979591836,38.0,32.0,0.2,1.0258552108194112,0.14525604802106026,20240604111148698_sardine_bad_(0).png,yes,yes
18.0,4.0,19.0,15.0,2.0,0.006045949214026602,47.0,45.0,0.2222222222222222,1.0326227390180878,0.20819224510337905,20240604111157875_sardine_bad_(0).png,yes,yes
18.0,5.0,19.0,15.0,4.0,0.007190795781399808,48.0,47.0,0.2777777777777778,1.0499419279907085,0.1546422950307574,20240604111207186_sardine_bad_(0).png,yes,yes
15.0,5.0,16.0,15.0,4.0,0.007349338559529643,39.0,32.0,0.3333333333333333,1.0529026217228465,0.10076344501580589,20240604111216986_sardine_bad_(0).png,yes,yes
16.0,3.0,16.0,15.0,2.0,0.006218905472636816,40.0,32.0,0.1875,1.0243346007604563,0.14158416634627707,20240604111259877_sardine_bad_(0).png,yes,yes
18.0,5.0,19.0,15.0,3.0,0.006675567423230975,44.0,47.0,0.2777777777777778,1.043779642466253,0.17834870535904992,20240604111309242_sardine_bad_(0).png,yes,yes
19.0,6.0,20.0,15.0,3.0,0.006738544474393531,49.0,50.0,0.3157894736842105,1.0483373328762426,0.18388068224294074,20240604111317848_sardine_bad_(0).png,yes,yes
15.0,3.0,15.0,15.0,3.0,0.0061374795417348605,38.0,30.0,0.2,1.028,0.1363395388792772,20240604111325807_sardine_bad_(0).png,yes,yes
15.0,3.0,15.0,15.0,2.0,0.007444168734491315,39.0,32.0,0.2,1.0311900191938579,0.09817604874193686,20240604111332994_sardine_bad_(0).png,yes,yes
15.0,3.0,16.0,15.0,3.0,0.006950880444856348,39.0,31.0,0.2,1.0181095406360423,0.1072651844643086,20240604111351148_sardine_bad_(0).png,yes,yes
14.0,3.0,15.0,15.0,2.0,0.0066518847006651885,35.0,25.0,0.21428571428571427,1.0315500685871055,0.09441480840702295,20240604111359168_sardine_bad_(0).png,yes,yes
14.0,3.0,14.0,15.0,2.0,0.006504770164787511,34.0,28.0,0.21428571428571427,1.033271719038817,0.113875973183391,20240604111410449_sardine_bad_(0).png,yes,yes
18.0,5.0,19.0,15.0,1.0,0.006429489927132447,46.0,41.0,0.2777777777777778,1.0361321403991741,0.16799302952390108,20240604111420671_sardine_bad_(0).png,yes,yes
17.0,3.0,17.0,15.0,3.0,0.007763975155279503,44.0,42.0,0.17647058823529413,1.0246858168761221,0.11783036505724294,20240604111430048_sardine_bad_(0).png,yes,yes
15.0,3.0,16.0,15.0,2.0,0.007102272727272727,40.0,32.0,0.2,1.0287277701778386,0.10889107821777949,20240604111438136_sardine_bad_(0).png,yes,yes
14.0,4.0,15.0,15.0,1.0,0.007970244420828906,37.0,29.0,0.2857142857142857,1.0589543937708565,0.07865614587338203,20240604111446546_sardine_bad_(0).png,yes,yes
15.0,3.0,15.0,15.0,2.0,0.007042253521126761,38.0,32.0,0.2,1.0235827664399093,0.11061625937139562,20240604111454560_sardine_bad_(0).png,yes,yes
15.0,4.0,16.0,15.0,1.0,0.0064710957722174285,39.0,29.0,0.26666666666666666,1.037279803359279,0.11720694030607885,20240604111503484_sardine_bad_(0).png,yes,yes
20.0,3.0,20.0,15.0,2.0,0.0070191857744501636,52.0,49.0,0.15,1.01821931935373,0.16852192265795207,20240604111523809_sardine_bad_(0).png,yes,yes
18.0,5.0,19.0,15.0,3.0,0.007360157016683023,45.0,44.0,0.2777777777777778,1.0520113774888258,0.13827789592144046,20240604111535285_sardine_bad_(0).png,yes,yes
19.0,3.0,19.0,15.0,2.0,0.0067842605156037995,48.0,46.0,0.15789473684210525,1.0176226675881133,0.1689771428723995,20240604111546312_sardine_bad_(0).png,yes,yes
16.0,3.0,16.0,15.0,2.0,0.006744604316546762,41.0,34.0,0.1875,1.021558872305141,0.12775793698470675,20240604111555722_sardine_bad_(0).png,yes,yes
16.0,4.0,17.0,15.0,3.0,0.006648936170212766,42.0,36.0,0.25,1.0288346015218262,0.13796292958904693,20240604111604812_sardine_bad_(0).png,yes,yes
17.0,4.0,17.0,15.0,1.0,0.006726457399103139,43.0,40.0,0.23529411764705882,1.0317398119122256,0.15020831998376694,20240604111614650_sardine_bad_(0).png,yes,yes
17.0,4.0,18.0,15.0,2.0,0.006957328385899814,44.0,42.0,0.23529411764705882,1.0349705304518664,0.14564043209876543,20240604111624434_sardine_bad_(0).png,yes,yes
17.0,4.0,18.0,15.0,2.0,0.007142857142857143,45.0,42.0,0.23529411764705882,1.028811524609844,0.1399076276752531,20240604111632024_sardine_bad_(0).png,yes,yes
17.0,4.0,17.0,15.0,3.0,0.006983240223463687,44.0,44.0,0.23529411764705882,1.0368701351904956,0.15119460263680637,20240604111641042_sardine_bad_(0).png,yes,yes
16.0,4.0,16.0,15.0,4.0,0.007712082262210797,40.0,35.0,0.25,1.0379442843419788,0.10084954971912512,20240604111759489_sardine_bad_(0).png,yes,yes
15.0,5.0,16.0,16.0,6.0,0.007129277566539924,40.0,35.0,0.3333333333333333,1.065909090909091,0.11725474844077065,20240604111815282_sardine_bad_(0).png,yes,yes
15.0,4.0,16.0,15.0,2.0,0.006473888649115235,40.0,34.0,0.26666666666666666,1.034412955465587,0.13675170674206502,20240604111824171_sardine_bad_(0).png,yes,yes
15.0,4.0,15.0,15.0,3.0,0.00715648854961832,37.0,33.0,0.26666666666666666,1.036320754716981,0.10957415884382075,20240604111833811_sardine_bad_(0).png,yes,yes
16.0,4.0,17.0,15.0,4.0,0.007503751875937969,40.0,38.0,0.25,1.038338658146965,0.11370159447221154,20240604111843599_sardine_bad_(0).png,yes,yes
17.0,4.0,18.0,15.0,4.0,0.008422234699606962,44.0,45.0,0.23529411764705882,1.0317535545023697,0.10752299796552608,20240604111851922_sardine_bad_(0).png,yes,yes
16.0,3.0,16.0,15.0,2.0,0.007363770250368188,41.0,33.0,0.1875,1.0210290827740491,0.10451333821927464,20240604111900721_sardine_bad_(0).png,yes,yes
15.0,3.0,16.0,15.0,3.0,0.007201152184349496,41.0,34.0,0.2,1.025034137460173,0.11236630409244308,20240604111908653_sardine_bad_(0).png,yes,yes
,,,,,,,,,,,20240604111919858_sardine_bad.jpeg,yes,no
16.0,5.0,17.0,15.0,3.0,0.0075,41.0,36.0,0.3125,1.0465431540894714,0.10945142626767483,20240604111927418_sardine_bad_(0).png,yes,yes
17.0,5.0,18.0,15.0,3.0,0.007832898172323759,45.0,43.0,0.29411764705882354,1.04924578527063,0.1182658946612414,20240604111939052_sardine_bad_(0).png,yes,yes
17.0,4.0,17.0,15.0,4.0,0.007940709370037057,44.0,39.0,0.23529411764705882,1.0314232902033271,0.10525190298069119,20240604111948777_sardine_bad_(0).png,yes,yes
20.0,6.0,21.0,15.0,3.0,0.007772020725388601,51.0,50.0,0.3,1.0446564885496183,0.13946750915780257,20240604111958732_sardine_bad_(0).png,yes,yes
18.0,5.0,19.0,15.0,3.0,0.008077544426494346,46.0,45.0,0.2777777777777778,1.0356057316543639,0.11622349443590073,20240604112006055_sardine_bad_(0).png,yes,yes
18.0,5.0,19.0,15.0,3.0,0.007356547327121138,46.0,48.0,0.2777777777777778,1.0427384250098932,0.15025754650988937,20240604112028569_sardine_bad_(0).png,yes,yes
17.0,3.0,18.0,15.0,2.0,0.007149666348903718,43.0,45.0,0.17647058823529413,1.0243803331978871,0.150100939408988,20240604112039968_sardine_bad_(0).png,yes,yes
17.0,3.0,18.0,15.0,2.0,0.007731958762886598,43.0,37.0,0.17647058823529413,1.020604997807979,0.10581967672689992,20240604112051517_sardine_bad_(0).png,yes,yes
16.0,3.0,16.0,15.0,2.0,0.007414730598121601,41.0,37.0,0.1875,1.0204808548530722,0.11509662416164723,20240604112101180_sardine_bad_(0).png,yes,yes
16.0,4.0,17.0,15.0,3.0,0.0068212824010914054,41.0,37.0,0.25,1.0285829307568437,0.13609290563992482,20240604112114425_sardine_bad_(0).png,yes,yes
,,,,,,,,,,,20240604112123636_sardine_bad.jpeg,yes,no
19.0,4.0,20.0,15.0,3.0,0.006448839208942391,49.0,47.0,0.21052631578947367,1.0302024560238965,0.192400375523303,20240604112228342_sardine_bad_(0).png,yes,yes
16.0,4.0,16.0,15.0,1.0,0.006507592190889371,41.0,34.0,0.25,1.0387689848121502,0.13733691835939169,20240604112236166_sardine_bad_(0).png,yes,yes
15.0,3.0,15.0,15.0,1.0,0.006490696668109044,38.0,30.0,0.2,1.0241171403962102,0.12166461083344013,20240604112259155_sardine_bad_(0).png,yes,yes
2.0,0.0,2.0,15.0,1.0,0.006490696668109044,4.0,0.0,0.0,1.0771604938271604,0.0014826362189756077,20240604112259155_sardine_bad_(1).png,yes,yes
,,,,,,,,,,,20240611094944431_sardine_bad.jpeg,yes,no
15.0,4.0,15.0,15.0,2.0,0.005615874204417821,37.0,29.0,0.26666666666666666,1.040310650887574,0.15609397694262891,20240611094954923_sardine_bad_(0).png,yes,yes
17.0,4.0,17.0,15.0,3.0,0.0066518847006651885,42.0,37.0,0.23529411764705882,1.0295489891135303,0.14211230856721774,20240611095004863_sardine_bad_(0).png,yes,yes
18.0,4.0,18.0,15.0,2.0,0.006607929515418502,46.0,41.0,0.2222222222222222,1.0273775216138328,0.15906984559891496,20240611095014141_sardine_bad_(0).png,yes,yes
17.0,5.0,18.0,15.0,2.0,0.006364022061943148,44.0,41.0,0.29411764705882354,1.04093567251462,0.17299869975223206,20240611095025742_sardine_bad_(0).png,yes,yes
17.0,4.0,17.0,15.0,1.0,0.0066050198150594455,42.0,42.0,0.23529411764705882,1.031587057010786,0.16109147056153617,20240611095037757_sardine_bad_(0).png,yes,yes
17.0,3.0,17.0,15.0,2.0,0.006843065693430657,45.0,41.0,0.17647058823529413,1.0236966824644549,0.14793705812935196,20240611095046607_sardine_bad_(0).png,yes,yes
15.0,4.0,16.0,15.0,3.0,0.006493506493506494,37.0,33.0,0.26666666666666666,1.0331236897274634,0.1336115549841941,20240611095059008_sardine_bad_(0).png,yes,yes
16.0,3.0,16.0,15.0,1.0,0.006095083299471759,41.0,34.0,0.1875,1.0189681335356602,0.15600420110854799,20240611095107713_sardine_bad_(0).png,yes,yes
16.0,3.0,17.0,15.0,3.0,0.0066607460035523975,43.0,38.0,0.1875,1.0263261296660118,0.14543768555897305,20240611095118276_sardine_bad_(0).png,yes,yes
16.0,4.0,17.0,15.0,2.0,0.006067961165048544,42.0,36.0,0.25,1.035688273852877,0.16591266646909308,20240611095127756_sardine_bad_(0).png,yes,yes
16.0,4.0,17.0,15.0,3.0,0.006432246998284734,42.0,37.0,0.25,1.0371660859465737,0.15088864726173695,20240611095137248_sardine_bad_(0).png,yes,yes
15.0,4.0,16.0,15.0,1.0,0.006247396917950854,40.0,34.0,0.26666666666666666,1.034401876465989,0.1482037991531035,20240611095145581_sardine_bad_(0).png,yes,yes
17.0,3.0,17.0,15.0,2.0,0.005983246908655764,43.0,37.0,0.17647058823529413,1.0211952744961779,0.17654918380750992,20240611095154447_sardine_bad_(0).png,yes,yes
16.0,3.0,16.0,15.0,2.0,0.006573181419807186,39.0,37.0,0.1875,1.021694637740483,0.14656246996347558,20240611095202593_sardine_bad_(0).png,yes,yes
15.0,3.0,16.0,15.0,3.0,0.006366723259762309,38.0,34.0,0.2,1.0210867802108679,0.14382422358921781,20240611095215115_sardine_bad_(0).png,yes,yes
19.0,4.0,20.0,15.0,2.0,0.00655307994757536,48.0,47.0,0.21052631578947367,1.0289952798381659,0.18360484682707506,20240611095228039_sardine_bad_(0).png,yes,yes
17.0,3.0,17.0,15.0,2.0,0.0061450225317492835,43.0,38.0,0.17647058823529413,1.0197699496764918,0.1693960689531804,20240611095236438_sardine_bad_(0).png,yes,yes
15.0,4.0,16.0,15.0,3.0,0.006702412868632708,39.0,32.0,0.26666666666666666,1.0397435897435898,0.12094723850869324,20240611095245383_sardine_bad_(0).png,yes,yes
17.0,4.0,17.0,15.0,3.0,0.006524575902566333,44.0,43.0,0.23529411764705882,1.036967182195398,0.1694342820870178,20240611095254409_sardine_bad_(0).png,yes,yes
17.0,3.0,17.0,15.0,2.0,0.005545286506469501,42.0,36.0,0.17647058823529413,1.0194082087177856,0.20074710848391644,20240611095303658_sardine_bad_(0).png,yes,yes
18.0,5.0,19.0,15.0,3.0,0.007029053420805998,46.0,48.0,0.2777777777777778,1.0493446414803393,0.1637978448459994,20240611095311679_sardine_bad_(0).png,yes,yes
18.0,3.0,18.0,15.0,3.0,0.006918819188191882,47.0,46.0,0.16666666666666666,1.022230595327807,0.1624141622880089,20240611095320287_sardine_bad_(0).png,yes,yes
15.0,5.0,16.0,15.0,3.0,0.006893382352941176,39.0,36.0,0.3333333333333333,1.0623318385650224,0.12706409327075058,20240611095328908_sardine_bad_(0).png,yes,yes
15.0,4.0,16.0,15.0,2.0,0.006221484861053505,39.0,37.0,0.26666666666666666,1.0452201507338357,0.16110240051903113,20240611095336617_sardine_bad_(0).png,yes,yes
18.0,4.0,18.0,15.0,2.0,0.00646830530401035,45.0,38.0,0.2222222222222222,1.0357270453733476,0.1549170457943526,20240611095345618_sardine_bad_(0).png,yes,yes
17.0,4.0,17.0,15.0,2.0,0.0063025210084033615,44.0,41.0,0.23529411764705882,1.0291997116077867,0.17523375090777052,20240611095400354_sardine_bad_(0).png,yes,yes
15.0,4.0,16.0,15.0,2.0,0.006535947712418301,39.0,34.0,0.26666666666666666,1.0373409930242101,0.13517328738412576,20240611095408325_sardine_bad_(0).png,yes,yes
17.0,4.0,18.0,15.0,3.0,0.00629458665547629,44.0,39.0,0.23529411764705882,1.0359324469996407,0.16588471581443034,20240611095416320_sardine_bad_(0).png,yes,yes
16.0,3.0,16.0,15.0,2.0,0.005857087075361187,40.0,33.0,0.1875,1.0230963551064598,0.161347865671323,20240611095423944_sardine_bad_(0).png,yes,yes
16.0,3.0,16.0,15.0,2.0,0.005688282138794084,40.0,35.0,0.1875,1.0268872802481903,0.18307645430176428,20240611095433652_sardine_bad_(0).png,yes,yes
16.0,3.0,17.0,15.0,2.0,0.006063055780113177,41.0,35.0,0.1875,1.0184648805213614,0.16223411001110685,20240611095442082_sardine_bad_(0).png,yes,yes
16.0,3.0,16.0,15.0,3.0,0.006119951040391677,39.0,38.0,0.1875,1.024962742175857,0.17313586654705454,20240611095450736_sardine_bad_(0).png,yes,yes
16.0,4.0,17.0,15.0,4.0,0.006654835847382431,40.0,38.0,0.25,1.0369928400954653,0.14612210114165491,20240611095500207_sardine_bad_(0).png,yes,yes
17.0,3.0,17.0,15.0,4.0,0.0060901339829476245,40.0,39.0,0.17647058823529413,1.0242857142857142,0.17561304546328335,20240611095507504_sardine_bad_(0).png,yes,yes
17.0,3.0,17.0,15.0,1.0,0.005985634477254589,44.0,43.0,0.17647058823529413,1.0228279386712096,0.20097096402558845,20240611095515558_sardine_bad_(0).png,yes,yes
,,,,,,,,,,,20240611095523649_sardine_bad.jpeg,yes,no
17.0,4.0,17.0,15.0,3.0,0.006172839506172839,41.0,42.0,0.23529411764705882,1.0347919655667146,0.18471394549105044,20240611095531269_sardine_bad_(0).png,yes,yes
16.0,3.0,16.0,15.0,2.0,0.005933544303797469,40.0,34.0,0.1875,1.028143274853801,0.1623044455391089,20240611095542682_sardine_bad_(0).png,yes,yes
,,,,,,,,,,,20240611095552293_sardine_bad.jpeg,yes,no
,,,,,,,,,,,20240611095600330_sardine_bad.jpeg,yes,no
16.0,3.0,17.0,15.0,2.0,0.006031363088057901,42.0,40.0,0.1875,1.0246109301483894,0.18402093612499465,20240611095608876_sardine_bad_(0).png,yes,yes
18.0,4.0,18.0,15.0,2.0,0.00741839762611276,46.0,47.0,0.2222222222222222,1.0311858842839556,0.14463095457409544,20240611095619566_sardine_bad_(0).png,yes,yes
18.0,5.0,19.0,15.0,3.0,0.007032348804500703,45.0,42.0,0.2777777777777778,1.036190476190476,0.14429421176150198,20240611095627453_sardine_bad_(0).png,yes,yes
16.0,3.0,17.0,15.0,2.0,0.006031363088057901,41.0,36.0,0.1875,1.0193063997139793,0.16826836433102652,20240611095636106_sardine_bad_(0).png,yes,yes
,,,,,,,,,,,20240611095644209_sardine_bad.jpeg,yes,no
,,,,,,,,,,,20240611095652918_sardine_bad.jpeg,yes,no
15.0,5.0,16.0,15.0,2.0,0.006242197253433208,41.0,39.0,0.3333333333333333,1.0546687948922586,0.16978746155324875,20240611095701570_sardine_bad_(0).png,yes,yes
17.0,4.0,17.0,15.0,3.0,0.006263048016701462,42.0,42.0,0.23529411764705882,1.0312270389419544,0.1793747864069375,20240611095709622_sardine_bad_(0).png,yes,yes
17.0,4.0,18.0,15.0,2.0,0.006183017312448475,44.0,40.0,0.23529411764705882,1.0376700383676316,0.17625849699901747,20240611095717216_sardine_bad_(0).png,yes,yes
17.0,5.0,18.0,15.0,2.0,0.00673551863493489,46.0,43.0,0.29411764705882354,1.0405405405405406,0.15878349739950445,20240611095725899_sardine_bad_(0).png,yes,yes
,,,,,,,,,,,20240611095734013_sardine_bad.jpeg,yes,no
16.0,3.0,16.0,15.0,2.0,0.0063371356147021544,40.0,37.0,0.1875,1.020123839009288,0.15584275478982443,20240611095741528_sardine_bad_(0).png,yes,yes
16.0,3.0,16.0,15.0,1.0,0.0066166740185266875,42.0,42.0,0.1875,1.0292563998374644,0.16090190671856977,20240611095752570_sardine_bad_(0).png,yes,yes
17.0,4.0,17.0,15.0,4.0,0.006824385805277525,44.0,42.0,0.23529411764705882,1.0261821023837436,0.15241708918044342,20240611095800642_sardine_bad_(0).png,yes,yes
,,,,,,,,,,,20240611095810084_sardine_bad.jpeg,yes,no
,,,,,,,,,,,20240611095817287_sardine_bad.jpeg,yes,no
16.0,4.0,17.0,15.0,2.0,0.0067842605156037995,42.0,41.0,0.25,1.0327606871753896,0.1513547139988893,20240611095825596_sardine_bad_(0).png,yes,yes
18.0,4.0,18.0,15.0,2.0,0.006802721088435374,45.0,44.0,0.2222222222222222,1.0306839186691312,0.15871683300226408,20240611095834751_sardine_bad_(0).png,yes,yes
17.0,4.0,17.0,15.0,2.0,0.006669630947087594,42.0,38.0,0.23529411764705882,1.0306558013193636,0.14489085394506387,20240611095844343_sardine_bad_(0).png,yes,yes
17.0,5.0,18.0,15.0,4.0,0.007045561296383279,46.0,43.0,0.29411764705882354,1.0471660721363456,0.1471789696270665,20240611095852979_sardine_bad_(0).png,yes,yes
17.0,4.0,17.0,15.0,3.0,0.007129277566539924,43.0,45.0,0.23529411764705882,1.0290818446198589,0.14802508183284208,20240611095902713_sardine_bad_(0).png,yes,yes
17.0,4.0,18.0,15.0,3.0,0.006781193490054249,42.0,40.0,0.23529411764705882,1.035216718266254,0.1452670614133453,20240611095911674_sardine_bad_(0).png,yes,yes
14.0,3.0,15.0,15.0,2.0,0.006839945280437756,36.0,30.0,0.21428571428571427,1.0201557489693083,0.10882583221196976,20240611095920852_sardine_bad_(0).png,yes,yes
17.0,3.0,18.0,15.0,2.0,0.006524575902566333,44.0,42.0,0.17647058823529413,1.0203636363636364,0.16750977522000085,20240611095929347_sardine_bad_(0).png,yes,yes
17.0,4.0,18.0,15.0,2.0,0.006147540983606557,43.0,41.0,0.23529411764705882,1.035302341838518,0.1823897859797514,20240611095937955_sardine_bad_(0).png,yes,yes
19.0,3.0,19.0,15.0,4.0,0.007285089849441476,47.0,51.0,0.15789473684210525,1.0206817311374952,0.16258662199901747,20240611095952866_sardine_bad_(0).png,yes,yes
17.0,4.0,17.0,15.0,3.0,0.006028938906752411,43.0,40.0,0.23529411764705882,1.0291228070175438,0.18467756792259388,20240611100007301_sardine_bad_(0).png,yes,yes
,,,,,,,,,,,20240611100015176_sardine_bad.jpeg,yes,no
,,,,,,,,,,,20240611100034545_sardine_bad.jpeg,yes,no
17.0,5.0,18.0,15.0,2.0,0.006286672254819782,43.0,39.0,0.29411764705882354,1.0448189315166727,0.16539904190161903,20240611100043619_sardine_bad_(0).png,yes,yes
17.0,5.0,18.0,15.0,4.0,0.006858710562414266,43.0,45.0,0.29411764705882354,1.0423794712286159,0.16115045895809305,20240611100050777_sardine_bad_(0).png,yes,yes
17.0,5.0,18.0,15.0,2.0,0.00675371454299865,48.0,46.0,0.29411764705882354,1.0386927122464313,0.17141177004570893,20240611100057646_sardine_bad_(0).png,yes,yes
15.0,3.0,15.0,15.0,2.0,0.007029053420805998,39.0,31.0,0.2,1.0280073461891643,0.107909050739032,20240611100106357_sardine_bad_(0).png,yes,yes
16.0,7.0,18.0,15.0,4.0,0.006852444038373686,43.0,38.0,0.4375,1.0842833876221498,0.1380348503780597,20240611100114652_sardine_bad_(0).png,yes,yes
17.0,4.0,17.0,15.0,3.0,0.006729475100942127,42.0,40.0,0.23529411764705882,1.0298913043478262,0.1476909254987398,20240611100122208_sardine_bad_(0).png,yes,yes
16.0,3.0,16.0,15.0,2.0,0.006547359231776516,39.0,35.0,0.1875,1.025244299674267,0.13681778709577513,20240611100130019_sardine_bad_(0).png,yes,yes
17.0,3.0,17.0,15.0,3.0,0.006902899217671422,43.0,42.0,0.17647058823529413,1.025785656728445,0.14897598813490537,20240611100140731_sardine_bad_(0).png,yes,yes
17.0,4.0,18.0,15.0,3.0,0.006996268656716418,44.0,38.0,0.23529411764705882,1.0258654994031038,0.1311018364998505,20240611100148669_sardine_bad_(0).png,yes,yes
15.0,4.0,16.0,15.0,3.0,0.006928406466512702,38.0,36.0,0.26666666666666666,1.036016007114273,0.12531371481054296,20240611100156935_sardine_bad_(0).png,yes,yes
16.0,4.0,17.0,15.0,4.0,0.00706547338671691,42.0,36.0,0.25,1.0299325463743676,0.12200277203746422,20240611100204602_sardine_bad_(0).png,yes,yes
17.0,3.0,17.0,15.0,2.0,0.006462731581214994,43.0,42.0,0.17647058823529413,1.024224072672218,0.1689784778290401,20240611100213345_sardine_bad_(0).png,yes,yes
16.0,4.0,17.0,15.0,2.0,0.00633445945945946,42.0,39.0,0.25,1.0349146110056926,0.16367260922615234,20240611100221758_sardine_bad_(0).png,yes,yes
16.0,4.0,17.0,15.0,4.0,0.006993006993006993,44.0,41.0,0.25,1.0306593868122638,0.1414248893320945,20240611100232824_sardine_bad_(0).png,yes,yes
16.0,4.0,17.0,15.0,3.0,0.006802721088435374,41.0,34.0,0.25,1.0436227669297882,0.12540674460143533,20240611100240301_sardine_bad_(0).png,yes,yes
15.0,6.0,17.0,15.0,4.0,0.006714413607878245,40.0,39.0,0.4,1.079324894514768,0.14735793725169807,20240611100247805_sardine_bad_(0).png,yes,yes
18.0,5.0,19.0,16.0,5.0,0.007349338559529643,44.0,43.0,0.2777777777777778,1.0528240552620887,0.13410390368020847,20240611100256662_sardine_bad_(0).png,yes,yes
17.0,5.0,17.0,15.0,4.0,0.007796257796257797,43.0,39.0,0.29411764705882354,1.0548446069469835,0.10830528255692255,20240611100305978_sardine_bad_(0).png,yes,yes
16.0,6.0,17.0,16.0,5.0,0.006996268656716418,42.0,38.0,0.375,1.07404181184669,0.1308617946089111,20240611100314443_sardine_bad_(0).png,yes,yes
17.0,5.0,18.0,16.0,6.0,0.008351893095768375,46.0,43.0,0.29411764705882354,1.0405783582089552,0.103456386299073,20240611100322122_sardine_bad_(0).png,yes,yes
16.0,3.0,17.0,15.0,2.0,0.007668711656441718,46.0,40.0,0.1875,1.024623803009576,0.11367322664359862,20240611100330666_sardine_bad_(0).png,yes,yes
15.0,4.0,16.0,15.0,2.0,0.007526342197691922,38.0,36.0,0.26666666666666666,1.0497782158698867,0.10673287050386604,20240611100338288_sardine_bad_(0).png,yes,yes
16.0,6.0,17.0,16.0,5.0,0.007680491551459293,42.0,42.0,0.375,1.0857142857142856,0.12121531448908539,20240611100345596_sardine_bad_(0).png,yes,yes
17.0,6.0,18.0,15.0,4.0,0.00847457627118644,45.0,42.0,0.35294117647058826,1.0581113801452784,0.0976531629127686,20240611100358402_sardine_bad_(0).png,yes,yes
15.0,3.0,16.0,15.0,2.0,0.007149666348903718,38.0,37.0,0.2,1.0270766406608536,0.12358811648297663,20240611100406979_sardine_bad_(0).png,yes,yes
18.0,4.0,18.0,15.0,3.0,0.006573181419807186,45.0,41.0,0.2222222222222222,1.0250536864710094,0.15971596461296936,20240611100434471_sardine_bad_(0).png,yes,yes
15.0,8.0,18.0,16.0,7.0,0.007518796992481203,42.0,41.0,0.5333333333333333,1.13468809073724,0.1211762670073476,20240611100445264_sardine_bad_(0).png,yes,yes
16.0,3.0,16.0,15.0,3.0,0.006527415143603133,39.0,38.0,0.1875,1.0252135014233428,0.15244987905292837,20240611100459780_sardine_bad_(0).png,yes,yes
17.0,6.0,18.0,15.0,3.0,0.00675371454299865,44.0,41.0,0.35294117647058826,1.0639356814701377,0.15293229900892819,20240611100554058_sardine_bad_(0).png,yes,yes
18.0,5.0,18.0,15.0,2.0,0.006567425569176883,44.0,43.0,0.2777777777777778,1.041848617176128,0.1681857638888889,20240611100603494_sardine_bad_(0).png,yes,yes
18.0,5.0,18.0,15.0,4.0,0.007583417593528817,46.0,43.0,0.2777777777777778,1.039446076374318,0.12711415414477337,20240611100613887_sardine_bad_(0).png,yes,yes
16.0,4.0,17.0,15.0,3.0,0.006544502617801047,43.0,40.0,0.25,1.029319781078968,0.15798435898052032,20240611100622954_sardine_bad_(0).png,yes,yes
17.0,4.0,17.0,16.0,5.0,0.007455268389662028,43.0,40.0,0.23529411764705882,1.0370051635111877,0.1221313450489128,20240611100631431_sardine_bad_(0).png,yes,yes
17.0,4.0,17.0,15.0,5.0,0.006934812760055479,43.0,38.0,0.23529411764705882,1.0275080906148868,0.1320066867978128,20240611100645380_sardine_bad_(0).png,yes,yes
17.0,6.0,18.0,15.0,4.0,0.007477567298105683,43.0,45.0,0.35294117647058826,1.0616258741258742,0.13607605181233715,20240611100655540_sardine_bad_(0).png,yes,yes
15.0,4.0,16.0,15.0,1.0,0.0062447960033305576,37.0,35.0,0.26666666666666666,1.0410195141377938,0.1507737575558546,20240611100703942_sardine_bad_(0).png,yes,yes
16.0,3.0,16.0,15.0,2.0,0.006619593998234775,39.0,38.0,0.1875,1.0251754023937267,0.14711380705604682,20240611100717057_sardine_bad_(0).png,yes,yes
17.0,3.0,18.0,15.0,2.0,0.007473841554559043,45.0,44.0,0.17647058823529413,1.0239495798319327,0.13157933380323808,20240611100758704_sardine_bad_(0).png,yes,yes
17.0,4.0,18.0,15.0,2.0,0.007425742574257425,44.0,41.0,0.23529411764705882,1.0338983050847457,0.12656849061792472,20240611100827489_sardine_bad_(0).png,yes,yes
17.0,7.0,19.0,16.0,6.0,0.007466401194624191,45.0,43.0,0.4117647058823529,1.0829840737636212,0.13034132838865395,20240611100844478_sardine_bad_(0).png,yes,yes
16.0,3.0,16.0,15.0,3.0,0.00741839762611276,42.0,37.0,0.1875,1.0240036231884058,0.11333556604831475,20240611100855373_sardine_bad_(0).png,yes,yes
17.0,4.0,18.0,15.0,3.0,0.0074367873078829945,44.0,42.0,0.23529411764705882,1.0365239294710327,0.1270147833098381,20240611100914050_sardine_bad_(0).png,yes,yes
15.0,3.0,15.0,15.0,2.0,0.006366723259762309,38.0,31.0,0.2,1.019126819126819,0.12848106630996625,20240615093238888_sardine_bad_(0).png,yes,yes
14.0,4.0,15.0,15.0,4.0,0.006426735218508998,37.0,30.0,0.2857142857142857,1.0466119982736297,0.1216331559175958,20240615093251705_sardine_bad_(0).png,yes,yes
17.0,6.0,18.0,15.0,4.0,0.007481296758104738,42.0,37.0,0.35294117647058826,1.0587723117109273,0.11264489285638002,20240615093305694_sardine_bad_(0).png,yes,yes
15.0,3.0,16.0,15.0,3.0,0.006382978723404255,38.0,33.0,0.2,1.0235103364410214,0.13862398343051818,20240615093316262_sardine_bad_(0).png,yes,yes
15.0,4.0,16.0,15.0,5.0,0.007232401157184185,39.0,32.0,0.26666666666666666,1.0440630797773656,0.10320232736340723,20240615093331686_sardine_bad_(0).png,yes,yes
15.0,3.0,16.0,15.0,3.0,0.006915629322268326,39.0,32.0,0.2,1.0275590551181102,0.11305163745781537,20240615093342539_sardine_bad_(0).png,yes,yes
15.0,5.0,16.0,15.0,4.0,0.007621951219512195,40.0,35.0,0.3333333333333333,1.0514563106796118,0.10156208282604981,20240615093351739_sardine_bad_(0).png,yes,yes
,,,,,,,,,,,20240615093402111_sardine_bad.jpeg,yes,no
16.0,3.0,17.0,15.0,1.0,0.0064963187527068,42.0,39.0,0.1875,1.0237093690248567,0.15662186885919946,20240615093416040_sardine_bad_(0).png,yes,yes
16.0,3.0,16.0,15.0,1.0,0.006170300287947347,40.0,34.0,0.1875,1.0194902548725637,0.15291619609445084,20240615093442020_sardine_bad_(0).png,yes,yes
16.0,4.0,16.0,15.0,3.0,0.006075334143377886,39.0,35.0,0.25,1.0356465680697762,0.16076599144559783,20240615093452741_sardine_bad_(0).png,yes,yes
,,,,,,,,,,,20240615093501753_sardine_bad.jpeg,yes,no
,,,,,,,,,,,20240615093514855_sardine_bad.jpeg,yes,no
16.0,4.0,16.0,15.0,2.0,0.006499133448873483,39.0,33.0,0.25,1.030731904569349,0.13336542235358195,20240615093525394_sardine_bad_(0).png,yes,yes
15.0,3.0,15.0,15.0,3.0,0.006963788300835654,39.0,34.0,0.2,1.026978417266187,0.11838762601990688,20240615093535315_sardine_bad_(0).png,yes,yes
16.0,4.0,17.0,15.0,2.0,0.006490696668109044,40.0,34.0,0.25,1.0387864823348694,0.1365499614197531,20240615093558525_sardine_bad_(0).png,yes,yes
15.0,4.0,16.0,15.0,3.0,0.006429489927132447,38.0,33.0,0.26666666666666666,1.0386513157894737,0.1356862444732795,20240615093607626_sardine_bad_(0).png,yes,yes
16.0,3.0,16.0,15.0,2.0,0.0070555032925682035,39.0,34.0,0.1875,1.0206896551724138,0.1152510619580076,20240615093619576_sardine_bad_(0).png,yes,yes
15.0,3.0,15.0,15.0,2.0,0.006947660954145438,38.0,33.0,0.2,1.0279944928866454,0.11494719245268914,20240615093628919_sardine_bad_(0).png,yes,yes
15.0,5.0,16.0,15.0,3.0,0.00819672131147541,37.0,32.0,0.3333333333333333,1.0612353567625132,0.08039901520248623,20240615093638730_sardine_bad_(0).png,yes,yes
17.0,4.0,17.0,15.0,3.0,0.007928118393234672,40.0,45.0,0.23529411764705882,1.0277777777777777,0.1199697165086078,20240615093649488_sardine_bad_(0).png,yes,yes
15.0,3.0,15.0,15.0,2.0,0.007136060894386299,39.0,33.0,0.2,1.022109626900046,0.10893838574373105,20240615093700988_sardine_bad_(0).png,yes,yes
15.0,3.0,15.0,15.0,3.0,0.007763975155279503,40.0,33.0,0.2,1.024,0.09406496633239353,20240615093711460_sardine_bad_(0).png,yes,yes
13.0,3.0,13.0,15.0,2.0,0.0062682824905975765,34.0,26.0,0.23076923076923078,1.0292039566650966,0.11042285752808749,20240615093721893_sardine_bad_(0).png,yes,yes
16.0,3.0,16.0,15.0,2.0,0.006237006237006237,41.0,34.0,0.1875,1.0262158054711246,0.147166871582511,20240615093732950_sardine_bad_(0).png,yes,yes
15.0,5.0,16.0,15.0,1.0,0.007828810020876827,46.0,31.0,0.3333333333333333,1.0616979269496545,0.08594000304370114,20240615093743457_sardine_bad_(0).png,yes,yes
16.0,5.0,17.0,15.0,3.0,0.006678539626001781,40.0,33.0,0.3125,1.051197357555739,0.12530520446195909,20240615093754059_sardine_bad_(0).png,yes,yes
15.0,3.0,15.0,15.0,1.0,0.006567425569176883,38.0,31.0,0.2,1.02078032230704,0.12280599876116023,20240615093804316_sardine_bad_(0).png,yes,yes
,,,,,,,,,,,20240615093814295_sardine_bad.jpeg,yes,no
14.0,4.0,14.0,15.0,1.0,0.0066725978647686835,34.0,31.0,0.2857142857142857,1.0496952648851383,0.11653487307232262,20240615093823026_sardine_bad_(0).png,yes,yes
,,,,,,,,,,,20240615093955429_sardine_bad.jpeg,yes,no
13.0,3.0,14.0,15.0,3.0,0.005462490895848507,33.0,26.0,0.23076923076923078,1.0327933623073884,0.14603332652505446,20240615094004733_sardine_bad_(0).png,yes,yes
15.0,3.0,15.0,15.0,3.0,0.0066166740185266875,38.0,29.0,0.2,1.028929188255613,0.11348758423576402,20240615094019743_sardine_bad_(0).png,yes,yes
15.0,4.0,16.0,15.0,3.0,0.005889281507656066,40.0,33.0,0.26666666666666666,1.044034625517501,0.16105968190653167,20240615094040111_sardine_bad_(0).png,yes,yes
15.0,3.0,16.0,15.0,2.0,0.007085498346717053,39.0,32.0,0.2,1.0258035310095066,0.10755920866440258,20240615094050080_sardine_bad_(0).png,yes,yes
14.0,3.0,15.0,15.0,3.0,0.006167763157894737,37.0,29.0,0.21428571428571427,1.0361800588977703,0.12997029387735487,20240615094058831_sardine_bad_(0).png,yes,yes
14.0,3.0,14.0,15.0,2.0,0.006345177664974619,37.0,28.0,0.21428571428571427,1.0229536595928974,0.11675397283096245,20240615094108674_sardine_bad_(0).png,yes,yes
14.0,3.0,14.0,15.0,1.0,0.006114961271911945,35.0,27.0,0.21428571428571427,1.026121027427079,0.12266899883591781,20240615094226616_sardine_bad_(0).png,yes,yes
14.0,3.0,15.0,15.0,2.0,0.006864988558352402,35.0,29.0,0.21428571428571427,1.0252100840336134,0.10529570624546115,20240615094234745_sardine_bad_(0).png,yes,yes
14.0,3.0,15.0,15.0,1.0,0.006213753106876553,37.0,28.0,0.21428571428571427,1.0255872483221478,0.12425718006429151,20240615094255329_sardine_bad_(0).png,yes,yes
14.0,5.0,15.0,15.0,3.0,0.006567425569176883,36.0,28.0,0.35714285714285715,1.0614901256732496,0.10999258431586142,20240615094308072_sardine_bad_(0).png,yes,yes
15.0,3.0,15.0,15.0,1.0,0.006538796861377506,37.0,30.0,0.2,1.0302899177845088,0.12070786409607416,20240615094319360_sardine_bad_(0).png,yes,yes
14.0,4.0,15.0,15.0,3.0,0.0074887668497254116,36.0,29.0,0.2857142857142857,1.045135406218656,0.08748154422444358,20240615094329496_sardine_bad_(0).png,yes,yes
14.0,3.0,15.0,15.0,2.0,0.006631299734748011,38.0,30.0,0.21428571428571427,1.0294117647058822,0.11601006824298347,20240615094339360_sardine_bad_(0).png,yes,yes
15.0,4.0,15.0,15.0,2.0,0.006374840628984276,38.0,31.0,0.26666666666666666,1.0363636363636364,0.13130691921376395,20240615094348947_sardine_bad_(0).png,yes,yes
16.0,3.0,16.0,15.0,3.0,0.006887052341597796,40.0,33.0,0.1875,1.0283058724123364,0.11800174011598104,20240615094451315_sardine_bad_(0).png,yes,yes
14.0,3.0,15.0,15.0,3.0,0.006573181419807186,36.0,30.0,0.21428571428571427,1.0234513274336283,0.11926794648959801,20240615094459793_sardine_bad_(0).png,yes,yes
14.0,3.0,14.0,15.0,3.0,0.0070555032925682035,36.0,29.0,0.21428571428571427,1.0359075258239057,0.09894431628860695,20240615094510557_sardine_bad_(0).png,yes,yes
,,,,,,,,,,,20240615094522875_sardine_bad.jpeg,yes,no
16.0,3.0,16.0,15.0,1.0,0.0062266500622665,40.0,32.0,0.1875,1.0215550423402617,0.13799012933059934,20240615094535451_sardine_bad_(0).png,yes,yes
,,,,,,,,,,,20240615094546797_sardine_bad.jpeg,yes,no
15.0,5.0,16.0,15.0,2.0,0.006263048016701462,38.0,32.0,0.3333333333333333,1.055064308681672,0.1373044622260669,20240615094602206_sardine_bad_(0).png,yes,yes
16.0,3.0,16.0,15.0,2.0,0.006270903010033445,39.0,35.0,0.1875,1.0225330225330225,0.15027373285915674,20240615094617124_sardine_bad_(0).png,yes,yes
14.0,3.0,14.0,15.0,2.0,0.0060901339829476245,34.0,30.0,0.21428571428571427,1.023156089193825,0.1366751136048101,20240615094625646_sardine_bad_(0).png,yes,yes
15.0,3.0,15.0,15.0,1.0,0.0059547439460103215,37.0,30.0,0.2,1.0301507537688441,0.14272305123029605,20240615094723139_sardine_bad_(0).png,yes,yes
16.0,3.0,16.0,15.0,2.0,0.006377551020408163,39.0,33.0,0.1875,1.0236873272799052,0.13645217584582853,20240615094731565_sardine_bad_(0).png,yes,yes
15.0,4.0,16.0,15.0,1.0,0.006364022061943148,40.0,34.0,0.26666666666666666,1.033265720081136,0.14073747009697124,20240615094742845_sardine_bad_(0).png,yes,yes
,,,,,,,,,,,20240615094751490_sardine_bad.jpeg,yes,no
16.0,4.0,17.0,15.0,2.0,0.006504770164787511,42.0,38.0,0.25,1.031789638932496,0.15124416290208895,20240615094803858_sardine_bad_(0).png,yes,yes
15.0,2.0,15.0,15.0,2.0,0.006289308176100629,37.0,28.0,0.13333333333333333,1.0175,0.11908438995151438,20240615094819004_sardine_bad_(0).png,yes,yes
15.0,3.0,15.0,15.0,2.0,0.006599208095028597,38.0,33.0,0.2,1.032520325203252,0.12897967261523346,20240615094833408_sardine_bad_(0).png,yes,yes
15.0,4.0,15.0,15.0,2.0,0.0070389488503050214,36.0,30.0,0.26666666666666666,1.0355493998153278,0.10215772379213123,20240615094841997_sardine_bad_(0).png,yes,yes
16.0,4.0,17.0,15.0,3.0,0.006741573033707865,41.0,36.0,0.25,1.0301932367149758,0.1330740680667692,20240615094852629_sardine_bad_(0).png,yes,yes
15.0,4.0,16.0,15.0,3.0,0.006610841780520053,38.0,33.0,0.26666666666666666,1.0470737913486006,0.129263934944893,20240615094901268_sardine_bad_(0).png,yes,yes
15.0,4.0,16.0,15.0,3.0,0.007342143906020558,39.0,36.0,0.26666666666666666,1.0416088765603329,0.11218500029369047,20240615094910971_sardine_bad_(0).png,yes,yes
14.0,2.0,14.0,15.0,3.0,0.006902899217671422,35.0,28.0,0.14285714285714285,1.0197115384615385,0.0986253450862916,20240615094919757_sardine_bad_(0).png,yes,yes
15.0,4.0,16.0,15.0,3.0,0.0063371356147021544,40.0,32.0,0.26666666666666666,1.0325301204819277,0.13361848007176727,20240615094947697_sardine_bad_(0).png,yes,yes
15.0,3.0,15.0,15.0,2.0,0.006796556411418215,38.0,32.0,0.2,1.0315695864828813,0.11911334182365757,20240615095007658_sardine_bad_(0).png,yes,yes
14.0,3.0,14.0,15.0,2.0,0.006188118811881188,36.0,30.0,0.21428571428571427,1.0233843537414966,0.13429154852300398,20240615095017918_sardine_bad_(0).png,yes,yes
15.0,3.0,16.0,15.0,3.0,0.0068997240110395585,40.0,34.0,0.2,1.0260983036102653,0.12002828773121449,20240615095028034_sardine_bad_(0).png,yes,yes
15.0,3.0,16.0,15.0,3.0,0.007533902561526871,37.0,28.0,0.2,1.0285437832607645,0.08365714375347089,20240615095036666_sardine_bad_(0).png,yes,yes
15.0,3.0,16.0,15.0,3.0,0.007641365257259297,39.0,33.0,0.2,1.027197668771248,0.09663542534388483,20240615095048651_sardine_bad_(0).png,yes,yes
16.0,3.0,16.0,15.0,2.0,0.006242197253433208,40.0,32.0,0.1875,1.0231586940015187,0.13723345921974453,20240615095108304_sardine_bad_(0).png,yes,yes
16.0,3.0,16.0,15.0,3.0,0.007045561296383279,41.0,33.0,0.1875,1.0298507462686568,0.112453910621983,20240615095117289_sardine_bad_(0).png,yes,yes
16.0,4.0,17.0,15.0,2.0,0.006060606060606061,41.0,35.0,0.25,1.0377906976744187,0.16298418877354864,20240615095131753_sardine_bad_(0).png,yes,yes
16.0,3.0,16.0,15.0,2.0,0.006527415143603133,40.0,33.0,0.1875,1.0226171243941842,0.13110175306506044,20240615095139687_sardine_bad_(0).png,yes,yes
15.0,3.0,15.0,15.0,2.0,0.006513243595310464,37.0,29.0,0.2,1.022501081782778,0.11505315463603742,20240615095149174_sardine_bad_(0).png,yes,yes
15.0,4.0,16.0,15.0,2.0,0.0066815144766146995,38.0,30.0,0.26666666666666666,1.0452001721911321,0.1140929870722799,20240615095158265_sardine_bad_(0).png,yes,yes
14.0,2.0,15.0,15.0,2.0,0.006693440428380187,35.0,31.0,0.14285714285714285,1.0193606483565962,0.11561875907770515,20240615095210664_sardine_bad_(0).png,yes,yes
16.0,5.0,17.0,15.0,2.0,0.006613756613756613,41.0,37.0,0.3125,1.0501212611156023,0.14446909108142167,20240615095220672_sardine_bad_(0).png,yes,yes
15.0,3.0,16.0,15.0,2.0,0.006811989100817439,41.0,35.0,0.2,1.0223175965665237,0.12717906641142296,20240615095231882_sardine_bad_(0).png,yes,yes
14.0,3.0,15.0,15.0,2.0,0.007032348804500703,35.0,29.0,0.21428571428571427,1.02104256336681,0.10008879130355847,20240615095332048_sardine_bad_(0).png,yes,yes
15.0,3.0,15.0,15.0,1.0,0.006286672254819782,39.0,33.0,0.2,1.021440129449838,0.14047965659575376,20240615095413839_sardine_bad_(0).png,yes,yes
15.0,4.0,15.0,15.0,2.0,0.005978477481068154,37.0,31.0,0.26666666666666666,1.0385073441842,0.1491607961948396,20240615095422735_sardine_bad_(0).png,yes,yes
15.0,3.0,15.0,15.0,2.0,0.005907837731390311,38.0,32.0,0.2,1.0241715399610136,0.15401127771369985,20240615095431646_sardine_bad_(0).png,yes,yes
15.0,3.0,15.0,15.0,3.0,0.006818181818181818,39.0,34.0,0.2,1.0294894366197183,0.124251673368149,20240615095442611_sardine_bad_(0).png,yes,yes
16.0,3.0,16.0,15.0,2.0,0.006102522375915379,39.0,34.0,0.1875,1.0231411229135052,0.15667276408112266,20240615095452855_sardine_bad_(0).png,yes,yes
,,,,,,,,,,,20240615095502180_sardine_bad.jpeg,yes,no
16.0,3.0,16.0,15.0,2.0,0.006593406593406593,41.0,36.0,0.1875,1.0282030620467364,0.13982277449378444,20240615095511584_sardine_bad_(0).png,yes,yes
14.0,3.0,14.0,15.0,2.0,0.006781193490054249,36.0,27.0,0.21428571428571427,1.0336492890995261,0.1013340555448759,20240615095521883_sardine_bad_(0).png,yes,yes
,,,,,,,,,,,20240615095533663_sardine_bad.jpeg,yes,no
16.0,3.0,16.0,15.0,1.0,0.0061374795417348605,40.0,36.0,0.1875,1.0200594353640415,0.16295740620594643,20240615095542312_sardine_bad_(0).png,yes,yes
16.0,3.0,16.0,15.0,1.0,0.006861848124428179,41.0,36.0,0.1875,1.019884009942005,0.12995944735464993,20240615095551728_sardine_bad_(0).png,yes,yes
14.0,3.0,15.0,15.0,2.0,0.007334963325183374,36.0,34.0,0.21428571428571427,1.0275726243229937,0.10570295145563673,20240615095601844_sardine_bad_(0).png,yes,yes
17.0,3.0,17.0,15.0,2.0,0.007392804337111878,41.0,35.0,0.17647058823529413,1.0195397307859313,0.10849451266072878,20240615095611455_sardine_bad_(0).png,yes,yes
16.0,4.0,17.0,15.0,4.0,0.007792207792207792,40.0,34.0,0.25,1.0364238410596027,0.09502187993933957,20240615095622791_sardine_bad_(0).png,yes,yes
15.0,4.0,16.0,15.0,2.0,0.00663716814159292,39.0,35.0,0.26666666666666666,1.0333333333333334,0.1335979551134179,20240615095632607_sardine_bad_(0).png,yes,yes
15.0,3.0,16.0,15.0,3.0,0.007684426229508197,39.0,34.0,0.2,1.028992628992629,0.09695606524200094,20240615095657958_sardine_bad_(0).png,yes,yes
15.0,4.0,16.0,15.0,1.0,0.00631578947368421,39.0,34.0,0.26666666666666666,1.0344275420336269,0.14425833480178563,20240615095712207_sardine_bad_(0).png,yes,yes
14.0,4.0,15.0,15.0,1.0,0.006185567010309278,37.0,28.0,0.2857142857142857,1.0499168053244592,0.12221628166517151,20240615095722806_sardine_bad_(0).png,yes,yes
14.0,3.0,15.0,15.0,2.0,0.007374631268436578,38.0,34.0,0.21428571428571427,1.0339566929133859,0.10576886493976675,20240615095732336_sardine_bad_(0).png,yes,yes
15.0,3.0,16.0,15.0,2.0,0.007338551859099804,40.0,35.0,0.2,1.02346316283435,0.11012457815370157,20240615095742059_sardine_bad_(0).png,yes,yes
16.0,4.0,16.0,15.0,2.0,0.007180469123982767,40.0,36.0,0.25,1.0416851441241686,0.11659669825174078,20240615095809040_sardine_bad_(0).png,yes,yes
15.0,4.0,16.0,15.0,1.0,0.007295719844357977,39.0,23.0,0.26666666666666666,1.0445286594031264,0.07339624983980521,20240615095820991_sardine_bad_(0).png,yes,yes
15.0,3.0,16.0,15.0,2.0,0.006843065693430657,38.0,31.0,0.2,1.0185424752048298,0.11065347128775258,20240615095830863_sardine_bad_(0).png,yes,yes
15.0,3.0,16.0,15.0,2.0,0.007052186177715092,39.0,34.0,0.2,1.0255957634598412,0.11616392199581357,20240615095844014_sardine_bad_(0).png,yes,yes
14.0,3.0,14.0,15.0,1.0,0.007115749525616698,36.0,28.0,0.21428571428571427,1.0311572700296736,0.09403751628647102,20240615095852696_sardine_bad_(0).png,yes,yes
15.0,3.0,15.0,15.0,2.0,0.0072254335260115606,38.0,31.0,0.2,1.0279329608938548,0.1019472178168653,20240615095927384_sardine_bad_(0).png,yes,yes
14.0,4.0,15.0,15.0,3.0,0.006858710562414266,36.0,28.0,0.2857142857142857,1.0445920303605314,0.10124478031953522,20240615095937489_sardine_bad_(0).png,yes,yes
,,,,,,,,,,,20240615095947090_sardine_bad.jpeg,yes,no
13.0,3.0,14.0,15.0,2.0,0.006530256856769699,35.0,25.0,0.23076923076923078,1.0421920465567411,0.09928731671045324,20240615100237328_sardine_bad_(0).png,yes,yes
16.0,3.0,16.0,15.0,1.0,0.007458975634012929,39.0,31.0,0.1875,1.028756957328386,0.09472710482613525,20240615100244703_sardine_bad_(0).png,yes,yes
15.0,4.0,16.0,15.0,1.0,0.007281553398058253,39.0,31.0,0.26666666666666666,1.0358139534883721,0.09897093198662907,20240615100252629_sardine_bad_(0).png,yes,yes
15.0,3.0,16.0,15.0,2.0,0.006843065693430657,38.0,30.0,0.2,1.0263042525208241,0.11010572189115297,20240615100301773_sardine_bad_(0).png,yes,yes
16.0,3.0,17.0,15.0,2.0,0.0070191857744501636,42.0,36.0,0.1875,1.0217664294683968,0.12487418033662266,20240615100310044_sardine_bad_(0).png,yes,yes
14.0,3.0,15.0,15.0,3.0,0.006947660954145438,37.0,30.0,0.21428571428571427,1.0330693991616209,0.1039815248675723,20240615100317939_sardine_bad_(0).png,yes,yes
16.0,4.0,17.0,15.0,2.0,0.007708119218910586,40.0,35.0,0.25,1.0309372156505914,0.10023580340360545,20240615100327046_sardine_bad_(0).png,yes,yes
16.0,3.0,16.0,15.0,2.0,0.007696254489481785,40.0,35.0,0.1875,1.0254074784276126,0.10052140068990559,20240615100336858_sardine_bad_(0).png,yes,yes
14.0,3.0,14.0,15.0,2.0,0.007853403141361256,35.0,27.0,0.21428571428571427,1.0238756246529706,0.07472862000192233,20240615100344839_sardine_bad_(0).png,yes,yes
15.0,3.0,15.0,15.0,2.0,0.007836990595611285,37.0,30.0,0.2,1.0206611570247934,0.08201731639006365,20240615100353591_sardine_bad_(0).png,yes,yes
15.0,3.0,15.0,15.0,1.0,0.00832870627429206,39.0,34.0,0.2,1.0240513094601817,0.08190417881477209,20240615100402591_sardine_bad_(0).png,yes,yes
15.0,3.0,16.0,15.0,2.0,0.007407407407407408,39.0,32.0,0.2,1.0255924170616113,0.10032925036844803,20240615100412768_sardine_bad_(0).png,yes,yes
15.0,4.0,16.0,15.0,2.0,0.007112375533428165,39.0,30.0,0.26666666666666666,1.0443349753694582,0.10188380737643642,20240615100430019_sardine_bad_(0).png,yes,yes
15.0,5.0,16.0,15.0,1.0,0.007281553398058253,39.0,34.0,0.3333333333333333,1.066949552098067,0.1100039314473066,20240615100439601_sardine_bad_(0).png,yes,yes
15.0,3.0,15.0,15.0,1.0,0.0070555032925682035,38.0,31.0,0.2,1.0211494252873563,0.10721245367700458,20240615100448815_sardine_bad_(0).png,yes,yes
14.0,4.0,15.0,15.0,2.0,0.007633587786259542,37.0,29.0,0.2857142857142857,1.0445696721311475,0.08433138029176812,20240615100459564_sardine_bad_(0).png,yes,yes
15.0,3.0,15.0,15.0,2.0,0.007389162561576354,36.0,28.0,0.2,1.020578147966683,0.08730833360032467,20240615100508513_sardine_bad_(0).png,yes,yes
14.0,3.0,15.0,15.0,1.0,0.007392804337111878,37.0,29.0,0.21428571428571427,1.0265664160401002,0.08910193128177196,20240615100517759_sardine_bad_(0).png,yes,yes
16.0,4.0,17.0,15.0,2.0,0.0073964497041420114,42.0,36.0,0.25,1.0336624775583483,0.11103610323486693,20240615100527071_sardine_bad_(0).png,yes,yes
14.0,4.0,15.0,15.0,1.0,0.007503751875937969,38.0,33.0,0.2857142857142857,1.0383064516129032,0.09877135596885814,20240615100536381_sardine_bad_(0).png,yes,yes
15.0,3.0,15.0,15.0,2.0,0.0078125,41.0,32.0,0.2,1.026534859521332,0.08824872711884318,20240615100544806_sardine_bad_(0).png,yes,yes
15.0,4.0,15.0,15.0,3.0,0.007780082987551867,38.0,31.0,0.26666666666666666,1.0368873168266801,0.08586466142829681,20240615100553587_sardine_bad_(0).png,yes,yes
15.0,3.0,15.0,15.0,2.0,0.007530120481927711,39.0,33.0,0.2,1.0215264187866928,0.09805682042697253,20240615100603492_sardine_bad_(0).png,yes,yes
15.0,5.0,15.0,15.0,3.0,0.007374631268436578,37.0,31.0,0.3333333333333333,1.0570175438596492,0.09600649389657824,20240615100618741_sardine_bad_(0).png,yes,yes
14.0,3.0,14.0,15.0,3.0,0.00732421875,35.0,30.0,0.21428571428571427,1.0236299648064353,0.09520610395574351,20240615100631317_sardine_bad_(0).png,yes,yes
15.0,3.0,16.0,15.0,2.0,0.006364022061943148,39.0,32.0,0.2,1.0235059760956176,0.13318612098979024,20240615100921063_sardine_bad_(0).png,yes,yes
15.0,4.0,16.0,15.0,2.0,0.006602112676056338,37.0,34.0,0.26666666666666666,1.0335741606459838,0.13110442297834166,20240615100929910_sardine_bad_(0).png,yes,yes
16.0,3.0,16.0,15.0,3.0,0.006628369421122404,40.0,35.0,0.1875,1.0261569416498995,0.13426284695523089,20240615100939077_sardine_bad_(0).png,yes,yes
15.0,4.0,15.0,15.0,2.0,0.006432246998284734,39.0,34.0,0.26666666666666666,1.0411016949152543,0.13752790059378872,20240615100948433_sardine_bad_(0).png,yes,yes
15.0,3.0,16.0,15.0,1.0,0.006369426751592357,39.0,32.0,0.2,1.0215097402597402,0.13456821828677004,20240615101001306_sardine_bad_(0).png,yes,yes
16.0,4.0,17.0,15.0,2.0,0.006896551724137931,41.0,35.0,0.25,1.033828382838284,0.12391317842496476,20240615101009230_sardine_bad_(0).png,yes,yes
16.0,4.0,16.0,15.0,3.0,0.006732495511669659,42.0,36.0,0.25,1.0387788778877889,0.1362153044769106,20240615101018077_sardine_bad_(0).png,yes,yes
16.0,4.0,17.0,15.0,1.0,0.007306380905991232,42.0,36.0,0.25,1.0414150129421915,0.11345604588512966,20240615101027158_sardine_bad_(0).png,yes,yes
14.0,2.0,14.0,15.0,1.0,0.006252605252188412,36.0,28.0,0.14285714285714285,1.0199393151278717,0.1203702035007903,20240615101035739_sardine_bad_(0).png,yes,yes
15.0,5.0,16.0,15.0,3.0,0.007009345794392523,40.0,33.0,0.3333333333333333,1.050711743772242,0.1134671427122047,20240615101047926_sardine_bad_(0).png,yes,yes
16.0,3.0,16.0,15.0,2.0,0.007062146892655367,41.0,35.0,0.1875,1.0259797446059005,0.11711566264577726,20240615101056199_sardine_bad_(0).png,yes,yes
14.0,3.0,15.0,15.0,2.0,0.007022471910112359,37.0,29.0,0.21428571428571427,1.03,0.09860832438912384,20240615101105474_sardine_bad_(0).png,yes,yes
14.0,3.0,14.0,15.0,1.0,0.006361323155216285,36.0,29.0,0.21428571428571427,1.0309597523219813,0.11984314593212013,20240615101114573_sardine_bad_(0).png,yes,yes
18.0,4.0,19.0,15.0,2.0,0.007433102081268583,47.0,43.0,0.2222222222222222,1.0316080600553141,0.130890079002734,20240615101123624_sardine_bad_(0).png,yes,yes
15.0,3.0,15.0,15.0,2.0,0.006558810668998688,39.0,31.0,0.2,1.0295250320924263,0.12032998793199197,20240615101148698_sardine_bad_(0).png,yes,yes
15.0,3.0,15.0,15.0,1.0,0.006521739130434782,38.0,30.0,0.2,1.0246075519728468,0.12021017557349738,20240615101157048_sardine_bad_(0).png,yes,yes
14.0,3.0,14.0,15.0,2.0,0.006329113924050633,34.0,30.0,0.21428571428571427,1.0263388937664617,0.12733634099064461,20240615101250732_sardine_bad_(0).png,yes,yes
17.0,5.0,18.0,15.0,1.0,0.004868549172346641,43.0,39.0,0.29411764705882354,1.043550165380375,0.22930701388888888,20240620092807310_sardine_bad_(0).png,yes,yes
16.0,3.0,17.0,15.0,1.0,0.004571776897287412,42.0,39.0,0.1875,1.0214266341198808,0.25990111111111114,20240620092818031_sardine_bad_(0).png,yes,yes
16.0,3.0,16.0,15.0,1.0,0.0050335570469798654,40.0,33.0,0.1875,1.0270185359723532,0.18463430555555554,20240620092831159_sardine_bad_(0).png,yes,yes
16.0,4.0,17.0,15.0,1.0,0.004745333755140778,42.0,35.0,0.25,1.0335227272727272,0.2185101388888889,20240620092844616_sardine_bad_(0).png,yes,yes
16.0,4.0,17.0,15.0,1.0,0.005241090146750524,40.0,34.0,0.25,1.039259495691031,0.17253,20240620092855455_sardine_bad_(0).png,yes,yes
15.0,3.0,15.0,15.0,1.0,0.004772510340439071,38.0,31.0,0.2,1.0272496831432192,0.1924415277777778,20240620092907194_sardine_bad_(0).png,yes,yes
16.0,3.0,16.0,15.0,1.0,0.0050217609641781055,40.0,32.0,0.1875,1.0172413793103448,0.1794017361111111,20240620092918826_sardine_bad_(0).png,yes,yes
16.0,5.0,17.0,15.0,1.0,0.0052668539325842695,44.0,39.0,0.3125,1.044131455399061,0.19957243055555557,20240620092929906_sardine_bad_(0).png,yes,yes
9.0,1.0,9.0,15.0,1.0,0.0052668539325842695,23.0,6.0,0.1111111111111111,1.0071902654867257,0.030594444444444445,20240620092929906_sardine_bad_(1).png,yes,yes
19.0,5.0,19.0,15.0,1.0,0.005496518871381458,49.0,48.0,0.2631578947368421,1.0374531835205993,0.22404770833333335,20240620092941195_sardine_bad_(0).png,yes,yes
17.0,4.0,18.0,15.0,1.0,0.005393743257820928,45.0,39.0,0.23529411764705882,1.0343242414955562,0.18653506944444445,20240620092951947_sardine_bad_(0).png,yes,yes
17.0,4.0,18.0,15.0,1.0,0.00536480686695279,45.0,43.0,0.23529411764705882,1.0293317205926822,0.2090025,20240620093001183_sardine_bad_(0).png,yes,yes
17.0,3.0,17.0,15.0,1.0,0.0051387461459403904,44.0,41.0,0.17647058823529413,1.0226190476190475,0.21564743055555555,20240620093013089_sardine_bad_(0).png,yes,yes
16.0,3.0,17.0,15.0,1.0,0.005129958960328317,41.0,37.0,0.1875,1.0251610923596195,0.19792458333333332,20240620093023954_sardine_bad_(0).png,yes,yes
16.0,3.0,17.0,15.0,1.0,0.005199306759098787,41.0,37.0,0.1875,1.0232126276694522,0.19228006944444445,20240620093035394_sardine_bad_(0).png,yes,yes
17.0,4.0,18.0,15.0,3.0,0.00648228176318064,43.0,43.0,0.23529411764705882,1.0349962769918093,0.1727065111175189,20240620093044726_sardine_bad_(0).png,yes,yes
17.0,3.0,17.0,15.0,1.0,0.005210142410559222,45.0,36.0,0.17647058823529413,1.0206978119455943,0.1881965277777778,20240620093046998_sardine_bad_(0).png,yes,yes
17.0,3.0,17.0,15.0,3.0,0.006696428571428571,44.0,40.0,0.17647058823529413,1.0241935483870968,0.14885934629843223,20240620093055560_sardine_bad_(0).png,yes,yes
16.0,4.0,17.0,15.0,1.0,0.004758883248730965,42.0,38.0,0.25,1.035340684195646,0.23547527777777777,20240620093057810_sardine_bad_(0).png,yes,yes
15.0,4.0,16.0,15.0,1.0,0.0044629574531389465,39.0,33.0,0.26666666666666666,1.0373645179691957,0.23476166666666667,20240620093109974_sardine_bad_(0).png,yes,yes
15.0,3.0,15.0,15.0,2.0,0.004560656734569778,38.0,32.0,0.2,1.024131842260153,0.21594159722222223,20240620093120443_sardine_bad_(0).png,yes,yes
14.0,4.0,15.0,15.0,1.0,0.004431314623338257,38.0,32.0,0.2857142857142857,1.0352383772579212,0.22804479166666666,20240620093204613_sardine_bad_(0).png,yes,yes
15.0,3.0,15.0,15.0,1.0,0.004061738424045491,38.0,32.0,0.2,1.033051295610788,0.27123493055555553,20240620093216453_sardine_bad_(0).png,yes,yes
15.0,3.0,15.0,15.0,1.0,0.004165509580672035,39.0,34.0,0.2,1.0295312923327011,0.27346743055555556,20240620093228954_sardine_bad_(0).png,yes,yes
15.0,3.0,16.0,15.0,1.0,0.0042456835550523635,39.0,34.0,0.2,1.0282072145375645,0.2666472916666667,20240620093251821_sardine_bad_(0).png,yes,yes
14.0,4.0,14.0,15.0,1.0,0.003991484832357637,37.0,29.0,0.2857142857142857,1.0380872949680289,0.25718166666666664,20240620093300940_sardine_bad_(0).png,yes,yes
14.0,5.0,15.0,15.0,1.0,0.004311583788444955,34.0,33.0,0.35714285714285715,1.0572021339656195,0.25062569444444444,20240620093340564_sardine_bad_(0).png,yes,yes
13.0,3.0,14.0,15.0,2.0,0.003951527924130664,32.0,31.0,0.23076923076923078,1.0306890561667632,0.28150305555555555,20240620093350605_sardine_bad_(0).png,yes,yes
15.0,3.0,16.0,15.0,1.0,0.004431314623338257,39.0,34.0,0.2,1.028349082823791,0.24329125,20240620093359773_sardine_bad_(0).png,yes,yes
18.0,4.0,19.0,15.0,3.0,0.0063532401524777635,47.0,44.0,0.2222222222222222,1.029331514324693,0.18502140269234055,20240620093415027_sardine_bad_(0).png,yes,yes
14.0,3.0,14.0,15.0,1.0,0.0040595399188092015,32.0,34.0,0.21428571428571427,1.0258743247085584,0.2914661111111111,20240620093427853_sardine_bad_(0).png,yes,yes
15.0,2.0,15.0,15.0,1.0,0.004545454545454545,38.0,28.0,0.13333333333333333,1.0172767203513908,0.19418819444444443,20240620093437770_sardine_bad_(0).png,yes,yes
16.0,4.0,16.0,15.0,1.0,0.004440497335701598,41.0,36.0,0.25,1.0317848410757946,0.26029715277777776,20240620093455997_sardine_bad_(0).png,yes,yes
15.0,4.0,16.0,15.0,1.0,0.004465614766299494,39.0,38.0,0.26666666666666666,1.0436989004792783,0.2709772916666667,20240620093522482_sardine_bad_(0).png,yes,yes
4.0,0.0,4.0,15.0,1.0,0.004465614766299494,9.0,2.0,0.0,1.007729468599034,0.01440513888888889,20240620093522482_sardine_bad_(1).png,yes,yes
16.0,4.0,16.0,15.0,1.0,0.004606879606879607,42.0,36.0,0.25,1.033749290981282,0.23824097222222224,20240620093533772_sardine_bad_(0).png,yes,yes
15.0,3.0,15.0,15.0,1.0,0.0045303533675626695,38.0,33.0,0.2,1.0218432076600839,0.22365666666666667,20240620093544810_sardine_bad_(0).png,yes,yes
7.0,0.0,7.0,15.0,1.0,0.0045303533675626695,19.0,4.0,0.0,1.0080098582871226,0.028111875,20240620093544810_sardine_bad_(1).png,yes,yes
17.0,5.0,18.0,15.0,2.0,0.006747638326585695,43.0,41.0,0.29411764705882354,1.042264443582784,0.15382471752317484,20240620093551241_sardine_bad_(0).png,yes,yes
16.0,3.0,16.0,15.0,1.0,0.0046801872074883,41.0,33.0,0.1875,1.0195412064570943,0.21280402777777777,20240620093555532_sardine_bad_(0).png,yes,yes
17.0,5.0,18.0,15.0,4.0,0.006640106241699867,43.0,40.0,0.29411764705882354,1.0462928114414753,0.15154502875496603,20240620093601199_sardine_bad_(0).png,yes,yes
16.0,4.0,17.0,15.0,1.0,0.004862236628849271,42.0,38.0,0.25,1.0368115942028986,0.2288688888888889,20240620093607079_sardine_bad_(0).png,yes,yes
16.0,3.0,17.0,15.0,3.0,0.006561679790026247,42.0,41.0,0.1875,1.025531914893617,0.1602414369206288,20240620093610410_sardine_bad_(0).png,yes,yes
17.0,4.0,18.0,15.0,2.0,0.006781193490054249,44.0,41.0,0.23529411764705882,1.0336134453781514,0.14964697071639113,20240620093618678_sardine_bad_(0).png,yes,yes
15.0,4.0,16.0,15.0,1.0,0.004278379920136908,39.0,34.0,0.26666666666666666,1.0324412003244121,0.25809493055555555,20240620093625613_sardine_bad_(0).png,yes,yes
17.0,6.0,18.0,15.0,3.0,0.006781193490054249,44.0,39.0,0.35294117647058826,1.064072327044025,0.14352536017130163,20240620093627219_sardine_bad_(0).png,yes,yes
15.0,3.0,16.0,15.0,1.0,0.004366812227074236,40.0,34.0,0.2,1.0303285593934288,0.2534125,20240620093636244_sardine_bad_(0).png,yes,yes
19.0,5.0,19.0,15.0,3.0,0.007886435331230283,47.0,50.0,0.2631578947368421,1.0413907284768211,0.1367452822632321,20240620093642144_sardine_bad_(0).png,yes,yes
15.0,3.0,15.0,15.0,1.0,0.004388531304856641,38.0,28.0,0.2,1.0204610951008646,0.20501458333333333,20240620093649143_sardine_bad_(0).png,yes,yes
17.0,4.0,18.0,15.0,2.0,0.006864988558352402,44.0,41.0,0.23529411764705882,1.0260736196319018,0.14577242593660558,20240620093650284_sardine_bad_(0).png,yes,yes
15.0,3.0,16.0,15.0,1.0,0.004405286343612335,41.0,35.0,0.2,1.0294362677034157,0.2539445833333333,20240620093700208_sardine_bad_(0).png,yes,yes
16.0,4.0,17.0,15.0,3.0,0.0074367873078829945,44.0,38.0,0.25,1.0381374722838137,0.11508744633474305,20240620093701279_sardine_bad_(0).png,yes,yes
14.0,2.0,14.0,15.0,1.0,0.004350348027842227,34.0,29.0,0.14285714285714285,1.0198776758409787,0.21855493055555555,20240620093711231_sardine_bad_(0).png,yes,yes
17.0,4.0,18.0,15.0,1.0,0.00715648854961832,45.0,43.0,0.23529411764705882,1.0284784377542717,0.14222202531611775,20240620093718076_sardine_bad_(0).png,yes,yes
15.0,4.0,15.0,15.0,1.0,0.00429676310512747,36.0,34.0,0.26666666666666666,1.0365401084784471,0.2586545138888889,20240620093722451_sardine_bad_(0).png,yes,yes
17.0,4.0,18.0,15.0,3.0,0.007334963325183374,45.0,40.0,0.23529411764705882,1.0276266220175805,0.12623867289290444,20240620093729217_sardine_bad_(0).png,yes,yes
16.0,4.0,17.0,15.0,1.0,0.004631058968817536,42.0,35.0,0.25,1.0386218393998332,0.23225291666666667,20240620093735576_sardine_bad_(0).png,yes,yes
17.0,5.0,18.0,15.0,2.0,0.006934812760055479,44.0,36.0,0.29411764705882354,1.0423259493670887,0.12529827937438592,20240620093739108_sardine_bad_(0).png,yes,yes
16.0,3.0,16.0,15.0,1.0,0.00476341695776437,40.0,31.0,0.1875,1.0192307692307692,0.19122881944444445,20240620093746955_sardine_bad_(0).png,yes,yes
14.0,3.0,15.0,15.0,1.0,0.004286939125464418,36.0,29.0,0.21428571428571427,1.0233168172544447,0.221154375,20240620093758277_sardine_bad_(0).png,yes,yes
14.0,3.0,15.0,15.0,1.0,0.004110715264456015,35.0,34.0,0.21428571428571427,1.0348933813348102,0.28497652777777777,20240620093838988_sardine_bad_(0).png,yes,yes
14.0,3.0,15.0,15.0,1.0,0.004361733061936609,36.0,31.0,0.21428571428571427,1.0230926629640456,0.22951125,20240620093850135_sardine_bad_(0).png,yes,yes
15.0,4.0,16.0,15.0,1.0,0.0043949604453559915,38.0,37.0,0.26666666666666666,1.0473356009070294,0.2667351388888889,20240620093900409_sardine_bad_(0).png,yes,yes
17.0,4.0,17.0,15.0,1.0,0.00641025641025641,50.0,37.0,0.23529411764705882,1.0345724907063196,0.15189203404673415,20240620093904403_sardine_bad_(0).png,yes,yes
15.0,4.0,16.0,15.0,1.0,0.004668534080298786,40.0,32.0,0.26666666666666666,1.034319526627219,0.20741430555555557,20240620093910485_sardine_bad_(0).png,yes,yes
17.0,5.0,18.0,15.0,1.0,0.00635862653666808,45.0,40.0,0.29411764705882354,1.0490593876798229,0.16525603467149386,20240620093913238_sardine_bad_(0).png,yes,yes
15.0,3.0,16.0,15.0,1.0,0.004368083867210251,39.0,34.0,0.2,1.02062139125653,0.2522772916666667,20240620093921940_sardine_bad_(0).png,yes,yes
14.0,4.0,15.0,15.0,2.0,0.006527415143603133,38.0,29.0,0.2857142857142857,1.0460850111856823,0.11711140747148532,20240620093922832_sardine_bad_(0).png,yes,yes
17.0,3.0,18.0,15.0,1.0,0.00633445945945946,44.0,38.0,0.17647058823529413,1.0151836158192091,0.15884248579606133,20240620093931840_sardine_bad_(0).png,yes,yes
17.0,3.0,17.0,15.0,1.0,0.004908376963350785,44.0,37.0,0.17647058823529413,1.0187780269058295,0.21447722222222224,20240620093932847_sardine_bad_(0).png,yes,yes
16.0,3.0,16.0,15.0,2.0,0.006521739130434782,41.0,40.0,0.1875,1.0284810126582278,0.1592617456160024,20240620093940070_sardine_bad_(0).png,yes,yes
17.0,3.0,17.0,15.0,1.0,0.0046282011724776305,41.0,34.0,0.17647058823529413,1.024972855591748,0.2213686111111111,20240620093945489_sardine_bad_(0).png,yes,yes
17.0,4.0,18.0,15.0,1.0,0.006918819188191882,45.0,39.0,0.23529411764705882,1.0319108035371012,0.1388770411487035,20240620093948498_sardine_bad_(0).png,yes,yes
1.0,1.0,1.0,15.0,1.0,0.006918819188191882,4.0,0.0,1.0,1.1694214876033058,0.0021214129715066855,20240620093948498_sardine_bad_(1).png,yes,yes
16.0,3.0,16.0,15.0,1.0,0.004932587964485367,41.0,34.0,0.1875,1.0241646778042959,0.19498368055555557,20240620093955539_sardine_bad_(0).png,yes,yes
15.0,4.0,16.0,15.0,2.0,0.0070389488503050214,40.0,34.0,0.26666666666666666,1.0402532790592491,0.1172484908315178,20240620093958649_sardine_bad_(0).png,yes,yes
1.0,0.0,1.0,15.0,2.0,0.0070389488503050214,3.0,0.0,0.0,1.1224489795918366,0.0018714423405527788,20240620093958649_sardine_bad_(1).png,yes,yes
16.0,3.0,17.0,15.0,2.0,0.004801536491677336,41.0,35.0,0.1875,1.0282909930715936,0.21245034722222222,20240620094006738_sardine_bad_(0).png,yes,yes
17.0,6.0,18.0,15.0,1.0,0.006499133448873483,44.0,39.0,0.35294117647058826,1.0785419015407742,0.1570936091620744,20240620094014188_sardine_bad_(0).png,yes,yes
15.0,3.0,15.0,15.0,1.0,0.0043541364296081275,37.0,32.0,0.2,1.0238704177323104,0.23766034722222223,20240620094017534_sardine_bad_(0).png,yes,yes
18.0,4.0,19.0,15.0,1.0,0.00683371298405467,48.0,46.0,0.2222222222222222,1.0341535071612193,0.16531477276368065,20240620094023849_sardine_bad_(0).png,yes,yes
16.0,3.0,16.0,15.0,1.0,0.005170630816959669,41.0,35.0,0.1875,1.028894472361809,0.18413694444444445,20240620094030860_sardine_bad_(0).png,yes,yes
17.0,4.0,17.0,15.0,1.0,0.006584723441615452,49.0,39.0,0.23529411764705882,1.0301158301158302,0.1522228529892349,20240620094033280_sardine_bad_(0).png,yes,yes
15.0,3.0,16.0,15.0,1.0,0.004564820450395618,39.0,31.0,0.2,1.0281112737920937,0.21009777777777777,20240620094040848_sardine_bad_(0).png,yes,yes
16.0,5.0,17.0,15.0,1.0,0.005026809651474531,40.0,35.0,0.3125,1.0562075355157505,0.1926561111111111,20240620094051636_sardine_bad_(0).png,yes,yes
,,,,,,,,,,,20240620094052786_sardine_bad.jpeg,yes,no
15.0,3.0,16.0,15.0,2.0,0.006002400960384154,38.0,37.0,0.2,1.0297709923664122,0.1735467828879918,20240620094100539_sardine_bad_(0).png,yes,yes
15.0,3.0,16.0,15.0,1.0,0.004767959313413859,39.0,35.0,0.2,1.0267830273848932,0.2143621527777778,20240620094102545_sardine_bad_(0).png,yes,yes
15.0,3.0,16.0,15.0,3.0,0.006170300287947347,39.0,38.0,0.2,1.0287175452399686,0.1702602865083942,20240620094109919_sardine_bad_(0).png,yes,yes
16.0,4.0,17.0,15.0,1.0,0.0047694753577106515,42.0,34.0,0.25,1.0420096508657395,0.20968930555555557,20240620094111945_sardine_bad_(0).png,yes,yes
17.0,4.0,17.0,15.0,3.0,0.006002400960384154,42.0,39.0,0.23529411764705882,1.034965034965035,0.18493095937993934,20240620094119227_sardine_bad_(0).png,yes,yes
17.0,4.0,17.0,15.0,1.0,0.004813863928112966,43.0,36.0,0.23529411764705882,1.0325134294599942,0.22027819444444444,20240620094123086_sardine_bad_(0).png,yes,yes
16.0,3.0,17.0,15.0,2.0,0.00633445945945946,43.0,38.0,0.1875,1.0266816986095453,0.1610491691229869,20240620094128443_sardine_bad_(0).png,yes,yes
15.0,3.0,16.0,15.0,1.0,0.004725897920604915,40.0,35.0,0.2,1.023980815347722,0.22324465277777777,20240620094133723_sardine_bad_(0).png,yes,yes
,,,,,,,,,,,20240620094137283_sardine_bad.jpeg,yes,no
16.0,4.0,17.0,15.0,1.0,0.00441696113074205,41.0,37.0,0.25,1.0365500920326058,0.26971402777777775,20240620094144037_sardine_bad_(0).png,yes,yes
16.0,3.0,16.0,15.0,2.0,0.006437768240343348,39.0,33.0,0.1875,1.0224269122947538,0.13540515266564143,20240620094146437_sardine_bad_(0).png,yes,yes
18.0,3.0,18.0,15.0,2.0,0.006573181419807186,45.0,38.0,0.16666666666666666,1.0171407731582787,0.1505826918866675,20240620094154991_sardine_bad_(0).png,yes,yes
15.0,4.0,15.0,15.0,1.0,0.004859086491739553,38.0,30.0,0.26666666666666666,1.0396070975918885,0.17840125,20240620094157376_sardine_bad_(0).png,yes,yes
15.0,3.0,16.0,15.0,2.0,0.004677268475210477,38.0,38.0,0.2,1.0240427426536065,0.24219013888888888,20240620094209966_sardine_bad_(0).png,yes,yes
18.0,3.0,18.0,15.0,1.0,0.0065416484954208464,46.0,43.0,0.16666666666666666,1.0204520990312163,0.1707356145072408,20240620094210839_sardine_bad_(0).png,yes,yes
17.0,3.0,17.0,15.0,1.0,0.0062318238471125885,42.0,34.0,0.17647058823529413,1.0218420094648708,0.15000457222649408,20240620094219982_sardine_bad_(0).png,yes,yes
16.0,4.0,16.0,15.0,3.0,0.006871278057718736,42.0,38.0,0.25,1.0296822742474916,0.13452433158721006,20240620094230221_sardine_bad_(0).png,yes,yes
19.0,5.0,20.0,15.0,1.0,0.0069124423963133645,50.0,51.0,0.2631578947368421,1.0344947735191639,0.18091899750096116,20240620094239552_sardine_bad_(0).png,yes,yes
17.0,4.0,17.0,15.0,2.0,0.0064710957722174285,44.0,37.0,0.23529411764705882,1.0327502791216971,0.14852552370349012,20240620094248576_sardine_bad_(0).png,yes,yes
15.0,3.0,15.0,15.0,1.0,0.004703668861712135,38.0,32.0,0.2,1.031021897810219,0.20330756944444445,20240620094253362_sardine_bad_(0).png,yes,yes
16.0,5.0,17.0,15.0,2.0,0.006310475389145982,41.0,41.0,0.3125,1.0623040752351096,0.17456618915267633,20240620094302365_sardine_bad_(0).png,yes,yes
15.0,4.0,16.0,15.0,1.0,0.0046168051708217915,41.0,35.0,0.26666666666666666,1.0364583333333333,0.2309754861111111,20240620094303342_sardine_bad_(0).png,yes,yes
16.0,4.0,16.0,15.0,1.0,0.004589963280293758,39.0,37.0,0.25,1.0421260955612102,0.2497288888888889,20240620094313428_sardine_bad_(0).png,yes,yes
18.0,4.0,18.0,15.0,2.0,0.005147563486616335,45.0,42.0,0.2222222222222222,1.0258790436005625,0.22275444444444445,20240620094323569_sardine_bad_(0).png,yes,yes
8.0,0.0,8.0,15.0,2.0,0.005147563486616335,23.0,3.0,0.0,1.0041176470588236,0.020716805555555554,20240620094323569_sardine_bad_(1).png,yes,yes
16.0,3.0,17.0,15.0,3.0,0.005912495072920773,45.0,38.0,0.1875,1.0194782608695652,0.1854950619953864,20240620094331195_sardine_bad_(0).png,yes,yes
18.0,5.0,18.0,15.0,2.0,0.004897159647404506,51.0,39.0,0.2777777777777778,1.0372754089568248,0.22934715277777779,20240620094333969_sardine_bad_(0).png,yes,yes
16.0,3.0,17.0,15.0,2.0,0.00597609561752988,43.0,35.0,0.1875,1.0242857142857142,0.16802673717907643,20240620094339724_sardine_bad_(0).png,yes,yes
16.0,4.0,17.0,15.0,1.0,0.004784688995215311,41.0,35.0,0.25,1.0312769010043041,0.21515444444444445,20240620094344271_sardine_bad_(0).png,yes,yes
14.0,3.0,15.0,15.0,2.0,0.006321112515802781,36.0,36.0,0.21428571428571427,1.0280970625798211,0.15094504917980264,20240620094349164_sardine_bad_(0).png,yes,yes
15.0,2.0,15.0,15.0,1.0,0.0046918986549890525,38.0,30.0,0.13333333333333333,1.0187750076946753,0.19209201388888889,20240620094356605_sardine_bad_(0).png,yes,yes
18.0,5.0,18.0,15.0,3.0,0.006839945280437756,45.0,44.0,0.2777777777777778,1.0385633270321362,0.15794564523794266,20240620094359833_sardine_bad_(0).png,yes,yes
15.0,5.0,16.0,15.0,1.0,0.005341880341880342,38.0,29.0,0.3333333333333333,1.047970479704797,0.1452497222222222,20240620094407574_sardine_bad_(0).png,yes,yes
15.0,3.0,15.0,15.0,1.0,0.006402048655569782,37.0,33.0,0.2,1.0272572402044293,0.13627971613481993,20240620094409430_sardine_bad_(0).png,yes,yes
17.0,3.0,17.0,15.0,2.0,0.006678539626001781,42.0,46.0,0.17647058823529413,1.026029526029526,0.17274347272950574,20240620094418062_sardine_bad_(0).png,yes,yes
16.0,3.0,17.0,15.0,1.0,0.005417118093174431,41.0,35.0,0.1875,1.0210325047801148,0.1691204861111111,20240620094418289_sardine_bad_(0).png,yes,yes
7.0,1.0,7.0,15.0,1.0,0.005417118093174431,16.0,4.0,0.14285714285714285,1.0346420323325636,0.019755625,20240620094418289_sardine_bad_(1).png,yes,yes
17.0,4.0,17.0,15.0,2.0,0.006313131313131313,44.0,40.0,0.23529411764705882,1.0339539978094194,0.1706539318477936,20240620094427557_sardine_bad_(0).png,yes,yes
15.0,3.0,16.0,15.0,1.0,0.004789272030651341,39.0,31.0,0.2,1.02710027100271,0.19001069444444443,20240620094429762_sardine_bad_(0).png,yes,yes
15.0,2.0,15.0,15.0,1.0,0.005107252298263534,38.0,31.0,0.13333333333333333,1.0173315892740353,0.1653757638888889,20240620094439299_sardine_bad_(0).png,yes,yes
16.0,4.0,16.0,15.0,3.0,0.006839945280437756,41.0,38.0,0.25,1.0389773679798826,0.13766556799735144,20240620094444820_sardine_bad_(0).png,yes,yes
16.0,4.0,16.0,15.0,1.0,0.00495703899537343,40.0,32.0,0.25,1.033457249070632,0.18200236111111112,20240620094448736_sardine_bad_(0).png,yes,yes
17.0,4.0,17.0,15.0,2.0,0.00646551724137931,44.0,42.0,0.23529411764705882,1.028110944527736,0.16785961729463028,20240620094453192_sardine_bad_(0).png,yes,yes
15.0,4.0,16.0,15.0,1.0,0.004497751124437781,38.0,33.0,0.26666666666666666,1.0311526479750779,0.2273270138888889,20240620094459423_sardine_bad_(0).png,yes,yes
18.0,4.0,19.0,15.0,2.0,0.006527415143603133,47.0,46.0,0.2222222222222222,1.0260471664906723,0.18239913067623564,20240620094506214_sardine_bad_(0).png,yes,yes
18.0,6.0,20.0,15.0,1.0,0.005309734513274336,47.0,46.0,0.3333333333333333,1.0628683693516698,0.22755805555555556,20240620094513467_sardine_bad_(0).png,yes,yes
16.0,3.0,16.0,15.0,2.0,0.006321112515802781,41.0,36.0,0.1875,1.0251159196290571,0.15239080722158144,20240620094516608_sardine_bad_(0).png,yes,yes
16.0,3.0,17.0,15.0,1.0,0.004935834155972359,42.0,34.0,0.1875,1.0257837679460884,0.19561618055555555,20240620094523377_sardine_bad_(0).png,yes,yes
4.0,1.0,4.0,15.0,1.0,0.004935834155972359,9.0,2.0,0.25,1.0327485380116959,0.011610138888888889,20240620094523377_sardine_bad_(1).png,yes,yes
16.0,3.0,16.0,15.0,1.0,0.006587615283267457,40.0,40.0,0.1875,1.0223018717642374,0.15699140154427785,20240620094525658_sardine_bad_(0).png,yes,yes
16.0,4.0,17.0,15.0,1.0,0.004963600264725348,42.0,34.0,0.25,1.028181548501928,0.19605208333333332,20240620094532628_sardine_bad_(0).png,yes,yes
15.0,3.0,16.0,15.0,1.0,0.004672897196261682,38.0,36.0,0.2,1.0235539654144306,0.23336868055555557,20240620094543939_sardine_bad_(0).png,yes,yes
17.0,3.0,17.0,15.0,2.0,0.0061525840853158325,43.0,39.0,0.17647058823529413,1.018675123326286,0.17556632198086206,20240620094550762_sardine_bad_(0).png,yes,yes
15.0,3.0,16.0,15.0,1.0,0.004820051413881748,39.0,31.0,0.2,1.0277863538129053,0.18819083333333333,20240620094557309_sardine_bad_(0).png,yes,yes
18.0,4.0,18.0,15.0,2.0,0.0062266500622665,44.0,40.0,0.2222222222222222,1.033839779005525,0.1743097940428895,20240620094602412_sardine_bad_(0).png,yes,yes
16.0,4.0,17.0,15.0,1.0,0.004985044865403789,41.0,38.0,0.25,1.0432416087087995,0.21306833333333333,20240620094607791_sardine_bad_(0).png,yes,yes
7.0,0.0,7.0,15.0,1.0,0.004985044865403789,14.0,2.0,0.0,1.0021186440677967,0.01510638888888889,20240620094607791_sardine_bad_(1).png,yes,yes
15.0,3.0,15.0,15.0,2.0,0.006036217303822937,39.0,30.0,0.2,1.0252465483234714,0.13794148684800717,20240620094613515_sardine_bad_(0).png,yes,yes
16.0,4.0,16.0,15.0,1.0,0.00511770726714432,41.0,32.0,0.25,1.030976220275344,0.17202965277777776,20240620094619516_sardine_bad_(0).png,yes,yes
18.0,4.0,19.0,15.0,1.0,0.006291946308724832,46.0,43.0,0.2222222222222222,1.0308683853459972,0.18320936592229484,20240620094623676_sardine_bad_(0).png,yes,yes
16.0,4.0,17.0,15.0,1.0,0.0048543689320388345,38.0,34.0,0.25,1.040508574807806,0.20337097222222222,20240620094631995_sardine_bad_(0).png,yes,yes
15.0,5.0,16.0,15.0,2.0,0.006142506142506142,39.0,38.0,0.3333333333333333,1.0571766561514195,0.16807304348754754,20240620094634824_sardine_bad_(0).png,yes,yes
15.0,3.0,16.0,15.0,2.0,0.005045408678102927,39.0,30.0,0.2,1.0294784580498866,0.1664098611111111,20240620094643020_sardine_bad_(0).png,yes,yes
17.0,4.0,18.0,15.0,1.0,0.006738544474393531,45.0,46.0,0.23529411764705882,1.0257088846880906,0.17023075059272075,20240620094645389_sardine_bad_(0).png,yes,yes
15.0,3.0,16.0,15.0,2.0,0.0046168051708217915,39.0,31.0,0.2,1.03150765606596,0.20530847222222223,20240620094652468_sardine_bad_(0).png,yes,yes
,,,,,,,,,,,20240620094655517_sardine_bad.jpeg,yes,no
16.0,4.0,16.0,15.0,1.0,0.004940711462450593,40.0,33.0,0.25,1.0382165605095541,0.1926834027777778,20240620094702772_sardine_bad_(0).png,yes,yes
15.0,4.0,16.0,15.0,2.0,0.006687472135532769,42.0,29.0,0.26666666666666666,1.0474137931034482,0.11147947570912897,20240620094704867_sardine_bad_(0).png,yes,yes
15.0,3.0,15.0,15.0,1.0,0.004807692307692308,38.0,31.0,0.2,1.0332068311195446,0.18660006944444443,20240620094712944_sardine_bad_(0).png,yes,yes
16.0,3.0,16.0,15.0,2.0,0.006790402897238569,37.0,36.0,0.1875,1.0199406024607551,0.1321605405506429,20240620094715194_sardine_bad_(0).png,yes,yes
17.0,4.0,17.0,15.0,2.0,0.0070788107597923545,44.0,41.0,0.23529411764705882,1.0379851362510322,0.1386729596522705,20240620094723244_sardine_bad_(0).png,yes,yes
16.0,3.0,16.0,15.0,1.0,0.004887585532746823,41.0,34.0,0.1875,1.0244565217391304,0.198156875,20240620094724491_sardine_bad_(0).png,yes,yes
14.0,3.0,15.0,15.0,1.0,0.004604051565377533,37.0,29.0,0.21428571428571427,1.028949799815214,0.19642416666666668,20240620094734876_sardine_bad_(0).png,yes,yes
16.0,4.0,17.0,15.0,1.0,0.005060728744939271,42.0,33.0,0.25,1.0362167015863515,0.1841751388888889,20240620094744890_sardine_bad_(0).png,yes,yes
,,,,,,,,,,,20240620094745682_sardine_bad.jpeg,yes,no
15.0,4.0,16.0,15.0,2.0,0.005793742757821553,40.0,33.0,0.26666666666666666,1.0471318962367555,0.16436127998312614,20240620094759487_sardine_bad_(0).png,yes,yes
18.0,3.0,19.0,15.0,2.0,0.006967022758941012,47.0,45.0,0.16666666666666666,1.0162661737523104,0.15768866608462556,20240620094808706_sardine_bad_(0).png,yes,yes
18.0,4.0,19.0,15.0,2.0,0.00706880301602262,47.0,49.0,0.2222222222222222,1.0296352583586625,0.16559528052778846,20240620094817990_sardine_bad_(0).png,yes,yes
14.0,4.0,15.0,15.0,1.0,0.007503751875937969,36.0,34.0,0.2857142857142857,1.0434782608695652,0.10351620904353026,20240620094829283_sardine_bad_(0).png,yes,yes
18.0,4.0,18.0,15.0,3.0,0.00664599025254763,46.0,44.0,0.2222222222222222,1.0310672514619883,0.16981716433850227,20240620094840514_sardine_bad_(0).png,yes,yes
14.0,3.0,15.0,15.0,2.0,0.007466401194624191,37.0,35.0,0.21428571428571427,1.033932135728543,0.1072504999412619,20240620094850137_sardine_bad_(0).png,yes,yes
16.0,4.0,16.0,15.0,3.0,0.006934812760055479,41.0,41.0,0.25,1.0375586854460095,0.14311369291725404,20240620094907863_sardine_bad_(0).png,yes,yes
,,,,,,,,,,,20240620094927111_sardine_bad.jpeg,yes,no
16.0,4.0,16.0,15.0,2.0,0.006374840628984276,41.0,34.0,0.25,1.0317337461300309,0.14323525740633944,20240620094937280_sardine_bad_(0).png,yes,yes
16.0,3.0,16.0,15.0,4.0,0.006687472135532769,40.0,33.0,0.1875,1.0244598450876479,0.12581173707227988,20240620094946617_sardine_bad_(0).png,yes,yes
17.0,3.0,17.0,15.0,3.0,0.006607929515418502,42.0,37.0,0.17647058823529413,1.021021021021021,0.14459607883185954,20240620094955732_sardine_bad_(0).png,yes,yes
15.0,4.0,16.0,15.0,1.0,0.0075528700906344415,40.0,41.0,0.26666666666666666,1.0386450381679388,0.12229471036780726,20240620095005618_sardine_bad_(0).png,yes,yes
15.0,3.0,16.0,15.0,1.0,0.006374840628984276,39.0,39.0,0.2,1.0309734513274336,0.16202343716626083,20240620095015139_sardine_bad_(0).png,yes,yes
16.0,4.0,16.0,15.0,2.0,0.006421232876712328,42.0,39.0,0.25,1.0298156139662613,0.1586703598242129,20240620095027296_sardine_bad_(0).png,yes,yes
18.0,4.0,18.0,15.0,2.0,0.006167763157894737,46.0,43.0,0.2222222222222222,1.0318057455540355,0.19040544969349396,20240620095037400_sardine_bad_(0).png,yes,yes
17.0,3.0,17.0,15.0,3.0,0.006839945280437756,43.0,36.0,0.17647058823529413,1.016078431372549,0.13015485163291896,20240620095047296_sardine_bad_(0).png,yes,yes
15.0,4.0,15.0,15.0,1.0,0.006331785563528915,39.0,30.0,0.26666666666666666,1.0386855241264559,0.12886194612648982,20240620095105986_sardine_bad_(0).png,yes,yes
15.0,3.0,15.0,15.0,2.0,0.0065416484954208464,39.0,31.0,0.2,1.0249682606855692,0.12226367262591312,20240620095114432_sardine_bad_(0).png,yes,yes
16.0,3.0,16.0,15.0,1.0,0.00600480384307446,42.0,36.0,0.1875,1.0265938069216758,0.16911414279764192,20240620095133174_sardine_bad_(0).png,yes,yes
14.0,3.0,15.0,15.0,3.0,0.006117455138662317,37.0,32.0,0.21428571428571427,1.0327600327600328,0.14681294120316973,20240620095144169_sardine_bad_(0).png,yes,yes
,,,,,,,,,,,20240620095154624_sardine_bad.jpeg,yes,no
15.0,4.0,15.0,15.0,1.0,0.0066518847006651885,37.0,34.0,0.26666666666666666,1.041083916083916,0.12896690709235764,20240620095203133_sardine_bad_(0).png,yes,yes
17.0,6.0,18.0,15.0,3.0,0.007530120481927711,44.0,42.0,0.35294117647058826,1.0688453159041393,0.12613930205796917,20240620095212640_sardine_bad_(0).png,yes,yes
17.0,4.0,17.0,15.0,1.0,0.0070921985815602835,43.0,37.0,0.23529411764705882,1.0407239819004526,0.12592395686488103,20240620095235126_sardine_bad_(0).png,yes,yes
18.0,3.0,19.0,15.0,2.0,0.006861848124428179,47.0,42.0,0.16666666666666666,1.0201391431709996,0.15180467782156434,20240620095244120_sardine_bad_(0).png,yes,yes
15.0,3.0,16.0,15.0,2.0,0.0067598017124831005,39.0,34.0,0.2,1.0265410958904109,0.12672384619697552,20240620095253129_sardine_bad_(0).png,yes,yes
18.0,4.0,19.0,15.0,1.0,0.006705409029950827,47.0,46.0,0.2222222222222222,1.025557955363571,0.17167592459096928,20240620095304710_sardine_bad_(0).png,yes,yes
18.0,3.0,18.0,15.0,1.0,0.007451564828614009,46.0,43.0,0.16666666666666666,1.0207401382675885,0.13147395566342004,20240620095314789_sardine_bad_(0).png,yes,yes
14.0,3.0,15.0,15.0,2.0,0.006741573033707865,37.0,33.0,0.21428571428571427,1.02883295194508,0.1218943068104148,20240620095327411_sardine_bad_(0).png,yes,yes
14.0,3.0,15.0,15.0,2.0,0.006768953068592058,37.0,32.0,0.21428571428571427,1.0295454545454545,0.11809527051561365,20240620095336387_sardine_bad_(0).png,yes,yes
15.0,3.0,16.0,15.0,2.0,0.006366723259762309,38.0,36.0,0.2,1.0231143552311435,0.1483268654684096,20240620095344583_sardine_bad_(0).png,yes,yes
16.0,5.0,17.0,15.0,1.0,0.006388415672913117,42.0,39.0,0.3125,1.0454198473282443,0.16136989245589303,20240620095403830_sardine_bad_(0).png,yes,yes
16.0,4.0,16.0,15.0,1.0,0.00657606313020605,41.0,37.0,0.25,1.0398520953163517,0.14435144802746808,20240620095413146_sardine_bad_(0).png,yes,yes
16.0,3.0,17.0,15.0,2.0,0.007306380905991232,42.0,39.0,0.1875,1.0227571115973741,0.12268643670703576,20240620095752977_sardine_bad_(0).png,yes,yes
,,,,,,,,,,,20240622090202365_sardine_bad.jpeg,yes,no
,,,,,,,,,,,20240622094035650_sardine_bad.jpeg,yes,no
16.0,4.0,17.0,15.0,2.0,0.006675567423230975,41.0,42.0,0.25,1.0313253012048194,0.1595705377739331,20240622094046062_sardine_bad_(0).png,yes,yes
18.0,5.0,19.0,15.0,2.0,0.007668711656441718,48.0,50.0,0.2777777777777778,1.0356996306934756,0.1445542780020505,20240622094056267_sardine_bad_(0).png,yes,yes
18.0,4.0,18.0,15.0,1.0,0.00706880301602262,45.0,44.0,0.2222222222222222,1.0269426005466615,0.14746748713101798,20240622094105088_sardine_bad_(0).png,yes,yes
15.0,4.0,16.0,15.0,3.0,0.007784120394395433,38.0,38.0,0.26666666666666666,1.0467479674796747,0.10676557694156094,20240622094114764_sardine_bad_(0).png,yes,yes
,,,,,,,,,,,20240622094125403_sardine_bad.jpeg,yes,no
,,,,,,,,,,,20240622094133757_sardine_bad.jpeg,yes,no
16.0,4.0,17.0,15.0,2.0,0.00648508430609598,43.0,42.0,0.25,1.0297688993341167,0.1693546018625315,20240622094144897_sardine_bad_(0).png,yes,yes
,,,,,,,,,,,20240622094154617_sardine_bad.jpeg,yes,no
17.0,4.0,18.0,15.0,1.0,0.0063532401524777635,45.0,43.0,0.23529411764705882,1.0282485875706215,0.17898664776368065,20240622094206130_sardine_bad_(0).png,yes,yes
17.0,4.0,17.0,15.0,2.0,0.006544502617801047,44.0,41.0,0.23529411764705882,1.0296880871852687,0.16242133767995215,20240622094225767_sardine_bad_(0).png,yes,yes
,,,,,,,,,,,20240622094257411_sardine_bad.jpeg,yes,no
,,,,,,,,,,,20240622094258041_sardine_bad.jpeg,yes,no
,,,,,,,,,,,20240622094258536_sardine_bad.jpeg,yes,no
,,,,,,,,,,,20240622094259991_sardine_bad.jpeg,yes,no
,,,,,,,,,,,20240622094300484_sardine_bad.jpeg,yes,no
,,,,,,,,,,,20240622094306222_sardine_bad.jpeg,yes,no
,,,,,,,,,,,20240622094344685_sardine_bad.jpeg,yes,no
,,,,,,,,,,,20240622094345976_sardine_bad.jpeg,yes,no
,,,,,,,,,,,20240622094348226_sardine_bad.jpeg,yes,no
17.0,4.0,17.0,15.0,3.0,0.007228915662650603,41.0,42.0,0.23529411764705882,1.034351145038168,0.13594530949634756,20240622094927021_sardine_bad_(0).png,yes,yes
16.0,5.0,17.0,15.0,2.0,0.007035647279549718,40.0,36.0,0.3125,1.0548302872062663,0.12349950873595626,20240622094941146_sardine_bad_(0).png,yes,yes
16.0,5.0,17.0,15.0,2.0,0.007035647279549718,40.0,36.0,0.3125,1.0548302872062663,0.12349950873595626,20240622094942184_sardine_bad_(0).png,yes,yes
17.0,3.0,17.0,15.0,2.0,0.007473841554559043,43.0,41.0,0.17647058823529413,1.0268014059753954,0.12341924446793968,20240622095003080_sardine_bad_(0).png,yes,yes
17.0,3.0,17.0,15.0,3.0,0.007317073170731708,41.0,42.0,0.17647058823529413,1.026225279449699,0.13313781224635823,20240622095015562_sardine_bad_(0).png,yes,yes
15.0,4.0,16.0,15.0,1.0,0.007088846880907372,40.0,38.0,0.26666666666666666,1.0381336922386721,0.128392708867316,20240622095047501_sardine_bad_(0).png,yes,yes
16.0,4.0,16.0,15.0,1.0,0.007270964614638876,41.0,37.0,0.25,1.0303030303030303,0.11923882774787475,20240622095059258_sardine_bad_(0).png,yes,yes
17.0,5.0,17.0,15.0,3.0,0.007082152974504249,43.0,46.0,0.29411764705882354,1.043174342105263,0.15404548597761544,20240622095111737_sardine_bad_(0).png,yes,yes
15.0,3.0,16.0,15.0,2.0,0.007874015748031496,40.0,39.0,0.2,1.0282317979197622,0.10665636080140117,20240622095120706_sardine_bad_(0).png,yes,yes
15.0,4.0,16.0,15.0,1.0,0.007537688442211055,40.0,37.0,0.26666666666666666,1.0335409678965022,0.10892378465547439,20240622095137525_sardine_bad_(0).png,yes,yes
16.0,4.0,17.0,15.0,1.0,0.007816571130797291,43.0,40.0,0.25,1.0301904319554112,0.11098320557798283,20240622095146533_sardine_bad_(0).png,yes,yes
16.0,4.0,16.0,15.0,2.0,0.0074850299401197605,40.0,37.0,0.25,1.0332871012482663,0.11058380323807082,20240622095157028_sardine_bad_(0).png,yes,yes
16.0,5.0,17.0,15.0,1.0,0.007649158592554819,42.0,40.0,0.3125,1.0451436388508892,0.11529645048378828,20240622095245357_sardine_bad_(0).png,yes,yes
,,,,,,,,,,,20240622095300467_sardine_bad.jpeg,yes,no
16.0,5.0,17.0,15.0,2.0,0.006778129236330773,41.0,45.0,0.3125,1.0516260162601625,0.1646573900529711,20240622095401262_sardine_bad_(0).png,yes,yes
18.0,7.0,19.0,15.0,5.0,0.007767995857068877,46.0,53.0,0.3888888888888889,1.0762388818297333,0.14850950422380282,20240704094702371_sardine_bad_(0).png,yes,yes
20.0,5.0,21.0,15.0,3.0,0.007978723404255319,51.0,53.0,0.25,1.0333333333333334,0.14110775369516,20240704094718781_sardine_bad_(0).png,yes,yes
18.0,5.0,19.0,15.0,3.0,0.007966011683483803,49.0,51.0,0.2777777777777778,1.0384117393180838,0.13612919977359136,20240704094726610_sardine_bad_(0).png,yes,yes
19.0,5.0,20.0,15.0,2.0,0.007676560900716479,51.0,54.0,0.2631578947368421,1.035033086804204,0.15540305344632407,20240704094742954_sardine_bad_(0).png,yes,yes
19.0,6.0,20.0,15.0,1.0,0.007808433107756377,48.0,51.0,0.3157894736842105,1.0508474576271187,0.14002952590349865,20240704094808220_sardine_bad_(0).png,yes,yes
18.0,4.0,19.0,15.0,3.0,0.007982969664715274,47.0,52.0,0.2222222222222222,1.031955688112484,0.13796301302383698,20240704094852876_sardine_bad_(0).png,yes,yes
17.0,4.0,18.0,15.0,4.0,0.00863060989643268,44.0,47.0,0.23529411764705882,1.0287945339189848,0.10635441029625357,20240704094911282_sardine_bad_(0).png,yes,yes
18.0,6.0,19.0,15.0,4.0,0.00751503006012024,48.0,56.0,0.3333333333333333,1.0618640618640618,0.16559286091887734,20240704094919209_sardine_bad_(0).png,yes,yes
20.0,6.0,21.0,15.0,4.0,0.008296460176991151,53.0,60.0,0.3,1.0489482200647249,0.14775650524370967,20240704094928503_sardine_bad_(0).png,yes,yes
18.0,6.0,19.0,15.0,5.0,0.00804289544235925,47.0,46.0,0.3333333333333333,1.0650195058517555,0.11894380233030032,20240704094939664_sardine_bad_(0).png,yes,yes
17.0,4.0,17.0,15.0,3.0,0.006291946308724832,42.0,45.0,0.23529411764705882,1.0305676855895196,0.19290824309026444,20240704094949868_sardine_bad_(0).png,yes,yes
17.0,4.0,17.0,15.0,4.0,0.007882291119285338,43.0,44.0,0.23529411764705882,1.0305838739573678,0.1191085860406254,20240704095000930_sardine_bad_(0).png,yes,yes
17.0,4.0,17.0,15.0,3.0,0.007190795781399808,43.0,44.0,0.23529411764705882,1.0324594257178528,0.1434642859049938,20240704095010053_sardine_bad_(0).png,yes,yes
18.0,5.0,19.0,15.0,4.0,0.0083986562150056,49.0,53.0,0.2777777777777778,1.0434397163120568,0.12571203249818447,20240704095024226_sardine_bad_(0).png,yes,yes
19.0,7.0,20.0,16.0,5.0,0.008576329331046312,50.0,50.0,0.3684210526315789,1.06648817492191,0.11451842106668375,20240704095036408_sardine_bad_(0).png,yes,yes
16.0,5.0,17.0,15.0,4.0,0.007594936708860759,41.0,43.0,0.3125,1.0631726719700514,0.12665459532124396,20240704095043832_sardine_bad_(0).png,yes,yes
20.0,5.0,21.0,15.0,5.0,0.008422234699606962,51.0,60.0,0.25,1.040518638573744,0.1413200118010167,20240704095055231_sardine_bad_(0).png,yes,yes
19.0,5.0,20.0,15.0,2.0,0.007180469123982767,49.0,52.0,0.2631578947368421,1.0333209922251019,0.17021289554765262,20240704095129678_sardine_bad_(0).png,yes,yes
21.0,6.0,22.0,15.0,2.0,0.007285089849441476,54.0,63.0,0.2857142857142857,1.0399453738477296,0.19997700537186552,20240704095147563_sardine_bad_(0).png,yes,yes
20.0,6.0,21.0,15.0,2.0,0.0074962518740629685,54.0,62.0,0.3,1.0435729847494553,0.1857155801454569,20240704095157508_sardine_bad_(0).png,yes,yes
21.0,5.0,22.0,15.0,3.0,0.007136060894386299,55.0,69.0,0.23809523809523808,1.034233048057933,0.22843894842795506,20240704095227318_sardine_bad_(0).png,yes,yes
17.0,4.0,18.0,15.0,2.0,0.006808896958692692,44.0,42.0,0.23529411764705882,1.0280621918847175,0.1519153957879448,20240704095302994_sardine_bad_(0).png,yes,yes
17.0,4.0,17.0,15.0,2.0,0.007006071929005138,41.0,43.0,0.23529411764705882,1.026639344262295,0.14667460632128668,20240704095314930_sardine_bad_(0).png,yes,yes
17.0,4.0,18.0,15.0,2.0,0.008269018743109152,44.0,50.0,0.23529411764705882,1.0277255639097744,0.12271939344910077,20240704095332667_sardine_bad_(0).png,yes,yes
19.0,5.0,20.0,15.0,2.0,0.008356545961002786,49.0,52.0,0.2631578947368421,1.043459552495697,0.12448754351958648,20240704095341327_sardine_bad_(0).png,yes,yes
19.0,3.0,19.0,15.0,3.0,0.007828810020876827,48.0,49.0,0.15789473684210525,1.0203004466098253,0.13583751174761843,20240704095350418_sardine_bad_(0).png,yes,yes
17.0,4.0,18.0,15.0,3.0,0.008422234699606962,44.0,53.0,0.23529411764705882,1.0343853038153557,0.1263757562529369,20240704095359685_sardine_bad_(0).png,yes,yes
16.0,3.0,16.0,15.0,2.0,0.006993006993006993,38.0,40.0,0.1875,1.0257510729613735,0.13651233232944593,20240704095415012_sardine_bad_(0).png,yes,yes
19.0,4.0,19.0,15.0,2.0,0.007849293563579277,49.0,53.0,0.21052631578947367,1.027549342105263,0.14535258207313426,20240704095423099_sardine_bad_(0).png,yes,yes
18.0,4.0,18.0,15.0,3.0,0.007356547327121138,46.0,50.0,0.2222222222222222,1.0238284352660842,0.15689286505724295,20240704095433160_sardine_bad_(0).png,yes,yes
17.0,4.0,18.0,15.0,1.0,0.0066166740185266875,42.0,46.0,0.23529411764705882,1.0329295987887963,0.17845758776004955,20240704095506719_sardine_bad_(0).png,yes,yes
19.0,4.0,19.0,15.0,2.0,0.007641365257259297,47.0,49.0,0.21052631578947367,1.0214711729622266,0.14081206079926523,20240704095514778_sardine_bad_(0).png,yes,yes
17.0,4.0,18.0,15.0,3.0,0.0060901339829476245,43.0,49.0,0.23529411764705882,1.036271186440678,0.22131353392391814,20240704095526881_sardine_bad_(0).png,yes,yes
18.0,4.0,18.0,15.0,3.0,0.007481296758104738,45.0,50.0,0.2222222222222222,1.0284206252537555,0.1520181040144816,20240704095535436_sardine_bad_(0).png,yes,yes
21.0,7.0,22.0,15.0,4.0,0.007433102081268583,52.0,58.0,0.3333333333333333,1.055026455026455,0.17673140538895296,20240704095548746_sardine_bad_(0).png,yes,yes
17.0,4.0,18.0,15.0,1.0,0.007530120481927711,44.0,49.0,0.23529411764705882,1.0265374894692503,0.1463862556869153,20240704095556831_sardine_bad_(0).png,yes,yes
18.0,4.0,18.0,15.0,2.0,0.006696428571428571,45.0,51.0,0.2222222222222222,1.0248538011695907,0.1903928510401982,20240704095606058_sardine_bad_(0).png,yes,yes
18.0,5.0,19.0,15.0,2.0,0.007606490872210953,46.0,54.0,0.2777777777777778,1.0445163901254553,0.15619318090798412,20240704095616398_sardine_bad_(0).png,yes,yes
18.0,4.0,18.0,15.0,3.0,0.007776049766718507,46.0,53.0,0.2222222222222222,1.03125,0.14711998123050962,20240704095625582_sardine_bad_(0).png,yes,yes
17.0,6.0,18.0,15.0,3.0,0.00827357970215113,43.0,51.0,0.35294117647058826,1.0597439544807965,0.12496871195373574,20240704095635947_sardine_bad_(0).png,yes,yes
19.0,4.0,20.0,15.0,3.0,0.008178844056706653,49.0,52.0,0.21052631578947367,1.0253955037468776,0.13065254015549574,20240704095646346_sardine_bad_(0).png,yes,yes
20.0,4.0,20.0,15.0,3.0,0.0083986562150056,51.0,56.0,0.2,1.0291181364392679,0.132685261945192,20240704095653900_sardine_bad_(0).png,yes,yes
18.0,4.0,18.0,15.0,4.0,0.008064516129032258,47.0,56.0,0.2222222222222222,1.0275590551181102,0.14457605448225042,20240704095703091_sardine_bad_(0).png,yes,yes
18.0,4.0,19.0,15.0,3.0,0.007345739471106758,46.0,57.0,0.2222222222222222,1.0296180826188621,0.17822739117433467,20240704095716736_sardine_bad_(0).png,yes,yes
20.0,6.0,20.0,15.0,2.0,0.007932310946589107,50.0,57.0,0.3,1.0440126883425853,0.1521298231983425,20240704095837612_sardine_bad_(0).png,yes,yes
17.0,4.0,18.0,15.0,4.0,0.007119126720455624,46.0,48.0,0.23529411764705882,1.0377055756117128,0.1602060605696527,20240704095850478_sardine_bad_(0).png,yes,yes
19.0,4.0,20.0,15.0,2.0,0.00740009866798224,51.0,55.0,0.21052631578947367,1.0277355623100304,0.16835380155602547,20240704095904130_sardine_bad_(0).png,yes,yes
19.0,4.0,19.0,15.0,3.0,0.008431703204047217,49.0,50.0,0.21052631578947367,1.024707412223667,0.11860897851787774,20240704095911621_sardine_bad_(0).png,yes,yes
20.0,4.0,21.0,15.0,1.0,0.008450704225352112,52.0,59.0,0.2,1.0242399342645852,0.13970095970032895,20240704095920332_sardine_bad_(0).png,yes,yes
18.0,4.0,19.0,15.0,2.0,0.008787346221441126,50.0,52.0,0.2222222222222222,1.0326549929010884,0.11286466009334017,20240704095929603_sardine_bad_(0).png,yes,yes
17.0,4.0,18.0,15.0,1.0,0.008077544426494346,45.0,49.0,0.23529411764705882,1.0322434150772026,0.12638092920991925,20240704095938587_sardine_bad_(0).png,yes,yes
17.0,5.0,17.0,15.0,2.0,0.008108108108108109,44.0,47.0,0.29411764705882354,1.0440340909090908,0.12143900316117733,20240704095948519_sardine_bad_(0).png,yes,yes
18.0,4.0,18.0,15.0,3.0,0.008393956351426972,45.0,53.0,0.2222222222222222,1.028714676390155,0.12656915809624503,20240704095957751_sardine_bad_(0).png,yes,yes
18.0,4.0,19.0,15.0,2.0,0.008246289169873557,47.0,55.0,0.2222222222222222,1.0272049144361561,0.13622882091289676,20240704100006392_sardine_bad_(0).png,yes,yes
19.0,4.0,20.0,15.0,2.0,0.008099352051835854,49.0,54.0,0.21052631578947367,1.0224856909239575,0.13930731436092955,20240704100022752_sardine_bad_(0).png,yes,yes
19.0,4.0,20.0,15.0,4.0,0.008116883116883116,52.0,55.0,0.21052631578947367,1.0285006195786865,0.14001350642381136,20240704100032356_sardine_bad_(0).png,yes,yes
18.0,5.0,19.0,15.0,2.0,0.007664793050587634,44.0,54.0,0.2777777777777778,1.0388795986622072,0.15542032444786194,20240704100107912_sardine_bad_(0).png,yes,yes
19.0,4.0,20.0,15.0,4.0,0.007796257796257797,49.0,62.0,0.21052631578947367,1.0286510147234382,0.17072268211478492,20240704100116986_sardine_bad_(0).png,yes,yes
18.0,4.0,18.0,15.0,2.0,0.008301051466519093,47.0,49.0,0.2222222222222222,1.0313493866424353,0.11935889041073947,20240704100125915_sardine_bad_(0).png,yes,yes
19.0,4.0,19.0,15.0,2.0,0.007836990595611285,49.0,49.0,0.21052631578947367,1.0255267423014587,0.1341748232517408,20240704100135129_sardine_bad_(0).png,yes,yes
20.0,5.0,21.0,15.0,3.0,0.008955223880597015,52.0,59.0,0.25,1.032006920415225,0.12333013611217908,20240704100143945_sardine_bad_(0).png,yes,yes
19.0,7.0,20.0,15.0,3.0,0.008902077151335312,48.0,52.0,0.3684210526315789,1.0748837209302327,0.1103399233467897,20240704100156307_sardine_bad_(0).png,yes,yes
19.0,7.0,20.0,15.0,3.0,0.00909090909090909,50.0,51.0,0.3684210526315789,1.0742667928098393,0.1045885129650989,20240704100203512_sardine_bad_(0).png,yes,yes
20.0,5.0,21.0,15.0,3.0,0.009615384615384616,52.0,55.0,0.25,1.0392428439519852,0.10037096776346704,20240704100212344_sardine_bad_(0).png,yes,yes
20.0,4.0,21.0,15.0,3.0,0.008210180623973728,53.0,60.0,0.2,1.0216535433070866,0.14936896599598445,20240704100237750_sardine_bad_(0).png,yes,yes
21.0,7.0,22.0,15.0,4.0,0.008655510675129832,54.0,61.0,0.3333333333333333,1.0533604887983707,0.13719491234674697,20240704100245740_sardine_bad_(0).png,yes,yes
19.0,5.0,20.0,15.0,3.0,0.0066607460035523975,50.0,57.0,0.2631578947368421,1.0386035582410205,0.21527619251676705,20240704100454422_sardine_bad_(0).png,yes,yes
19.0,5.0,20.0,15.0,2.0,0.007345739471106758,47.0,50.0,0.2631578947368421,1.042125237191651,0.15659859055277883,20240704100501784_sardine_bad_(0).png,yes,yes
,,,,,,,,,,,20240704100511204_sardine_bad.jpeg,yes,no
15.0,4.0,16.0,15.0,3.0,0.0072992700729927005,40.0,40.0,0.26666666666666666,1.0342622201918685,0.12791696369451921,20240704100521491_sardine_bad_(0).png,yes,yes
19.0,4.0,20.0,15.0,4.0,0.007772020725388601,50.0,53.0,0.21052631578947367,1.0302316450726345,0.1468207840734333,20240704100531056_sardine_bad_(0).png,yes,yes
20.0,6.0,21.0,15.0,3.0,0.007295719844357977,52.0,62.0,0.3,1.0433862433862433,0.19523123451450297,20240704100542312_sardine_bad_(0).png,yes,yes
19.0,5.0,20.0,15.0,4.0,0.008055853920515575,49.0,61.0,0.2631578947368421,1.0422824302134648,0.15802874628882055,20240704100553264_sardine_bad_(0).png,yes,yes
18.0,5.0,18.0,15.0,3.0,0.007987220447284345,45.0,54.0,0.2777777777777778,1.0391380826737027,0.14294256816288606,20240704100601135_sardine_bad_(0).png,yes,yes
20.0,5.0,21.0,15.0,4.0,0.008152173913043478,53.0,62.0,0.25,1.0316957210776545,0.15805269207356146,20240704100609469_sardine_bad_(0).png,yes,yes
21.0,5.0,22.0,15.0,3.0,0.008600917431192661,55.0,62.0,0.23809523809523808,1.038352846184901,0.14101981342645992,20240704100617959_sardine_bad_(0).png,yes,yes
21.0,5.0,21.0,15.0,4.0,0.008792497069167644,55.0,66.0,0.23809523809523808,1.030540652084193,0.14338869398521936,20240704100634137_sardine_bad_(0).png,yes,yes
20.0,5.0,20.0,15.0,3.0,0.007966011683483803,51.0,57.0,0.25,1.030576244609957,0.14998020926780298,20240704100641762_sardine_bad_(0).png,yes,yes
20.0,7.0,21.0,15.0,3.0,0.008384572386808273,53.0,60.0,0.35,1.0660611065235344,0.14278888127963604,20240704100649869_sardine_bad_(0).png,yes,yes
,,,,,,,,,,,20240704100850005_sardine_bad.jpeg,yes,no
18.0,5.0,19.0,15.0,3.0,0.00751503006012024,47.0,49.0,0.2777777777777778,1.0485516115871074,0.1476373603635354,20240704100915288_sardine_bad_(0).png,yes,yes
21.0,6.0,22.0,15.0,3.0,0.007082152974504249,54.0,62.0,0.2857142857142857,1.0480349344978166,0.2091351416655987,20240704100948589_sardine_bad_(0).png,yes,yes
19.0,5.0,19.0,15.0,3.0,0.007228915662650603,48.0,52.0,0.2631578947368421,1.035620547431571,0.1677124383250032,20240704100957873_sardine_bad_(0).png,yes,yes
17.0,4.0,17.0,15.0,4.0,0.007481296758104738,42.0,48.0,0.23529411764705882,1.0274560274560274,0.1438708636368491,20240704101012528_sardine_bad_(0).png,yes,yes
21.0,5.0,21.0,15.0,2.0,0.007668711656441718,54.0,62.0,0.23809523809523808,1.0380021715526602,0.17725587647913196,20240704101026487_sardine_bad_(0).png,yes,yes
19.0,5.0,20.0,15.0,1.0,0.007878151260504201,50.0,53.0,0.2631578947368421,1.0344690966719492,0.14503544643619976,20240704101041030_sardine_bad_(0).png,yes,yes
20.0,4.0,21.0,15.0,2.0,0.007598784194528876,53.0,63.0,0.2,1.0262869660460021,0.18301830025310778,20240704101058501_sardine_bad_(0).png,yes,yes
22.0,7.0,23.0,15.0,3.0,0.008324084350721421,57.0,66.0,0.3181818181818182,1.0496688741721854,0.16094654433124012,20240704101259813_sardine_bad_(0).png,yes,yes
18.0,5.0,19.0,15.0,2.0,0.006530256856769699,48.0,51.0,0.2777777777777778,1.0445387062566278,0.20180355979537784,20240709122535778_sardine_bad_(0).png,yes,yes
20.0,7.0,21.0,15.0,4.0,0.007232401157184185,49.0,58.0,0.35,1.061663143058492,0.18513445683284208,20240709122546380_sardine_bad_(0).png,yes,yes
17.0,4.0,17.0,15.0,3.0,0.005789270551910459,42.0,41.0,0.23529411764705882,1.0369747899159665,0.20585840715643555,20240709122557277_sardine_bad_(0).png,yes,yes
18.0,4.0,18.0,15.0,4.0,0.0067842605156037995,47.0,48.0,0.2222222222222222,1.0265878877400296,0.1771493302522534,20240709122606884_sardine_bad_(0).png,yes,yes
17.0,4.0,18.0,15.0,2.0,0.00629987400251995,43.0,37.0,0.23529411764705882,1.0319943121222894,0.15643071975522235,20240709122624031_sardine_bad_(0).png,yes,yes
16.0,4.0,16.0,15.0,4.0,0.0062266500622665,39.0,39.0,0.25,1.0386697602474864,0.16906374818445896,20240709122631783_sardine_bad_(0).png,yes,yes
15.0,4.0,15.0,15.0,1.0,0.005705591479650057,37.0,25.0,0.26666666666666666,1.0364854802680565,0.1291004861912085,20240709122701234_sardine_bad_(0).png,yes,yes
17.0,5.0,18.0,15.0,3.0,0.006657789613848202,45.0,42.0,0.29411764705882354,1.041300191204589,0.15965313821607074,20240709122746470_sardine_bad_(0).png,yes,yes
18.0,5.0,19.0,15.0,2.0,0.0066050198150594455,46.0,48.0,0.2777777777777778,1.0397607318789586,0.1869506653423897,20240709122801690_sardine_bad_(0).png,yes,yes
19.0,5.0,19.0,15.0,3.0,0.006928406466512702,48.0,49.0,0.2631578947368421,1.0469603203494722,0.17234999425968645,20240709122810378_sardine_bad_(0).png,yes,yes
15.0,5.0,16.0,15.0,4.0,0.0063025210084033615,39.0,37.0,0.3333333333333333,1.0667752442996743,0.15863948895189883,20240709122818582_sardine_bad_(0).png,yes,yes
18.0,3.0,18.0,15.0,3.0,0.006558810668998688,42.0,40.0,0.16666666666666666,1.021090909090909,0.15776350709128967,20240709122826678_sardine_bad_(0).png,yes,yes
17.0,3.0,17.0,15.0,3.0,0.006252605252188412,42.0,42.0,0.17647058823529413,1.0234260614934114,0.18206288847238242,20240709122835133_sardine_bad_(0).png,yes,yes
15.0,4.0,16.0,15.0,3.0,0.006190672719768881,39.0,35.0,0.26666666666666666,1.0392233009708738,0.15378692156328763,20240709122845282_sardine_bad_(0).png,yes,yes
16.0,4.0,17.0,15.0,3.0,0.0064963187527068,41.0,35.0,0.25,1.0404601348671163,0.1401918065701226,20240709122853805_sardine_bad_(0).png,yes,yes
18.0,4.0,19.0,15.0,1.0,0.007349338559529643,45.0,44.0,0.2222222222222222,1.0278108859753674,0.13807489907727796,20240709122927485_sardine_bad_(0).png,yes,yes
15.0,4.0,15.0,15.0,3.0,0.007112375533428165,39.0,40.0,0.26666666666666666,1.044580009385265,0.13268776498889315,20240709122942082_sardine_bad_(0).png,yes,yes
15.0,4.0,16.0,15.0,3.0,0.007356547327121138,40.0,36.0,0.26666666666666666,1.0354675264854905,0.11247326749327181,20240709122950221_sardine_bad_(0).png,yes,yes
18.0,4.0,19.0,15.0,4.0,0.006570302233902759,47.0,47.0,0.2222222222222222,1.0312066574202496,0.18286528084817805,20240709123004601_sardine_bad_(0).png,yes,yes
17.0,4.0,18.0,15.0,4.0,0.00716674629718108,45.0,42.0,0.23529411764705882,1.026563138536984,0.1379274698032808,20240709123017693_sardine_bad_(0).png,yes,yes
16.0,5.0,17.0,15.0,3.0,0.006080259424402107,40.0,34.0,0.3125,1.0600444773906597,0.1538946358772267,20240709123028348_sardine_bad_(0).png,yes,yes
17.0,4.0,18.0,15.0,2.0,0.00732421875,44.0,40.0,0.23529411764705882,1.0299625468164795,0.1257445720662993,20240709123051596_sardine_bad_(0).png,yes,yes
16.0,4.0,17.0,15.0,3.0,0.006663705019991115,40.0,35.0,0.25,1.0376753507014027,0.13246566157781195,20240709123132902_sardine_bad_(0).png,yes,yes
17.0,4.0,17.0,15.0,2.0,0.006880733944954129,43.0,41.0,0.23529411764705882,1.0282942603071947,0.14674152102289717,20240709123142418_sardine_bad_(0).png,yes,yes
15.0,3.0,15.0,15.0,1.0,0.006533101045296167,38.0,35.0,0.2,1.023031825795645,0.1392454891815114,20240709123202419_sardine_bad_(0).png,yes,yes
17.0,8.0,19.0,15.0,4.0,0.007556675062972292,43.0,46.0,0.47058823529411764,1.1042302660270389,0.1366059461638686,20240709123211014_sardine_bad_(0).png,yes,yes
16.0,5.0,17.0,15.0,2.0,0.007267441860465116,42.0,39.0,0.3125,1.0605263157894738,0.1240633610470332,20240709123223818_sardine_bad_(0).png,yes,yes
16.0,3.0,16.0,15.0,3.0,0.006507592190889371,42.0,35.0,0.1875,1.0224763406940063,0.13868046878337392,20240709123250020_sardine_bad_(0).png,yes,yes
16.0,4.0,17.0,15.0,4.0,0.0071633237822349575,43.0,37.0,0.25,1.0434408602150538,0.12073631535947713,20240709123258370_sardine_bad_(0).png,yes,yes
15.0,3.0,15.0,15.0,2.0,0.006117455138662317,38.0,30.0,0.2,1.0295763389288568,0.1339604792761331,20240709123310738_sardine_bad_(0).png,yes,yes
19.0,6.0,20.0,15.0,4.0,0.007886435331230283,50.0,53.0,0.3157894736842105,1.05140562248996,0.1430437745632022,20240709123320868_sardine_bad_(0).png,yes,yes
17.0,5.0,18.0,15.0,2.0,0.008356545961002786,44.0,41.0,0.29411764705882354,1.048957828405235,0.10024731740463069,20240709123335688_sardine_bad_(0).png,yes,yes
17.0,4.0,18.0,15.0,2.0,0.006902899217671422,43.0,41.0,0.23529411764705882,1.0285602503912363,0.14513064553163313,20240709123401147_sardine_bad_(0).png,yes,yes
16.0,4.0,16.0,15.0,2.0,0.006915629322268326,40.0,36.0,0.25,1.0427276650841606,0.1290587687961895,20240709123411269_sardine_bad_(0).png,yes,yes
16.0,4.0,17.0,15.0,2.0,0.008073196986006458,41.0,37.0,0.25,1.029799706888129,0.09504165398457858,20240709123422013_sardine_bad_(0).png,yes,yes
19.0,4.0,19.0,15.0,3.0,0.008210180623973728,49.0,51.0,0.21052631578947367,1.0225627926777352,0.12801883757315563,20240709123431504_sardine_bad_(0).png,yes,yes
16.0,6.0,18.0,15.0,2.0,0.008161044613710556,42.0,36.0,0.375,1.0763990267639902,0.09170359490473749,20240709123445727_sardine_bad_(0).png,yes,yes
15.0,5.0,16.0,15.0,1.0,0.006581834137779728,40.0,31.0,0.3333333333333333,1.0535942152275628,0.12068041405015165,20240709123502103_sardine_bad_(0).png,yes,yes
16.0,4.0,17.0,15.0,3.0,0.00692201199815413,41.0,37.0,0.25,1.03991683991684,0.12994134200521168,20240709123512257_sardine_bad_(0).png,yes,yes
16.0,3.0,17.0,15.0,2.0,0.00706880301602262,41.0,36.0,0.1875,1.0273338940285954,0.12181654558609936,20240709123528279_sardine_bad_(0).png,yes,yes
19.0,4.0,19.0,15.0,2.0,0.007215007215007215,49.0,52.0,0.21052631578947367,1.0281637251220428,0.16672123301935154,20240709123536145_sardine_bad_(0).png,yes,yes
15.0,4.0,16.0,15.0,2.0,0.007953340402969246,39.0,32.0,0.26666666666666666,1.0418535127055306,0.08504483118138323,20240709123543977_sardine_bad_(0).png,yes,yes
18.0,5.0,19.0,15.0,2.0,0.00715648854961832,46.0,50.0,0.2777777777777778,1.0353612167300381,0.16403263034516638,20240709123551689_sardine_bad_(0).png,yes,yes
17.0,3.0,17.0,15.0,2.0,0.006868131868131868,43.0,40.0,0.17647058823529413,1.023377670294236,0.14486824311696356,20240709123559273_sardine_bad_(0).png,yes,yes
17.0,3.0,17.0,15.0,2.0,0.007342143906020558,45.0,43.0,0.17647058823529413,1.024842105263158,0.1354259279283609,20240709123606767_sardine_bad_(0).png,yes,yes
15.0,3.0,16.0,15.0,2.0,0.007246376811594203,39.0,33.0,0.2,1.0188246097337006,0.10763563493207741,20240709123615769_sardine_bad_(0).png,yes,yes
16.0,4.0,17.0,15.0,2.0,0.007263922518159807,42.0,39.0,0.25,1.0276936391172653,0.12351953308556538,20240709123623669_sardine_bad_(0).png,yes,yes
16.0,4.0,17.0,15.0,3.0,0.007422068283028204,47.0,41.0,0.25,1.0302087960906263,0.12522452301999232,20240709123631850_sardine_bad_(0).png,yes,yes
17.0,5.0,18.0,15.0,3.0,0.006858710562414266,44.0,49.0,0.29411764705882354,1.045577443028196,0.1760553332852749,20240709123647184_sardine_bad_(0).png,yes,yes
15.0,4.0,16.0,15.0,3.0,0.007845188284518828,38.0,38.0,0.26666666666666666,1.0345345345345345,0.10456181383228673,20240709123659470_sardine_bad_(0).png,yes,yes
16.0,4.0,17.0,15.0,3.0,0.007932310946589107,40.0,42.0,0.25,1.0426356589147288,0.11165176855055747,20240709123707632_sardine_bad_(0).png,yes,yes
15.0,3.0,15.0,15.0,4.0,0.006855575868372943,37.0,31.0,0.2,1.0314855875831486,0.11052281240655304,20240709123723213_sardine_bad_(0).png,yes,yes
18.0,4.0,19.0,15.0,4.0,0.007653061224489796,47.0,49.0,0.2222222222222222,1.026079869600652,0.1412807140149088,20240709123731225_sardine_bad_(0).png,yes,yes
17.0,3.0,18.0,15.0,1.0,0.008108108108108109,44.0,42.0,0.17647058823529413,1.022181982797646,0.10894280778760305,20240709123744570_sardine_bad_(0).png,yes,yes
16.0,7.0,17.0,15.0,1.0,0.0066607460035523975,43.0,42.0,0.4375,1.0913539967373573,0.15879159057413816,20240711094031544_sardine_bad_(0).png,yes,yes
18.0,4.0,18.0,15.0,3.0,0.006938020351526364,45.0,41.0,0.2222222222222222,1.0275862068965518,0.1439442028172925,20240711094052117_sardine_bad_(0).png,yes,yes
16.0,4.0,17.0,15.0,3.0,0.005942947702060222,42.0,40.0,0.25,1.0372583479789104,0.1901057519276774,20240711094110740_sardine_bad_(0).png,yes,yes
18.0,4.0,19.0,15.0,3.0,0.007088846880907372,44.0,51.0,0.2222222222222222,1.0244368079419626,0.1723044388643257,20240711094120506_sardine_bad_(0).png,yes,yes
20.0,6.0,21.0,15.0,2.0,0.007704160246533128,50.0,53.0,0.3,1.0473824990447076,0.15096599131210217,20240711094131486_sardine_bad_(0).png,yes,yes
19.0,4.0,19.0,15.0,3.0,0.0075075075075075074,47.0,54.0,0.21052631578947367,1.0288423548004741,0.1606682058716733,20240711094144105_sardine_bad_(0).png,yes,yes
16.0,5.0,17.0,15.0,1.0,0.007228915662650603,40.0,34.0,0.3125,1.0632003585835947,0.10998766166324918,20240711094153450_sardine_bad_(0).png,yes,yes
14.0,5.0,16.0,15.0,3.0,0.007208073041806823,37.0,35.0,0.35714285714285715,1.0758087880251086,0.1128954475308642,20240711094219794_sardine_bad_(0).png,yes,yes
19.0,3.0,19.0,15.0,4.0,0.007511266900350526,48.0,46.0,0.15789473684210525,1.0180746561886052,0.1381267955166816,20240711094239413_sardine_bad_(0).png,yes,yes
18.0,4.0,19.0,15.0,2.0,0.008112493239588967,48.0,46.0,0.2222222222222222,1.0317188169738534,0.11708846290422487,20240711094251918_sardine_bad_(0).png,yes,yes
15.0,3.0,16.0,15.0,1.0,0.006775067750677507,39.0,34.0,0.2,1.0245372363323288,0.1247074776261267,20240711094302535_sardine_bad_(0).png,yes,yes
16.0,3.0,17.0,15.0,3.0,0.007149666348903718,42.0,39.0,0.1875,1.0219316743989877,0.129854319519202,20240711094312792_sardine_bad_(0).png,yes,yes
16.0,4.0,17.0,15.0,1.0,0.006129955046996322,43.0,41.0,0.25,1.0300289435600578,0.1833710625453885,20240711094339904_sardine_bad_(0).png,yes,yes
16.0,5.0,17.0,15.0,2.0,0.006538796861377506,42.0,42.0,0.3125,1.0467326732673268,0.16583473837519758,20240711094355372_sardine_bad_(0).png,yes,yes
14.0,5.0,15.0,15.0,3.0,0.007447864945382324,37.0,37.0,0.35714285714285715,1.0725806451612903,0.11132545508671879,20240711094405192_sardine_bad_(0).png,yes,yes
14.0,5.0,15.0,15.0,3.0,0.008103727714748784,38.0,40.0,0.35714285714285715,1.0608365019011408,0.10347207203960015,20240711094415100_sardine_bad_(0).png,yes,yes
15.0,3.0,15.0,15.0,2.0,0.007649158592554819,38.0,32.0,0.2,1.0231413096996553,0.09392596397219018,20240711094425106_sardine_bad_(0).png,yes,yes
18.0,5.0,19.0,15.0,4.0,0.00648508430609598,46.0,46.0,0.2777777777777778,1.0490947075208914,0.1851700834881883,20240711094434828_sardine_bad_(0).png,yes,yes
15.0,3.0,15.0,15.0,3.0,0.00633445945945946,39.0,33.0,0.2,1.0273178807947019,0.1388202220566876,20240711094453461_sardine_bad_(0).png,yes,yes
17.0,4.0,18.0,15.0,1.0,0.006237006237006237,44.0,44.0,0.23529411764705882,1.0332380271622588,0.1918049848615917,20240711095903461_sardine_bad_(0).png,yes,yes
17.0,4.0,18.0,15.0,1.0,0.006237006237006237,44.0,44.0,0.23529411764705882,1.0332380271622588,0.1918049848615917,20240711095904263_sardine_bad_(0).png,yes,yes
17.0,4.0,18.0,15.0,1.0,0.006237006237006237,44.0,44.0,0.23529411764705882,1.0332380271622588,0.1918049848615917,20240711095904507_sardine_bad_(0).png,yes,yes
17.0,4.0,18.0,15.0,1.0,0.006237006237006237,44.0,44.0,0.23529411764705882,1.0332380271622588,0.1918049848615917,20240711095904706_sardine_bad_(0).png,yes,yes
17.0,4.0,18.0,15.0,1.0,0.006237006237006237,44.0,44.0,0.23529411764705882,1.0332380271622588,0.1918049848615917,20240711095904854_sardine_bad_(0).png,yes,yes
17.0,4.0,18.0,15.0,1.0,0.006237006237006237,44.0,44.0,0.23529411764705882,1.0332380271622588,0.1918049848615917,20240711095905493_sardine_bad_(0).png,yes,yes
17.0,4.0,18.0,15.0,1.0,0.006237006237006237,44.0,44.0,0.23529411764705882,1.0332380271622588,0.1918049848615917,20240711095905556_sardine_bad_(0).png,yes,yes
17.0,4.0,18.0,15.0,1.0,0.006237006237006237,44.0,44.0,0.23529411764705882,1.0332380271622588,0.1918049848615917,20240711095905719_sardine_bad_(0).png,yes,yes
17.0,4.0,18.0,15.0,1.0,0.006237006237006237,44.0,44.0,0.23529411764705882,1.0332380271622588,0.1918049848615917,20240711095906029_sardine_bad_(0).png,yes,yes
17.0,4.0,18.0,15.0,1.0,0.006237006237006237,44.0,44.0,0.23529411764705882,1.0332380271622588,0.1918049848615917,20240711095906108_sardine_bad_(0).png,yes,yes
17.0,4.0,18.0,15.0,1.0,0.006237006237006237,44.0,44.0,0.23529411764705882,1.0332380271622588,0.1918049848615917,20240711095906359_sardine_bad_(0).png,yes,yes
17.0,4.0,18.0,15.0,1.0,0.006237006237006237,44.0,44.0,0.23529411764705882,1.0332380271622588,0.1918049848615917,20240711095906644_sardine_bad_(0).png,yes,yes
17.0,4.0,18.0,15.0,1.0,0.006237006237006237,44.0,44.0,0.23529411764705882,1.0332380271622588,0.1918049848615917,20240711095906845_sardine_bad_(0).png,yes,yes
17.0,4.0,18.0,15.0,1.0,0.006237006237006237,44.0,44.0,0.23529411764705882,1.0332380271622588,0.1918049848615917,20240711095907026_sardine_bad_(0).png,yes,yes
17.0,4.0,18.0,15.0,1.0,0.006237006237006237,44.0,44.0,0.23529411764705882,1.0332380271622588,0.1918049848615917,20240711095907312_sardine_bad_(0).png,yes,yes
17.0,4.0,18.0,15.0,1.0,0.006237006237006237,44.0,44.0,0.23529411764705882,1.0332380271622588,0.1918049848615917,20240711095907436_sardine_bad_(0).png,yes,yes
16.0,3.0,16.0,15.0,2.0,0.006177924217462933,39.0,37.0,0.1875,1.0233985423858842,0.1658540952464864,20240713112339105_sardine_bad_(0).png,yes,yes
16.0,3.0,17.0,15.0,3.0,0.007334963325183374,41.0,41.0,0.1875,1.022202873313017,0.1284699694828912,20240713112349843_sardine_bad_(0).png,yes,yes
15.0,4.0,15.0,15.0,2.0,0.0061525840853158325,38.0,37.0,0.26666666666666666,1.0388035569927243,0.1656190594429493,20240713112423274_sardine_bad_(0).png,yes,yes
17.0,5.0,17.0,15.0,2.0,0.007142857142857143,43.0,40.0,0.29411764705882354,1.050251256281407,0.13317761064120637,20240713112431610_sardine_bad_(0).png,yes,yes
18.0,4.0,18.0,15.0,3.0,0.007403751233958539,44.0,41.0,0.2222222222222222,1.0354812398042414,0.12531346450617284,20240713112442154_sardine_bad_(0).png,yes,yes
17.0,4.0,18.0,15.0,2.0,0.007944915254237288,44.0,41.0,0.23529411764705882,1.028314606741573,0.11033650252039814,20240713112450042_sardine_bad_(0).png,yes,yes
17.0,5.0,17.0,15.0,4.0,0.007712082262210797,44.0,44.0,0.29411764705882354,1.0471698113207548,0.12441044977359135,20240713112458443_sardine_bad_(0).png,yes,yes
18.0,4.0,18.0,15.0,4.0,0.008389261744966443,45.0,45.0,0.2222222222222222,1.0351526364477335,0.10785148073390577,20240713112509746_sardine_bad_(0).png,yes,yes
16.0,6.0,18.0,15.0,4.0,0.007526342197691922,42.0,41.0,0.375,1.066340160284951,0.12297111621064548,20240713112517240_sardine_bad_(0).png,yes,yes
18.0,6.0,19.0,15.0,4.0,0.008130081300813009,45.0,44.0,0.3333333333333333,1.0632054176072234,0.11267659807659447,20240713112529581_sardine_bad_(0).png,yes,yes
15.0,4.0,16.0,15.0,3.0,0.008138903960933261,40.0,37.0,0.26666666666666666,1.044365119836818,0.09488671557947798,20240713112537653_sardine_bad_(0).png,yes,yes
16.0,4.0,17.0,15.0,2.0,0.008761682242990653,41.0,38.0,0.25,1.0368,0.08460963531654492,20240713112545842_sardine_bad_(0).png,yes,yes
17.0,6.0,18.0,15.0,3.0,0.008886255924170616,45.0,46.0,0.35294117647058826,1.0640961442163246,0.09855158873189798,20240713112556422_sardine_bad_(0).png,yes,yes
16.0,3.0,17.0,15.0,2.0,0.008174386920980926,41.0,43.0,0.1875,1.0279960707269156,0.10783337538446751,20240713112622249_sardine_bad_(0).png,yes,yes
15.0,4.0,15.0,15.0,1.0,0.006257822277847309,37.0,32.0,0.26666666666666666,1.0412156536219817,0.13725932400465632,20240713112631502_sardine_bad_(0).png,yes,yes
18.0,4.0,19.0,15.0,3.0,0.007511266900350526,46.0,44.0,0.2222222222222222,1.029778672032193,0.13226758738626168,20240713112641050_sardine_bad_(0).png,yes,yes
16.0,3.0,17.0,15.0,1.0,0.007356547327121138,43.0,37.0,0.1875,1.022087483759203,0.11568592408368576,20240713112707243_sardine_bad_(0).png,yes,yes
17.0,4.0,17.0,15.0,1.0,0.006117455138662317,43.0,37.0,0.23529411764705882,1.0318882121103548,0.1665622897443291,20240713112727556_sardine_bad_(0).png,yes,yes
15.0,4.0,16.0,15.0,2.0,0.006883891693437357,39.0,33.0,0.26666666666666666,1.0368923611111112,0.11868740722051348,20240713112736510_sardine_bad_(0).png,yes,yes
15.0,3.0,16.0,15.0,2.0,0.005827505827505828,41.0,36.0,0.2,1.0241097922848665,0.17764142864389765,20240713112745513_sardine_bad_(0).png,yes,yes
15.0,3.0,15.0,15.0,2.0,0.006391137622496805,37.0,34.0,0.2,1.024431339511373,0.1424868473396984,20240713112757683_sardine_bad_(0).png,yes,yes
,,,,,,,,,,,20240713112812809_sardine_bad.jpeg,yes,no
15.0,3.0,15.0,15.0,2.0,0.006590509666080844,37.0,37.0,0.2,1.0342255375164546,0.1437094173181255,20240713112823213_sardine_bad_(0).png,yes,yes
17.0,4.0,18.0,15.0,1.0,0.006573181419807186,43.0,47.0,0.23529411764705882,1.0298284862043252,0.18450619286385578,20240713112832617_sardine_bad_(0).png,yes,yes
16.0,4.0,17.0,15.0,2.0,0.007429420505200594,39.0,39.0,0.25,1.0310112359550563,0.1191377882171387,20240713112843490_sardine_bad_(0).png,yes,yes
14.0,3.0,15.0,15.0,1.0,0.006347862886161659,37.0,35.0,0.21428571428571427,1.028423772609819,0.14631199872378145,20240713112853590_sardine_bad_(0).png,yes,yes
16.0,5.0,16.0,15.0,1.0,0.006738544474393531,39.0,40.0,0.3125,1.0478991596638656,0.14857324840339187,20240713112953970_sardine_bad_(0).png,yes,yes
17.0,5.0,18.0,15.0,2.0,0.007088846880907372,44.0,40.0,0.29411764705882354,1.0513630975898853,0.1361249445992994,20240713113002908_sardine_bad_(0).png,yes,yes
20.0,7.0,21.0,15.0,2.0,0.007849293563579277,52.0,54.0,0.35,1.0609137055837563,0.14689704347152804,20240713113012790_sardine_bad_(0).png,yes,yes
16.0,3.0,17.0,15.0,2.0,0.005912495072920773,42.0,39.0,0.1875,1.0272566371681415,0.18983158520761245,20240713113022822_sardine_bad_(0).png,yes,yes
15.0,3.0,16.0,15.0,2.0,0.006808896958692692,37.0,36.0,0.2,1.0274032187907787,0.13124242412106454,20240713113034994_sardine_bad_(0).png,yes,yes
18.0,6.0,19.0,15.0,2.0,0.007075471698113208,46.0,47.0,0.3333333333333333,1.0642166344294004,0.15728375704857106,20240713113043718_sardine_bad_(0).png,yes,yes
16.0,3.0,16.0,15.0,2.0,0.008125677139761646,41.0,38.0,0.1875,1.0236920039486672,0.09653622137852963,20240713113053144_sardine_bad_(0).png,yes,yes
17.0,4.0,17.0,15.0,2.0,0.00706880301602262,43.0,39.0,0.23529411764705882,1.0295095594347465,0.13261083811247812,20240713113221791_sardine_bad_(0).png,yes,yes
16.0,5.0,17.0,15.0,3.0,0.0063993174061433445,40.0,41.0,0.3125,1.0533807829181494,0.1688300473375625,20240713113230765_sardine_bad_(0).png,yes,yes
17.0,5.0,18.0,15.0,4.0,0.008051529790660225,43.0,39.0,0.29411764705882354,1.0440835266821347,0.10230481932696826,20240713113239986_sardine_bad_(0).png,yes,yes
19.0,3.0,19.0,15.0,2.0,0.00732421875,46.0,45.0,0.15789473684210525,1.019892884468248,0.14217221474646505,20240713113250714_sardine_bad_(0).png,yes,yes
17.0,4.0,17.0,15.0,3.0,0.007747933884297521,44.0,41.0,0.23529411764705882,1.02776513427401,0.11448588149856892,20240713113627275_sardine_bad_(0).png,yes,yes
18.0,4.0,19.0,15.0,2.0,0.007594936708860759,47.0,49.0,0.2222222222222222,1.034215885947047,0.14251463112478108,20240713113640753_sardine_bad_(0).png,yes,yes
18.0,5.0,19.0,15.0,3.0,0.007894736842105263,47.0,51.0,0.2777777777777778,1.0364715860899067,0.13669822504165063,20240713113650161_sardine_bad_(0).png,yes,yes
18.0,5.0,19.0,15.0,2.0,0.007194244604316547,48.0,45.0,0.2777777777777778,1.0368359829391236,0.14799220852556708,20240713113700550_sardine_bad_(0).png,yes,yes
17.0,4.0,17.0,15.0,3.0,0.0073964497041420114,43.0,40.0,0.23529411764705882,1.0318201103097158,0.12289468994297065,20240713113713607_sardine_bad_(0).png,yes,yes
17.0,4.0,17.0,15.0,2.0,0.007228915662650603,44.0,40.0,0.23529411764705882,1.0276008492569002,0.1284436040892392,20240713113722376_sardine_bad_(0).png,yes,yes
18.0,3.0,18.0,15.0,1.0,0.007392804337111878,45.0,45.0,0.16666666666666666,1.0233224222585924,0.13871976656948182,20240713113734833_sardine_bad_(0).png,yes,yes
16.0,4.0,17.0,15.0,2.0,0.007338551859099804,41.0,39.0,0.25,1.0320901994796183,0.12181012110726644,20240713113749247_sardine_bad_(0).png,yes,yes
19.0,4.0,19.0,15.0,2.0,0.007146260123868509,47.0,46.0,0.21052631578947367,1.0303257207038563,0.15160868949976505,20240716113233741_sardine_bad_(0).png,yes,yes
20.0,8.0,21.0,15.0,3.0,0.0068368277119416595,51.0,53.0,0.4,1.077212162623847,0.1896909975863984,20240723095413097_sardine_bad_(0).png,yes,yes
,,,,,,,,,,,20240724101511374_sardine_bad.jpeg,no,
,,,,,,,,,,,20240724101750521_sardine_bad.jpeg,no,
,,,,,,,,,,,20240725091842875_sardine_bad.jpeg,no,
19.0,5.0,20.0,15.0,2.0,0.0064571674558760225,49.0,46.0,0.2631578947368421,1.0462931902046293,0.18533920580759536,20240725121705849_sardine_bad_(0).png,yes,yes
17.0,3.0,17.0,15.0,2.0,0.0062447960033305576,42.0,42.0,0.17647058823529413,1.0214362272240085,0.18202584342560554,20240725121716580_sardine_bad_(0).png,yes,yes
16.0,5.0,17.0,15.0,2.0,0.0058297706956859695,41.0,40.0,0.3125,1.052835505459669,0.19769890186466743,20240725121736038_sardine_bad_(0).png,yes,yes
18.0,4.0,19.0,15.0,1.0,0.0062266500622665,46.0,44.0,0.2222222222222222,1.0278237827095065,0.1902091276325345,20240725121746230_sardine_bad_(0).png,yes,yes
17.0,3.0,17.0,15.0,3.0,0.006607929515418502,42.0,39.0,0.17647058823529413,1.0240216970166602,0.15085802669379297,20240725121755138_sardine_bad_(0).png,yes,yes
16.0,5.0,17.0,15.0,2.0,0.006504770164787511,42.0,38.0,0.3125,1.0499414748341787,0.15058469432162844,20240725121808224_sardine_bad_(0).png,yes,yes
16.0,4.0,17.0,15.0,1.0,0.006119951040391677,43.0,38.0,0.25,1.0351005484460696,0.16946682165513263,20240725121827418_sardine_bad_(0).png,yes,yes
16.0,4.0,17.0,15.0,1.0,0.006119951040391677,43.0,38.0,0.25,1.0351005484460696,0.16946682165513263,20240725121828083_sardine_bad_(0).png,yes,yes
16.0,4.0,17.0,15.0,1.0,0.006119951040391677,43.0,38.0,0.25,1.0351005484460696,0.16946682165513263,20240725121828217_sardine_bad_(0).png,yes,yes
16.0,4.0,17.0,15.0,1.0,0.006119951040391677,43.0,38.0,0.25,1.0351005484460696,0.16946682165513263,20240725121830677_sardine_bad_(0).png,yes,yes
16.0,4.0,16.0,15.0,2.0,0.0070191857744501636,40.0,31.0,0.25,1.0395996518711923,0.10736013325537186,20240725121850567_sardine_bad_(0).png,yes,yes
16.0,4.0,16.0,15.0,2.0,0.0070191857744501636,40.0,31.0,0.25,1.0395996518711923,0.10736013325537186,20240725121851238_sardine_bad_(0).png,yes,yes
16.0,4.0,16.0,15.0,2.0,0.0070191857744501636,40.0,31.0,0.25,1.0395996518711923,0.10736013325537186,20240725121851385_sardine_bad_(0).png,yes,yes
16.0,4.0,16.0,15.0,2.0,0.0070191857744501636,40.0,31.0,0.25,1.0395996518711923,0.10736013325537186,20240725121851554_sardine_bad_(0).png,yes,yes
16.0,4.0,17.0,15.0,2.0,0.0069124423963133645,41.0,40.0,0.25,1.0350291909924938,0.14064152008842754,20240725121902471_sardine_bad_(0).png,yes,yes
18.0,5.0,19.0,15.0,3.0,0.007696254489481785,46.0,44.0,0.2777777777777778,1.0518707482993197,0.12529519228715452,20240725121911589_sardine_bad_(0).png,yes,yes
16.0,3.0,17.0,15.0,2.0,0.007048872180451127,43.0,42.0,0.1875,1.027906976744186,0.14121171344354735,20240725121921526_sardine_bad_(0).png,yes,yes
16.0,5.0,17.0,15.0,3.0,0.00625,41.0,41.0,0.3125,1.0614567526555387,0.17934683575227475,20240725121930440_sardine_bad_(0).png,yes,yes
17.0,3.0,17.0,15.0,2.0,0.006095083299471759,42.0,41.0,0.17647058823529413,1.0242683797287653,0.1853454634168482,20240725121945751_sardine_bad_(0).png,yes,yes
17.0,3.0,17.0,15.0,2.0,0.006095083299471759,42.0,41.0,0.17647058823529413,1.0242683797287653,0.1853454634168482,20240725121945771_sardine_bad_(0).png,yes,yes
17.0,3.0,17.0,15.0,2.0,0.006095083299471759,42.0,41.0,0.17647058823529413,1.0242683797287653,0.1853454634168482,20240725121948725_sardine_bad_(0).png,yes,yes
,,,,,,,,,,,20240725121958225_sardine_bad.jpeg,yes,no
16.0,5.0,17.0,15.0,4.0,0.006830601092896175,41.0,42.0,0.3125,1.053115851108323,0.15042207991584433,20240725122008651_sardine_bad_(0).png,yes,yes
16.0,3.0,16.0,15.0,2.0,0.005789270551910459,41.0,38.0,0.1875,1.0273300630693762,0.19213204923854074,20240725122017588_sardine_bad_(0).png,yes,yes
18.0,5.0,19.0,15.0,1.0,0.007115749525616698,57.0,45.0,0.2777777777777778,1.0481099656357389,0.14982702299329317,20240725122037406_sardine_bad_(0).png,yes,yes
16.0,4.0,16.0,15.0,2.0,0.007352941176470588,42.0,36.0,0.25,1.0337230215827338,0.11343985953586228,20240725122046715_sardine_bad_(0).png,yes,yes
18.0,5.0,19.0,15.0,1.0,0.0065416484954208464,45.0,48.0,0.2777777777777778,1.036382903567644,0.1891037000993208,20240725122058928_sardine_bad_(0).png,yes,yes
18.0,5.0,19.0,15.0,1.0,0.0065416484954208464,45.0,48.0,0.2777777777777778,1.036382903567644,0.1891037000993208,20240725122100147_sardine_bad_(0).png,yes,yes
16.0,3.0,17.0,15.0,1.0,0.006744604316546762,41.0,38.0,0.1875,1.0254648342764754,0.14284845371972318,20240725122109148_sardine_bad_(0).png,yes,yes
17.0,3.0,17.0,15.0,1.0,0.007564296520423601,43.0,39.0,0.17647058823529413,1.0207505518763798,0.1144112073614849,20240725122118795_sardine_bad_(0).png,yes,yes
17.0,6.0,18.0,15.0,3.0,0.007692307692307693,44.0,41.0,0.35294117647058826,1.065709312445605,0.115916871582511,20240725122127428_sardine_bad_(0).png,yes,yes
16.0,4.0,16.0,15.0,1.0,0.007088846880907372,40.0,34.0,0.25,1.0416666666666667,0.11455913724422231,20240725122137219_sardine_bad_(0).png,yes,yes
17.0,3.0,18.0,15.0,1.0,0.007221954742416947,43.0,44.0,0.17647058823529413,1.0237233614796943,0.14142280346234354,20240725122158726_sardine_bad_(0).png,yes,yes
18.0,4.0,18.0,15.0,1.0,0.00675371454299865,45.0,46.0,0.2222222222222222,1.030993278566094,0.16993205404438463,20240725122218140_sardine_bad_(0).png,yes,yes
18.0,4.0,19.0,15.0,2.0,0.0066518847006651885,49.0,48.0,0.2222222222222222,1.0268551236749117,0.18254722742855312,20240725122226957_sardine_bad_(0).png,yes,yes
18.0,4.0,18.0,15.0,3.0,0.0072744907856450046,45.0,45.0,0.2222222222222222,1.0262520193861067,0.14417765335981889,20240725122236372_sardine_bad_(0).png,yes,yes
17.0,4.0,18.0,15.0,2.0,0.0066725978647686835,45.0,45.0,0.23529411764705882,1.0357275772236696,0.17199940127194668,20240725122244379_sardine_bad_(0).png,yes,yes
16.0,3.0,16.0,15.0,2.0,0.00641025641025641,39.0,41.0,0.1875,1.0271423032183016,0.16923161898201547,20240725122254585_sardine_bad_(0).png,yes,yes
16.0,3.0,17.0,15.0,3.0,0.008116883116883116,42.0,46.0,0.1875,1.0262906309751434,0.11749904550600196,20240725122303561_sardine_bad_(0).png,yes,yes
16.0,4.0,17.0,15.0,2.0,0.007564296520423601,41.0,42.0,0.25,1.0410327339787921,0.12438583651053013,20240725122312682_sardine_bad_(0).png,yes,yes
18.0,4.0,18.0,15.0,2.0,0.006824385805277525,46.0,43.0,0.2222222222222222,1.026146267525578,0.15690487966700842,20240725122332253_sardine_bad_(0).png,yes,yes
16.0,7.0,17.0,15.0,2.0,0.008379888268156424,43.0,35.0,0.4375,1.095435684647303,0.08433713729228075,20240725122341172_sardine_bad_(0).png,yes,yes
16.0,3.0,17.0,15.0,3.0,0.006781193490054249,42.0,40.0,0.1875,1.0254545454545454,0.14604842822205136,20240725122349580_sardine_bad_(0).png,yes,yes
18.0,4.0,19.0,15.0,3.0,0.007072135785007072,44.0,52.0,0.2222222222222222,1.031874039938556,0.17474290403797685,20240725122400725_sardine_bad_(0).png,yes,yes
16.0,3.0,17.0,15.0,1.0,0.006983240223463687,42.0,41.0,0.1875,1.0261519302615194,0.14212198700286216,20240725122414107_sardine_bad_(0).png,yes,yes
18.0,5.0,19.0,15.0,1.0,0.007676560900716479,46.0,49.0,0.2777777777777778,1.0377280265339968,0.14080330014631126,20240725122423934_sardine_bad_(0).png,yes,yes
14.0,4.0,15.0,15.0,2.0,0.006631299734748011,36.0,33.0,0.2857142857142857,1.039250669045495,0.12651142122153872,20240725122433696_sardine_bad_(0).png,yes,yes
16.0,4.0,17.0,15.0,1.0,0.006570302233902759,43.0,40.0,0.25,1.030995738086013,0.15777702352727582,20240725122501549_sardine_bad_(0).png,yes,yes
16.0,3.0,17.0,15.0,2.0,0.006538796861377506,43.0,42.0,0.1875,1.0275407292474787,0.16427968075846897,20240725122512295_sardine_bad_(0).png,yes,yes
16.0,3.0,17.0,15.0,1.0,0.0066725978647686835,40.0,40.0,0.1875,1.0266825965750697,0.15041932656777307,20240725122520847_sardine_bad_(0).png,yes,yes
16.0,4.0,17.0,15.0,3.0,0.007249879168680522,41.0,42.0,0.25,1.0289473684210526,0.13547256797599214,20240725122529138_sardine_bad_(0).png,yes,yes
,,,,,,,,,,,20240725122538905_sardine_bad.jpeg,yes,no
16.0,3.0,16.0,15.0,1.0,0.007331378299120235,41.0,42.0,0.1875,1.0243578387953942,0.1309243707014396,20240725122551165_sardine_bad_(0).png,yes,yes
19.0,6.0,20.0,15.0,2.0,0.00757193336698637,49.0,49.0,0.3157894736842105,1.0508278783211398,0.14543835303729336,20240725122601666_sardine_bad_(0).png,yes,yes
16.0,5.0,17.0,15.0,1.0,0.007119126720455624,42.0,46.0,0.3125,1.0556506849315068,0.1516432315028408,20240725122615982_sardine_bad_(0).png,yes,yes
16.0,5.0,17.0,15.0,2.0,0.0075528700906344415,40.0,41.0,0.3125,1.0564031437817845,0.12147905186039558,20240725122624540_sardine_bad_(0).png,yes,yes
17.0,5.0,17.0,15.0,3.0,0.0071056371387967785,42.0,39.0,0.29411764705882354,1.0469074304690742,0.130348086606647,20240725122633952_sardine_bad_(0).png,yes,yes
16.0,3.0,16.0,15.0,2.0,0.007009345794392523,41.0,38.0,0.1875,1.0226302305721606,0.13079604799436115,20240725122643258_sardine_bad_(0).png,yes,yes
17.0,4.0,18.0,15.0,2.0,0.007451564828614009,44.0,44.0,0.23529411764705882,1.030188679245283,0.13279789891174335,20240725122652046_sardine_bad_(0).png,yes,yes
,,,,,,,,,,,20240725122702117_sardine_bad.jpeg,yes,no
,,,,,,,,,,,20240729101716445_sardine_bad.jpeg,no,
19.0,3.0,19.0,15.0,1.0,0.006134969325153374,48.0,47.0,0.15789473684210525,1.0167934093789608,0.174908125,20240801113105156_sardine_bad_(0).png,yes,yes
18.0,3.0,18.0,15.0,2.0,0.005926511260371394,43.0,44.0,0.16666666666666666,1.0196914998359041,0.1776275,20240801113117301_sardine_bad_(0).png,yes,yes
15.0,3.0,16.0,15.0,1.0,0.005307855626326964,38.0,37.0,0.2,1.0284842319430316,0.18574854166666666,20240801113129837_sardine_bad_(0).png,yes,yes
16.0,3.0,16.0,15.0,3.0,0.005886970172684459,40.0,39.0,0.1875,1.0293147673140344,0.15692569444444446,20240801113141288_sardine_bad_(0).png,yes,yes
16.0,4.0,16.0,15.0,1.0,0.005545286506469501,40.0,35.0,0.25,1.0336192109777016,0.1596965277777778,20240801113154996_sardine_bad_(0).png,yes,yes
17.0,4.0,17.0,15.0,1.0,0.0056667925953910086,40.0,36.0,0.23529411764705882,1.0303330036267722,0.15885270833333334,20240801113208107_sardine_bad_(0).png,yes,yes
15.0,3.0,16.0,15.0,1.0,0.005866249511145874,39.0,38.0,0.2,1.0278189910979227,0.15615541666666666,20240801113221029_sardine_bad_(0).png,yes,yes
16.0,3.0,17.0,15.0,2.0,0.006012024048096192,42.0,38.0,0.1875,1.0212765957446808,0.1484929861111111,20240801113231131_sardine_bad_(0).png,yes,yes
16.0,3.0,16.0,15.0,2.0,0.005813953488372093,41.0,36.0,0.1875,1.0246869409660107,0.15086381944444444,20240801113245212_sardine_bad_(0).png,yes,yes
17.0,4.0,17.0,15.0,1.0,0.005651846269781462,42.0,37.0,0.23529411764705882,1.0352159468438538,0.16344881944444445,20240801113302967_sardine_bad_(0).png,yes,yes
16.0,4.0,16.0,15.0,1.0,0.005716463414634146,40.0,38.0,0.25,1.032008441786845,0.16378243055555555,20240801113814503_sardine_bad_(0).png,yes,yes
16.0,4.0,17.0,15.0,3.0,0.00556379821958457,40.0,42.0,0.25,1.031281533804238,0.1912229861111111,20240801113826217_sardine_bad_(0).png,yes,yes
17.0,4.0,18.0,15.0,3.0,0.005466472303206997,43.0,42.0,0.23529411764705882,1.0311915159076732,0.19809381944444446,20240801113839892_sardine_bad_(0).png,yes,yes
16.0,3.0,17.0,15.0,2.0,0.005945303210463734,42.0,43.0,0.1875,1.0241850683491063,0.1705317361111111,20240801113850789_sardine_bad_(0).png,yes,yes
16.0,4.0,16.0,15.0,2.0,0.005263157894736842,40.0,40.0,0.25,1.0312601758384892,0.20355256944444444,20240801113901431_sardine_bad_(0).png,yes,yes
16.0,5.0,17.0,15.0,4.0,0.00589159465828751,41.0,45.0,0.3125,1.0454545454545454,0.18114458333333333,20240801113925201_sardine_bad_(0).png,yes,yes
19.0,4.0,19.0,15.0,2.0,0.005641218503196691,48.0,49.0,0.21052631578947367,1.0262543757292881,0.21746215277777778,20240801113956762_sardine_bad_(0).png,yes,yes
18.0,4.0,19.0,15.0,3.0,0.005368647100930566,46.0,52.0,0.2222222222222222,1.0275703618609995,0.25525319444444444,20240801114019356_sardine_bad_(0).png,yes,yes
17.0,4.0,17.0,15.0,2.0,0.00547845142439737,44.0,41.0,0.23529411764705882,1.0266123982467126,0.19209180555555555,20240801114029302_sardine_bad_(0).png,yes,yes
16.0,4.0,17.0,15.0,2.0,0.005311614730878187,43.0,39.0,0.25,1.0393474088291748,0.19304069444444444,20240801114040074_sardine_bad_(0).png,yes,yes
18.0,3.0,18.0,15.0,2.0,0.006077795786061589,44.0,43.0,0.16666666666666666,1.0215924426450742,0.16397666666666666,20240801114054034_sardine_bad_(0).png,yes,yes
18.0,4.0,18.0,15.0,2.0,0.005380200860832138,45.0,42.0,0.2222222222222222,1.026323486399532,0.2026757638888889,20240801114113022_sardine_bad_(0).png,yes,yes
15.0,4.0,16.0,15.0,1.0,0.005415162454873646,39.0,40.0,0.26666666666666666,1.039764868603043,0.19063180555555556,20240801114126987_sardine_bad_(0).png,yes,yes
15.0,3.0,16.0,15.0,2.0,0.005500550055005501,40.0,40.0,0.2,1.0285419532324622,0.18497319444444443,20240801114152348_sardine_bad_(0).png,yes,yes
15.0,4.0,15.0,15.0,2.0,0.0057251908396946565,37.0,35.0,0.26666666666666666,1.0511855476100866,0.1495848611111111,20240801114200953_sardine_bad_(0).png,yes,yes
15.0,3.0,15.0,15.0,2.0,0.005827505827505828,40.0,36.0,0.2,1.0308386611508085,0.1493298611111111,20240801114213210_sardine_bad_(0).png,yes,yes
16.0,4.0,17.0,15.0,2.0,0.006036217303822937,42.0,43.0,0.25,1.0321637426900585,0.166954375,20240801114232042_sardine_bad_(0).png,yes,yes
19.0,5.0,19.0,15.0,1.0,0.0059031877213695395,47.0,46.0,0.2631578947368421,1.0338614476545511,0.18584034722222223,20240801114248360_sardine_bad_(0).png,yes,yes
18.0,4.0,19.0,15.0,1.0,0.005863956215793589,48.0,50.0,0.2222222222222222,1.02399501402306,0.20550222222222223,20240801114302835_sardine_bad_(0).png,yes,yes
19.0,4.0,19.0,15.0,2.0,0.006323777403035413,46.0,53.0,0.21052631578947367,1.0286094477711245,0.18747708333333332,20240801114315192_sardine_bad_(0).png,yes,yes
17.0,4.0,18.0,15.0,2.0,0.005780346820809248,44.0,41.0,0.23529411764705882,1.03295978905735,0.17368520833333334,20240801114443199_sardine_bad_(0).png,yes,yes
17.0,4.0,18.0,15.0,2.0,0.006858710562414266,44.0,48.0,0.23529411764705882,1.031262211801485,0.14216458333333334,20240801114455516_sardine_bad_(0).png,yes,yes
18.0,4.0,19.0,15.0,2.0,0.006260434056761269,46.0,46.0,0.2222222222222222,1.0339434276206323,0.1656092361111111,20240801114531825_sardine_bad_(0).png,yes,yes
16.0,5.0,17.0,15.0,3.0,0.0060901339829476245,42.0,44.0,0.3125,1.044918998527246,0.16806347222222223,20240801114543656_sardine_bad_(0).png,yes,yes
16.0,4.0,17.0,15.0,1.0,0.005983246908655764,42.0,44.0,0.25,1.0280241220290884,0.17168159722222223,20240801114557829_sardine_bad_(0).png,yes,yes
16.0,4.0,17.0,15.0,1.0,0.005880047040376323,43.0,41.0,0.25,1.034363068379035,0.16733770833333333,20240801114630988_sardine_bad_(0).png,yes,yes
,,,,,,,,,,,20240802110005824_sardine_bad.jpeg,yes,no
17.0,6.0,18.0,15.0,2.0,0.004511278195488722,42.0,48.0,0.35294117647058826,1.060205967784526,0.18919078509012857,20240803092737737_sardine_bad_(0).png,yes,yes
18.0,5.0,19.0,15.0,1.0,0.004599816007359705,46.0,51.0,0.2777777777777778,1.0363003480855295,0.19171937306722006,20240803092747974_sardine_bad_(0).png,yes,yes
18.0,4.0,19.0,15.0,1.0,0.004612546125461255,47.0,58.0,0.2222222222222222,1.0281725255547245,0.21865169207255045,20240803092757677_sardine_bad_(0).png,yes,yes
,,,,,,,,,,,20240803092810672_sardine_bad.jpeg,yes,no
17.0,4.0,17.0,15.0,3.0,0.004263786242183059,39.0,55.0,0.23529411764705882,1.0320576540755466,0.24084452788035074,20240803092822000_sardine_bad_(0).png,yes,yes
17.0,6.0,18.0,15.0,2.0,0.004335260115606936,46.0,57.0,0.35294117647058826,1.0657219643293427,0.24252613385518393,20240803092835947_sardine_bad_(0).png,yes,yes
18.0,4.0,19.0,15.0,2.0,0.004668534080298786,49.0,61.0,0.2222222222222222,1.0288461538461537,0.22309088706970215,20240803092916421_sardine_bad_(0).png,yes,yes
18.0,4.0,19.0,15.0,2.0,0.005064145847400405,44.0,59.0,0.2222222222222222,1.0288513881328252,0.18380614121754965,20240803092934935_sardine_bad_(0).png,yes,yes
,,,,,,,,,,,20240803093015600_sardine_bad.jpeg,yes,no
18.0,5.0,19.0,15.0,5.0,0.0045139933794763765,43.0,54.0,0.2777777777777778,1.0484818805093046,0.21181396643320718,20240803093026405_sardine_bad_(0).png,yes,yes
20.0,8.0,21.0,15.0,3.0,0.005103776794828173,51.0,60.0,0.4,1.0767879548306147,0.18497045834859213,20240803093037841_sardine_bad_(0).png,yes,yes
,,,,,,,,,,,20240803093047888_sardine_bad.jpeg,yes,no
17.0,4.0,18.0,15.0,3.0,0.0050200803212851405,42.0,58.0,0.23529411764705882,1.0322309417040358,0.18355464935302734,20240803093101290_sardine_bad_(0).png,yes,yes
18.0,4.0,18.0,15.0,3.0,0.004834031582339671,47.0,58.0,0.2222222222222222,1.0294892048446551,0.19879802068074545,20240803093113866_sardine_bad_(0).png,yes,yes
17.0,3.0,18.0,15.0,3.0,0.004693366708385482,43.0,45.0,0.17647058823529413,1.0203703703703704,0.1644077698389689,20240803093151978_sardine_bad_(0).png,yes,yes
16.0,4.0,17.0,15.0,3.0,0.004512635379061372,42.0,46.0,0.25,1.030040595399188,0.17988061904907227,20240803093202945_sardine_bad_(0).png,yes,yes
16.0,4.0,17.0,15.0,2.0,0.004152823920265781,41.0,46.0,0.25,1.0335419274092617,0.21393680572509766,20240803093214317_sardine_bad_(0).png,yes,yes
18.0,4.0,18.0,15.0,1.0,0.004592774035517453,44.0,49.0,0.2222222222222222,1.0255646562422438,0.18819129467010498,20240803093227653_sardine_bad_(0).png,yes,yes
17.0,4.0,17.0,15.0,2.0,0.004491017964071856,42.0,47.0,0.23529411764705882,1.031413612565445,0.1861025889714559,20240803093243496_sardine_bad_(0).png,yes,yes
18.0,5.0,18.0,15.0,2.0,0.004804612427930814,45.0,52.0,0.2777777777777778,1.0373684210526315,0.17932220300038657,20240803093303670_sardine_bad_(0).png,yes,yes
16.0,5.0,17.0,15.0,1.0,0.004452359750667854,41.0,45.0,0.3125,1.061127282349828,0.1841150919596354,20240803093335683_sardine_bad_(0).png,yes,yes
17.0,5.0,18.0,15.0,2.0,0.004440497335701598,43.0,48.0,0.29411764705882354,1.0432790224032586,0.19620255629221597,20240803093351229_sardine_bad_(0).png,yes,yes
19.0,4.0,20.0,15.0,2.0,0.004874878128046799,48.0,54.0,0.21052631578947367,1.0288365095285859,0.18364361921946207,20240803094909038_sardine_bad_(0).png,yes,yes
17.0,5.0,18.0,15.0,1.0,0.004708097928436911,42.0,44.0,0.29411764705882354,1.0492610837438423,0.15849379698435465,20240803094918776_sardine_bad_(0).png,yes,yes
16.0,4.0,17.0,15.0,1.0,0.00436046511627907,43.0,38.0,0.25,1.0373347161005964,0.16226768493652344,20240803095010036_sardine_bad_(0).png,yes,yes
16.0,3.0,16.0,15.0,1.0,0.004745333755140778,39.0,38.0,0.1875,1.0296296296296297,0.13645116488138834,20240803095020237_sardine_bad_(0).png,yes,yes
,,,,,,,,,,,20240803095138770_sardine_bad.jpeg,yes,no
16.0,3.0,17.0,15.0,3.0,0.004683109584764283,41.0,42.0,0.1875,1.0241465445462115,0.15527542432149252,20240803095148128_sardine_bad_(0).png,yes,yes
16.0,4.0,17.0,15.0,2.0,0.0044816253361219,42.0,41.0,0.25,1.0327341024953045,0.1625676949818929,20240803095200444_sardine_bad_(0).png,yes,yes
16.0,3.0,16.0,15.0,2.0,0.0044365572315882874,41.0,40.0,0.1875,1.0260444926749865,0.16550060113271078,20240803095228196_sardine_bad_(0).png,yes,yes
16.0,4.0,16.0,15.0,1.0,0.004457652303120356,41.0,41.0,0.25,1.0337078651685394,0.16414066155751547,20240803095252193_sardine_bad_(0).png,yes,yes
16.0,3.0,16.0,15.0,1.0,0.0043949604453559915,40.0,41.0,0.1875,1.0248331108144193,0.17071584860483804,20240803095323063_sardine_bad_(0).png,yes,yes
17.0,3.0,17.0,15.0,2.0,0.0045662100456621,42.0,41.0,0.17647058823529413,1.02266139657444,0.1593325138092041,20240803095332071_sardine_bad_(0).png,yes,yes
17.0,3.0,17.0,15.0,1.0,0.004901960784313725,43.0,41.0,0.17647058823529413,1.023843723068084,0.1382220188776652,20240803095346470_sardine_bad_(0).png,yes,yes
18.0,4.0,18.0,15.0,2.0,0.004758883248730965,44.0,47.0,0.2222222222222222,1.0248086566376353,0.16758660475413004,20240803095438343_sardine_bad_(0).png,yes,yes
16.0,3.0,16.0,15.0,1.0,0.004501800720288115,40.0,40.0,0.1875,1.0287372202265819,0.1607670783996582,20240803095448711_sardine_bad_(0).png,yes,yes
15.0,4.0,16.0,15.0,2.0,0.004493708807669263,41.0,43.0,0.26666666666666666,1.0326576576576576,0.1723860502243042,20240803095457421_sardine_bad_(0).png,yes,yes
14.0,3.0,14.0,15.0,1.0,0.0037397157816005983,34.0,34.0,0.21428571428571427,1.0295336787564766,0.19338011741638184,20240803095510262_sardine_bad_(0).png,yes,yes
14.0,3.0,15.0,15.0,1.0,0.004352872896111433,37.0,36.0,0.21428571428571427,1.0265926358854471,0.15362664063771567,20240803095521019_sardine_bad_(0).png,yes,yes
17.0,5.0,18.0,15.0,1.0,0.004667081518357187,44.0,43.0,0.29411764705882354,1.0476190476190477,0.15982298056284586,20240803095538694_sardine_bad_(0).png,yes,yes
16.0,4.0,17.0,15.0,1.0,0.004631058968817536,40.0,42.0,0.25,1.0289290681502086,0.15654321511586508,20240803095547770_sardine_bad_(0).png,yes,yes
15.0,4.0,16.0,15.0,2.0,0.004403992953611274,39.0,35.0,0.26666666666666666,1.0397091722595078,0.1461695432662964,20240803095624914_sardine_bad_(0).png,yes,yes
15.0,4.0,16.0,15.0,2.0,0.004403992953611274,39.0,35.0,0.26666666666666666,1.0397091722595078,0.1461695432662964,20240803095625351_sardine_bad_(0).png,yes,yes
,,,,,,,,,,,20240803095637223_sardine_bad.jpeg,yes,no
17.0,3.0,17.0,15.0,1.0,0.0046875,43.0,38.0,0.17647058823529413,1.0183608302288452,0.14080456892649332,20240803095647131_sardine_bad_(0).png,yes,yes
16.0,4.0,17.0,15.0,1.0,0.005040322580645161,39.0,39.0,0.25,1.032119914346895,0.1230996052424113,20240803095657875_sardine_bad_(0).png,yes,yes
16.0,7.0,18.0,15.0,2.0,0.004859086491739553,52.0,40.0,0.4375,1.1017877739331026,0.13602872689565024,20240803095708765_sardine_bad_(0).png,yes,yes
,,,,,,,,,,,20240803095719936_sardine_bad.jpeg,yes,no
17.0,5.0,18.0,15.0,2.0,0.0052668539325842695,44.0,44.0,0.29411764705882354,1.0534025022886786,0.12629548708597818,20240803095729571_sardine_bad_(0).png,yes,yes
15.0,4.0,16.0,15.0,2.0,0.004201680672268907,39.0,43.0,0.26666666666666666,1.0348837209302326,0.194822629292806,20240803095901501_sardine_bad_(0).png,yes,yes
15.0,4.0,16.0,15.0,1.0,0.004162042175360711,39.0,42.0,0.26666666666666666,1.032932566649242,0.19639507929484049,20240803095956899_sardine_bad_(0).png,yes,yes
17.0,4.0,17.0,15.0,1.0,0.004334007512279688,42.0,45.0,0.23529411764705882,1.027349577324714,0.19291365146636963,20240803100007369_sardine_bad_(0).png,yes,yes
15.0,5.0,16.0,15.0,2.0,0.004537205081669692,38.0,40.0,0.3333333333333333,1.0518991011887504,0.15700332323710123,20240803100020248_sardine_bad_(0).png,yes,yes
15.0,4.0,16.0,15.0,1.0,0.0043091065785693765,37.0,46.0,0.26666666666666666,1.0473029045643154,0.20078802108764648,20240803100028986_sardine_bad_(0).png,yes,yes
,,,,,,,,,,,20240803100045009_sardine_bad.jpeg,yes,no
16.0,4.0,16.0,15.0,1.0,0.0041759465478841875,40.0,42.0,0.25,1.034122740005093,0.1946627696355184,20240803100101575_sardine_bad_(0).png,yes,yes
17.0,4.0,17.0,15.0,2.0,0.004571776897287412,40.0,47.0,0.23529411764705882,1.0335820895522387,0.18248462677001953,20240803100109599_sardine_bad_(0).png,yes,yes
18.0,5.0,18.0,15.0,2.0,0.004963600264725348,46.0,55.0,0.2777777777777778,1.0371676614215952,0.17917664845784506,20240803100123794_sardine_bad_(0).png,yes,yes
,,,,,,,,,,,20240803100133244_sardine_bad.jpeg,yes,no
15.0,4.0,16.0,15.0,1.0,0.004537205081669692,40.0,40.0,0.26666666666666666,1.043093607305936,0.1564727226893107,20240803100148833_sardine_bad_(0).png,yes,yes
16.0,4.0,17.0,15.0,2.0,0.004431314623338257,41.0,44.0,0.25,1.0404334038054968,0.17835593223571777,20240803100203228_sardine_bad_(0).png,yes,yes
15.0,4.0,15.0,15.0,2.0,0.003948407475651487,37.0,40.0,0.26666666666666666,1.0460732984293193,0.20572384198506674,20240803100714644_sardine_bad_(0).png,yes,yes
,,,,,,,,,,,20240803100723847_sardine_bad.jpeg,yes,no
,,,,,,,,,,,20240803100735588_sardine_bad.jpeg,yes,no
17.0,3.0,17.0,15.0,1.0,0.004355400696864111,43.0,42.0,0.17647058823529413,1.0248369292523833,0.17891558011372885,20240803100744002_sardine_bad_(0).png,yes,yes
,,,,,,,,,,,20240803100757296_sardine_bad.jpeg,yes,no
,,,,,,,,,,,20240803100822789_sardine_bad.jpeg,yes,no
,,,,,,,,,,,20240803100833699_sardine_bad.jpeg,yes,no
,,,,,,,,,,,20240803100847324_sardine_bad.jpeg,yes,no
16.0,5.0,17.0,15.0,1.0,0.004262574595055414,41.0,38.0,0.3125,1.0480769230769231,0.16831854979197183,20240803100856911_sardine_bad_(0).png,yes,yes
17.0,4.0,18.0,15.0,1.0,0.00469630557294928,43.0,45.0,0.23529411764705882,1.0382337102854067,0.16396892070770264,20240803100907379_sardine_bad_(0).png,yes,yes
15.0,4.0,16.0,15.0,2.0,0.0039504872267579665,39.0,44.0,0.26666666666666666,1.0338814150473343,0.224418838818868,20240803100921232_sardine_bad_(0).png,yes,yes
17.0,5.0,17.0,15.0,1.0,0.004312823461759632,43.0,43.0,0.29411764705882354,1.0439146800501882,0.18797977765401205,20240803100939564_sardine_bad_(0).png,yes,yes
16.0,3.0,16.0,15.0,1.0,0.004511278195488722,40.0,40.0,0.1875,1.0288461538461537,0.15638991196950278,20240803101004061_sardine_bad_(0).png,yes,yes
,,,,,,,,,,,20240803101014065_sardine_bad.jpeg,yes,no
16.0,4.0,16.0,15.0,1.0,0.003953610964681075,39.0,40.0,0.25,1.030750307503075,0.20370658238728842,20240803101022287_sardine_bad_(0).png,yes,yes
16.0,5.0,17.0,15.0,1.0,0.004103967168262654,40.0,45.0,0.3125,1.0552303385085264,0.21332271893819174,20240803101033179_sardine_bad_(0).png,yes,yes
17.0,4.0,18.0,15.0,2.0,0.004274722143060701,44.0,49.0,0.23529411764705882,1.0317848410757946,0.21343847115834555,20240803101042123_sardine_bad_(0).png,yes,yes
16.0,3.0,16.0,15.0,1.0,0.004185267857142857,39.0,37.0,0.1875,1.0247765006385696,0.17211528619130453,20240803101106608_sardine_bad_(0).png,yes,yes
17.0,3.0,17.0,15.0,2.0,0.004322766570605188,42.0,43.0,0.17647058823529413,1.0257380772142317,0.18394128481547037,20240803101134171_sardine_bad_(0).png,yes,yes
14.0,4.0,15.0,15.0,1.0,0.004179437169127891,35.0,33.0,0.2857142857142857,1.0365128785734503,0.15315850575764975,20240803101153482_sardine_bad_(0).png,yes,yes
15.0,3.0,16.0,15.0,1.0,0.004807692307692308,38.0,36.0,0.2,1.0284301606922126,0.1268383264541626,20240803101225159_sardine_bad_(0).png,yes,yes
17.0,3.0,18.0,15.0,3.0,0.004379562043795621,43.0,47.0,0.17647058823529413,1.023050514958313,0.19729038079579672,20240820125658708_sardine_bad_(0).png,yes,yes
17.0,4.0,18.0,15.0,2.0,0.0047694753577106515,41.0,47.0,0.23529411764705882,1.0247537929198829,0.16615581512451172,20240820125708996_sardine_bad_(0).png,yes,yes
15.0,3.0,15.0,15.0,2.0,0.004035512510088781,37.0,31.0,0.2,1.0256478760352659,0.15610829989115396,20240820125719896_sardine_bad_(0).png,yes,yes
15.0,4.0,15.0,15.0,2.0,0.0040595399188092015,38.0,32.0,0.26666666666666666,1.0355045381740524,0.1574560006459554,20240820125730158_sardine_bad_(0).png,yes,yes
18.0,4.0,18.0,15.0,1.0,0.0048216007714561235,45.0,41.0,0.2222222222222222,1.0278947368421052,0.14109055201212564,20240820125757483_sardine_bad_(0).png,yes,yes
21.0,6.0,22.0,15.0,3.0,0.005545286506469501,51.0,47.0,0.2857142857142857,1.0505897771952817,0.1228855053583781,20240820125806283_sardine_bad_(0).png,yes,yes
15.0,5.0,16.0,15.0,3.0,0.0047831632653061226,41.0,36.0,0.3333333333333333,1.0547278808148373,0.12586692969004312,20240820125818150_sardine_bad_(0).png,yes,yes
15.0,4.0,16.0,15.0,2.0,0.004725897920604915,38.0,33.0,0.26666666666666666,1.051495528831329,0.11953461170196533,20240820125832363_sardine_bad_(0).png,yes,yes
14.0,3.0,15.0,15.0,2.0,0.003899142188718482,35.0,35.0,0.21428571428571427,1.0232315322370138,0.1862022876739502,20240820125933623_sardine_bad_(0).png,yes,yes
16.0,5.0,17.0,15.0,2.0,0.004745333755140778,41.0,40.0,0.3125,1.055431131019037,0.14159715175628662,20240820125945181_sardine_bad_(0).png,yes,yes
16.0,3.0,16.0,15.0,3.0,0.004087193460490463,40.0,38.0,0.1875,1.027820316488004,0.18536309401194254,20240820125957294_sardine_bad_(0).png,yes,yes
17.0,4.0,18.0,15.0,3.0,0.004793863854266539,45.0,42.0,0.23529411764705882,1.0283877878950187,0.14644300937652588,20240820130008238_sardine_bad_(0).png,yes,yes
16.0,4.0,16.0,15.0,3.0,0.005190311418685121,39.0,33.0,0.25,1.0424242424242425,0.09957857926686604,20240820130026148_sardine_bad_(0).png,yes,yes
14.0,4.0,15.0,15.0,3.0,0.0047694753577106515,37.0,32.0,0.2857142857142857,1.044330228075811,0.11189734935760498,20240820130038622_sardine_bad_(0).png,yes,yes
16.0,3.0,17.0,15.0,2.0,0.004523522316043426,41.0,40.0,0.1875,1.026358695652174,0.15770864486694336,20240820130058946_sardine_bad_(0).png,yes,yes
17.0,5.0,18.0,15.0,3.0,0.004468275245755138,42.0,39.0,0.29411764705882354,1.0493634710314368,0.15798203150431314,20240820130107920_sardine_bad_(0).png,yes,yes
16.0,5.0,16.0,15.0,3.0,0.004524886877828055,42.0,34.0,0.3125,1.0540005654509472,0.13467971483866373,20240820130125132_sardine_bad_(0).png,yes,yes
18.0,5.0,19.0,15.0,2.0,0.005235602094240838,45.0,43.0,0.2777777777777778,1.0371216447744147,0.12725432713826498,20240820130135966_sardine_bad_(0).png,yes,yes
18.0,3.0,18.0,15.0,1.0,0.004528985507246377,44.0,46.0,0.16666666666666666,1.021948212083847,0.1797424554824829,20240820130148961_sardine_bad_(0).png,yes,yes
17.0,4.0,18.0,15.0,1.0,0.004807692307692308,43.0,38.0,0.23529411764705882,1.038957475994513,0.13407238324483237,20240820130200841_sardine_bad_(0).png,yes,yes
14.0,3.0,14.0,15.0,4.0,0.004263786242183059,34.0,31.0,0.21428571428571427,1.0291085506367494,0.1393717130025228,20240820130210285_sardine_bad_(0).png,yes,yes
16.0,3.0,17.0,15.0,2.0,0.0050200803212851405,40.0,33.0,0.1875,1.0238095238095237,0.10465768973032634,20240820130220772_sardine_bad_(0).png,yes,yes
16.0,4.0,17.0,15.0,3.0,0.005253940455341506,41.0,37.0,0.25,1.0387917329093799,0.1085527737935384,20240820130251809_sardine_bad_(0).png,yes,yes
16.0,3.0,16.0,15.0,3.0,0.004968532626697582,39.0,38.0,0.1875,1.025145660840233,0.12321702639261882,20240820130300076_sardine_bad_(0).png,yes,yes
16.0,5.0,17.0,15.0,3.0,0.004645401052957572,41.0,37.0,0.3125,1.0483692647871752,0.1380774180094401,20240820130311585_sardine_bad_(0).png,yes,yes
15.0,3.0,16.0,15.0,2.0,0.004027926960257788,38.0,35.0,0.2,1.0225525371604305,0.1731493870417277,20240820130325165_sardine_bad_(0).png,yes,yes
19.0,4.0,20.0,15.0,1.0,0.0050471063257065945,47.0,51.0,0.21052631578947367,1.022709677419355,0.16021446386973062,20240820130437264_sardine_bad_(0).png,yes,yes
18.0,4.0,18.0,15.0,3.0,0.005050505050505051,44.0,45.0,0.2222222222222222,1.034932076517882,0.14206278324127197,20240820130516375_sardine_bad_(0).png,yes,yes
16.0,5.0,17.0,15.0,2.0,0.005219206680584551,42.0,34.0,0.3125,1.0436408977556109,0.10074023405710857,20240820130607340_sardine_bad_(0).png,yes,yes
,,,,,,,,,,,20240820130629160_sardine_bad.jpeg,yes,no
15.0,5.0,16.0,15.0,4.0,0.005751533742331288,40.0,36.0,0.3333333333333333,1.063173541434411,0.08747537930806477,20240820130638741_sardine_bad_(0).png,yes,yes
16.0,4.0,16.0,15.0,1.0,0.0046282011724776305,42.0,36.0,0.25,1.0440591245025583,0.13407957553863525,20240820130700534_sardine_bad_(0).png,yes,yes
18.0,3.0,18.0,15.0,4.0,0.005188516084399862,44.0,49.0,0.16666666666666666,1.0221226547185662,0.1457510789235433,20240820130711253_sardine_bad_(0).png,yes,yes
17.0,4.0,18.0,15.0,3.0,0.00479539641943734,43.0,46.0,0.23529411764705882,1.0366997792494481,0.16105862458546957,20240820130721053_sardine_bad_(0).png,yes,yes
17.0,3.0,17.0,15.0,3.0,0.004329004329004329,42.0,42.0,0.17647058823529413,1.0208333333333333,0.18181602160135904,20240820130734020_sardine_bad_(0).png,yes,yes
,,,,,,,,,,,20240820130743297_sardine_bad.jpeg,yes,no
15.0,3.0,15.0,15.0,2.0,0.004311583788444955,37.0,33.0,0.2,1.0264215967834578,0.14324474334716797,20240820130836583_sardine_bad_(0).png,yes,yes
16.0,3.0,16.0,15.0,2.0,0.0043782837127845885,40.0,36.0,0.1875,1.0236477303615112,0.15232213338216147,20240820130851577_sardine_bad_(0).png,yes,yes
17.0,3.0,17.0,15.0,2.0,0.004739336492890996,41.0,40.0,0.17647058823529413,1.020475926950747,0.1442786455154419,20240820130901437_sardine_bad_(0).png,yes,yes
18.0,4.0,18.0,15.0,2.0,0.005311614730878187,46.0,41.0,0.2222222222222222,1.0275902553566187,0.1161483923594157,20240820130911331_sardine_bad_(0).png,yes,yes
17.0,5.0,17.0,15.0,4.0,0.00496031746031746,43.0,44.0,0.29411764705882354,1.043013856812933,0.14317182699839273,20240820130921782_sardine_bad_(0).png,yes,yes
16.0,5.0,17.0,15.0,4.0,0.004319032536711776,41.0,33.0,0.3125,1.063982937883231,0.14069541295369467,20240820130934490_sardine_bad_(0).png,yes,yes
15.0,5.0,16.0,16.0,6.0,0.005795981452859351,38.0,38.0,0.3333333333333333,1.066566378337721,0.08996872107187907,20240820130943165_sardine_bad_(0).png,yes,yes
16.0,11.0,20.0,17.0,8.0,0.006270903010033445,48.0,46.0,0.6875,1.1968854282536152,0.09445993105570476,20240820130953695_sardine_bad_(0).png,yes,yes
14.0,3.0,15.0,15.0,2.0,0.004719949653870359,37.0,35.0,0.21428571428571427,1.029467680608365,0.1260922352472941,20240820131002788_sardine_bad_(0).png,yes,yes
16.0,3.0,16.0,15.0,2.0,0.005252100840336135,41.0,33.0,0.1875,1.0195950359242325,0.09793428579966228,20240820131018621_sardine_bad_(0).png,yes,yes
4.0,0.0,4.0,15.0,2.0,0.005252100840336135,8.0,1.0,0.0,1.006857142857143,0.0037684043248494468,20240820131018621_sardine_bad_(1).png,yes,yes
15.0,4.0,16.0,15.0,3.0,0.004571776897287412,38.0,33.0,0.26666666666666666,1.0394390885188431,0.12838574250539145,20240820131028543_sardine_bad_(0).png,yes,yes
18.0,4.0,19.0,15.0,4.0,0.006026516673362796,46.0,41.0,0.2222222222222222,1.0260869565217392,0.08987557888031006,20240820131038922_sardine_bad_(0).png,yes,yes
16.0,3.0,16.0,15.0,3.0,0.006038647342995169,37.0,36.0,0.1875,1.0207715133531157,0.07846498489379883,20240820131049542_sardine_bad_(0).png,yes,yes
14.0,4.0,15.0,15.0,3.0,0.005326704545454545,36.0,31.0,0.2857142857142857,1.0378259272860815,0.08946239948272705,20240820131059573_sardine_bad_(0).png,yes,yes
16.0,5.0,17.0,15.0,2.0,0.005607476635514018,40.0,34.0,0.3125,1.0575880758807588,0.08754126230875652,20240820131114419_sardine_bad_(0).png,yes,yes
16.0,4.0,17.0,15.0,3.0,0.005914826498422713,41.0,42.0,0.25,1.0302275960170697,0.0961224635442098,20240820131124809_sardine_bad_(0).png,yes,yes
8.0,3.0,8.0,15.0,3.0,0.005914826498422713,20.0,8.0,0.375,1.072661870503597,0.018815120061238606,20240820131124809_sardine_bad_(1).png,yes,yes
17.0,4.0,17.0,15.0,2.0,0.004708097928436911,43.0,37.0,0.23529411764705882,1.0299030172413792,0.13409229119618735,20240820131146725_sardine_bad_(0).png,yes,yes
18.0,4.0,19.0,15.0,3.0,0.006080259424402107,48.0,47.0,0.2222222222222222,1.032351057014734,0.10236724217732747,20240820131156514_sardine_bad_(0).png,yes,yes
17.0,3.0,17.0,15.0,1.0,0.005679666792881484,42.0,44.0,0.17647058823529413,1.0229432972795804,0.10878074169158936,20240820131212857_sardine_bad_(0).png,yes,yes
16.0,6.0,17.0,15.0,3.0,0.005622188905547227,42.0,42.0,0.375,1.066376131411331,0.1062089204788208,20240820131223163_sardine_bad_(0).png,yes,yes
17.0,4.0,17.0,15.0,1.0,0.0051003060183611015,43.0,37.0,0.23529411764705882,1.0329964328180736,0.11393920580546062,20240820131233519_sardine_bad_(0).png,yes,yes
17.0,5.0,18.0,15.0,4.0,0.0064710957722174285,43.0,50.0,0.29411764705882354,1.0413100111648679,0.09560728073120117,20240820131243919_sardine_bad_(0).png,yes,yes
18.0,5.0,19.0,15.0,2.0,0.00511770726714432,45.0,42.0,0.2777777777777778,1.0400560224089637,0.128691037495931,20240820131255598_sardine_bad_(0).png,yes,yes
16.0,4.0,17.0,15.0,2.0,0.004887585532746823,43.0,36.0,0.25,1.0337013364323069,0.12156466643015544,20240820131305194_sardine_bad_(0).png,yes,yes
15.0,3.0,16.0,15.0,3.0,0.0045207956600361665,38.0,36.0,0.2,1.023408506994005,0.14254077275594076,20240820131315989_sardine_bad_(0).png,yes,yes
15.0,4.0,16.0,15.0,3.0,0.004955401387512388,39.0,32.0,0.26666666666666666,1.0323296354992075,0.1047968069712321,20240820131327263_sardine_bad_(0).png,yes,yes
15.0,4.0,16.0,15.0,3.0,0.0048543689320388345,39.0,35.0,0.26666666666666666,1.0352048558421851,0.12046913305918376,20240820131337151_sardine_bad_(0).png,yes,yes
17.0,4.0,18.0,15.0,2.0,0.005184929139301763,42.0,37.0,0.23529411764705882,1.0369597615499255,0.11214013894399007,20240820131348523_sardine_bad_(0).png,yes,yes
15.0,3.0,15.0,15.0,2.0,0.004837149306675266,37.0,35.0,0.2,1.0227703984819734,0.11903957525889079,20240820131416807_sardine_bad_(0).png,yes,yes
14.0,3.0,14.0,15.0,1.0,0.0046353522867737945,36.0,25.0,0.21428571428571427,1.0234049374799614,0.0936661163965861,20240820131449959_sardine_bad_(0).png,yes,yes
15.0,2.0,15.0,15.0,1.0,0.004489673750374139,36.0,30.0,0.13333333333333333,1.017735737511085,0.12021565437316895,20240820131509777_sardine_bad_(0).png,yes,yes
17.0,4.0,18.0,15.0,2.0,0.00484027105517909,43.0,46.0,0.23529411764705882,1.02803738317757,0.15816382567087808,20240820131549484_sardine_bad_(0).png,yes,yes
18.0,8.0,20.0,16.0,6.0,0.005201109570041609,47.0,50.0,0.4444444444444444,1.09245122985581,0.14910332361857095,20240820131609288_sardine_bad_(0).png,yes,yes
14.0,3.0,15.0,15.0,1.0,0.0038900414937759337,35.0,32.0,0.21428571428571427,1.0262329485834207,0.1690982977549235,20240820131623206_sardine_bad_(0).png,yes,yes
15.0,3.0,16.0,15.0,3.0,0.004445761707172495,38.0,35.0,0.2,1.021733073279465,0.14111498991648355,20240820131648282_sardine_bad_(0).png,yes,yes
17.0,3.0,17.0,15.0,2.0,0.004897159647404506,42.0,36.0,0.17647058823529413,1.0174535050071531,0.12253618240356445,20240820131708118_sardine_bad_(0).png,yes,yes
20.0,7.0,21.0,15.0,4.0,0.005036937541974479,50.0,51.0,0.35,1.0582837301587302,0.1622376044591268,20240820131718451_sardine_bad_(0).png,yes,yes
17.0,4.0,18.0,15.0,3.0,0.00508130081300813,45.0,36.0,0.23529411764705882,1.0349531116794544,0.11248556772867839,20240820131728405_sardine_bad_(0).png,yes,yes
16.0,5.0,17.0,15.0,3.0,0.004435245416913069,41.0,42.0,0.3125,1.04565730779323,0.17282819747924805,20240820131748220_sardine_bad_(0).png,yes,yes
16.0,3.0,17.0,15.0,2.0,0.0045871559633027525,40.0,41.0,0.1875,1.027693159789532,0.1555046240488688,20240820131759757_sardine_bad_(0).png,yes,yes
16.0,5.0,16.0,15.0,2.0,0.005237430167597765,41.0,31.0,0.3125,1.0498866213151927,0.09110438823699951,20240820131809178_sardine_bad_(0).png,yes,yes
15.0,3.0,15.0,15.0,1.0,0.0048512289780077615,37.0,32.0,0.2,1.0342266709719083,0.10825820763905843,20240820131827373_sardine_bad_(0).png,yes,yes
17.0,3.0,18.0,15.0,1.0,0.004595588235294118,43.0,41.0,0.17647058823529413,1.0205075621635478,0.15771587689717612,20240820131836593_sardine_bad_(0).png,yes,yes
18.0,6.0,19.0,15.0,3.0,0.005168849069607168,45.0,41.0,0.3333333333333333,1.0579793340987371,0.12366982301076253,20240820131846929_sardine_bad_(0).png,yes,yes
15.0,4.0,16.0,15.0,2.0,0.004195804195804196,39.0,30.0,0.26666666666666666,1.0375305955942344,0.1365234057108561,20240820131856837_sardine_bad_(0).png,yes,yes
16.0,4.0,16.0,15.0,4.0,0.004672897196261682,38.0,33.0,0.25,1.0387708213670304,0.12213675181070964,20240820131907045_sardine_bad_(0).png,yes,yes
17.0,5.0,18.0,15.0,2.0,0.004366812227074236,41.0,39.0,0.29411764705882354,1.0540402752995157,0.1637622912724813,20240820131916825_sardine_bad_(0).png,yes,yes
16.0,4.0,17.0,15.0,3.0,0.004405286343612335,42.0,41.0,0.25,1.0365756692287305,0.1695500612258911,20240820131925518_sardine_bad_(0).png,yes,yes
15.0,4.0,16.0,15.0,2.0,0.00441696113074205,39.0,32.0,0.26666666666666666,1.0434904601571269,0.13375171025594076,20240820131935428_sardine_bad_(0).png,yes,yes
14.0,3.0,15.0,15.0,2.0,0.004441812259401836,37.0,31.0,0.21428571428571427,1.030239520958084,0.127264936765035,20240820131946340_sardine_bad_(0).png,yes,yes
14.0,4.0,15.0,15.0,1.0,0.004,38.0,27.0,0.2857142857142857,1.0455778621812262,0.1386244297027588,20240820132015957_sardine_bad_(0).png,yes,yes
15.0,2.0,16.0,15.0,1.0,0.004379562043795621,39.0,33.0,0.13333333333333333,1.0168183071408878,0.13874971866607666,20240820132027889_sardine_bad_(0).png,yes,yes
16.0,3.0,17.0,15.0,3.0,0.004346566212691973,41.0,40.0,0.1875,1.023870636550308,0.17157240708669028,20240820132043411_sardine_bad_(0).png,yes,yes
16.0,5.0,17.0,15.0,4.0,0.004418262150220913,41.0,41.0,0.3125,1.0607601713062098,0.16917061805725098,20240820132056569_sardine_bad_(0).png,yes,yes
16.0,5.0,16.0,15.0,1.0,0.004526252263126132,40.0,38.0,0.3125,1.047887323943662,0.14974737167358398,20240820132110081_sardine_bad_(0).png,yes,yes
17.0,4.0,17.0,15.0,3.0,0.0048828125,42.0,42.0,0.23529411764705882,1.0263010632344711,0.14296559492746988,20240820132122632_sardine_bad_(0).png,yes,yes
17.0,4.0,17.0,15.0,3.0,0.0048828125,42.0,42.0,0.23529411764705882,1.0263010632344711,0.14296559492746988,20240820132124485_sardine_bad_(0).png,yes,yes
16.0,3.0,16.0,15.0,2.0,0.004528985507246377,39.0,37.0,0.1875,1.0225563909774436,0.14471558729807535,20240820132135641_sardine_bad_(0).png,yes,yes
16.0,3.0,17.0,15.0,2.0,0.004642525533890436,40.0,39.0,0.1875,1.0213296398891967,0.14495579401652017,20240820132149265_sardine_bad_(0).png,yes,yes
17.0,3.0,17.0,15.0,1.0,0.004606879606879607,43.0,35.0,0.17647058823529413,1.0217683418435903,0.140477,20240917102506311_sardine_bad_(0).png,yes,yes
17.0,4.0,17.0,15.0,1.0,0.00458295142071494,41.0,49.0,0.23529411764705882,1.0290478752017214,0.194855375,20240917102527344_sardine_bad_(0).png,yes,yes
15.0,5.0,16.0,15.0,2.0,0.004519433564326604,41.0,35.0,0.3333333333333333,1.0549513451631367,0.14626466666666665,20240917102540174_sardine_bad_(0).png,yes,yes
16.0,5.0,17.0,15.0,2.0,0.004455004455004455,42.0,46.0,0.3125,1.0501066098081024,0.196552125,20240917102551840_sardine_bad_(0).png,yes,yes
17.0,4.0,17.0,15.0,2.0,0.004749841671944269,42.0,45.0,0.23529411764705882,1.0282037239868564,0.16952291666666666,20240917102604822_sardine_bad_(0).png,yes,yes
16.0,3.0,16.0,15.0,1.0,0.004560656734569778,41.0,36.0,0.1875,1.0177692728266812,0.14537466666666668,20240917102617625_sardine_bad_(0).png,yes,yes
16.0,3.0,17.0,15.0,1.0,0.004464285714285714,42.0,43.0,0.1875,1.025059351094698,0.183777125,20240917102640937_sardine_bad_(0).png,yes,yes
16.0,3.0,17.0,15.0,1.0,0.004464285714285714,42.0,43.0,0.1875,1.025059351094698,0.183777125,20240917102650049_sardine_bad_(0).png,yes,yes
15.0,4.0,15.0,15.0,2.0,0.00476341695776437,39.0,34.0,0.26666666666666666,1.0355267222737101,0.12833029166666668,20240917102703387_sardine_bad_(0).png,yes,yes
16.0,3.0,16.0,15.0,1.0,0.004383401519579193,37.0,38.0,0.1875,1.0218281036834924,0.16627775,20240917102718516_sardine_bad_(0).png,yes,yes
15.0,4.0,16.0,15.0,2.0,0.004219409282700422,39.0,35.0,0.26666666666666666,1.034573766165215,0.16700770833333334,20240917102730235_sardine_bad_(0).png,yes,yes
16.0,3.0,16.0,15.0,1.0,0.004708097928436911,39.0,38.0,0.1875,1.0269399707174232,0.14455575,20240917102741953_sardine_bad_(0).png,yes,yes
15.0,3.0,15.0,15.0,1.0,0.004488330341113106,38.0,32.0,0.2,1.024597364568082,0.13483058333333334,20240917102753382_sardine_bad_(0).png,yes,yes
17.0,4.0,17.0,15.0,1.0,0.004564820450395618,44.0,44.0,0.23529411764705882,1.0344736144258817,0.17958675,20240917102915896_sardine_bad_(0).png,yes,yes
14.0,3.0,14.0,15.0,1.0,0.004127682993946065,36.0,29.0,0.21428571428571427,1.0217391304347827,0.145837125,20240917102935197_sardine_bad_(0).png,yes,yes
15.0,3.0,16.0,15.0,1.0,0.004156275976724855,40.0,40.0,0.2,1.0281910728269381,0.19531329166666667,20240917102955177_sardine_bad_(0).png,yes,yes
16.0,4.0,17.0,15.0,1.0,0.004374453193350831,42.0,40.0,0.25,1.0304202113946894,0.17600766666666667,20240917103011995_sardine_bad_(0).png,yes,yes
19.0,4.0,19.0,15.0,1.0,0.00482315112540193,48.0,52.0,0.21052631578947367,1.0264950794852385,0.18669804166666668,20240917103021422_sardine_bad_(0).png,yes,yes
16.0,3.0,16.0,15.0,1.0,0.004405286343612335,41.0,40.0,0.1875,1.0258573761567773,0.17498725,20240917103032686_sardine_bad_(0).png,yes,yes
17.0,3.0,17.0,15.0,1.0,0.004674353381115612,42.0,39.0,0.17647058823529413,1.0218998083766766,0.15028816666666667,20240917103052549_sardine_bad_(0).png,yes,yes
16.0,3.0,16.0,15.0,2.0,0.00476341695776437,41.0,33.0,0.1875,1.018067106395182,0.123389,20240917103108089_sardine_bad_(0).png,yes,yes
18.0,4.0,18.0,15.0,3.0,0.004906771344455349,45.0,52.0,0.2222222222222222,1.0291497975708501,0.18157508333333333,20240919094739048_sardine_bad_(0).png,yes,yes
16.0,4.0,17.0,15.0,2.0,0.00460546515198035,40.0,44.0,0.25,1.0375898286346048,0.1755645,20240919094821516_sardine_bad_(0).png,yes,yes
18.0,3.0,19.0,15.0,1.0,0.005494505494505495,46.0,47.0,0.16666666666666666,1.0218404193360513,0.2207390277777778,20240921094354636_sardine_bad_(0).png,yes,yes
18.0,4.0,18.0,15.0,2.0,0.005309734513274336,46.0,47.0,0.2222222222222222,1.026414010910135,0.234964375,20241029094112417_sardine_bad_(0).png,yes,yes
18.0,5.0,19.0,15.0,2.0,0.00581170089112747,45.0,49.0,0.2777777777777778,1.043024359379943,0.2049507638888889,20241029094124657_sardine_bad_(0).png,yes,yes
19.0,4.0,19.0,15.0,1.0,0.005574136008918618,47.0,48.0,0.21052631578947367,1.0219683655536027,0.2179120138888889,20241029094136590_sardine_bad_(0).png,yes,yes
17.0,4.0,17.0,15.0,1.0,0.005820721769499418,42.0,45.0,0.23529411764705882,1.0275885558583107,0.18708381944444444,20241029094150432_sardine_bad_(0).png,yes,yes
17.0,4.0,17.0,15.0,1.0,0.005820721769499418,42.0,45.0,0.23529411764705882,1.0275885558583107,0.18708381944444444,20241029094151517_sardine_bad_(0).png,yes,yes
17.0,4.0,17.0,15.0,2.0,0.006762849413886384,43.0,45.0,0.23529411764705882,1.0299377916018662,0.13904743055555555,20241029101242391_sardine_bad_(0).png,yes,yes
17.0,5.0,18.0,15.0,2.0,0.006762849413886384,45.0,49.0,0.29411764705882354,1.0426898375519456,0.15068472222222223,20241029101242391_sardine_bad_(1).png,yes,yes
12.0,1.0,12.0,15.0,2.0,0.006762849413886384,26.0,8.0,0.08333333333333333,1.0067340067340067,0.02485888888888889,20241029101242391_sardine_bad_(2).png,yes,yes
19.0,3.0,20.0,15.0,2.0,0.006947660954145438,49.0,52.0,0.15789473684210525,1.0200916461050404,0.150558125,20241029101328861_sardine_bad_(0).png,yes,yes
17.0,3.0,18.0,15.0,2.0,0.006947660954145438,43.0,44.0,0.17647058823529413,1.020606531881804,0.12932916666666666,20241029101328861_sardine_bad_(1).png,yes,yes
18.0,3.0,18.0,15.0,2.0,0.006418485237483954,46.0,47.0,0.16666666666666666,1.0228928199791882,0.159809375,20241029101635644_sardine_bad_(0).png,yes,yes
17.0,3.0,18.0,15.0,2.0,0.006418485237483954,44.0,37.0,0.17647058823529413,1.0193895870736087,0.1264032638888889,20241029101635644_sardine_bad_(1).png,yes,yes
18.0,4.0,19.0,15.0,1.0,0.007149666348903718,46.0,45.0,0.2222222222222222,1.0343762070297413,0.12271333333333333,20241107102559182_sardine_bad_(0).png,yes,yes
19.0,3.0,19.0,15.0,1.0,0.007149666348903718,47.0,46.0,0.15789473684210525,1.019534184823441,0.12658,20241107102559182_sardine_bad_(1).png,yes,yes
18.0,3.0,19.0,15.0,1.0,0.006944444444444444,44.0,47.0,0.16666666666666666,1.0181414291003332,0.13698944444444444,20241107102704471_sardine_bad_(0).png,yes,yes
19.0,4.0,19.0,15.0,1.0,0.006944444444444444,47.0,46.0,0.21052631578947367,1.030139935414424,0.13407527777777778,20241107102704471_sardine_bad_(1).png,yes,yes
,,,,,,,,,,,20241107102730932_sardine_bad.jpeg,yes,no
17.0,3.0,17.0,15.0,1.0,0.006613756613756613,43.0,40.0,0.17647058823529413,1.0219033232628398,0.12807069444444444,20241107102802460_sardine_bad_(0).png,yes,yes
18.0,4.0,18.0,15.0,1.0,0.006613756613756613,43.0,38.0,0.2222222222222222,1.0267399267399266,0.1230825,20241107102802460_sardine_bad_(1).png,yes,yes
16.0,3.0,17.0,15.0,1.0,0.007411067193675889,41.0,38.0,0.1875,1.0218068535825544,0.09614826388888889,20241107102817956_sardine_bad_(0).png,yes,yes
18.0,4.0,19.0,15.0,1.0,0.007411067193675889,45.0,45.0,0.2222222222222222,1.0265728800312621,0.1143263888888889,20241107102817956_sardine_bad_(1).png,yes,yes
17.0,5.0,18.0,15.0,2.0,0.007183908045977011,43.0,43.0,0.29411764705882354,1.0412329863891112,0.11624263888888889,20241107102853906_sardine_bad_(0).png,yes,yes
17.0,3.0,17.0,15.0,2.0,0.007183908045977011,42.0,40.0,0.17647058823529413,1.0239194292908098,0.10913888888888888,20241107102853906_sardine_bad_(1).png,yes,yes
16.0,3.0,17.0,15.0,2.0,0.006999533364442371,39.0,42.0,0.1875,1.0260285474391269,0.119594375,20241107102938614_sardine_bad_(0).png,yes,yes
17.0,3.0,18.0,15.0,2.0,0.006999533364442371,43.0,44.0,0.17647058823529413,1.023715415019763,0.12530236111111112,20241107102938614_sardine_bad_(1).png,yes,yes
16.0,6.0,17.0,15.0,1.0,0.007564296520423601,41.0,42.0,0.375,1.0762038335670874,0.10270826388888889,20241107102954711_sardine_bad_(0).png,yes,yes
16.0,3.0,17.0,15.0,1.0,0.007564296520423601,41.0,44.0,0.1875,1.0246858168761221,0.10841104166666667,20241107102954711_sardine_bad_(1).png,yes,yes
16.0,3.0,17.0,15.0,1.0,0.007085498346717053,41.0,37.0,0.1875,1.024565861922914,0.10438854166666667,20241119090638238_sardine_bad_(0).png,yes,yes
17.0,3.0,18.0,15.0,1.0,0.007085498346717053,42.0,39.0,0.17647058823529413,1.0229283990345936,0.10963909722222222,20241119090638238_sardine_bad_(1).png,yes,yes
,,,,,,,,,,,20241119094041451_sardine_bad.jpeg,yes,no
17.0,5.0,18.0,15.0,1.0,0.006693440428380187,43.0,45.0,0.29411764705882354,1.0410178503608052,0.14025583333333333,20241119094230913_sardine_bad_(0).png,yes,yes
16.0,3.0,16.0,15.0,1.0,0.006693440428380187,39.0,36.0,0.1875,1.0270159639787146,0.11364743055555555,20241119094230913_sardine_bad_(1).png,yes,yes
18.0,4.0,18.0,15.0,2.0,0.007122507122507123,44.0,47.0,0.2222222222222222,1.028526768268855,0.130413125,20241119094300902_sardine_bad_(0).png,yes,yes
18.0,4.0,18.0,15.0,2.0,0.007122507122507123,44.0,46.0,0.2222222222222222,1.0266718206416698,0.12763166666666667,20241119094300902_sardine_bad_(1).png,yes,yes
16.0,3.0,16.0,15.0,2.0,0.0069605568445475635,41.0,34.0,0.1875,1.0195828011919965,0.09816333333333334,20241119094341630_sardine_bad_(0).png,yes,yes
18.0,4.0,19.0,15.0,2.0,0.0069605568445475635,46.0,44.0,0.2222222222222222,1.0336356764928194,0.12777583333333334,20241119094341630_sardine_bad_(1).png,yes,yes
16.0,3.0,16.0,15.0,2.0,0.0069605568445475635,41.0,34.0,0.1875,1.0195828011919965,0.09816333333333334,20241119094342367_sardine_bad_(0).png,yes,yes
18.0,4.0,19.0,15.0,2.0,0.0069605568445475635,46.0,44.0,0.2222222222222222,1.0336356764928194,0.12777583333333334,20241119094342367_sardine_bad_(1).png,yes,yes
18.0,3.0,19.0,15.0,2.0,0.007218479307025986,44.0,50.0,0.16666666666666666,1.0224371373307544,0.1355552777777778,20241119094400170_sardine_bad_(0).png,yes,yes
16.0,4.0,17.0,15.0,2.0,0.007218479307025986,41.0,41.0,0.25,1.0371477369769428,0.1112275,20241119094400170_sardine_bad_(1).png,yes,yes
18.0,3.0,18.0,15.0,2.0,0.007242877836793819,44.0,47.0,0.16666666666666666,1.0195686900958467,0.12629284722222223,20241119094433541_sardine_bad_(0).png,yes,yes
16.0,4.0,16.0,15.0,2.0,0.007242877836793819,41.0,41.0,0.25,1.0382732532265242,0.11076625,20241119094433541_sardine_bad_(1).png,yes,yes
16.0,3.0,17.0,15.0,1.0,0.007088846880907372,41.0,38.0,0.1875,1.019839594765724,0.10635201388888889,20241119094450369_sardine_bad_(0).png,yes,yes
16.0,3.0,16.0,15.0,1.0,0.007088846880907372,40.0,36.0,0.1875,1.0255743389683571,0.10051826388888889,20241119094450369_sardine_bad_(1).png,yes,yes
,,,,,,,,,,,20241119100644173_sardine_bad.jpeg,yes,no
,,,,,,,,,,,20241126092744310_sardine_bad.jpeg,yes,no
4.0,1.0,4.0,15.0,2.0,0.00751503006012024,10.0,4.0,0.25,1.0783242258652095,0.011141805555555556,20241126092808648_sardine_bad_(0).png,yes,yes
17.0,4.0,17.0,15.0,2.0,0.00751503006012024,43.0,44.0,0.23529411764705882,1.0292347377472055,0.10936444444444444,20241126092808648_sardine_bad_(1).png,yes,yes
17.0,4.0,18.0,15.0,2.0,0.00751503006012024,46.0,51.0,0.23529411764705882,1.0343527440301634,0.12660625,20241126092808648_sardine_bad_(2).png,yes,yes
