SegmentedFilename,FishDetected,FishHeight(cm),FishWidth(cm),FishDiagonal(cm),ScaleDiagonal(cm),ScaleWidth(cm),OnePixelValue,Circumference(cm),Area(cm),AspectRatio,DiagonalToHeightRatio,AreaRatio,ScaleDetected
20240801105650600_sardine_good.jpeg,no,,,,,,,,,,,,
20240801112950486_sardine_good_(0).png,yes,17.0,4.0,18.0,15.0,2.0,0.005151098901098901,43.0,44.0,0.23529411764705882,1.037241780622636,0.2338425,yes
20240801113001275_sardine_good_(0).png,yes,18.0,4.0,19.0,15.0,2.0,0.005787037037037037,45.0,49.0,0.2222222222222222,1.0232198142414861,0.2038861111111111,yes
20240801113014596_sardine_good_(0).png,yes,17.0,4.0,18.0,15.0,3.0,0.005197505197505198,42.0,43.0,0.23529411764705882,1.0384160756501182,0.22549208333333334,yes
20240801113036068_sardine_good_(0).png,yes,18.0,3.0,18.0,15.0,1.0,0.005403458213256484,43.0,43.0,0.16666666666666666,1.0218150087260034,0.2082886111111111,yes
20240801113703572_sardine_good_(0).png,yes,17.0,3.0,18.0,15.0,1.0,0.005305978068623983,43.0,48.0,0.17647058823529413,1.0235081374321882,0.24120534722222223,yes
20240801113715154_sardine_good_(0).png,yes,17.0,4.0,18.0,15.0,2.0,0.005795981452859351,42.0,45.0,0.23529411764705882,1.0260125123477115,0.190065625,yes
20240801113715154_sardine_good_(1).png,yes,1.0,1.0,1.0,15.0,2.0,0.005795981452859351,4.0,1.0,1.0,1.2076923076923076,0.004957986111111111,yes
20240801113716273_sardine_good_(0).png,yes,17.0,4.0,18.0,15.0,2.0,0.005795981452859351,42.0,45.0,0.23529411764705882,1.0260125123477115,0.190065625,yes
20240801113716273_sardine_good_(1).png,yes,1.0,1.0,1.0,15.0,2.0,0.005795981452859351,4.0,1.0,1.0,1.2076923076923076,0.004957986111111111,yes
20240801113737868_sardine_good_(0).png,yes,17.0,4.0,18.0,15.0,2.0,0.005384063173007897,44.0,45.0,0.23529411764705882,1.02557856272838,0.218203125,yes
20240801113750301_sardine_good_(0).png,yes,16.0,3.0,16.0,15.0,2.0,0.005405405405405406,41.0,43.0,0.1875,1.0280250576986483,0.2085625,yes
20240801114508467_sardine_good_(0).png,yes,21.0,4.0,21.0,15.0,2.0,0.006726457399103139,53.0,61.0,0.19047619047619047,1.0213989140849569,0.1884125,yes
20240801114523167_sardine_good_(0).png,yes,21.0,4.0,22.0,15.0,2.0,0.0066607460035523975,54.0,67.0,0.19047619047619047,1.0203957382039575,0.2115576388888889,yes
20240803092846703_sardine_good_(0).png,yes,16.0,3.0,16.0,15.0,2.0,0.004163197335553705,41.0,43.0,0.1875,1.0258179959100204,0.19973071416219076,yes
20240803092901773_sardine_good_(0).png,yes,16.0,3.0,16.0,15.0,2.0,0.004359197907585004,38.0,43.0,0.1875,1.027055987141709,0.18050952752431235,yes
20240803092950113_sardine_good_(0).png,yes,18.0,3.0,19.0,15.0,2.0,0.004909983633387889,46.0,44.0,0.16666666666666666,1.0215732701920548,0.1476421356201172,yes
20240803093004967_sardine_good_(0).png,yes,18.0,3.0,18.0,15.0,2.0,0.004859086491739553,43.0,48.0,0.16666666666666666,1.0234817813765182,0.16320510705312094,yes
20240803093124123_sardine_good.jpeg,yes,,,,,,,,,,,,no
20240803093142725_sardine_good_(0).png,yes,16.0,4.0,16.0,15.0,2.0,0.004170141784820684,38.0,53.0,0.25,1.0408580183861083,0.24603915214538574,yes
20240803093400101_sardine_good_(0).png,yes,20.0,4.0,20.0,15.0,1.0,0.005005005005005005,49.0,56.0,0.2,1.0265486725663717,0.1780095100402832,yes
20240803093409035_sardine_good.jpeg,yes,,,,,,,,,,,,no
20240803093418705_sardine_good_(0).png,yes,18.0,4.0,18.0,15.0,1.0,0.004955401387512388,44.0,48.0,0.2222222222222222,1.0238805970149254,0.156609574953715,yes
20240803093427564_sardine_good_(0).png,yes,18.0,4.0,18.0,15.0,2.0,0.00510204081632653,47.0,47.0,0.2222222222222222,1.023083264633141,0.1435682773590088,yes
20240803093448293_sardine_good.jpeg,yes,,,,,,,,,,,,no
20240803093500054_sardine_good.jpeg,yes,,,,,,,,,,,,no
20240803093510143_sardine_good_(0).png,yes,19.0,5.0,20.0,15.0,2.0,0.00492772667542707,50.0,51.0,0.2631578947368421,1.0347152847152847,0.16925362745920816,yes
20240803093518992_sardine_good_(0).png,yes,16.0,4.0,17.0,15.0,2.0,0.004623921085080148,43.0,45.0,0.25,1.0324515953095172,0.16801079114278158,yes
20240803093531427_sardine_good_(0).png,yes,19.0,7.0,21.0,15.0,2.0,0.005107252298263534,51.0,58.0,0.3684210526315789,1.0687708493713113,0.1773903767267863,yes
20240803093539406_sardine_good_(0).png,yes,16.0,5.0,17.0,15.0,1.0,0.0046353522867737945,42.0,40.0,0.3125,1.054177359566581,0.14969376722971597,yes
20240803093549939_sardine_good.jpeg,yes,,,,,,,,,,,,no
20240803093636185_sardine_good_(0).png,yes,18.0,5.0,19.0,15.0,1.0,0.0051813471502590676,46.0,52.0,0.2777777777777778,1.035258189894503,0.15402289231618246,yes
20240803093645503_sardine_good_(0).png,yes,17.0,4.0,18.0,15.0,1.0,0.004813863928112966,44.0,50.0,0.23529411764705882,1.0246847330292461,0.1729062795639038,yes
20240803093703778_sardine_good_(0).png,yes,16.0,3.0,16.0,15.0,2.0,0.004622496147919877,40.0,40.0,0.1875,1.0256049521665729,0.15006029605865479,yes
20240803093712479_sardine_good.jpeg,yes,,,,,,,,,,,,no
20240803093721113_sardine_good.jpeg,yes,,,,,,,,,,,,no
20240803093729638_sardine_good_(0).png,yes,20.0,5.0,21.0,15.0,3.0,0.00508646998982706,50.0,61.0,0.25,1.0359413202933985,0.18996493021647134,yes
20240803093738862_sardine_good.jpeg,yes,,,,,,,,,,,,no
20240803093752777_sardine_good_(0).png,yes,17.0,4.0,17.0,15.0,1.0,0.004601226993865031,43.0,47.0,0.23529411764705882,1.0276388523295603,0.17946394284566244,yes
20240803093801604_sardine_good_(0).png,yes,16.0,3.0,17.0,15.0,1.0,0.004519433564326604,40.0,43.0,0.1875,1.0248246087425796,0.17033950487772623,yes
20240803093811066_sardine_good_(0).png,yes,16.0,3.0,17.0,15.0,1.0,0.004548211036992117,39.0,37.0,0.1875,1.0212302667392488,0.14264333248138428,yes
20240803093830492_sardine_good_(0).png,yes,18.0,6.0,19.0,15.0,1.0,0.0045303533675626695,45.0,46.0,0.3333333333333333,1.0534521158129175,0.18128828207651773,yes
20240803093830602_sardine_good_(0).png,yes,18.0,6.0,19.0,15.0,1.0,0.0045303533675626695,45.0,46.0,0.3333333333333333,1.0534521158129175,0.18128828207651773,yes
20240803093841770_sardine_good_(0).png,yes,16.0,4.0,17.0,15.0,3.0,0.0046641791044776115,41.0,43.0,0.25,1.0342600393147992,0.16038604577382407,yes
20240803093850972_sardine_good.jpeg,yes,,,,,,,,,,,,no
20240803093858749_sardine_good_(0).png,yes,18.0,5.0,19.0,15.0,3.0,0.005008347245409015,48.0,57.0,0.2777777777777778,1.0477453580901857,0.18251987298329672,yes
20240803093911387_sardine_good_(0).png,yes,17.0,4.0,17.0,15.0,1.0,0.0048828125,44.0,40.0,0.23529411764705882,1.0339514978601998,0.13446664810180664,yes
20240803093937379_sardine_good_(0).png,yes,15.0,3.0,16.0,15.0,2.0,0.0042686397268070575,40.0,43.0,0.2,1.0296760141573646,0.18839848041534424,yes
20240803094000299_sardine_good_(0).png,yes,17.0,5.0,18.0,15.0,1.0,0.004766444232602479,45.0,48.0,0.29411764705882354,1.041633518960488,0.16849990685780844,yes
20240803094014224_sardine_good_(0).png,yes,17.0,4.0,17.0,15.0,1.0,0.004484304932735426,42.0,47.0,0.23529411764705882,1.027061855670103,0.18716533978780112,yes
20240803094656784_sardine_good_(0).png,yes,16.0,3.0,16.0,15.0,1.0,0.0045857535921736475,40.0,40.0,0.1875,1.02248126561199,0.1528578201929728,yes
20240803094705365_sardine_good.jpeg,yes,,,,,,,,,,,,no
20240803094927244_sardine_good.jpeg,yes,,,,,,,,,,,,no
20240803094936612_sardine_good_(0).png,yes,18.0,4.0,18.0,15.0,2.0,0.004919645785503444,45.0,51.0,0.2222222222222222,1.0278149237764107,0.16823832194010416,yes
20240803094947394_sardine_good_(0).png,yes,16.0,3.0,16.0,15.0,1.0,0.004317789291882556,38.0,41.0,0.1875,1.0232,0.17636307080586752,yes
20240803094955800_sardine_good_(0).png,yes,18.0,4.0,19.0,15.0,1.0,0.004901960784313725,47.0,49.0,0.2222222222222222,1.0278925619834711,0.1630384922027588,yes
20240803095049829_sardine_good.jpeg,yes,,,,,,,,,,,,no
20240803095101195_sardine_good_(0).png,yes,16.0,3.0,17.0,15.0,1.0,0.004898758981058132,41.0,44.0,0.1875,1.0275922160906186,0.14693315823872885,yes
20240803095112899_sardine_good_(0).png,yes,15.0,4.0,15.0,15.0,1.0,0.004193458205199888,38.0,39.0,0.26666666666666666,1.0345110928512735,0.17642597357432047,yes
20240803095126243_sardine_good_(0).png,yes,16.0,3.0,17.0,15.0,1.0,0.004700720777185835,41.0,42.0,0.1875,1.0261474269819193,0.152756134668986,yes
20240803095303109_sardine_good_(0).png,yes,17.0,3.0,17.0,15.0,1.0,0.004220596510973551,41.0,44.0,0.17647058823529413,1.0242587601078168,0.1993857224782308,yes
20240803095912468_sardine_good.jpeg,yes,,,,,,,,,,,,no
20240803095924823_sardine_good.jpeg,yes,,,,,,,,,,,,no
20240803095935116_sardine_good_(0).png,yes,19.0,6.0,20.0,15.0,2.0,0.004684572142410993,49.0,61.0,0.3157894736842105,1.0520273571079628,0.22115087509155273,yes
20240803095944353_sardine_good_(0).png,yes,19.0,6.0,20.0,15.0,3.0,0.004818503051718599,49.0,60.0,0.3157894736842105,1.0530712530712532,0.20667501290639242,yes
20240813113527535_sardine_good_(0).png,yes,17.0,3.0,17.0,15.0,2.0,0.0043821209465381246,43.0,42.0,0.17647058823529413,1.0258709016393444,0.17545040448506674,yes
20240813113528135_sardine_good_(0).png,yes,17.0,3.0,17.0,15.0,2.0,0.0043821209465381246,43.0,42.0,0.17647058823529413,1.0258709016393444,0.17545040448506674,yes
20240813113528581_sardine_good_(0).png,yes,17.0,3.0,17.0,15.0,2.0,0.0043821209465381246,43.0,42.0,0.17647058823529413,1.0258709016393444,0.17545040448506674,yes
20240813113528950_sardine_good_(0).png,yes,17.0,3.0,17.0,15.0,2.0,0.0043821209465381246,43.0,42.0,0.17647058823529413,1.0258709016393444,0.17545040448506674,yes
20240813113529012_sardine_good_(0).png,yes,17.0,3.0,17.0,15.0,2.0,0.0043821209465381246,43.0,42.0,0.17647058823529413,1.0258709016393444,0.17545040448506674,yes
20240813113529029_sardine_good_(0).png,yes,17.0,3.0,17.0,15.0,2.0,0.0043821209465381246,43.0,42.0,0.17647058823529413,1.0258709016393444,0.17545040448506674,yes
20240813113851925_sardine_good_(0).png,yes,17.0,4.0,17.0,15.0,1.0,0.004280821917808219,43.0,45.0,0.23529411764705882,1.032193661093087,0.19565133253733316,yes
20240813113903975_sardine_good_(0).png,yes,15.0,3.0,15.0,15.0,1.0,0.00377453447408153,36.0,43.0,0.2,1.0315403422982885,0.2405958573023478,yes
20240813113922596_sardine_good_(0).png,yes,16.0,3.0,17.0,15.0,1.0,0.004078303425774877,39.0,40.0,0.1875,1.0245338567222768,0.1923676331837972,yes
20240813113922606_sardine_good_(0).png,yes,16.0,3.0,17.0,15.0,1.0,0.004078303425774877,39.0,40.0,0.1875,1.0245338567222768,0.1923676331837972,yes
20240813113932443_sardine_good_(0).png,yes,16.0,4.0,17.0,15.0,1.0,0.004108463434675432,41.0,44.0,0.25,1.0318783717508582,0.20995446046193442,yes
20240813113953758_sardine_good_(0).png,yes,16.0,5.0,17.0,15.0,3.0,0.004355400696864111,42.0,46.0,0.3125,1.0450427129174218,0.1928222974141439,yes
20240813114009540_sardine_good_(0).png,yes,16.0,3.0,17.0,15.0,2.0,0.00429553264604811,39.0,42.0,0.1875,1.0242894056847545,0.18220500151316324,yes
20240813114010585_sardine_good_(0).png,yes,16.0,3.0,17.0,15.0,2.0,0.00429553264604811,39.0,42.0,0.1875,1.0242894056847545,0.18220500151316324,yes
20240813114021155_sardine_good_(0).png,yes,16.0,5.0,17.0,15.0,3.0,0.004352872896111433,42.0,46.0,0.3125,1.043275459963721,0.19537540276845297,yes
20240820125852060_sardine_good_(0).png,yes,16.0,3.0,17.0,15.0,2.0,0.0042686397268070575,42.0,36.0,0.1875,1.0272333927207942,0.15863891442616782,yes
20240820125902342_sardine_good_(0).png,yes,15.0,3.0,15.0,15.0,3.0,0.0040010669511869835,37.0,35.0,0.2,1.0312914346327233,0.17412304878234863,yes
20240820125911846_sardine_good_(0).png,yes,17.0,4.0,18.0,15.0,3.0,0.0047694753577106515,44.0,42.0,0.23529411764705882,1.0392318244170096,0.14791949590047201,yes
20240820125923599_sardine_good_(0).png,yes,16.0,5.0,17.0,15.0,3.0,0.004570383912248629,42.0,41.0,0.3125,1.0451839826839826,0.1572798490524292,yes
20240820130229999_sardine_good_(0).png,yes,17.0,4.0,18.0,15.0,1.0,0.004874878128046799,45.0,40.0,0.23529411764705882,1.0300855644493514,0.13446382681528726,yes
20240820130242899_sardine_good_(0).png,yes,16.0,5.0,16.0,15.0,2.0,0.005103776794828173,40.0,39.0,0.3125,1.0488342785129174,0.11954899628957112,yes
20240820130335171_sardine_good_(0).png,yes,18.0,3.0,18.0,15.0,2.0,0.004963600264725348,43.0,45.0,0.16666666666666666,1.0221735559813852,0.1460538705190023,yes
20240820130408037_sardine_good_(0).png,yes,17.0,5.0,18.0,15.0,4.0,0.004745333755140778,44.0,50.0,0.29411764705882354,1.040988056460369,0.17838279406229654,yes
20240820130417827_sardine_good_(0).png,yes,18.0,6.0,19.0,15.0,3.0,0.004737839545167404,46.0,47.0,0.3333333333333333,1.0550314465408805,0.16708874702453613,yes
20240820130425892_sardine_good_(0).png,yes,16.0,4.0,17.0,15.0,2.0,0.004518072289156626,43.0,45.0,0.25,1.0414216996258685,0.17762231826782227,yes
20240820130529084_sardine_good_(0).png,yes,16.0,4.0,17.0,15.0,1.0,0.004357931435212086,41.0,39.0,0.25,1.0298277192080225,0.1647184689839681,yes
20240820130539266_sardine_good_(0).png,yes,19.0,7.0,20.0,15.0,3.0,0.005252100840336135,48.0,47.0,0.3684210526315789,1.066557555919258,0.1360929012298584,yes
20240820130557223_sardine_good_(0).png,yes,18.0,5.0,18.0,15.0,4.0,0.0054132082280765065,45.0,48.0,0.2777777777777778,1.0409199522102748,0.13049658139546713,yes
20240820130758664_sardine_good_(0).png,yes,18.0,4.0,18.0,15.0,3.0,0.005095108695652174,44.0,45.0,0.2222222222222222,1.0300393037619315,0.13985160986582437,yes
20240820130811691_sardine_good_(0).png,yes,18.0,5.0,19.0,15.0,2.0,0.004786215698787492,45.0,46.0,0.2777777777777778,1.0501174628034455,0.16032822926839194,yes
20240820130822576_sardine_good_(0).png,yes,14.0,3.0,15.0,15.0,1.0,0.004254112308564946,35.0,31.0,0.21428571428571427,1.0202279202279203,0.14047507445017496,yes
20240903122216371_sardine_good_(0).png,yes,16.0,3.0,16.0,15.0,2.0,0.0041841004184100415,40.0,41.0,0.1875,1.0255372945638432,0.18983272711435953,yes
20240903122226302_sardine_good_(0).png,yes,16.0,3.0,17.0,15.0,1.0,0.004108463434675432,42.0,45.0,0.1875,1.025666096308971,0.2162790298461914,yes
20240903122239746_sardine_good_(0).png,yes,16.0,3.0,17.0,15.0,1.0,0.004111842105263158,39.0,47.0,0.1875,1.0263671875,0.22504035631815592,yes
20240903122249125_sardine_good_(0).png,yes,17.0,4.0,18.0,15.0,1.0,0.004422169811320755,44.0,51.0,0.23529411764705882,1.0316375601113643,0.20897833506266275,yes
20240903122259379_sardine_good_(0).png,yes,15.0,3.0,16.0,15.0,2.0,0.004093886462882096,39.0,38.0,0.2,1.0287991771663667,0.18141897519429526,yes
20240903122308314_sardine_good.jpeg,yes,,,,,,,,,,,,no
20240903122319222_sardine_good_(0).png,yes,19.0,4.0,19.0,15.0,3.0,0.004748338081671415,47.0,56.0,0.21052631578947367,1.030612244897959,0.1994459629058838,yes
20240903122331511_sardine_good_(0).png,yes,20.0,4.0,20.0,15.0,2.0,0.005053908355795148,51.0,64.0,0.2,1.0245,0.20042439301808676,yes
20240903122340581_sardine_good_(0).png,yes,18.0,4.0,18.0,15.0,1.0,0.004501800720288115,45.0,49.0,0.2222222222222222,1.0336692061931678,0.19508437315622965,yes
20240903122349706_sardine_good_(0).png,yes,17.0,4.0,17.0,15.0,1.0,0.004509921828021648,43.0,46.0,0.23529411764705882,1.0398206751054853,0.18096721172332764,yes
20240903122432396_sardine_good_(0).png,yes,17.0,3.0,18.0,15.0,1.0,0.004580152671755725,44.0,45.0,0.17647058823529413,1.023981433728726,0.17419874668121338,yes
20240903122441277_sardine_good_(0).png,yes,16.0,3.0,17.0,15.0,1.0,0.0043782837127845885,41.0,45.0,0.1875,1.027350872623079,0.18664244810740152,yes
20240903122452148_sardine_good_(0).png,yes,16.0,5.0,17.0,15.0,1.0,0.004625346901017576,43.0,42.0,0.3125,1.046485888212507,0.15684143702189127,yes
20240903122504946_sardine_good.jpeg,yes,,,,,,,,,,,,no
20240903122515781_sardine_good_(0).png,yes,16.0,4.0,17.0,15.0,1.0,0.0045509708737864075,40.0,41.0,0.25,1.033668205267445,0.160516619682312,yes
20240903122525559_sardine_good.jpeg,yes,,,,,,,,,,,,no
20240903122533824_sardine_good_(0).png,yes,19.0,7.0,20.0,15.0,2.0,0.005016722408026756,50.0,58.0,0.3684210526315789,1.0618451316125734,0.18393580118815103,yes
20240903122542256_sardine_good.jpeg,yes,,,,,,,,,,,,no
20240903122554559_sardine_good_(0).png,yes,18.0,4.0,19.0,15.0,1.0,0.004843396835647401,47.0,46.0,0.2222222222222222,1.026445423904589,0.1579958200454712,yes
20240903122605234_sardine_good_(0).png,yes,18.0,3.0,18.0,15.0,1.0,0.004803073967339097,45.0,48.0,0.16666666666666666,1.0220042417815483,0.16732235749562582,yes
20240903122651081_sardine_good_(0).png,yes,16.0,3.0,16.0,15.0,1.0,0.004191114836546521,38.0,42.0,0.1875,1.0252187339166239,0.1937870979309082,yes
20240903122651745_sardine_good_(0).png,yes,16.0,3.0,16.0,15.0,1.0,0.004191114836546521,38.0,42.0,0.1875,1.0252187339166239,0.1937870979309082,yes
20240903122652498_sardine_good_(0).png,yes,16.0,3.0,16.0,15.0,1.0,0.004191114836546521,38.0,42.0,0.1875,1.0252187339166239,0.1937870979309082,yes
20240903122701538_sardine_good_(0).png,yes,17.0,3.0,18.0,15.0,2.0,0.004770992366412214,43.0,45.0,0.17647058823529413,1.023917087430242,0.15816442171732584,yes
20240903122715231_sardine_good_(0).png,yes,17.0,4.0,18.0,15.0,1.0,0.0046801872074883,44.0,43.0,0.23529411764705882,1.0336780694775922,0.15860633055369058,yes
20240903122724013_sardine_good_(0).png,yes,16.0,4.0,17.0,15.0,1.0,0.004539951573849879,41.0,41.0,0.25,1.0362892223738063,0.1610579490661621,yes
20240903122734689_sardine_good_(0).png,yes,17.0,4.0,18.0,15.0,2.0,0.004519433564326604,44.0,40.0,0.23529411764705882,1.037841984147277,0.15890967845916748,yes
20240903124527133_sardine_good_(0).png,yes,16.0,3.0,16.0,15.0,1.0,0.004099480732440558,40.0,39.0,0.1875,1.0256926952141059,0.187418262163798,yes
20240903124527619_sardine_good_(0).png,yes,16.0,3.0,16.0,15.0,1.0,0.004099480732440558,40.0,39.0,0.1875,1.0256926952141059,0.187418262163798,yes
20240903124530183_sardine_good_(0).png,yes,16.0,3.0,16.0,15.0,1.0,0.004099480732440558,40.0,39.0,0.1875,1.0256926952141059,0.187418262163798,yes
20240903124530702_sardine_good_(0).png,yes,16.0,3.0,16.0,15.0,1.0,0.004099480732440558,40.0,39.0,0.1875,1.0256926952141059,0.187418262163798,yes
20240903124531006_sardine_good_(0).png,yes,16.0,3.0,16.0,15.0,1.0,0.004099480732440558,40.0,39.0,0.1875,1.0256926952141059,0.187418262163798,yes
20240903124531406_sardine_good_(0).png,yes,16.0,3.0,16.0,15.0,1.0,0.004099480732440558,40.0,39.0,0.1875,1.0256926952141059,0.187418262163798,yes
20240903124531419_sardine_good_(0).png,yes,16.0,3.0,16.0,15.0,1.0,0.004099480732440558,40.0,39.0,0.1875,1.0256926952141059,0.187418262163798,yes
20240903124531752_sardine_good_(0).png,yes,16.0,3.0,16.0,15.0,1.0,0.004099480732440558,40.0,39.0,0.1875,1.0256926952141059,0.187418262163798,yes
20240903124531850_sardine_good_(0).png,yes,16.0,3.0,16.0,15.0,1.0,0.004099480732440558,40.0,39.0,0.1875,1.0256926952141059,0.187418262163798,yes
20240903124532124_sardine_good_(0).png,yes,16.0,3.0,16.0,15.0,1.0,0.004099480732440558,40.0,39.0,0.1875,1.0256926952141059,0.187418262163798,yes
20240903124532348_sardine_good_(0).png,yes,16.0,3.0,16.0,15.0,1.0,0.004099480732440558,40.0,39.0,0.1875,1.0256926952141059,0.187418262163798,yes
20240912115731172_sardine_good_(0).png,yes,17.0,5.0,18.0,15.0,1.0,0.0045662100456621,45.0,45.0,0.29411764705882354,1.045299816705944,0.1751252810160319,yes
20240912115733048_sardine_good_(0).png,yes,17.0,5.0,18.0,15.0,1.0,0.0045662100456621,45.0,45.0,0.29411764705882354,1.045299816705944,0.1751252810160319,yes
20240912115742333_sardine_good_(0).png,yes,18.0,6.0,19.0,15.0,2.0,0.004571776897287412,46.0,49.0,0.3333333333333333,1.0532746823069403,0.1892183224360148,yes
20240912115756935_sardine_good_(0).png,yes,18.0,4.0,19.0,15.0,1.0,0.004654049022649705,47.0,54.0,0.2222222222222222,1.0276738967838444,0.19944361845652261,yes
20240912115806278_sardine_good.jpeg,yes,,,,,,,,,,,,no
20240912115821038_sardine_good_(0).png,yes,16.0,3.0,16.0,15.0,1.0,0.004339022273647671,38.0,42.0,0.1875,1.0231031766867944,0.1798694133758545,yes
20240912115835812_sardine_good_(0).png,yes,16.0,3.0,16.0,15.0,2.0,0.004179437169127891,40.0,43.0,0.1875,1.026118438065684,0.1963969866434733,yes
20240912115847100_sardine_good_(0).png,yes,17.0,4.0,18.0,15.0,1.0,0.004548211036992117,44.0,49.0,0.23529411764705882,1.0258397932816536,0.1898388465245565,yes
20240912115936575_sardine_good_(0).png,yes,16.0,3.0,16.0,15.0,1.0,0.0046497210167389955,39.0,45.0,0.1875,1.028620492272467,0.16880309581756592,yes
20240912115952686_sardine_good_(0).png,yes,17.0,4.0,18.0,15.0,1.0,0.004705144291091593,42.0,51.0,0.23529411764705882,1.0294273594909862,0.18413023153940836,yes
20240912120000951_sardine_good_(0).png,yes,18.0,4.0,18.0,15.0,1.0,0.0046641791044776115,45.0,53.0,0.2222222222222222,1.030662200463798,0.1945113738377889,yes
20240912120019085_sardine_good_(0).png,yes,17.0,5.0,18.0,15.0,1.0,0.004345307068366165,43.0,48.0,0.29411764705882354,1.040108937855905,0.20251532395680746,yes
20240912120034397_sardine_good_(0).png,yes,16.0,3.0,17.0,15.0,1.0,0.004595588235294118,42.0,45.0,0.1875,1.0266232002173323,0.1711750030517578,yes
20240912120047677_sardine_good_(0).png,yes,19.0,5.0,20.0,15.0,1.0,0.005131713992473486,48.0,58.0,0.2631578947368421,1.0376358335542009,0.17606119314829508,yes
20240912120056617_sardine_good_(0).png,yes,17.0,5.0,18.0,15.0,2.0,0.004485645933014354,43.0,49.0,0.29411764705882354,1.0428754813863927,0.19430923461914062,yes
20240912120105898_sardine_good_(0).png,yes,17.0,3.0,18.0,15.0,1.0,0.004641089108910891,41.0,47.0,0.17647058823529413,1.0235849056603774,0.17679210503896078,yes
20240912120116855_sardine_good_(0).png,yes,17.0,4.0,18.0,15.0,1.0,0.0048638132295719845,43.0,49.0,0.23529411764705882,1.0262941659819227,0.16509485244750977,yes
20240912120119212_sardine_good_(0).png,yes,17.0,4.0,18.0,15.0,1.0,0.0048638132295719845,43.0,49.0,0.23529411764705882,1.0262941659819227,0.16509485244750977,yes
20240912120128904_sardine_good_(0).png,yes,20.0,4.0,20.0,15.0,2.0,0.005124701059104886,54.0,59.0,0.2,1.0240360540811217,0.17977396647135416,yes
20240912120137604_sardine_good_(0).png,yes,18.0,6.0,19.0,15.0,2.0,0.004878048780487805,48.0,54.0,0.3333333333333333,1.052919708029197,0.18259084224700928,yes
20240912120159836_sardine_good_(0).png,yes,18.0,5.0,19.0,15.0,2.0,0.004606879606879607,47.0,53.0,0.2777777777777778,1.0363545816733069,0.19901275634765625,yes
20240912120216495_sardine_good_(0).png,yes,17.0,4.0,17.0,15.0,1.0,0.00436046511627907,42.0,48.0,0.23529411764705882,1.0298393267023718,0.20227988560994467,yes
20240912120225213_sardine_good_(0).png,yes,18.0,4.0,19.0,15.0,1.0,0.004897159647404506,46.0,52.0,0.2222222222222222,1.0313634007257646,0.17388693491617838,yes
20240912120234736_sardine_good_(0).png,yes,19.0,4.0,20.0,15.0,1.0,0.0049586776859504135,48.0,56.0,0.21052631578947367,1.02312282446544,0.18376227219899496,yes
20240912120236187_sardine_good_(0).png,yes,19.0,4.0,20.0,15.0,1.0,0.0049586776859504135,48.0,56.0,0.21052631578947367,1.02312282446544,0.18376227219899496,yes
20240917092152864_sardine_good_(0).png,yes,17.0,4.0,18.0,15.0,1.0,0.0049833887043189366,45.0,43.0,0.23529411764705882,1.0365373805508713,0.244364375,yes
20240917092208642_sardine_good_(0).png,yes,17.0,3.0,17.0,15.0,3.0,0.0053724928366762174,44.0,46.0,0.17647058823529413,1.0242703533026114,0.224574375,yes
20240917092216974_sardine_good_(0).png,yes,18.0,4.0,19.0,15.0,3.0,0.0057692307692307696,47.0,49.0,0.2222222222222222,1.0319901568748078,0.20776909722222223,yes
20240917092226864_sardine_good_(0).png,yes,18.0,5.0,19.0,15.0,2.0,0.0057361376673040155,46.0,53.0,0.2777777777777778,1.0351941747572815,0.22582993055555556,yes
20240917092239972_sardine_good_(0).png,yes,18.0,4.0,18.0,15.0,3.0,0.006265664160401002,45.0,50.0,0.2222222222222222,1.0267857142857142,0.17839243055555556,yes
20240917092249510_sardine_good_(0).png,yes,21.0,5.0,22.0,15.0,3.0,0.006060606060606061,51.0,55.0,0.23809523809523808,1.0365192582025677,0.20999520833333332,yes
20240917092300213_sardine_good_(0).png,yes,20.0,5.0,21.0,15.0,2.0,0.006177924217462933,52.0,55.0,0.25,1.030437352245863,0.20136152777777777,yes
20240917092319384_sardine_good_(0).png,yes,19.0,4.0,20.0,15.0,3.0,0.00633445945945946,48.0,58.0,0.21052631578947367,1.0255003227888961,0.20273215277777779,yes
20240917092337618_sardine_good_(0).png,yes,16.0,3.0,16.0,15.0,2.0,0.005707762557077625,40.0,38.0,0.1875,1.0226726210924082,0.16609402777777776,yes
20240917092347477_sardine_good_(0).png,yes,17.0,3.0,17.0,15.0,3.0,0.006263048016701462,43.0,39.0,0.17647058823529413,1.026574444848926,0.14041402777777778,yes
20240917092415680_sardine_good_(0).png,yes,20.0,3.0,20.0,15.0,2.0,0.006038647342995169,50.0,57.0,0.15,1.0181924882629108,0.219346875,yes
20240917092426387_sardine_good_(0).png,yes,19.0,4.0,19.0,15.0,1.0,0.0057273768613974796,48.0,47.0,0.21052631578947367,1.0305480682839174,0.20282868055555556,yes
20240917092455454_sardine_good_(0).png,yes,16.0,3.0,17.0,15.0,1.0,0.00495703899537343,43.0,39.0,0.1875,1.0243687610099823,0.22248875,yes
20240917092508447_sardine_good_(0).png,yes,17.0,3.0,17.0,15.0,2.0,0.00488440247476392,40.0,37.0,0.17647058823529413,1.024971297359357,0.21769416666666666,yes
20240917092519633_sardine_good_(0).png,yes,17.0,4.0,18.0,15.0,1.0,0.005006675567423231,46.0,42.0,0.23529411764705882,1.0273513815238626,0.23553972222222222,yes
20240917092534152_sardine_good_(0).png,yes,16.0,3.0,17.0,15.0,2.0,0.005341880341880342,42.0,44.0,0.1875,1.02437480215258,0.21718861111111112,yes
20240917092548063_sardine_good_(0).png,yes,20.0,4.0,20.0,15.0,2.0,0.005641218503196691,48.0,55.0,0.2,1.0272089761570828,0.2425575,yes
20240917092601036_sardine_good_(0).png,yes,20.0,3.0,21.0,15.0,1.0,0.005574136008918618,52.0,53.0,0.15,1.0175298804780877,0.23775125,yes
20240917092613465_sardine_good_(0).png,yes,18.0,4.0,18.0,15.0,2.0,0.005355230274901821,46.0,44.0,0.2222222222222222,1.0274741506646972,0.21633055555555555,yes
20240917092627697_sardine_good_(0).png,yes,17.0,3.0,17.0,15.0,1.0,0.0060435132957292505,44.0,46.0,0.17647058823529413,1.0232235701906411,0.17859555555555556,yes
20240917092639248_sardine_good_(0).png,yes,19.0,6.0,20.0,15.0,1.0,0.00648508430609598,47.0,53.0,0.3157894736842105,1.0530973451327434,0.17516659722222222,yes
20240917092651647_sardine_good_(0).png,yes,22.0,5.0,23.0,15.0,2.0,0.005850234009360375,56.0,61.0,0.22727272727272727,1.0280884265279584,0.24969229166666668,yes
20240917092703416_sardine_good_(0).png,yes,17.0,4.0,18.0,15.0,1.0,0.0058388478007006615,44.0,49.0,0.23529411764705882,1.0296320416802345,0.2011067361111111,yes
20240917092716497_sardine_good_(0).png,yes,17.0,4.0,18.0,15.0,2.0,0.005409304002884962,46.0,47.0,0.23529411764705882,1.0258802287089979,0.22599368055555555,yes
20240917092717445_sardine_good_(0).png,yes,17.0,4.0,18.0,15.0,2.0,0.005409304002884962,46.0,47.0,0.23529411764705882,1.0258802287089979,0.22599368055555555,yes
20240917092737211_sardine_good_(0).png,yes,18.0,3.0,18.0,15.0,2.0,0.005793742757821553,48.0,48.0,0.16666666666666666,1.0202240199128811,0.20153347222222223,yes
20240917092745648_sardine_good_(0).png,yes,19.0,3.0,19.0,15.0,1.0,0.006366723259762309,47.0,52.0,0.15789473684210525,1.0185185185185186,0.18053729166666665,yes
20240917092757439_sardine_good_(0).png,yes,21.0,4.0,22.0,15.0,1.0,0.006157635467980296,54.0,59.0,0.19047619047619047,1.018109790605546,0.21919645833333334,yes
20240917092819214_sardine_good_(0).png,yes,18.0,5.0,19.0,15.0,1.0,0.006124948958758677,46.0,51.0,0.2777777777777778,1.0498349834983498,0.18986118055555556,yes
20240917092827572_sardine_good_(0).png,yes,17.0,4.0,17.0,15.0,1.0,0.0054585152838427945,42.0,39.0,0.23529411764705882,1.0281329923273657,0.1862582638888889,yes
20240917092839105_sardine_good_(0).png,yes,16.0,3.0,17.0,15.0,1.0,0.005900865460267506,42.0,43.0,0.1875,1.0233368164402648,0.17194638888888888,yes
20240917092850035_sardine_good_(0).png,yes,18.0,4.0,19.0,15.0,1.0,0.00589622641509434,47.0,51.0,0.2222222222222222,1.0263659466327828,0.20484375,yes
20240917092859080_sardine_good_(0).png,yes,18.0,4.0,19.0,15.0,1.0,0.005615874204417821,47.0,54.0,0.2222222222222222,1.0285799345043167,0.23880513888888888,yes
20240917092910030_sardine_good_(0).png,yes,17.0,3.0,18.0,15.0,2.0,0.0053898670499461015,45.0,48.0,0.17647058823529413,1.0250152532031727,0.23329840277777777,yes
20240917092919532_sardine_good_(0).png,yes,19.0,5.0,20.0,15.0,1.0,0.005889281507656066,49.0,48.0,0.2631578947368421,1.04448507007922,0.19568222222222223,yes
20240917092931818_sardine_good_(0).png,yes,16.0,4.0,17.0,15.0,1.0,0.005231949773282177,43.0,40.0,0.25,1.0296846011131726,0.20490333333333333,yes
20240917092943954_sardine_good_(0).png,yes,17.0,4.0,17.0,15.0,2.0,0.006195786864931847,42.0,49.0,0.23529411764705882,1.0279469724113222,0.17744930555555555,yes
20240917093004887_sardine_good_(0).png,yes,18.0,4.0,19.0,15.0,2.0,0.005787037037037037,45.0,49.0,0.2222222222222222,1.0231982678626663,0.20466138888888888,yes
20240917093019179_sardine_good_(0).png,yes,17.0,4.0,18.0,15.0,1.0,0.005615874204417821,43.0,41.0,0.23529411764705882,1.0340586565752128,0.18406986111111112,yes
20240917093031876_sardine_good_(0).png,yes,18.0,3.0,18.0,15.0,2.0,0.005978477481068154,44.0,46.0,0.16666666666666666,1.0225091029460442,0.18095756944444444,yes
20240917093043270_sardine_good_(0).png,yes,18.0,5.0,19.0,15.0,3.0,0.005841121495327103,47.0,43.0,0.2777777777777778,1.0385212799005903,0.178925625,yes
20240917093051189_sardine_good_(0).png,yes,19.0,5.0,20.0,15.0,2.0,0.006067961165048544,50.0,51.0,0.2631578947368421,1.0329704510108864,0.1954136111111111,yes
20240917093103266_sardine_good_(0).png,yes,17.0,4.0,18.0,15.0,3.0,0.005782575173477255,45.0,50.0,0.23529411764705882,1.0354953210713134,0.21057840277777778,yes
20240917093111514_sardine_good_(0).png,yes,18.0,6.0,19.0,15.0,2.0,0.005870841487279843,48.0,49.0,0.3333333333333333,1.0540284360189573,0.20018965277777778,yes
20240917093121242_sardine_good_(0).png,yes,19.0,4.0,19.0,15.0,2.0,0.00573175391669851,47.0,55.0,0.21052631578947367,1.0332335329341318,0.23251854166666666,yes
20240917093129889_sardine_good_(0).png,yes,19.0,4.0,19.0,15.0,3.0,0.006504770164787511,49.0,52.0,0.21052631578947367,1.025727826675694,0.1724873611111111,yes
20240917093142139_sardine_good_(0).png,yes,18.0,4.0,18.0,15.0,1.0,0.0059976009596161535,45.0,52.0,0.2222222222222222,1.0241199478487615,0.2045838888888889,yes
20240917093158257_sardine_good_(0).png,yes,20.0,3.0,21.0,15.0,1.0,0.006177924217462933,49.0,53.0,0.15,1.017009847806625,0.19415597222222222,yes
20240917093212644_sardine_good_(0).png,yes,18.0,4.0,19.0,15.0,1.0,0.006533101045296167,47.0,44.0,0.2222222222222222,1.0294014700735037,0.14573902777777778,yes
20240917093220758_sardine_good_(0).png,yes,19.0,4.0,20.0,15.0,1.0,0.006213753106876553,50.0,59.0,0.21052631578947367,1.0296249606051056,0.21244534722222222,yes
20240917093230829_sardine_good_(0).png,yes,22.0,5.0,22.0,15.0,2.0,0.006412997007268063,56.0,62.0,0.22727272727272727,1.0311862430778198,0.20953972222222222,yes
20240917093239745_sardine_good_(0).png,yes,18.0,3.0,18.0,15.0,1.0,0.005889281507656066,46.0,44.0,0.16666666666666666,1.0219097449313277,0.17933694444444445,yes
20240917093251439_sardine_good_(0).png,yes,17.0,3.0,18.0,15.0,2.0,0.005907837731390311,43.0,49.0,0.17647058823529413,1.0235411140583555,0.19563388888888888,yes
20240917093303434_sardine_good_(0).png,yes,17.0,3.0,18.0,15.0,1.0,0.005541189508681197,44.0,45.0,0.17647058823529413,1.0216517166718218,0.20400222222222222,yes
20240917093315363_sardine_good_(0).png,yes,17.0,3.0,18.0,15.0,1.0,0.005784805244890089,42.0,48.0,0.17647058823529413,1.0238250652741514,0.19977520833333334,yes
20240917093338642_sardine_good_(0).png,yes,19.0,4.0,20.0,15.0,2.0,0.0059665871121718375,48.0,58.0,0.21052631578947367,1.0296699969724492,0.22835222222222223,yes
20240917093347753_sardine_good_(0).png,yes,19.0,6.0,20.0,15.0,2.0,0.005773672055427252,49.0,51.0,0.3157894736842105,1.0467179183914843,0.21597666666666668,yes
20240917093404434_sardine_good_(0).png,yes,17.0,3.0,18.0,15.0,1.0,0.005841121495327103,43.0,47.0,0.17647058823529413,1.0214521452145215,0.19319611111111112,yes
20240917093415689_sardine_good_(0).png,yes,18.0,4.0,19.0,15.0,2.0,0.005580357142857143,46.0,49.0,0.2222222222222222,1.023033203709243,0.22110069444444444,yes
20240917093453875_sardine_good_(0).png,yes,17.0,4.0,18.0,15.0,1.0,0.005980861244019139,45.0,47.0,0.23529411764705882,1.0286284953395473,0.18426881944444445,yes
20240917093510814_sardine_good_(0).png,yes,17.0,3.0,17.0,15.0,2.0,0.00581170089112747,43.0,47.0,0.17647058823529413,1.0228174603174602,0.19443236111111112,yes
20240917093557302_sardine_good_(0).png,yes,18.0,4.0,19.0,15.0,1.0,0.005403458213256484,47.0,49.0,0.2222222222222222,1.027405247813411,0.23531215277777778,yes
20240917093613827_sardine_good_(0).png,yes,18.0,4.0,19.0,15.0,1.0,0.006257822277847309,45.0,53.0,0.2222222222222222,1.0225016545334216,0.18831020833333334,yes
20240917093655457_sardine_good_(0).png,yes,19.0,4.0,20.0,15.0,1.0,0.006033789219629927,47.0,52.0,0.21052631578947367,1.028069093152375,0.19985666666666665,yes
20240917093705068_sardine_good_(0).png,yes,18.0,4.0,18.0,15.0,1.0,0.005468465184104995,47.0,44.0,0.2222222222222222,1.02803738317757,0.20445458333333333,yes
20240917093713797_sardine_good_(0).png,yes,18.0,3.0,18.0,15.0,1.0,0.005866249511145874,44.0,47.0,0.16666666666666666,1.0199613650998067,0.19235256944444445,yes
20240917093724733_sardine_good_(0).png,yes,20.0,3.0,20.0,15.0,1.0,0.005983246908655764,50.0,52.0,0.15,1.0185676392572944,0.20391138888888888,yes
20240917093733204_sardine_good_(0).png,yes,16.0,3.0,17.0,15.0,1.0,0.005574136008918618,42.0,43.0,0.1875,1.0219888414834264,0.19266097222222223,yes
20240917093746241_sardine_good_(0).png,yes,19.0,3.0,19.0,15.0,3.0,0.00591016548463357,49.0,47.0,0.15789473684210525,1.0207127627170272,0.18910944444444444,yes
20240917093755275_sardine_good_(0).png,yes,16.0,3.0,17.0,15.0,1.0,0.0053533190578158455,43.0,39.0,0.1875,1.0263157894736843,0.19056416666666667,yes
20240917093803683_sardine_good_(0).png,yes,16.0,3.0,16.0,15.0,2.0,0.005259467040673212,40.0,38.0,0.1875,1.0223316912972085,0.19494458333333334,yes
20240917093811749_sardine_good_(0).png,yes,20.0,4.0,20.0,15.0,1.0,0.005520794994479205,49.0,53.0,0.2,1.0232050232050232,0.24521590277777777,yes
20240917093826389_sardine_good_(0).png,yes,17.0,5.0,18.0,15.0,3.0,0.005421033610408385,44.0,50.0,0.29411764705882354,1.0405240706886045,0.24058305555555556,yes
20240917095941568_sardine_good_(0).png,yes,18.0,4.0,18.0,15.0,1.0,0.004625346901017576,44.0,49.0,0.2222222222222222,1.033628318584071,0.192797875,yes
20240917095951137_sardine_good_(0).png,yes,18.0,3.0,19.0,15.0,2.0,0.00513347022587269,45.0,48.0,0.16666666666666666,1.0199290199290199,0.15329395833333334,yes
20240917100010624_sardine_good_(0).png,yes,18.0,4.0,19.0,15.0,1.0,0.00529287226534933,44.0,51.0,0.2222222222222222,1.0220670391061453,0.154144375,yes
20240917100020703_sardine_good_(0).png,yes,19.0,5.0,19.0,15.0,1.0,0.005174197999310107,47.0,52.0,0.2631578947368421,1.0341765339074274,0.16403458333333334,yes
20240917100035978_sardine_good_(0).png,yes,18.0,4.0,19.0,15.0,2.0,0.004968532626697582,43.0,48.0,0.2222222222222222,1.0224452072880907,0.16289525,yes
20240917100056813_sardine_good_(0).png,yes,18.0,4.0,18.0,15.0,3.0,0.0047984644913627635,45.0,49.0,0.2222222222222222,1.0313561536451528,0.17965075,yes
20240917100116842_sardine_good_(0).png,yes,18.0,4.0,19.0,15.0,1.0,0.005298481102084069,46.0,51.0,0.2222222222222222,1.0238230289279637,0.15433425,yes
20240917100124804_sardine_good_(0).png,yes,16.0,3.0,17.0,15.0,1.0,0.004555116914667477,40.0,47.0,0.1875,1.0251623376623376,0.18916279166666666,yes
20240917100138284_sardine_good_(0).png,yes,16.0,4.0,17.0,15.0,2.0,0.004548211036992117,42.0,49.0,0.25,1.029290993703805,0.19840925,yes
20240917100152526_sardine_good_(0).png,yes,17.0,4.0,18.0,15.0,1.0,0.004725897920604915,41.0,49.0,0.23529411764705882,1.0262946069224577,0.18521879166666666,yes
20240917100202066_sardine_good_(0).png,yes,18.0,3.0,18.0,15.0,1.0,0.004618226600985222,42.0,49.0,0.16666666666666666,1.021015761821366,0.19383445833333332,yes
20240917100211461_sardine_good_(0).png,yes,18.0,4.0,18.0,15.0,2.0,0.004535833081342607,45.0,51.0,0.2222222222222222,1.02675,0.20951275,yes
20240917100222015_sardine_good_(0).png,yes,17.0,3.0,18.0,15.0,2.0,0.004757373929590866,41.0,47.0,0.17647058823529413,1.019770237777184,0.17504995833333334,yes
20240917100242262_sardine_good_(0).png,yes,17.0,4.0,17.0,15.0,1.0,0.004612546125461255,42.0,46.0,0.23529411764705882,1.027291997880233,0.18145204166666667,yes
20240917100251788_sardine_good_(0).png,yes,17.0,4.0,18.0,15.0,1.0,0.004654049022649705,43.0,43.0,0.23529411764705882,1.0266490765171503,0.16729683333333334,yes
20240917100301018_sardine_good_(0).png,yes,17.0,3.0,17.0,15.0,1.0,0.004526252263126132,42.0,47.0,0.17647058823529413,1.024504692387904,0.19479233333333335,yes
20240917100310235_sardine_good_(0).png,yes,18.0,4.0,19.0,15.0,2.0,0.004623921085080148,46.0,51.0,0.2222222222222222,1.0297872340425531,0.20055154166666667,yes
20240917100323002_sardine_good_(0).png,yes,17.0,4.0,17.0,15.0,2.0,0.0043642711667151585,43.0,45.0,0.23529411764705882,1.0304503582395086,0.1975575,yes
20240917100332925_sardine_good_(0).png,yes,18.0,4.0,18.0,15.0,3.0,0.004615384615384616,46.0,55.0,0.2222222222222222,1.0303714859437751,0.21559645833333332,yes
20240917100341921_sardine_good_(0).png,yes,18.0,5.0,19.0,15.0,1.0,0.004970178926441352,44.0,52.0,0.2777777777777778,1.0396782841823056,0.17876191666666666,yes
20240917100353754_sardine_good_(0).png,yes,16.0,3.0,17.0,15.0,2.0,0.004645401052957572,42.0,46.0,0.1875,1.0261204289249382,0.17862054166666666,yes
20240917100403701_sardine_good_(0).png,yes,18.0,4.0,18.0,15.0,2.0,0.004688965301656768,43.0,49.0,0.2222222222222222,1.0244727935433482,0.18839608333333333,yes
20240917100412084_sardine_good_(0).png,yes,15.0,3.0,16.0,15.0,1.0,0.0050200803212851405,39.0,37.0,0.2,1.027172195892575,0.12482866666666667,yes
20240917100433194_sardine_good_(0).png,yes,18.0,3.0,18.0,15.0,2.0,0.005311614730878187,45.0,46.0,0.16666666666666666,1.0207552608820987,0.13768645833333334,yes
20240917100442541_sardine_good_(0).png,yes,19.0,4.0,20.0,15.0,1.0,0.005129958960328317,49.0,50.0,0.21052631578947367,1.029757243539546,0.1613955,yes
20240917100453440_sardine_good_(0).png,yes,15.0,4.0,16.0,15.0,1.0,0.004335260115606936,38.0,38.0,0.26666666666666666,1.0391993327773144,0.17225504166666666,yes
20240917100612934_sardine_good_(0).png,yes,17.0,5.0,17.0,15.0,1.0,0.004633920296570899,43.0,40.0,0.29411764705882354,1.0436669378898833,0.1567,yes
20240917100626162_sardine_good_(0).png,yes,15.0,4.0,16.0,15.0,3.0,0.003992547245142401,37.0,41.0,0.26666666666666666,1.0488306347982523,0.21853741666666668,yes
20240917100650266_sardine_good_(0).png,yes,19.0,4.0,20.0,15.0,2.0,0.005062436719541006,50.0,55.0,0.21052631578947367,1.0244897959183674,0.18121129166666666,yes
20240917100659021_sardine_good_(0).png,yes,17.0,5.0,18.0,15.0,2.0,0.004743833017077799,43.0,47.0,0.29411764705882354,1.053194406361393,0.17593229166666666,yes
20240917100718589_sardine_good_(0).png,yes,17.0,4.0,17.0,15.0,3.0,0.0043975373790677225,41.0,46.0,0.23529411764705882,1.0260782347041124,0.19991233333333333,yes
20240917100731158_sardine_good_(0).png,yes,17.0,4.0,17.0,15.0,2.0,0.005055611729019211,41.0,45.0,0.23529411764705882,1.0273207990599296,0.148234,yes
20240917100739290_sardine_good_(0).png,yes,18.0,4.0,19.0,15.0,2.0,0.004758883248730965,47.0,48.0,0.2222222222222222,1.02264631043257,0.177833,yes
20240917100750663_sardine_good_(0).png,yes,16.0,5.0,17.0,15.0,2.0,0.004613964933866502,42.0,42.0,0.3125,1.0441988950276244,0.167841375,yes
20240917100801256_sardine_good_(0).png,yes,17.0,4.0,17.0,15.0,2.0,0.004373177842565598,42.0,47.0,0.23529411764705882,1.0389543823680163,0.208423125,yes
20240917100811591_sardine_good_(0).png,yes,17.0,3.0,17.0,15.0,2.0,0.004862236628849271,41.0,44.0,0.17647058823529413,1.0251910557599773,0.15791775,yes
20240917100821550_sardine_good_(0).png,yes,18.0,4.0,19.0,15.0,2.0,0.004719949653870359,45.0,49.0,0.2222222222222222,1.027541311967952,0.18399316666666668,yes
20240917100833810_sardine_good_(0).png,yes,17.0,3.0,18.0,15.0,2.0,0.004693366708385482,44.0,48.0,0.17647058823529413,1.0235263018768173,0.18513575,yes
20240917100842347_sardine_good_(0).png,yes,17.0,4.0,18.0,15.0,1.0,0.004727387330601954,44.0,52.0,0.23529411764705882,1.0269841269841269,0.19605041666666667,yes
20240917100908449_sardine_good_(0).png,yes,20.0,3.0,21.0,15.0,2.0,0.005204718945176961,51.0,55.0,0.15,1.0177811169546707,0.17222266666666666,yes
20240917100927364_sardine_good_(0).png,yes,16.0,4.0,17.0,15.0,2.0,0.004482964734010759,39.0,40.0,0.25,1.0435974773786674,0.166461,yes
20240917100939801_sardine_good_(0).png,yes,19.0,4.0,19.0,15.0,1.0,0.0053533190578158455,48.0,56.0,0.21052631578947367,1.0249584026622296,0.16524133333333332,yes
20240917100948649_sardine_good_(0).png,yes,19.0,5.0,20.0,15.0,2.0,0.005121201775349949,49.0,54.0,0.2631578947368421,1.0415133998949029,0.172665125,yes
20240917101000966_sardine_good_(0).png,yes,21.0,4.0,21.0,15.0,1.0,0.005658242172764994,49.0,66.0,0.19047619047619047,1.0190246516613075,0.1729805,yes
20240917101039873_sardine_good_(0).png,yes,19.0,4.0,20.0,15.0,1.0,0.005488474204171241,49.0,63.0,0.21052631578947367,1.0267454954954955,0.1755155,yes
20240917101039873_sardine_good_(1).png,yes,1.0,1.0,2.0,15.0,1.0,0.005488474204171241,4.0,0.0,1.0,1.316546762589928,0.0025499583333333333,yes
20240917101107373_sardine_good_(0).png,yes,17.0,4.0,17.0,15.0,2.0,0.004591368227731864,43.0,49.0,0.23529411764705882,1.033780160857909,0.19484308333333333,yes
20240917101120470_sardine_good_(0).png,yes,18.0,6.0,19.0,15.0,1.0,0.0046497210167389955,47.0,49.0,0.3333333333333333,1.0515204825332998,0.19147195833333333,yes
20240917101136515_sardine_good_(0).png,yes,18.0,5.0,19.0,15.0,1.0,0.004876462938881665,47.0,45.0,0.2777777777777778,1.0405263157894737,0.15892395833333334,yes
20240917101156940_sardine_good_(0).png,yes,18.0,5.0,19.0,15.0,1.0,0.004815409309791332,45.0,49.0,0.2777777777777778,1.0392978779145927,0.1791935,yes
20240917101214923_sardine_good_(0).png,yes,17.0,6.0,18.0,15.0,3.0,0.004728877679697352,45.0,52.0,0.35294117647058826,1.0637556924725422,0.19433166666666668,yes
20240917101225130_sardine_good_(0).png,yes,19.0,4.0,19.0,15.0,3.0,0.0048575129533678756,47.0,57.0,0.21052631578947367,1.0250375563345018,0.20204379166666667,yes
20240917101243202_sardine_good_(0).png,yes,17.0,4.0,18.0,15.0,2.0,0.004468275245755138,42.0,49.0,0.23529411764705882,1.0255063765941486,0.20592520833333333,yes
20240917101256872_sardine_good_(0).png,yes,18.0,4.0,18.0,15.0,3.0,0.004714016341923318,45.0,53.0,0.2222222222222222,1.0366013071895426,0.2009255,yes
20240917101311284_sardine_good_(0).png,yes,17.0,5.0,18.0,15.0,1.0,0.004534461910519952,42.0,43.0,0.29411764705882354,1.041028304336536,0.17822870833333335,yes
20240917101324743_sardine_good_(0).png,yes,15.0,3.0,16.0,15.0,2.0,0.003930817610062893,36.0,38.0,0.2,1.0321274981027069,0.20622508333333334,yes
20240917101426781_sardine_good_(0).png,yes,17.0,5.0,18.0,15.0,3.0,0.005006675567423231,42.0,48.0,0.29411764705882354,1.0577034045008655,0.16261104166666668,yes
20240917101437529_sardine_good_(0).png,yes,18.0,5.0,18.0,15.0,3.0,0.004718464926077383,46.0,52.0,0.2777777777777778,1.0435917515009137,0.19672775,yes
20240917101454243_sardine_good_(0).png,yes,17.0,4.0,18.0,15.0,2.0,0.004755865567533291,44.0,49.0,0.23529411764705882,1.0293960448957777,0.181372,yes
20240917101502072_sardine_good_(0).png,yes,17.0,3.0,17.0,15.0,2.0,0.0045207956600361665,41.0,47.0,0.17647058823529413,1.0226162940118222,0.194512625,yes
20240917101511350_sardine_good_(0).png,yes,18.0,5.0,19.0,15.0,1.0,0.0046801872074883,48.0,50.0,0.2777777777777778,1.0425911757204795,0.191818625,yes
20240917101520497_sardine_good_(0).png,yes,17.0,5.0,17.0,15.0,3.0,0.0048575129533678756,43.0,48.0,0.29411764705882354,1.0436384244828563,0.17147829166666667,yes
20240917101530228_sardine_good_(0).png,yes,17.0,5.0,18.0,15.0,3.0,0.004934210526315789,45.0,48.0,0.29411764705882354,1.0424125585238226,0.16664516666666668,yes
20240917101538718_sardine_good_(0).png,yes,18.0,4.0,19.0,15.0,3.0,0.00476341695776437,45.0,53.0,0.2222222222222222,1.0279329608938548,0.19475125,yes
20240917101546673_sardine_good_(0).png,yes,18.0,4.0,18.0,15.0,4.0,0.005016722408026756,45.0,47.0,0.2222222222222222,1.0339549123295297,0.15732304166666666,yes
20240917101604953_sardine_good_(0).png,yes,19.0,5.0,20.0,15.0,3.0,0.0049800796812749,46.0,52.0,0.2631578947368421,1.0422136422136423,0.17776183333333334,yes
20240917101615140_sardine_good_(0).png,yes,20.0,6.0,21.0,15.0,4.0,0.005315379163713678,51.0,62.0,0.3,1.0501168527655154,0.18498020833333334,yes
20240917101624645_sardine_good_(0).png,yes,18.0,5.0,19.0,15.0,3.0,0.005195704883962591,47.0,48.0,0.2777777777777778,1.034966960352423,0.15007216666666667,yes
20240917101634955_sardine_good_(0).png,yes,17.0,4.0,18.0,15.0,3.0,0.004722921914357683,43.0,46.0,0.23529411764705882,1.0326938665225616,0.17474720833333332,yes
20240917101643999_sardine_good_(0).png,yes,17.0,5.0,18.0,15.0,3.0,0.004871711594673595,43.0,49.0,0.29411764705882354,1.0414003889969436,0.17332120833333334,yes
20240917101654347_sardine_good_(0).png,yes,19.0,4.0,20.0,15.0,2.0,0.0050217609641781055,48.0,56.0,0.21052631578947367,1.0296447738308203,0.18830666666666668,yes
20240917101723444_sardine_good_(0).png,yes,18.0,3.0,18.0,15.0,1.0,0.004900359359686377,43.0,48.0,0.16666666666666666,1.018552875695733,0.16676995833333333,yes
20240917101734832_sardine_good_(0).png,yes,16.0,4.0,17.0,15.0,2.0,0.004945598417408506,41.0,42.0,0.25,1.0290919776667646,0.14611520833333333,yes
20240917101755284_sardine_good_(0).png,yes,18.0,4.0,19.0,15.0,1.0,0.004672897196261682,44.0,50.0,0.2222222222222222,1.027805611222445,0.19179208333333334,yes
20240917101814759_sardine_good_(0).png,yes,17.0,4.0,18.0,15.0,1.0,0.0045207956600361665,44.0,50.0,0.23529411764705882,1.031029263370333,0.20429358333333333,yes
20240917101823980_sardine_good_(0).png,yes,16.0,3.0,16.0,15.0,2.0,0.00430416068866571,37.0,38.0,0.1875,1.0193377483443709,0.17180204166666665,yes
20240917101936301_sardine_good_(0).png,yes,16.0,3.0,16.0,15.0,1.0,0.004622496147919877,40.0,39.0,0.1875,1.0212164073550212,0.153911125,yes
20240917101949545_sardine_good_(0).png,yes,18.0,5.0,19.0,15.0,2.0,0.004751346214760849,45.0,52.0,0.2777777777777778,1.044044044044044,0.19313,yes
20240917102006457_sardine_good_(0).png,yes,19.0,4.0,20.0,15.0,3.0,0.005172413793103448,48.0,57.0,0.21052631578947367,1.0250456561440124,0.179171375,yes
20240917102017374_sardine_good_(0).png,yes,16.0,4.0,17.0,15.0,1.0,0.004422169811320755,43.0,40.0,0.25,1.0300237029233605,0.17210416666666667,yes
20240917102029164_sardine_good_(0).png,yes,17.0,4.0,17.0,15.0,2.0,0.004455004455004455,42.0,44.0,0.23529411764705882,1.031643941342938,0.18508370833333335,yes
20240917102040893_sardine_good_(0).png,yes,17.0,3.0,17.0,15.0,1.0,0.004254112308564946,40.0,45.0,0.17647058823529413,1.025,0.209880625,yes
20240917102051277_sardine_good_(0).png,yes,18.0,4.0,18.0,15.0,2.0,0.004708097928436911,46.0,53.0,0.2222222222222222,1.0344648872764965,0.200902625,yes
20240917102059654_sardine_good_(0).png,yes,16.0,5.0,17.0,15.0,2.0,0.004655493482309125,41.0,39.0,0.3125,1.0448266140400337,0.15361320833333333,yes
20240917102112282_sardine_good_(0).png,yes,18.0,4.0,19.0,15.0,2.0,0.004697776385844034,46.0,51.0,0.2222222222222222,1.0233550979407333,0.193478125,yes
20240917102138149_sardine_good_(0).png,yes,18.0,5.0,18.0,15.0,3.0,0.0047984644913627635,45.0,45.0,0.2777777777777778,1.044420941300899,0.165945875,yes
20240917102156481_sardine_good_(0).png,yes,17.0,4.0,18.0,15.0,2.0,0.004486987735566856,44.0,47.0,0.23529411764705882,1.0286802030456852,0.19708291666666666,yes
20240917102205048_sardine_good_(0).png,yes,18.0,4.0,19.0,15.0,1.0,0.004893964110929853,46.0,46.0,0.2222222222222222,1.0327225130890052,0.16275458333333334,yes
20240917102217801_sardine_good_(0).png,yes,17.0,4.0,18.0,15.0,2.0,0.005124701059104886,43.0,48.0,0.23529411764705882,1.0396359365825014,0.15370820833333335,yes
20240917102233456_sardine_good_(0).png,yes,19.0,4.0,20.0,15.0,1.0,0.004995004995004995,47.0,50.0,0.21052631578947367,1.0233609645817634,0.17029329166666668,yes
20240917102241798_sardine_good_(0).png,yes,18.0,6.0,19.0,15.0,2.0,0.005195704883962591,47.0,45.0,0.3333333333333333,1.0539932508436445,0.14135679166666668,yes
20240917102306779_sardine_good_(0).png,yes,18.0,3.0,18.0,15.0,3.0,0.0045857535921736475,44.0,49.0,0.16666666666666666,1.0237194044915467,0.19421333333333332,yes
20240917102316425_sardine_good_(0).png,yes,17.0,4.0,17.0,15.0,1.0,0.004507211538461538,42.0,48.0,0.23529411764705882,1.0273972602739727,0.20077020833333334,yes
20240917102324755_sardine_good_(0).png,yes,16.0,4.0,17.0,15.0,2.0,0.004220596510973551,41.0,50.0,0.25,1.0295,0.23617804166666667,yes
20240917102446819_sardine_good_(0).png,yes,18.0,3.0,19.0,15.0,2.0,0.0050386294927779645,47.0,49.0,0.16666666666666666,1.022043010752688,0.16156475,yes
20240919090904380_sardine_good_(0).png,yes,17.0,5.0,18.0,15.0,1.0,0.004697776385844034,43.0,43.0,0.29411764705882354,1.0415352260778128,0.1567657788594564,yes
20240919090914740_sardine_good_(0).png,yes,18.0,3.0,18.0,15.0,1.0,0.004885993485342019,42.0,50.0,0.16666666666666666,1.020610278372591,0.16690663496653238,yes
20240919090926518_sardine_good_(0).png,yes,19.0,5.0,19.0,15.0,1.0,0.00484027105517909,47.0,45.0,0.2631578947368421,1.040878122634368,0.15343733628590903,yes
20240919090947622_sardine_good_(0).png,yes,17.0,4.0,18.0,15.0,3.0,0.005578281889178133,43.0,47.0,0.23529411764705882,1.0281111813013266,0.12058651447296143,yes
20240919090957878_sardine_good_(0).png,yes,17.0,3.0,18.0,15.0,1.0,0.004629629629629629,44.0,46.0,0.17647058823529413,1.0228286538966151,0.17321979999542236,yes
20240919091009005_sardine_good_(0).png,yes,17.0,4.0,17.0,15.0,2.0,0.004322766570605188,41.0,44.0,0.23529411764705882,1.0278833967046894,0.19077293078104654,yes
20240919091018796_sardine_good_(0).png,yes,17.0,4.0,18.0,15.0,2.0,0.004363001745200698,42.0,49.0,0.23529411764705882,1.0379241516966067,0.2072423299153646,yes
20240919091029365_sardine_good_(0).png,yes,18.0,4.0,18.0,15.0,2.0,0.0046627292508548334,44.0,50.0,0.2222222222222222,1.0354188210961737,0.18633190790812174,yes
20240919091120377_sardine_good_(0).png,yes,18.0,4.0,19.0,15.0,2.0,0.004570383912248629,47.0,57.0,0.2222222222222222,1.0267484662576687,0.21791632970174155,yes
20240919091130400_sardine_good_(0).png,yes,17.0,4.0,17.0,15.0,2.0,0.0044143613890523835,40.0,53.0,0.23529411764705882,1.0328457788042085,0.2170561154683431,yes
20240919091140232_sardine_good_(0).png,yes,17.0,4.0,18.0,15.0,1.0,0.00446162998215348,44.0,48.0,0.23529411764705882,1.0342535787321063,0.19304017225901285,yes
20240919091149648_sardine_good_(0).png,yes,16.0,4.0,17.0,15.0,3.0,0.004111842105263158,39.0,44.0,0.25,1.0394995093228656,0.210980494817098,yes
20240919091158802_sardine_good_(0).png,yes,16.0,4.0,16.0,15.0,2.0,0.004132231404958678,42.0,47.0,0.25,1.0303182159859685,0.22283450762430826,yes
20240919091208402_sardine_good_(0).png,yes,16.0,4.0,17.0,15.0,2.0,0.004061738424045491,43.0,46.0,0.25,1.0394221351616062,0.22454309463500977,yes
20240919091219387_sardine_good_(0).png,yes,18.0,4.0,18.0,15.0,1.0,0.004480286738351254,44.0,49.0,0.2222222222222222,1.0242468772961058,0.19777588049570718,yes
20240919091228726_sardine_good_(0).png,yes,16.0,3.0,16.0,15.0,2.0,0.004225352112676056,38.0,42.0,0.1875,1.024258064516129,0.18988009293874106,yes
20240919091240969_sardine_good_(0).png,yes,18.0,5.0,19.0,15.0,2.0,0.004953764861294584,47.0,58.0,0.2777777777777778,1.042853340431195,0.18946325778961182,yes
20240919091257894_sardine_good_(0).png,yes,18.0,4.0,19.0,15.0,2.0,0.0048512289780077615,47.0,59.0,0.2222222222222222,1.0286006128702758,0.20060900847117105,yes
20240919091306519_sardine_good_(0).png,yes,17.0,4.0,17.0,15.0,2.0,0.004511278195488722,43.0,50.0,0.23529411764705882,1.0388067581837381,0.19719485441843668,yes
20240919091315185_sardine_good_(0).png,yes,16.0,5.0,17.0,15.0,2.0,0.004491017964071856,43.0,47.0,0.3125,1.0487417218543047,0.18668981393178305,yes
20240919091404536_sardine_good_(0).png,yes,17.0,3.0,17.0,15.0,2.0,0.0043302540415704385,39.0,47.0,0.17647058823529413,1.0264698396538559,0.20227189858754477,yes
20240919091405090_sardine_good_(0).png,yes,17.0,3.0,17.0,15.0,2.0,0.0043302540415704385,39.0,47.0,0.17647058823529413,1.0264698396538559,0.20227189858754477,yes
20240919091406422_sardine_good_(0).png,yes,17.0,3.0,17.0,15.0,2.0,0.0043302540415704385,39.0,47.0,0.17647058823529413,1.0264698396538559,0.20227189858754477,yes
20240919091446529_sardine_good_(0).png,yes,16.0,4.0,17.0,15.0,2.0,0.004324012683770539,43.0,49.0,0.25,1.0295767465578787,0.21119113763173422,yes
20240919091644178_sardine_good_(0).png,yes,18.0,4.0,18.0,15.0,3.0,0.004725897920604915,44.0,50.0,0.2222222222222222,1.0332208668569947,0.18789145833333334,yes
20240919091702444_sardine_good_(0).png,yes,16.0,3.0,17.0,15.0,2.0,0.004631058968817536,39.0,46.0,0.1875,1.0284836637810668,0.18258558333333333,yes
20240919091714451_sardine_good_(0).png,yes,17.0,3.0,17.0,15.0,2.0,0.004351610095735422,40.0,43.0,0.17647058823529413,1.0185185185185186,0.19346825,yes
20240919091724607_sardine_good_(0).png,yes,16.0,3.0,16.0,15.0,2.0,0.0043541364296081275,40.0,42.0,0.1875,1.0229249011857708,0.18533304166666667,yes
20240919091740372_sardine_good_(0).png,yes,15.0,3.0,16.0,15.0,2.0,0.004196978175713486,37.0,42.0,0.2,1.025369978858351,0.19936825,yes
20240919091751719_sardine_good_(0).png,yes,16.0,3.0,16.0,15.0,2.0,0.0045139933794763765,40.0,46.0,0.1875,1.0291806958473626,0.19035366666666667,yes
20240919091802664_sardine_good_(0).png,yes,18.0,3.0,18.0,15.0,2.0,0.004766444232602479,45.0,50.0,0.16666666666666666,1.022861546365271,0.18580241666666666,yes
20240919091813890_sardine_good_(0).png,yes,17.0,4.0,17.0,15.0,1.0,0.004724409448818898,43.0,47.0,0.23529411764705882,1.0284541723666212,0.17693979166666668,yes
20240919091826731_sardine_good_(0).png,yes,17.0,4.0,17.0,15.0,1.0,0.004667081518357187,43.0,48.0,0.23529411764705882,1.03911518748314,0.18696641666666666,yes
20240919091841579_sardine_good_(0).png,yes,16.0,4.0,16.0,15.0,3.0,0.0042893909064912784,38.0,43.0,0.25,1.0341450502911593,0.19607829166666665,yes
20240919091855897_sardine_good_(0).png,yes,17.0,4.0,18.0,15.0,1.0,0.00492772667542707,46.0,58.0,0.23529411764705882,1.0326779285516476,0.19908320833333334,yes
20240919091919535_sardine_good_(0).png,yes,15.0,4.0,16.0,15.0,2.0,0.0044143613890523835,36.0,47.0,0.26666666666666666,1.035774647887324,0.20522283333333333,yes
20240919091920720_sardine_good_(0).png,yes,15.0,4.0,16.0,15.0,2.0,0.0044143613890523835,36.0,47.0,0.26666666666666666,1.035774647887324,0.20522283333333333,yes
20240919091931659_sardine_good_(0).png,yes,18.0,4.0,18.0,15.0,1.0,0.0048543689320388345,45.0,50.0,0.2222222222222222,1.0238221281101112,0.180078,yes
20240919091940306_sardine_good_(0).png,yes,15.0,3.0,15.0,15.0,2.0,0.004311583788444955,37.0,39.0,0.2,1.0296254891000558,0.176872125,yes
20240919092022294_sardine_good_(0).png,yes,18.0,4.0,19.0,15.0,2.0,0.008192244675040962,46.0,46.0,0.2222222222222222,1.0308234258036106,0.11676582057114784,yes
20240919092104092_sardine_good_(0).png,yes,19.0,4.0,19.0,15.0,1.0,0.010699001426533523,48.0,46.0,0.21052631578947367,1.0251396648044693,0.06753570675274467,yes
20240919092123984_sardine_good_(0).png,yes,18.0,4.0,18.0,15.0,1.0,0.0052173913043478265,45.0,43.0,0.2222222222222222,1.0253416856492028,0.13253125,yes
20240919092146041_sardine_good_(0).png,yes,17.0,3.0,17.0,15.0,1.0,0.0044964028776978415,41.0,43.0,0.17647058823529413,1.0189125295508275,0.17746325,yes
20240919092158230_sardine_good_(0).png,yes,15.0,4.0,16.0,15.0,3.0,0.004751346214760849,39.0,39.0,0.26666666666666666,1.042181379933715,0.14476229166666665,yes
20240919092208439_sardine_good_(0).png,yes,18.0,3.0,18.0,15.0,1.0,0.004906771344455349,43.0,50.0,0.16666666666666666,1.0231355470876429,0.17490170833333332,yes
20240919092219676_sardine_good_(0).png,yes,18.0,4.0,18.0,15.0,1.0,0.004526252263126132,45.0,51.0,0.2222222222222222,1.025281602002503,0.21093829166666667,yes
20240919092233000_sardine_good_(0).png,yes,17.0,4.0,18.0,15.0,2.0,0.0050200803212851405,46.0,51.0,0.23529411764705882,1.0304054054054055,0.171684625,yes
20240919092251185_sardine_good_(0).png,yes,18.0,4.0,18.0,15.0,1.0,0.004758883248730965,45.0,48.0,0.2222222222222222,1.024795568451596,0.17908895833333333,yes
20240919092301043_sardine_good_(0).png,yes,16.0,3.0,17.0,15.0,2.0,0.004865390853065196,42.0,45.0,0.1875,1.0262096774193548,0.16028666666666666,yes
20240919092313305_sardine_good_(0).png,yes,17.0,4.0,17.0,15.0,1.0,0.004718464926077383,41.0,47.0,0.23529411764705882,1.029044516829533,0.17599133333333333,yes
20240919092326600_sardine_good_(0).png,yes,18.0,5.0,19.0,15.0,1.0,0.005263157894736842,46.0,53.0,0.2777777777777778,1.0380555555555555,0.16034404166666666,yes
20240919092337754_sardine_good_(0).png,yes,18.0,5.0,19.0,15.0,1.0,0.005172413793103448,47.0,61.0,0.2777777777777778,1.0418978912319645,0.19031204166666665,yes
20240919092352754_sardine_good_(0).png,yes,16.0,3.0,17.0,15.0,2.0,0.0044603033006244425,39.0,49.0,0.1875,1.0263435194942043,0.2081345,yes
20240919092414336_sardine_good_(0).png,yes,16.0,3.0,17.0,15.0,1.0,0.004655493482309125,39.0,43.0,0.1875,1.0240963855421688,0.168507,yes
20240919092424475_sardine_good_(0).png,yes,15.0,3.0,16.0,15.0,2.0,0.004411764705882353,39.0,44.0,0.2,1.0280898876404494,0.19074995833333333,yes
20240919092436644_sardine_good_(0).png,yes,16.0,3.0,17.0,15.0,1.0,0.004686035613870665,42.0,39.0,0.1875,1.0221729490022173,0.151507625,yes
20240919092500557_sardine_good_(0).png,yes,18.0,3.0,18.0,15.0,2.0,0.004512635379061372,43.0,47.0,0.16666666666666666,1.0235529942370334,0.194052375,yes
20240919092516845_sardine_good_(0).png,yes,18.0,4.0,18.0,15.0,1.0,0.004622496147919877,44.0,54.0,0.2222222222222222,1.0319529652351738,0.21100579166666666,yes
20240919092526983_sardine_good_(0).png,yes,18.0,4.0,18.0,15.0,1.0,0.004860661049902786,45.0,54.0,0.2222222222222222,1.0269200316706255,0.19246658333333333,yes
20240919092543016_sardine_good_(0).png,yes,16.0,3.0,16.0,15.0,2.0,0.004232505643340858,38.0,47.0,0.1875,1.0279415534478338,0.21874570833333334,yes
20240919092553924_sardine_good_(0).png,yes,16.0,3.0,16.0,15.0,2.0,0.004345307068366165,42.0,49.0,0.1875,1.028722002635046,0.21667833333333333,yes
20240919092653490_sardine_good_(0).png,yes,17.0,4.0,18.0,15.0,1.0,0.004559270516717325,45.0,47.0,0.23529411764705882,1.0285423037716617,0.19045129166666666,yes
20240919092713497_sardine_good_(0).png,yes,17.0,3.0,18.0,15.0,2.0,0.004804612427930814,44.0,50.0,0.17647058823529413,1.0250272034820458,0.18337804166666666,yes
20240919092730273_sardine_good_(0).png,yes,16.0,4.0,17.0,15.0,1.0,0.004503152206544582,41.0,39.0,0.25,1.035841313269494,0.16197983333333332,yes
20240919092738949_sardine_good_(0).png,yes,19.0,4.0,19.0,15.0,1.0,0.004961958319550115,45.0,51.0,0.21052631578947367,1.0221642764015646,0.17351258333333333,yes
20240919092751091_sardine_good_(0).png,yes,17.0,4.0,17.0,15.0,1.0,0.0046282011724776305,43.0,46.0,0.23529411764705882,1.027122321670735,0.182347875,yes
20240919092758424_sardine_good_(0).png,yes,16.0,3.0,16.0,15.0,1.0,0.004420866489832007,40.0,43.0,0.1875,1.0261011419249593,0.18587975,yes
20240919092811734_sardine_good_(0).png,yes,17.0,4.0,18.0,15.0,1.0,0.004733354370463868,44.0,50.0,0.23529411764705882,1.0294117647058822,0.18700508333333332,yes
20240919092824522_sardine_good_(0).png,yes,19.0,4.0,19.0,15.0,1.0,0.005167068549776094,47.0,60.0,0.21052631578947367,1.028869286287089,0.18921866666666667,yes
20240919092837333_sardine_good_(0).png,yes,17.0,4.0,17.0,15.0,2.0,0.004715498270983967,41.0,51.0,0.23529411764705882,1.0331506849315069,0.19191908333333332,yes
20240919092847184_sardine_good_(0).png,yes,16.0,4.0,16.0,15.0,2.0,0.00427715996578272,38.0,45.0,0.25,1.0303426628302381,0.208156125,yes
20240919092855463_sardine_good_(0).png,yes,16.0,4.0,16.0,15.0,2.0,0.004283266704740148,42.0,49.0,0.25,1.0319706498951782,0.22490366666666667,yes
20240919092907143_sardine_good_(0).png,yes,16.0,3.0,17.0,15.0,1.0,0.004584352078239609,42.0,46.0,0.1875,1.026812585499316,0.184062,yes
20240919092928230_sardine_good_(0).png,yes,17.0,4.0,17.0,15.0,2.0,0.0046168051708217915,42.0,46.0,0.23529411764705882,1.0318574514038876,0.18224108333333333,yes
20240919092947028_sardine_good_(0).png,yes,15.0,4.0,16.0,15.0,2.0,0.0042796005706134095,38.0,44.0,0.26666666666666666,1.0359085963003265,0.200220875,yes
20240919092956660_sardine_good_(0).png,yes,17.0,3.0,18.0,15.0,2.0,0.004440497335701598,42.0,47.0,0.17647058823529413,1.0246540880503145,0.20117829166666668,yes
20240919093010174_sardine_good_(0).png,yes,17.0,3.0,18.0,15.0,1.0,0.005119453924914676,43.0,49.0,0.17647058823529413,1.023836875358989,0.15624304166666667,yes
20240919093021188_sardine_good_(0).png,yes,16.0,3.0,16.0,15.0,2.0,0.0046267735965453425,41.0,45.0,0.1875,1.026588301147495,0.17678454166666666,yes
20240919093031676_sardine_good_(0).png,yes,15.0,3.0,16.0,15.0,2.0,0.004488330341113106,37.0,41.0,0.2,1.0257062146892655,0.16970204166666666,yes
20240919093110748_sardine_good_(0).png,yes,18.0,4.0,18.0,15.0,2.0,0.00473634354278497,45.0,55.0,0.2222222222222222,1.0280592361652376,0.20703904166666667,yes
20240919093119913_sardine_good_(0).png,yes,17.0,4.0,17.0,15.0,2.0,0.004568991775814804,40.0,51.0,0.23529411764705882,1.0288054968287526,0.203755625,yes
20240919093130755_sardine_good_(0).png,yes,17.0,4.0,18.0,15.0,1.0,0.004760393525864805,44.0,50.0,0.23529411764705882,1.0367965367965368,0.18423408333333333,yes
20240919093149455_sardine_good_(0).png,yes,20.0,4.0,21.0,15.0,2.0,0.005518763796909493,51.0,55.0,0.2,1.020096463022508,0.15241558333333333,yes
20240919093201476_sardine_good_(0).png,yes,16.0,4.0,16.0,15.0,1.0,0.004301691998852882,42.0,48.0,0.25,1.032782585890375,0.21695645833333332,yes
20240919093221454_sardine_good_(0).png,yes,15.0,3.0,16.0,15.0,2.0,0.004476275738585497,39.0,42.0,0.2,1.02835485682201,0.175839375,yes
20240919093316617_sardine_good_(0).png,yes,15.0,4.0,16.0,15.0,2.0,0.004297994269340974,37.0,44.0,0.26666666666666666,1.0338709677419355,0.20022270833333333,yes
20240919093325953_sardine_good_(0).png,yes,17.0,4.0,17.0,15.0,2.0,0.004584352078239609,43.0,48.0,0.23529411764705882,1.030744765438643,0.19149570833333332,yes
20240919093343127_sardine_good_(0).png,yes,15.0,3.0,15.0,15.0,2.0,0.004290617848970252,35.0,41.0,0.2,1.03037120359955,0.188765125,yes
20240919093401789_sardine_good_(0).png,yes,17.0,3.0,17.0,15.0,2.0,0.0044816253361219,43.0,48.0,0.17647058823529413,1.026842105263158,0.201966625,yes
20240919093411992_sardine_good_(0).png,yes,17.0,4.0,17.0,15.0,1.0,0.004887585532746823,43.0,48.0,0.23529411764705882,1.0283947146471746,0.168834625,yes
20240919093421823_sardine_good_(0).png,yes,16.0,3.0,16.0,15.0,1.0,0.004312823461759632,38.0,45.0,0.1875,1.028003140539126,0.20551333333333333,yes
20240919093437739_sardine_good_(0).png,yes,16.0,5.0,17.0,15.0,1.0,0.004560656734569778,41.0,44.0,0.3125,1.0596933187294633,0.176950375,yes
20240919093446599_sardine_good_(0).png,yes,16.0,3.0,16.0,15.0,1.0,0.004432624113475178,41.0,48.0,0.1875,1.028724832214765,0.20363991666666667,yes
20240919093502810_sardine_good_(0).png,yes,16.0,4.0,16.0,15.0,1.0,0.004476275738585497,40.0,40.0,0.25,1.0379711751662972,0.16942991666666668,yes
20240919093519527_sardine_good_(0).png,yes,15.0,4.0,16.0,15.0,2.0,0.00441306266548985,37.0,38.0,0.26666666666666666,1.0389573188198225,0.16565220833333333,yes
20240919093531175_sardine_good_(0).png,yes,17.0,3.0,18.0,15.0,1.0,0.0045509708737864075,42.0,44.0,0.17647058823529413,1.0208065759054714,0.17957866666666666,yes
20240919093735691_sardine_good_(0).png,yes,16.0,3.0,17.0,15.0,1.0,0.004452359750667854,41.0,44.0,0.1875,1.0259844628984731,0.18706083333333334,yes
20240919093745754_sardine_good_(0).png,yes,17.0,3.0,17.0,15.0,2.0,0.004539951573849879,42.0,45.0,0.17647058823529413,1.024006401707122,0.18208458333333333,yes
20240919093758585_sardine_good_(0).png,yes,15.0,3.0,15.0,15.0,2.0,0.004312823461759632,36.0,41.0,0.2,1.0278951817413355,0.184822625,yes
20240919093817732_sardine_good_(0).png,yes,15.0,3.0,16.0,15.0,1.0,0.004288164665523156,38.0,39.0,0.2,1.032258064516129,0.17904704166666666,yes
20240919093827036_sardine_good_(0).png,yes,16.0,3.0,17.0,15.0,2.0,0.0045385779122541605,42.0,45.0,0.1875,1.0237709346299297,0.18243991666666667,yes
20240919093836955_sardine_good_(0).png,yes,17.0,4.0,17.0,15.0,2.0,0.004564820450395618,43.0,49.0,0.23529411764705882,1.037730870712401,0.19624575,yes
20240919093845889_sardine_good_(0).png,yes,17.0,3.0,17.0,15.0,1.0,0.004426084390675715,40.0,45.0,0.17647058823529413,1.0262210796915168,0.19417641666666666,yes
20240919093859441_sardine_good_(0).png,yes,17.0,4.0,17.0,15.0,2.0,0.004588559192413582,43.0,46.0,0.23529411764705882,1.0314731552499339,0.1850875,yes
20240919093908918_sardine_good_(0).png,yes,16.0,3.0,17.0,15.0,1.0,0.004702194357366771,39.0,40.0,0.1875,1.0279898218829517,0.153756375,yes
20240919093921421_sardine_good_(0).png,yes,16.0,3.0,17.0,15.0,1.0,0.004749841671944269,41.0,46.0,0.1875,1.0278093076049943,0.17138658333333334,yes
20240919093931636_sardine_good_(0).png,yes,15.0,3.0,16.0,15.0,1.0,0.004453681710213777,38.0,40.0,0.2,1.026271186440678,0.17125616666666665,yes
20240919094000223_sardine_good.jpeg,yes,,,,,,,,,,,,no
20240919094009274_sardine_good_(0).png,yes,17.0,4.0,18.0,15.0,2.0,0.004629629629629629,45.0,53.0,0.23529411764705882,1.0308658121893801,0.20876391666666666,yes
20240919094023249_sardine_good_(0).png,yes,17.0,3.0,17.0,15.0,2.0,0.0046641791044776115,41.0,48.0,0.17647058823529413,1.0258969517129755,0.18769241666666667,yes
20240919094034775_sardine_good_(0).png,yes,17.0,4.0,18.0,15.0,3.0,0.004780114722753346,45.0,52.0,0.23529411764705882,1.0381720430107526,0.19283404166666668,yes
20240919094119142_sardine_good_(0).png,yes,2.0,1.0,3.0,15.0,1.0,0.004512635379061372,7.0,2.0,0.5,1.2768361581920904,0.010918208333333334,yes
20240919094119142_sardine_good_(1).png,yes,16.0,3.0,17.0,15.0,1.0,0.004512635379061372,41.0,43.0,0.1875,1.0256068284875968,0.177129625,yes
20240919094129462_sardine_good_(0).png,yes,16.0,3.0,16.0,15.0,1.0,0.004159733777038269,40.0,41.0,0.1875,1.0260981912144702,0.20156404166666667,yes
20240919094143332_sardine_good_(0).png,yes,16.0,3.0,16.0,15.0,1.0,0.004144791378833932,39.0,39.0,0.1875,1.0221706625418923,0.19249845833333334,yes
20240919094153393_sardine_good_(0).png,yes,15.0,5.0,16.0,15.0,2.0,0.004248088360237893,40.0,39.0,0.3333333333333333,1.0607704829083018,0.18165058333333334,yes
20240919094203171_sardine_good_(0).png,yes,18.0,4.0,18.0,15.0,2.0,0.0046875,45.0,57.0,0.2222222222222222,1.0282268411598665,0.21625908333333332,yes
20240919094215267_sardine_good.jpeg,yes,,,,,,,,,,,,no
20240919094224541_sardine_good_(0).png,yes,16.0,3.0,16.0,15.0,2.0,0.004493708807669263,40.0,44.0,0.1875,1.025801195002716,0.18512429166666666,yes
20240919094236293_sardine_good_(0).png,yes,15.0,3.0,16.0,15.0,2.0,0.0044444444444444444,36.0,40.0,0.2,1.026360544217687,0.17245066666666667,yes
20240919094245195_sardine_good_(0).png,yes,15.0,4.0,16.0,15.0,3.0,0.004293073840870063,39.0,39.0,0.26666666666666666,1.0325607064017661,0.177432625,yes
20240919094255968_sardine_good_(0).png,yes,15.0,5.0,16.0,15.0,1.0,0.0044629574531389465,39.0,35.0,0.3333333333333333,1.053371592539455,0.14872670833333335,yes
20240919094306332_sardine_good_(0).png,yes,17.0,5.0,18.0,15.0,1.0,0.004703668861712135,45.0,46.0,0.29411764705882354,1.0446428571428572,0.17548966666666665,yes
20240919094639703_sardine_good_(0).png,yes,16.0,4.0,17.0,15.0,1.0,0.004792332268370607,43.0,47.0,0.25,1.0279920022850615,0.17188308333333333,yes
20240921093355885_sardine_good_(0).png,yes,17.0,3.0,17.0,15.0,2.0,0.0045427013930950935,40.0,47.0,0.17647058823529413,1.0215304798962386,0.19328779166666665,yes
20240921093410225_sardine_good_(0).png,yes,17.0,4.0,18.0,15.0,2.0,0.004796929964822514,44.0,50.0,0.23529411764705882,1.0278764689805957,0.18317320833333334,yes
20240921093422548_sardine_good_(0).png,yes,15.0,4.0,16.0,15.0,1.0,0.004449718184514981,40.0,41.0,0.26666666666666666,1.0312412831241282,0.17652883333333333,yes
20240921093432658_sardine_good_(0).png,yes,16.0,3.0,16.0,15.0,1.0,0.004278379920136908,37.0,43.0,0.1875,1.0254927726675427,0.19866004166666668,yes
20240921093442967_sardine_good_(0).png,yes,19.0,3.0,19.0,15.0,1.0,0.005208333333333333,45.0,56.0,0.15789473684210525,1.0205405405405406,0.172126875,yes
20240921093454985_sardine_good_(0).png,yes,17.0,4.0,18.0,15.0,2.0,0.0046641791044776115,45.0,50.0,0.23529411764705882,1.028066528066528,0.19476204166666666,yes
20240921093507631_sardine_good_(0).png,yes,18.0,4.0,19.0,15.0,1.0,0.005053908355795148,46.0,54.0,0.2222222222222222,1.023551705468327,0.17769629166666667,yes
20240921093516939_sardine_good_(0).png,yes,16.0,4.0,17.0,15.0,2.0,0.0047169811320754715,39.0,47.0,0.25,1.0289651293588302,0.176081375,yes
20240921093526995_sardine_good_(0).png,yes,17.0,4.0,17.0,15.0,2.0,0.0044234739015039815,43.0,46.0,0.23529411764705882,1.0352697095435686,0.19860529166666666,yes
20240921093536287_sardine_good_(0).png,yes,16.0,4.0,17.0,15.0,1.0,0.004715498270983967,39.0,44.0,0.25,1.037047673750718,0.16502316666666667,yes
20240921093546598_sardine_good_(0).png,yes,16.0,3.0,17.0,15.0,2.0,0.004447079750963534,41.0,44.0,0.1875,1.0248331108144193,0.18933333333333333,yes
20240921093601434_sardine_good_(0).png,yes,17.0,3.0,17.0,15.0,2.0,0.004380841121495327,39.0,43.0,0.17647058823529413,1.021090534979424,0.18810629166666668,yes
20240921093721562_sardine_good_(0).png,yes,22.0,4.0,22.0,15.0,1.0,0.006462731581214994,56.0,55.0,0.18181818181818182,1.0215366705471478,0.1859236111111111,yes
20240921093730850_sardine_good_(0).png,yes,18.0,5.0,19.0,15.0,1.0,0.005723006486074018,47.0,43.0,0.2777777777777778,1.047051442910916,0.18345263888888888,yes
20240921093741179_sardine_good_(0).png,yes,19.0,4.0,19.0,15.0,2.0,0.005520794994479205,46.0,51.0,0.21052631578947367,1.0329765692797224,0.23462333333333332,yes
20240921093749273_sardine_good_(0).png,yes,18.0,5.0,18.0,15.0,3.0,0.0054249547920434,46.0,44.0,0.2777777777777778,1.039003900390039,0.20797361111111112,yes
20240921093759619_sardine_good_(0).png,yes,21.0,3.0,21.0,15.0,3.0,0.0058162078324932144,52.0,56.0,0.14285714285714285,1.0168707482993198,0.23072861111111112,yes
20240921093809347_sardine_good_(0).png,yes,17.0,4.0,18.0,15.0,2.0,0.005599104143337066,43.0,46.0,0.23529411764705882,1.0279010779961952,0.20595555555555556,yes
20240921093817520_sardine_good_(0).png,yes,19.0,4.0,19.0,15.0,2.0,0.005486466715435259,48.0,47.0,0.21052631578947367,1.0275333522565995,0.22080659722222223,yes
20240921093826487_sardine_good_(0).png,yes,18.0,4.0,18.0,15.0,2.0,0.0059665871121718375,45.0,46.0,0.2222222222222222,1.0255829015544042,0.18104625,yes
20240921093835710_sardine_good_(0).png,yes,18.0,3.0,19.0,15.0,2.0,0.005496518871381458,47.0,46.0,0.16666666666666666,1.0213014298220018,0.21590541666666666,yes
20240921093844496_sardine_good_(0).png,yes,18.0,4.0,19.0,15.0,2.0,0.006122448979591836,46.0,50.0,0.2222222222222222,1.0249425664588119,0.18781972222222224,yes
20240921093853516_sardine_good_(0).png,yes,18.0,4.0,19.0,15.0,1.0,0.006102522375915379,46.0,53.0,0.2222222222222222,1.0245660006550934,0.19948722222222223,yes
20240921093905674_sardine_good_(0).png,yes,19.0,4.0,19.0,15.0,3.0,0.005861664712778429,47.0,50.0,0.21052631578947367,1.03168255921255,0.2022826388888889,yes
20240921093919187_sardine_good_(0).png,yes,20.0,5.0,20.0,15.0,1.0,0.005793742757821553,51.0,53.0,0.25,1.0306942053930006,0.222999375,yes
20240921094002103_sardine_good_(0).png,yes,18.0,3.0,19.0,15.0,1.0,0.006,45.0,49.0,0.16666666666666666,1.0219885277246654,0.19191006944444444,yes
20240921094014781_sardine_good_(0).png,yes,18.0,3.0,18.0,15.0,2.0,0.004966887417218543,47.0,48.0,0.16666666666666666,1.0232494529540481,0.27337041666666667,yes
20240921094014781_sardine_good_(1).png,yes,8.0,0.0,8.0,15.0,2.0,0.004966887417218543,23.0,3.0,0.0,1.0029603315571345,0.016993055555555556,yes
20240921094032504_sardine_good_(0).png,yes,19.0,4.0,19.0,15.0,2.0,0.005382131324004306,47.0,55.0,0.21052631578947367,1.0218120805369129,0.26469166666666666,yes
20240921094046407_sardine_good_(0).png,yes,18.0,3.0,18.0,15.0,1.0,0.005343783398646241,45.0,41.0,0.16666666666666666,1.0185561032183241,0.20230583333333332,yes
20240921094054458_sardine_good_(0).png,yes,16.0,3.0,16.0,15.0,2.0,0.005321035828307911,39.0,38.0,0.1875,1.0269293924466338,0.18877694444444446,yes
20240921094103290_sardine_good_(0).png,yes,17.0,3.0,18.0,15.0,1.0,0.005822981366459627,43.0,44.0,0.17647058823529413,1.0221195113898978,0.18025902777777777,yes
20240921094111173_sardine_good_(0).png,yes,18.0,4.0,19.0,15.0,1.0,0.005436752446538601,48.0,46.0,0.2222222222222222,1.027448714244438,0.21706375,yes
20240921094126392_sardine_good_(0).png,yes,18.0,4.0,19.0,15.0,1.0,0.005430847212165098,47.0,44.0,0.2222222222222222,1.027729130180969,0.2113129861111111,yes
20240921094138677_sardine_good_(0).png,yes,17.0,4.0,18.0,15.0,2.0,0.005508630187293426,44.0,49.0,0.23529411764705882,1.0255149093144789,0.22429298611111112,yes
20240921094149431_sardine_good_(0).png,yes,18.0,4.0,18.0,15.0,1.0,0.005933544303797469,47.0,44.0,0.2222222222222222,1.023693605972087,0.17633451388888888,yes
20240921094158649_sardine_good_(0).png,yes,17.0,4.0,17.0,15.0,2.0,0.005211952744961779,42.0,46.0,0.23529411764705882,1.033030303030303,0.235746875,yes
20240921094207829_sardine_good_(0).png,yes,18.0,3.0,18.0,15.0,2.0,0.005636978579481398,43.0,47.0,0.16666666666666666,1.0215827338129497,0.20808833333333332,yes
20240921094215625_sardine_good_(0).png,yes,18.0,4.0,19.0,15.0,2.0,0.005615874204417821,46.0,47.0,0.2222222222222222,1.0275531596286314,0.20977055555555554,yes
20240921094223796_sardine_good_(0).png,yes,20.0,4.0,20.0,15.0,1.0,0.005537098560354375,50.0,51.0,0.2,1.0198585418933623,0.23240159722222223,yes
20240921094232958_sardine_good_(0).png,yes,18.0,3.0,18.0,15.0,1.0,0.005193905817174515,44.0,48.0,0.16666666666666666,1.0205923836389281,0.25111513888888887,yes
20240921094242058_sardine_good_(0).png,yes,16.0,3.0,17.0,15.0,1.0,0.004911591355599214,42.0,39.0,0.1875,1.0260386190754827,0.225140625,yes
20240921094252997_sardine_good_(0).png,yes,17.0,3.0,18.0,15.0,1.0,0.005504587155963303,42.0,46.0,0.17647058823529413,1.0208009934802855,0.21200854166666666,yes
20240921094307558_sardine_good_(0).png,yes,18.0,4.0,18.0,15.0,1.0,0.005228302544440571,46.0,46.0,0.2222222222222222,1.0283993115318417,0.23850645833333334,yes
20240921094307670_sardine_good_(0).png,yes,18.0,4.0,18.0,15.0,1.0,0.005228302544440571,46.0,46.0,0.2222222222222222,1.0283993115318417,0.23850645833333334,yes
20240921094316822_sardine_good_(0).png,yes,18.0,4.0,19.0,15.0,1.0,0.005611672278338945,46.0,50.0,0.2222222222222222,1.032258064516129,0.22177909722222222,yes
20240921094326188_sardine_good_(0).png,yes,20.0,5.0,20.0,15.0,1.0,0.005590756615728662,49.0,51.0,0.25,1.038888888888889,0.22818083333333333,yes
20240921094342815_sardine_good_(0).png,yes,19.0,4.0,19.0,15.0,1.0,0.005919494869771113,46.0,53.0,0.21052631578947367,1.0221183800623053,0.21131395833333333,yes
20240921094403881_sardine_good_(0).png,yes,19.0,3.0,20.0,15.0,1.0,0.005681818181818182,46.0,52.0,0.15789473684210525,1.0195965417867434,0.22789229166666666,yes
20240921094412086_sardine_good_(0).png,yes,20.0,4.0,20.0,15.0,1.0,0.0056032872618602915,51.0,56.0,0.2,1.0248550124275062,0.25042159722222224,yes
20240921094420048_sardine_good_(0).png,yes,18.0,4.0,19.0,15.0,1.0,0.005317263381779511,48.0,47.0,0.2222222222222222,1.029059829059829,0.23229291666666665,yes
20240921094428686_sardine_good_(0).png,yes,19.0,4.0,19.0,15.0,1.0,0.0055534987041836355,47.0,46.0,0.21052631578947367,1.026376811594203,0.210204375,yes
20240921094439684_sardine_good_(0).png,yes,18.0,3.0,18.0,15.0,2.0,0.005362888809438684,46.0,38.0,0.16666666666666666,1.023235294117647,0.18702416666666666,yes
20240921094448649_sardine_good_(0).png,yes,18.0,3.0,18.0,15.0,1.0,0.005304101838755304,45.0,47.0,0.16666666666666666,1.0207612456747406,0.23483493055555554,yes
20240921094457104_sardine_good_(0).png,yes,20.0,4.0,20.0,15.0,1.0,0.0059665871121718375,50.0,50.0,0.2,1.0265354800238522,0.19638923611111112,yes
20240921094506872_sardine_good_(0).png,yes,16.0,4.0,16.0,15.0,1.0,0.00544069640914037,40.0,38.0,0.25,1.029004614370468,0.17868083333333334,yes
20240921094515188_sardine_good_(0).png,yes,18.0,3.0,19.0,15.0,2.0,0.005653976630229929,47.0,44.0,0.16666666666666666,1.0189530685920578,0.1936270138888889,yes
20240921094523296_sardine_good_(0).png,yes,18.0,5.0,18.0,15.0,1.0,0.005426917510853835,44.0,46.0,0.2777777777777778,1.04340017958695,0.21833506944444445,yes
20240921094531711_sardine_good_(0).png,yes,17.0,4.0,17.0,15.0,2.0,0.00508646998982706,43.0,44.0,0.23529411764705882,1.0296014067995312,0.23794631944444444,yes
20240921094546912_sardine_good_(0).png,yes,20.0,3.0,20.0,15.0,1.0,0.005945303210463734,52.0,50.0,0.15,1.0146509623671358,0.19783541666666668,yes
20240921094553748_sardine_good_(0).png,yes,17.0,4.0,18.0,15.0,1.0,0.005861664712778429,42.0,43.0,0.23529411764705882,1.0376470588235294,0.17591138888888888,yes
20240921094602464_sardine_good_(0).png,yes,17.0,3.0,17.0,15.0,1.0,0.005380200860832138,43.0,45.0,0.17647058823529413,1.0219203457857364,0.21858854166666666,yes
20240921094612543_sardine_good_(0).png,yes,18.0,4.0,18.0,15.0,2.0,0.0061000406669377795,46.0,45.0,0.2222222222222222,1.028056112224449,0.17072180555555555,yes
20240921094624867_sardine_good.jpeg,yes,,,,,,,,,,,,no
20240921094625179_sardine_good.jpeg,yes,,,,,,,,,,,,no
20240921094634973_sardine_good_(0).png,yes,18.0,5.0,19.0,15.0,2.0,0.005448601525608427,46.0,52.0,0.2777777777777778,1.0415464512406232,0.24516076388888888,yes
20240921094635786_sardine_good_(0).png,yes,18.0,5.0,19.0,15.0,2.0,0.005448601525608427,46.0,52.0,0.2777777777777778,1.0415464512406232,0.24516076388888888,yes
20240921094644874_sardine_good_(0).png,yes,17.0,3.0,18.0,15.0,2.0,0.005510653930933138,44.0,48.0,0.17647058823529413,1.0249454318677893,0.22072506944444445,yes
20240921094656040_sardine_good_(0).png,yes,18.0,3.0,18.0,15.0,1.0,0.005228302544440571,43.0,47.0,0.16666666666666666,1.0204788001153735,0.2417775,yes
20240921094706744_sardine_good_(0).png,yes,20.0,3.0,20.0,15.0,2.0,0.005802707930367505,48.0,54.0,0.15,1.0171064076543925,0.22498715277777778,yes
20240921094707492_sardine_good_(0).png,yes,20.0,3.0,20.0,15.0,2.0,0.005802707930367505,48.0,54.0,0.15,1.0171064076543925,0.22498715277777778,yes
20240921094716569_sardine_good_(0).png,yes,18.0,3.0,19.0,15.0,1.0,0.005456529647144416,47.0,46.0,0.16666666666666666,1.0221638961796442,0.2156779861111111,yes
20240921094724755_sardine_good_(0).png,yes,19.0,4.0,19.0,15.0,1.0,0.005720823798627002,46.0,51.0,0.21052631578947367,1.021498954911914,0.22054569444444444,yes
20240921094734239_sardine_good_(0).png,yes,17.0,4.0,18.0,15.0,1.0,0.005628517823639775,43.0,45.0,0.23529411764705882,1.031548757170172,0.20022118055555554,yes
20240921094743555_sardine_good.jpeg,yes,,,,,,,,,,,,no
20240921094758915_sardine_good_(0).png,yes,18.0,4.0,18.0,15.0,1.0,0.006270903010033445,45.0,48.0,0.2222222222222222,1.025,0.16962305555555557,yes
20240921094806594_sardine_good_(0).png,yes,19.0,3.0,20.0,15.0,2.0,0.005679666792881484,48.0,54.0,0.15789473684210525,1.0193362193362194,0.232606875,yes
20240921094939605_sardine_good_(0).png,yes,17.0,4.0,18.0,15.0,1.0,0.005653976630229929,43.0,44.0,0.23529411764705882,1.0298602287166454,0.19198715277777778,yes
20240921094947918_sardine_good_(0).png,yes,20.0,4.0,21.0,15.0,1.0,0.005651846269781462,50.0,51.0,0.2,1.0259039395574743,0.22550402777777778,yes
20240921094958890_sardine_good_(0).png,yes,17.0,3.0,17.0,15.0,1.0,0.005279831045406547,41.0,37.0,0.17647058823529413,1.0258382036296525,0.18491479166666666,yes
20240921095006975_sardine_good_(0).png,yes,19.0,3.0,19.0,15.0,1.0,0.005656108597285068,46.0,47.0,0.15789473684210525,1.0187221396731054,0.2082579861111111,yes
20240921095015790_sardine_good_(0).png,yes,17.0,4.0,17.0,15.0,1.0,0.005405405405405406,42.0,42.0,0.23529411764705882,1.0275,0.199745625,yes
20240921095024733_sardine_good_(0).png,yes,16.0,3.0,17.0,15.0,1.0,0.0053898670499461015,41.0,42.0,0.1875,1.0220658778381835,0.20375416666666665,yes
20240921095035005_sardine_good_(0).png,yes,18.0,6.0,19.0,15.0,2.0,0.005432814197754437,48.0,48.0,0.3333333333333333,1.052143684820394,0.2276488888888889,yes
20240921095043869_sardine_good_(0).png,yes,21.0,3.0,22.0,15.0,1.0,0.005599104143337066,53.0,60.0,0.14285714285714285,1.0162203913491246,0.2687934027777778,yes
20240921095052122_sardine_good_(0).png,yes,19.0,5.0,20.0,15.0,1.0,0.005658242172764994,50.0,49.0,0.2631578947368421,1.0328435609334485,0.2127529861111111,yes
20240921095100544_sardine_good_(0).png,yes,16.0,5.0,17.0,15.0,2.0,0.005859375,42.0,41.0,0.3125,1.0481039325842696,0.166405625,yes
20240921095110732_sardine_good_(0).png,yes,21.0,4.0,22.0,15.0,1.0,0.005978477481068154,53.0,64.0,0.19047619047619047,1.0214109250617622,0.2491092361111111,yes
20240921095124714_sardine_good_(0).png,yes,19.0,6.0,20.0,15.0,1.0,0.005723006486074018,52.0,54.0,0.3157894736842105,1.0469935785172213,0.22935784722222222,yes
20240921095136954_sardine_good_(0).png,yes,19.0,6.0,20.0,15.0,2.0,0.0062318238471125885,74.0,54.0,0.3157894736842105,1.0556253928346953,0.19491277777777777,yes
20240921095144137_sardine_good_(0).png,yes,21.0,4.0,22.0,15.0,2.0,0.0058184639255236615,53.0,64.0,0.19047619047619047,1.0196808510638298,0.26524055555555553,yes
20240921095151428_sardine_good_(0).png,yes,17.0,3.0,17.0,15.0,2.0,0.005436752446538601,43.0,41.0,0.17647058823529413,1.0216249613839976,0.19527368055555555,yes
20240921095159264_sardine_good_(0).png,yes,17.0,4.0,17.0,15.0,1.0,0.005351409204423832,42.0,43.0,0.23529411764705882,1.0284463894967177,0.20908131944444444,yes
20240921095207560_sardine_good_(0).png,yes,18.0,5.0,19.0,15.0,2.0,0.005357142857142857,46.0,47.0,0.2777777777777778,1.0365005793742759,0.23199979166666668,yes
20240921095215643_sardine_good_(0).png,yes,17.0,3.0,17.0,15.0,1.0,0.005607476635514018,43.0,45.0,0.17647058823529413,1.0243427458617331,0.20257263888888888,yes
20240921095224523_sardine_good_(0).png,yes,18.0,4.0,18.0,15.0,2.0,0.005317263381779511,46.0,46.0,0.2222222222222222,1.0277617119722382,0.23025159722222222,yes
20240921095235935_sardine_good_(0).png,yes,18.0,3.0,18.0,15.0,1.0,0.00556379821958457,44.0,50.0,0.16666666666666666,1.022181707687633,0.22756965277777777,yes
20240921095244858_sardine_good_(0).png,yes,21.0,4.0,21.0,15.0,1.0,0.0056990881458966565,52.0,58.0,0.19047619047619047,1.0209395973154363,0.25155256944444443,yes
20240921095252570_sardine_good_(0).png,yes,18.0,4.0,19.0,15.0,2.0,0.0054249547920434,47.0,43.0,0.2222222222222222,1.028972783143108,0.2068404861111111,yes
20240921095301349_sardine_good_(0).png,yes,19.0,4.0,20.0,15.0,2.0,0.005852516582130316,49.0,49.0,0.21052631578947367,1.0213080793134064,0.2027363888888889,yes
20240921095309206_sardine_good_(0).png,yes,17.0,4.0,18.0,15.0,1.0,0.005156411137848058,42.0,45.0,0.23529411764705882,1.0380643257598112,0.23808430555555554,yes
20240921095319322_sardine_good_(0).png,yes,18.0,4.0,18.0,15.0,2.0,0.005611672278338945,45.0,48.0,0.2222222222222222,1.0252230083051368,0.21547430555555555,yes
20240921095326639_sardine_good_(0).png,yes,20.0,4.0,20.0,15.0,1.0,0.005543237250554324,51.0,52.0,0.2,1.025109170305677,0.23633513888888888,yes
20240921095334850_sardine_good_(0).png,yes,18.0,4.0,18.0,15.0,1.0,0.0055289347585698485,44.0,48.0,0.2222222222222222,1.0259036144578313,0.21921743055555556,yes
20240921095342589_sardine_good_(0).png,yes,20.0,3.0,21.0,15.0,1.0,0.005492493592090809,51.0,54.0,0.15,1.015625,0.24910756944444445,yes
20240921095352665_sardine_good_(0).png,yes,18.0,4.0,18.0,15.0,2.0,0.005645464809936018,45.0,50.0,0.2222222222222222,1.0265350200555383,0.21888944444444444,yes
20240921095401149_sardine_good_(0).png,yes,20.0,4.0,20.0,15.0,1.0,0.0061074918566775245,50.0,50.0,0.2,1.0228241022519782,0.18684138888888888,yes
20240921095425559_sardine_good_(0).png,yes,17.0,3.0,17.0,15.0,3.0,0.005620082427875608,43.0,46.0,0.17647058823529413,1.0234349919743178,0.2035676388888889,yes
20240921095438225_sardine_good_(0).png,yes,17.0,3.0,17.0,15.0,1.0,0.005744925315970892,43.0,45.0,0.17647058823529413,1.0232939632545932,0.19186027777777778,yes
20240921095446954_sardine_good_(0).png,yes,17.0,4.0,18.0,15.0,1.0,0.005454545454545455,44.0,41.0,0.23529411764705882,1.0249461040960888,0.19373631944444444,yes
20240921095505449_sardine_good_(0).png,yes,18.0,3.0,19.0,15.0,1.0,0.005795981452859351,46.0,48.0,0.16666666666666666,1.0189255189255189,0.19978020833333332,yes
20240921095607957_sardine_good_(0).png,yes,19.0,4.0,19.0,15.0,1.0,0.006063055780113177,48.0,54.0,0.21052631578947367,1.0327146901541364,0.20717666666666668,yes
20240921095609147_sardine_good_(0).png,yes,19.0,4.0,19.0,15.0,1.0,0.006063055780113177,48.0,54.0,0.21052631578947367,1.0327146901541364,0.20717666666666668,yes
20240921095617014_sardine_good_(0).png,yes,20.0,5.0,20.0,15.0,2.0,0.005912495072920773,52.0,56.0,0.25,1.0362679145949107,0.22479180555555556,yes
20240921095626189_sardine_good_(0).png,yes,17.0,3.0,18.0,15.0,1.0,0.005237430167597765,44.0,43.0,0.17647058823529413,1.0188457008244993,0.21870027777777779,yes
20240921095634614_sardine_good_(0).png,yes,17.0,3.0,17.0,15.0,1.0,0.00533997864008544,42.0,45.0,0.17647058823529413,1.0219981668194318,0.22311229166666666,yes
20240921095643585_sardine_good_(0).png,yes,16.0,4.0,17.0,15.0,1.0,0.005968961400716275,41.0,39.0,0.25,1.039412396990326,0.15326944444444446,yes
20240921095652583_sardine_good_(0).png,yes,19.0,3.0,19.0,15.0,2.0,0.006369426751592357,47.0,49.0,0.15789473684210525,1.0168428005284016,0.17023090277777778,yes
20240921095755819_sardine_good_(0).png,yes,19.0,4.0,19.0,15.0,1.0,0.00580046403712297,45.0,50.0,0.21052631578947367,1.021534728541098,0.20858604166666667,yes
20240921095756264_sardine_good_(0).png,yes,19.0,4.0,19.0,15.0,1.0,0.00580046403712297,45.0,50.0,0.21052631578947367,1.021534728541098,0.20858604166666667,yes
20240921095812595_sardine_good_(0).png,yes,18.0,4.0,19.0,15.0,1.0,0.0056179775280898875,45.0,49.0,0.2222222222222222,1.023661638568471,0.21911833333333333,yes
20240921095826260_sardine_good_(0).png,yes,18.0,3.0,19.0,15.0,1.0,0.005852516582130316,47.0,47.0,0.16666666666666666,1.0201738050900062,0.19397881944444445,yes
20240921095827376_sardine_good_(0).png,yes,18.0,3.0,19.0,15.0,1.0,0.005852516582130316,47.0,47.0,0.16666666666666666,1.0201738050900062,0.19397881944444445,yes
20240921095838202_sardine_good_(0).png,yes,19.0,4.0,20.0,15.0,1.0,0.00597609561752988,47.0,45.0,0.21052631578947367,1.0300181928441479,0.17558319444444445,yes
20240921095839755_sardine_good_(0).png,yes,19.0,4.0,20.0,15.0,1.0,0.00597609561752988,47.0,45.0,0.21052631578947367,1.0300181928441479,0.17558319444444445,yes
20240921095848354_sardine_good_(0).png,yes,17.0,3.0,17.0,15.0,1.0,0.005961844197138315,42.0,44.0,0.17647058823529413,1.02366040361865,0.1752979861111111,yes
20240921095858168_sardine_good_(0).png,yes,21.0,5.0,21.0,15.0,1.0,0.006019261637239166,54.0,56.0,0.23809523809523808,1.0309101316542644,0.21812284722222222,yes
20240921095912137_sardine_good_(0).png,yes,18.0,5.0,19.0,15.0,2.0,0.0062682824905975765,45.0,48.0,0.2777777777777778,1.0422487223168655,0.1702820138888889,yes
20240921095920705_sardine_good_(0).png,yes,17.0,4.0,18.0,15.0,1.0,0.0055534987041836355,45.0,44.0,0.23529411764705882,1.0352904434728294,0.20118555555555556,yes
20240921095931317_sardine_good_(0).png,yes,18.0,4.0,18.0,15.0,2.0,0.005572065378900446,44.0,50.0,0.2222222222222222,1.0254622612913005,0.2239038888888889,yes
20240921095938918_sardine_good_(0).png,yes,18.0,4.0,19.0,15.0,1.0,0.005807200929152149,46.0,44.0,0.2222222222222222,1.0259820600061862,0.18307597222222222,yes
20240921095948657_sardine_good_(0).png,yes,17.0,4.0,17.0,15.0,3.0,0.0055762081784386614,40.0,42.0,0.23529411764705882,1.0297969875573019,0.191200625,yes
20240921095959260_sardine_good_(0).png,yes,17.0,3.0,18.0,15.0,2.0,0.005634861006761833,44.0,45.0,0.17647058823529413,1.0205696202531647,0.20089298611111112,yes
20240921100006569_sardine_good.jpeg,yes,,,,,,,,,,,,no
20240921100017220_sardine_good_(0).png,yes,19.0,4.0,19.0,15.0,1.0,0.005639097744360902,49.0,47.0,0.21052631578947367,1.0288404944084755,0.2059976388888889,yes
20240921100036312_sardine_good_(0).png,yes,17.0,4.0,17.0,15.0,1.0,0.005912495072920773,42.0,45.0,0.23529411764705882,1.0286103542234333,0.18070277777777777,yes
20240921100053422_sardine_good_(0).png,yes,18.0,4.0,18.0,15.0,3.0,0.005345687811831789,43.0,48.0,0.2222222222222222,1.024025783767946,0.23370305555555557,yes
20240921100103441_sardine_good_(0).png,yes,18.0,4.0,18.0,15.0,1.0,0.005502567865003668,46.0,45.0,0.2222222222222222,1.0292275574112735,0.209835,yes
20240921100126286_sardine_good_(0).png,yes,20.0,4.0,21.0,15.0,1.0,0.006038647342995169,53.0,54.0,0.2,1.0236515719642343,0.20808194444444444,yes
20240921100140246_sardine_good_(0).png,yes,18.0,3.0,18.0,15.0,1.0,0.005289139633286318,44.0,47.0,0.16666666666666666,1.0211226851851851,0.23433756944444445,yes
20240921100149595_sardine_good_(0).png,yes,21.0,4.0,21.0,15.0,2.0,0.006172839506172839,52.0,58.0,0.19047619047619047,1.0209485016002329,0.211968125,yes
20240921100157911_sardine_good_(0).png,yes,20.0,5.0,20.0,15.0,1.0,0.005861664712778429,46.0,48.0,0.25,1.0358705161854769,0.19785631944444446,yes
20240921100214441_sardine_good_(0).png,yes,19.0,4.0,19.0,15.0,3.0,0.006744604316546762,47.0,56.0,0.21052631578947367,1.0257132793237056,0.1714138888888889,yes
20240921100226703_sardine_good_(0).png,yes,20.0,4.0,21.0,15.0,1.0,0.006038647342995169,53.0,54.0,0.2,1.0236515719642343,0.20808194444444444,yes
20240921100227240_sardine_good_(0).png,yes,20.0,4.0,20.0,15.0,1.0,0.005742725880551302,49.0,57.0,0.2,1.0217765042979943,0.24231569444444445,yes
20240921100242660_sardine_good_(0).png,yes,19.0,3.0,19.0,15.0,1.0,0.005607476635514018,47.0,51.0,0.15789473684210525,1.0194259205566831,0.22871416666666666,yes
20240921100254538_sardine_good_(0).png,yes,18.0,5.0,18.0,15.0,1.0,0.005639097744360902,45.0,49.0,0.2777777777777778,1.0379943942696979,0.21525465277777778,yes
20240921100304150_sardine_good_(0).png,yes,19.0,3.0,19.0,15.0,1.0,0.005541189508681197,47.0,51.0,0.15789473684210525,1.020372526193248,0.2342590972222222,yes
20240921100315989_sardine_good_(0).png,yes,19.0,4.0,20.0,15.0,3.0,0.006310475389145982,48.0,53.0,0.21052631578947367,1.027366387636832,0.18485375,yes
20240921100326696_sardine_good_(0).png,yes,18.0,5.0,18.0,15.0,3.0,0.0053705692803437165,46.0,45.0,0.2777777777777778,1.0393325387365913,0.22130430555555555,yes
20240921100337146_sardine_good_(0).png,yes,20.0,4.0,21.0,15.0,2.0,0.005884660651235779,51.0,63.0,0.2,1.0213189312109152,0.25545534722222224,yes
20240921100349082_sardine_good_(0).png,yes,18.0,5.0,19.0,15.0,2.0,0.005405405405405406,49.0,49.0,0.2777777777777778,1.0403087478559176,0.23440659722222223,yes
20240921100359279_sardine_good_(0).png,yes,17.0,3.0,17.0,15.0,1.0,0.005494505494505495,42.0,43.0,0.17647058823529413,1.0232558139534884,0.20237680555555557,yes
20240921100431052_sardine_good_(0).png,yes,17.0,3.0,17.0,15.0,2.0,0.005590756615728662,44.0,42.0,0.17647058823529413,1.0234726688102893,0.18865895833333332,yes
20240921100445602_sardine_good_(0).png,yes,18.0,4.0,18.0,15.0,1.0,0.0060901339829476245,45.0,48.0,0.2222222222222222,1.027686222808174,0.182788125,yes
20240921100505724_sardine_good_(0).png,yes,17.0,3.0,18.0,15.0,1.0,0.006,44.0,44.0,0.17647058823529413,1.0223199188366587,0.17283222222222222,yes
20240921100608174_sardine_good.jpeg,yes,,,,,,,,,,,,no
20240921100618471_sardine_good_(0).png,yes,20.0,4.0,21.0,15.0,1.0,0.005905511811023622,53.0,55.0,0.2,1.0275099262620533,0.22085805555555554,yes
20240921100632907_sardine_good_(0).png,yes,18.0,4.0,18.0,15.0,2.0,0.005518763796909493,46.0,45.0,0.2222222222222222,1.0244798041615668,0.205501875,yes
20240921100655604_sardine_good_(0).png,yes,18.0,3.0,19.0,15.0,1.0,0.005707762557077625,46.0,51.0,0.16666666666666666,1.0207394048692515,0.2203575,yes
20240921100706615_sardine_good_(0).png,yes,22.0,5.0,23.0,15.0,1.0,0.005893909626719057,56.0,66.0,0.22727272727272727,1.0336245697643633,0.2678202083333333,yes
20240921100715934_sardine_good_(0).png,yes,21.0,4.0,22.0,15.0,1.0,0.0063371356147021544,53.0,70.0,0.19047619047619047,1.022422830518346,0.2447775,yes
20240921100734160_sardine_good_(0).png,yes,17.0,4.0,18.0,15.0,1.0,0.005723006486074018,42.0,46.0,0.23529411764705882,1.0326016785022596,0.19662631944444445,yes
20240921100741355_sardine_good_(0).png,yes,18.0,3.0,18.0,15.0,2.0,0.005480453050785532,45.0,47.0,0.16666666666666666,1.0214566334239952,0.2200015277777778,yes
20240921100757157_sardine_good_(0).png,yes,17.0,3.0,18.0,15.0,2.0,0.005683971201212581,43.0,43.0,0.17647058823529413,1.0199485199485199,0.18623805555555556,yes
20240921100804443_sardine_good_(0).png,yes,19.0,4.0,19.0,15.0,1.0,0.0056179775280898875,48.0,44.0,0.21052631578947367,1.0244969378827646,0.19580479166666667,yes
20240921100812847_sardine_good_(0).png,yes,17.0,3.0,17.0,15.0,1.0,0.00539568345323741,43.0,41.0,0.17647058823529413,1.0224684518313327,0.19639965277777777,yes
20240921100821690_sardine_good_(0).png,yes,17.0,4.0,17.0,15.0,1.0,0.005405405405405406,42.0,45.0,0.23529411764705882,1.026518655565834,0.21862659722222222,yes
20240921100831450_sardine_good_(0).png,yes,18.0,4.0,18.0,15.0,1.0,0.005707762557077625,44.0,44.0,0.2222222222222222,1.0250391236306728,0.19096868055555555,yes
20240921100847692_sardine_good_(0).png,yes,18.0,3.0,18.0,15.0,1.0,0.005535055350553505,46.0,46.0,0.16666666666666666,1.0227817745803358,0.21167847222222222,yes
20240921100901840_sardine_good_(0).png,yes,17.0,3.0,18.0,15.0,1.0,0.005995203836930456,43.0,46.0,0.17647058823529413,1.0214190093708166,0.1806223611111111,yes
20240921100912372_sardine_good_(0).png,yes,19.0,4.0,19.0,15.0,1.0,0.005893909626719057,47.0,48.0,0.21052631578947367,1.030021665119158,0.19565472222222222,yes
20240921100924868_sardine_good_(0).png,yes,19.0,3.0,19.0,15.0,2.0,0.005658242172764994,46.0,51.0,0.15789473684210525,1.0192193968066232,0.22505583333333334,yes
20240921101540225_sardine_good.jpeg,yes,,,,,,,,,,,,no
20240921101548583_sardine_good_(0).png,yes,17.0,4.0,18.0,15.0,1.0,0.0053898670499461015,45.0,45.0,0.23529411764705882,1.0243243243243243,0.21596208333333333,yes
20240921101600582_sardine_good_(0).png,yes,18.0,4.0,19.0,15.0,1.0,0.005378271782000717,45.0,51.0,0.2222222222222222,1.0242774566473989,0.24933868055555555,yes
20240921101608823_sardine_good_(0).png,yes,18.0,3.0,19.0,15.0,1.0,0.005622188905547227,45.0,52.0,0.16666666666666666,1.022597167821633,0.22850444444444445,yes
20240921101924410_sardine_good_(0).png,yes,18.0,5.0,19.0,15.0,1.0,0.005658242172764994,47.0,48.0,0.2777777777777778,1.0487879717704818,0.21101555555555557,yes
20241005102144746_sardine_good_(0).png,yes,20.0,4.0,20.0,15.0,1.0,0.0056179775280898875,51.0,58.0,0.2,1.024222405725296,0.25601993055555555,yes
20241005102208917_sardine_good_(0).png,yes,18.0,6.0,19.0,16.0,5.0,0.006587615283267457,48.0,62.0,0.3333333333333333,1.0627629733520336,0.19900409722222223,yes
20241005102217325_sardine_good_(0).png,yes,18.0,4.0,19.0,15.0,1.0,0.005688282138794084,45.0,46.0,0.2222222222222222,1.0259462759462759,0.20108576388888888,yes
20241005102233233_sardine_good_(0).png,yes,17.0,4.0,18.0,15.0,2.0,0.005919494869771113,43.0,47.0,0.23529411764705882,1.0252911813643928,0.18740833333333334,yes
20241005102256550_sardine_good_(0).png,yes,17.0,3.0,17.0,15.0,1.0,0.005239259517988124,43.0,42.0,0.17647058823529413,1.021482602118003,0.21500125,yes
20241005102337133_sardine_good_(0).png,yes,18.0,4.0,18.0,15.0,2.0,0.005326704545454545,44.0,49.0,0.2222222222222222,1.0267131242740999,0.24016743055555556,yes
20241005102358066_sardine_good_(0).png,yes,18.0,4.0,18.0,15.0,1.0,0.00562429696287964,46.0,44.0,0.2222222222222222,1.0267802799756542,0.19757875,yes
20241005102408262_sardine_good_(0).png,yes,16.0,3.0,17.0,15.0,1.0,0.005873140172278779,41.0,43.0,0.1875,1.0240028238616308,0.1755004861111111,yes
20241005102430815_sardine_good_(0).png,yes,17.0,4.0,17.0,15.0,1.0,0.006729475100942127,42.0,49.0,0.23529411764705882,1.02890625,0.15057055555555557,yes
20241005102443615_sardine_good_(0).png,yes,17.0,3.0,18.0,15.0,1.0,0.005744925315970892,46.0,45.0,0.17647058823529413,1.0241935483870968,0.19321819444444444,yes
20241005102912567_sardine_good_(0).png,yes,18.0,4.0,18.0,15.0,1.0,0.0055514433752775726,46.0,50.0,0.2222222222222222,1.0326455189405606,0.22980430555555556,yes
20241005102926804_sardine_good_(0).png,yes,18.0,5.0,18.0,15.0,1.0,0.006364022061943148,49.0,48.0,0.2777777777777778,1.0454545454545454,0.16651694444444445,yes
20241005103001224_sardine_good_(0).png,yes,17.0,4.0,18.0,15.0,1.0,0.006112469437652812,43.0,49.0,0.23529411764705882,1.0256849315068493,0.18570055555555556,yes
20241005103009196_sardine_good_(0).png,yes,18.0,4.0,19.0,15.0,1.0,0.006342494714587738,47.0,49.0,0.2222222222222222,1.026981450252951,0.16929659722222223,yes
20241005103022611_sardine_good_(0).png,yes,18.0,4.0,18.0,15.0,1.0,0.006109979633401222,46.0,46.0,0.2222222222222222,1.023936170212766,0.17410993055555554,yes
20241005103155503_sardine_good_(0).png,yes,16.0,4.0,17.0,15.0,3.0,0.006055712555510699,41.0,44.0,0.25,1.0307859471206084,0.16686006944444445,yes
20241005103213123_sardine_good_(0).png,yes,19.0,4.0,19.0,15.0,1.0,0.005411255411255411,48.0,51.0,0.21052631578947367,1.0213423195731537,0.24485951388888888,yes
20241005103230205_sardine_good_(0).png,yes,18.0,4.0,19.0,15.0,1.0,0.005782575173477255,45.0,51.0,0.2222222222222222,1.0228937728937728,0.21595833333333334,yes
20241005103238043_sardine_good_(0).png,yes,18.0,4.0,19.0,15.0,2.0,0.005677517032551098,44.0,50.0,0.2222222222222222,1.0263716277659898,0.21928215277777777,yes
20241005103359839_sardine_good_(0).png,yes,19.0,4.0,19.0,15.0,1.0,0.005594927265945543,47.0,51.0,0.21052631578947367,1.023195129022905,0.22847590277777777,yes
20241008101735981_sardine_good_(0).png,yes,18.0,4.0,18.0,15.0,2.0,0.005351409204423832,43.0,45.0,0.2222222222222222,1.029049295774648,0.22028819444444445,yes
20241008101757196_sardine_good_(0).png,yes,17.0,4.0,17.0,15.0,1.0,0.004829362524146813,43.0,41.0,0.23529411764705882,1.0268531468531468,0.24445819444444444,yes
20241008101805946_sardine_good_(0).png,yes,20.0,5.0,21.0,15.0,1.0,0.005688282138794084,51.0,53.0,0.25,1.0329793180547793,0.23074631944444443,yes
20241008101816819_sardine_good_(0).png,yes,18.0,4.0,19.0,15.0,1.0,0.0057670126874279125,47.0,52.0,0.2222222222222222,1.0254914004914004,0.22050368055555555,yes
20241008101825198_sardine_good_(0).png,yes,17.0,4.0,17.0,15.0,2.0,0.00556379821958457,43.0,38.0,0.23529411764705882,1.0267569310122502,0.17462472222222222,yes
20241008101840149_sardine_good_(0).png,yes,17.0,3.0,17.0,15.0,1.0,0.0055248618784530384,40.0,39.0,0.17647058823529413,1.0204744881377965,0.18017333333333332,yes
20241008101849855_sardine_good_(0).png,yes,17.0,4.0,17.0,15.0,1.0,0.005228302544440571,43.0,39.0,0.23529411764705882,1.0331288343558283,0.198711875,yes
20241008101858072_sardine_good_(0).png,yes,18.0,4.0,18.0,15.0,1.0,0.005549389567147614,46.0,47.0,0.2222222222222222,1.0246172320624438,0.21317847222222222,yes
20241008101911447_sardine_good_(0).png,yes,17.0,4.0,18.0,15.0,2.0,0.005374417771408097,43.0,45.0,0.23529411764705882,1.0261557177615572,0.22066666666666668,yes
20241008101933436_sardine_good_(0).png,yes,18.0,4.0,18.0,15.0,1.0,0.005488474204171241,46.0,45.0,0.2222222222222222,1.0329835082458771,0.2120817361111111,yes
20241008102022874_sardine_good_(0).png,yes,17.0,3.0,17.0,15.0,2.0,0.005813953488372093,42.0,39.0,0.17647058823529413,1.0259696458684655,0.16403104166666665,yes
20241008102034008_sardine_good_(0).png,yes,16.0,4.0,17.0,15.0,1.0,0.005584512285927029,42.0,36.0,0.25,1.0291487247432924,0.16096340277777776,yes
20241008102248936_sardine_good_(0).png,yes,19.0,4.0,20.0,15.0,1.0,0.005686125852918878,47.0,46.0,0.21052631578947367,1.0282551704048937,0.20096416666666667,yes
20241008102300307_sardine_good_(0).png,yes,19.0,4.0,19.0,15.0,1.0,0.005484460694698354,47.0,53.0,0.21052631578947367,1.0219904144347336,0.24793298611111111,yes
20241008102308074_sardine_good_(0).png,yes,20.0,4.0,20.0,15.0,1.0,0.005543237250554324,48.0,62.0,0.2,1.0255564715581205,0.28050444444444445,yes
20241008102317035_sardine_good_(0).png,yes,19.0,5.0,20.0,15.0,1.0,0.005791505791505791,51.0,55.0,0.2631578947368421,1.0378126817917395,0.23101583333333334,yes
20241008102327012_sardine_good_(0).png,yes,18.0,4.0,19.0,15.0,1.0,0.0058823529411764705,46.0,53.0,0.2222222222222222,1.031532937870746,0.21314520833333334,yes
20241008102336473_sardine_good_(0).png,yes,19.0,5.0,20.0,15.0,1.0,0.005917159763313609,50.0,53.0,0.2631578947368421,1.033728350045579,0.21143430555555556,yes
20241008102345495_sardine_good_(0).png,yes,18.0,3.0,19.0,15.0,1.0,0.00576036866359447,46.0,51.0,0.16666666666666666,1.0212636695018227,0.2148151388888889,yes
20241008102354941_sardine_good_(0).png,yes,18.0,4.0,19.0,15.0,1.0,0.005787037037037037,47.0,48.0,0.2222222222222222,1.0227692307692309,0.1994659027777778,yes
20241008102402807_sardine_good_(0).png,yes,16.0,4.0,16.0,15.0,1.0,0.005309734513274336,39.0,41.0,0.25,1.043010752688172,0.20449125,yes
20241008102415780_sardine_good_(0).png,yes,17.0,3.0,18.0,15.0,1.0,0.00589159465828751,42.0,41.0,0.17647058823529413,1.024774020756612,0.16438277777777777,yes
20241008102426936_sardine_good_(0).png,yes,18.0,4.0,18.0,15.0,1.0,0.005484460694698354,45.0,51.0,0.2222222222222222,1.025508654722138,0.23850243055555556,yes
20241008102434420_sardine_good_(0).png,yes,20.0,4.0,20.0,15.0,1.0,0.0058162078324932144,51.0,54.0,0.2,1.0209691130631906,0.224711875,yes
20241008102443883_sardine_good_(0).png,yes,19.0,5.0,20.0,15.0,1.0,0.005782575173477255,47.0,52.0,0.2631578947368421,1.032957244655582,0.21734305555555555,yes
20241008102451514_sardine_good_(0).png,yes,18.0,5.0,19.0,15.0,1.0,0.006195786864931847,49.0,50.0,0.2777777777777778,1.0345953002610966,0.18424819444444446,yes
20241008102500537_sardine_good_(0).png,yes,16.0,3.0,17.0,15.0,1.0,0.005716463414634146,40.0,42.0,0.1875,1.021798365122616,0.17934458333333334,yes
20241008102509276_sardine_good_(0).png,yes,17.0,3.0,17.0,15.0,1.0,0.005518763796909493,42.0,40.0,0.17647058823529413,1.026281635301752,0.18410291666666667,yes
20241008102516335_sardine_good_(0).png,yes,17.0,3.0,17.0,15.0,1.0,0.005645464809936018,41.0,43.0,0.17647058823529413,1.0234633179114343,0.18997541666666667,yes
20241008102524792_sardine_good_(0).png,yes,17.0,4.0,18.0,15.0,1.0,0.005488474204171241,44.0,42.0,0.23529411764705882,1.0253712871287128,0.19688020833333333,yes
20241008102538375_sardine_good_(0).png,yes,16.0,4.0,17.0,15.0,1.0,0.005098572399728076,41.0,45.0,0.25,1.0387761284459254,0.24278458333333333,yes
20241008102551960_sardine_good_(0).png,yes,19.0,4.0,19.0,15.0,2.0,0.005184929139301763,47.0,50.0,0.21052631578947367,1.021773765268189,0.2619109722222222,yes
20241008102600700_sardine_good_(0).png,yes,17.0,3.0,18.0,15.0,2.0,0.005250262513125656,43.0,47.0,0.17647058823529413,1.0245271867612293,0.23842020833333333,yes
20241008102609844_sardine_good_(0).png,yes,17.0,3.0,18.0,15.0,2.0,0.0054288816503800215,45.0,44.0,0.17647058823529413,1.0235618115055078,0.2074763888888889,yes
20241008102617527_sardine_good_(0).png,yes,17.0,3.0,18.0,15.0,2.0,0.005609573672400898,42.0,47.0,0.17647058823529413,1.0228768411156377,0.20990777777777778,yes
20241008102627023_sardine_good_(0).png,yes,19.0,4.0,20.0,15.0,1.0,0.005889281507656066,48.0,49.0,0.21052631578947367,1.025,0.19639930555555554,yes
20241008102634417_sardine_good_(0).png,yes,17.0,4.0,18.0,15.0,1.0,0.005942947702060222,44.0,46.0,0.23529411764705882,1.0320343461030383,0.18414631944444446,yes
20241008102645488_sardine_good.jpeg,yes,,,,,,,,,,,,no
20241008102653462_sardine_good_(0).png,yes,17.0,5.0,17.0,15.0,1.0,0.005512679162072767,42.0,44.0,0.29411764705882354,1.0456754130223518,0.202306875,yes
20241008102706008_sardine_good_(0).png,yes,17.0,5.0,18.0,15.0,3.0,0.005714285714285714,44.0,43.0,0.29411764705882354,1.0395077720207253,0.18427527777777777,yes
20241008102706929_sardine_good_(0).png,yes,17.0,5.0,18.0,15.0,3.0,0.005714285714285714,44.0,43.0,0.29411764705882354,1.0395077720207253,0.18427527777777777,yes
20241008102714181_sardine_good_(0).png,yes,19.0,4.0,20.0,15.0,1.0,0.00562429696287964,48.0,53.0,0.21052631578947367,1.0273933102652826,0.23339979166666666,yes
20241008102728886_sardine_good_(0).png,yes,22.0,5.0,22.0,15.0,2.0,0.005836575875486381,54.0,62.0,0.22727272727272727,1.0286917609897341,0.2543759027777778,yes
20241008102741178_sardine_good_(0).png,yes,18.0,6.0,19.0,15.0,1.0,0.0055762081784386614,52.0,52.0,0.3333333333333333,1.0555721541679115,0.23321,yes
20241008102750531_sardine_good_(0).png,yes,18.0,6.0,19.0,15.0,1.0,0.0055762081784386614,52.0,52.0,0.3333333333333333,1.0555721541679115,0.23321,yes
20241008102751598_sardine_good_(0).png,yes,20.0,5.0,21.0,15.0,1.0,0.005784805244890089,52.0,62.0,0.25,1.0309623430962342,0.25815631944444445,yes
20241008102751844_sardine_good_(0).png,yes,20.0,5.0,21.0,15.0,1.0,0.005784805244890089,52.0,62.0,0.25,1.0309623430962342,0.25815631944444445,yes
20241008102801693_sardine_good_(0).png,yes,20.0,4.0,20.0,15.0,2.0,0.005945303210463734,49.0,53.0,0.2,1.0231749710312863,0.21029819444444445,yes
20241008102809539_sardine_good_(0).png,yes,20.0,4.0,20.0,15.0,1.0,0.0056990881458966565,51.0,53.0,0.2,1.0239821528165087,0.22896916666666667,yes
20241008102817060_sardine_good_(0).png,yes,17.0,4.0,18.0,15.0,1.0,0.0057186427754479605,44.0,46.0,0.23529411764705882,1.0251352211263125,0.19902597222222224,yes
20241008102833099_sardine_good_(0).png,yes,19.0,5.0,20.0,15.0,2.0,0.006055712555510699,50.0,49.0,0.2631578947368421,1.0358578052550231,0.18769916666666667,yes
20241008102840691_sardine_good_(0).png,yes,18.0,5.0,19.0,15.0,1.0,0.005653976630229929,46.0,49.0,0.2777777777777778,1.0388854868340478,0.21702465277777777,yes
20241008102848101_sardine_good_(0).png,yes,17.0,4.0,18.0,15.0,1.0,0.0055534987041836355,45.0,47.0,0.23529411764705882,1.0337394564198688,0.21258152777777778,yes
20241008102855725_sardine_good_(0).png,yes,17.0,3.0,18.0,15.0,1.0,0.0056625141562853904,41.0,43.0,0.17647058823529413,1.0254756530151563,0.18874756944444446,yes
20241008102904352_sardine_good_(0).png,yes,17.0,3.0,18.0,15.0,1.0,0.005156411137848058,44.0,42.0,0.17647058823529413,1.0222994497538374,0.2219736111111111,yes
20241008102912665_sardine_good_(0).png,yes,19.0,4.0,19.0,15.0,1.0,0.005701254275940707,49.0,49.0,0.21052631578947367,1.0244189467490439,0.21286125,yes
20241008102921001_sardine_good_(0).png,yes,18.0,4.0,18.0,15.0,1.0,0.005311614730878187,44.0,49.0,0.2222222222222222,1.0302496328928048,0.2428826388888889,yes
20241008102931201_sardine_good_(0).png,yes,20.0,4.0,21.0,15.0,1.0,0.0056646525679758305,50.0,58.0,0.2,1.0291181364392679,0.252135,yes
20241008102940707_sardine_good_(0).png,yes,19.0,4.0,20.0,15.0,1.0,0.0053976250449802084,47.0,59.0,0.21052631578947367,1.0204026115342764,0.28491472222222225,yes
20241008102948780_sardine_good_(0).png,yes,19.0,3.0,20.0,15.0,1.0,0.005334281650071123,48.0,51.0,0.15789473684210525,1.0176329147742453,0.24933333333333332,yes
20241008103003087_sardine_good_(0).png,yes,18.0,4.0,18.0,15.0,1.0,0.005013368983957219,44.0,47.0,0.2222222222222222,1.0280789546844593,0.2624407638888889,yes
20241008103013792_sardine_good_(0).png,yes,21.0,4.0,21.0,15.0,1.0,0.0061000406669377795,52.0,56.0,0.19047619047619047,1.0249492312155497,0.21104631944444444,yes
20241008103022457_sardine_good_(0).png,yes,19.0,5.0,20.0,15.0,1.0,0.005775895263765884,51.0,53.0,0.2631578947368421,1.0401850245735762,0.22251631944444444,yes
20241008103030216_sardine_good_(0).png,yes,19.0,3.0,19.0,15.0,2.0,0.005285412262156448,48.0,52.0,0.15789473684210525,1.0188679245283019,0.26032458333333336,yes
20241008103037880_sardine_good_(0).png,yes,20.0,4.0,21.0,15.0,1.0,0.005893909626719057,51.0,57.0,0.2,1.0238629983155532,0.23176173611111112,yes
20241008103045780_sardine_good_(0).png,yes,18.0,4.0,19.0,15.0,3.0,0.005537098560354375,47.0,50.0,0.2222222222222222,1.0321332936626004,0.2278720138888889,yes
20241008103058213_sardine_good_(0).png,yes,18.0,5.0,18.0,15.0,3.0,0.005782575173477255,46.0,47.0,0.2777777777777778,1.0503205128205129,0.1982759027777778,yes
20241008103058213_sardine_good_(1).png,yes,1.0,1.0,1.0,15.0,3.0,0.005782575173477255,4.0,0.0,1.0,1.2820512820512822,0.003176597222222222,yes
20241008103106362_sardine_good_(0).png,yes,19.0,4.0,20.0,15.0,1.0,0.005641218503196691,48.0,46.0,0.21052631578947367,1.0217391304347827,0.20364729166666667,yes
20241008103113845_sardine_good_(0).png,yes,18.0,3.0,18.0,15.0,1.0,0.005142269454919438,44.0,46.0,0.16666666666666666,1.017771509167842,0.24258034722222221,yes
20241008103122579_sardine_good_(0).png,yes,19.0,4.0,20.0,15.0,1.0,0.006350550381033023,50.0,53.0,0.21052631578947367,1.0283110966482265,0.1826252777777778,yes
20241008103130385_sardine_good_(0).png,yes,19.0,3.0,19.0,15.0,1.0,0.005866249511145874,47.0,54.0,0.15789473684210525,1.0207887496178538,0.218604375,yes
20241008103149394_sardine_good_(0).png,yes,16.0,3.0,17.0,15.0,2.0,0.005498533724340176,42.0,42.0,0.1875,1.0241003631561572,0.19310493055555555,yes
20241008103149394_sardine_good_(1).png,yes,2.0,1.0,2.0,15.0,2.0,0.005498533724340176,6.0,1.0,0.5,1.2632911392405064,0.008755208333333334,yes
20241008103150978_sardine_good_(0).png,yes,16.0,3.0,17.0,15.0,2.0,0.005498533724340176,42.0,42.0,0.1875,1.0241003631561572,0.19310493055555555,yes
20241008103150978_sardine_good_(1).png,yes,2.0,1.0,2.0,15.0,2.0,0.005498533724340176,6.0,1.0,0.5,1.2632911392405064,0.008755208333333334,yes
20241008103235958_sardine_good_(0).png,yes,17.0,3.0,17.0,15.0,2.0,0.005255781359495445,42.0,37.0,0.17647058823529413,1.0227272727272727,0.19095652777777777,yes
20241008103244007_sardine_good_(0).png,yes,17.0,3.0,17.0,15.0,1.0,0.005277973258268825,42.0,40.0,0.17647058823529413,1.0198110332215788,0.20431375,yes
20241008103254363_sardine_good_(0).png,yes,18.0,4.0,18.0,15.0,1.0,0.005578281889178133,47.0,43.0,0.2222222222222222,1.029320987654321,0.1942736111111111,yes
20241008103307787_sardine_good_(0).png,yes,16.0,6.0,17.0,15.0,1.0,0.006085192697768763,41.0,42.0,0.375,1.0644216691068813,0.158718125,yes
20241008103316489_sardine_good_(0).png,yes,16.0,4.0,16.0,15.0,1.0,0.006002400960384154,42.0,37.0,0.25,1.032258064516129,0.1442248611111111,yes
20241008103325051_sardine_good_(0).png,yes,17.0,4.0,18.0,15.0,1.0,0.006396588486140725,44.0,44.0,0.23529411764705882,1.0288184438040346,0.15054590277777777,yes
20241008103349221_sardine_good_(0).png,yes,17.0,3.0,17.0,15.0,1.0,0.0053533190578158455,43.0,40.0,0.17647058823529413,1.0201588271227855,0.19752479166666667,yes
20241008103359402_sardine_good_(0).png,yes,17.0,3.0,17.0,15.0,1.0,0.0056032872618602915,41.0,41.0,0.17647058823529413,1.0214424951267056,0.18500041666666667,yes
20241008103408716_sardine_good_(0).png,yes,17.0,4.0,18.0,15.0,1.0,0.005129958960328317,43.0,40.0,0.23529411764705882,1.038976148923793,0.21116152777777777,yes
20241008103417234_sardine_good_(0).png,yes,17.0,4.0,17.0,15.0,1.0,0.005541189508681197,43.0,40.0,0.23529411764705882,1.032781667727562,0.18270527777777779,yes
20241008103429168_sardine_good_(0).png,yes,18.0,4.0,19.0,15.0,2.0,0.0057121096725057125,47.0,44.0,0.2222222222222222,1.0251438957891548,0.1905227777777778,yes
20241008103436763_sardine_good_(0).png,yes,17.0,4.0,18.0,15.0,1.0,0.005850234009360375,42.0,43.0,0.23529411764705882,1.0375965088956025,0.17850027777777777,yes
20241008103446209_sardine_good_(0).png,yes,19.0,3.0,19.0,15.0,1.0,0.005857087075361187,48.0,45.0,0.15789473684210525,1.0171997585998793,0.18249708333333334,yes
20241008103456200_sardine_good_(0).png,yes,20.0,4.0,20.0,15.0,1.0,0.0057405281285878304,48.0,54.0,0.2,1.0219310737681573,0.22759666666666667,yes
20241008103503685_sardine_good_(0).png,yes,17.0,3.0,17.0,15.0,1.0,0.005535055350553505,42.0,43.0,0.17647058823529413,1.0253164556962024,0.19788263888888888,yes
20241008103545649_sardine_good_(0).png,yes,18.0,3.0,18.0,15.0,1.0,0.0056732223903177,46.0,44.0,0.16666666666666666,1.0177045177045176,0.19026666666666667,yes
20241008103715155_sardine_good_(0).png,yes,18.0,5.0,18.0,15.0,1.0,0.005287275290800141,46.0,43.0,0.2777777777777778,1.0372309482257127,0.2181870138888889,yes
20241008103723524_sardine_good_(0).png,yes,18.0,3.0,19.0,15.0,1.0,0.005873140172278779,45.0,50.0,0.16666666666666666,1.0221667187012176,0.2020472222222222,yes
20241008103733960_sardine_good_(0).png,yes,19.0,4.0,19.0,15.0,2.0,0.005508630187293426,47.0,55.0,0.21052631578947367,1.0326273611906125,0.2548445138888889,yes
20241008103743177_sardine_good_(0).png,yes,21.0,4.0,22.0,15.0,1.0,0.005836575875486381,54.0,57.0,0.19047619047619047,1.0229088971763451,0.2362152777777778,yes
20241008103750994_sardine_good_(0).png,yes,18.0,3.0,18.0,15.0,1.0,0.00585480093676815,47.0,45.0,0.16666666666666666,1.0213730569948187,0.18462534722222224,yes
20241008103818550_sardine_good_(0).png,yes,20.0,3.0,20.0,15.0,2.0,0.005836575875486381,49.0,56.0,0.15,1.0192588269623577,0.22863368055555555,yes
20241008103826121_sardine_good_(0).png,yes,19.0,4.0,19.0,15.0,1.0,0.005360972122944961,47.0,51.0,0.21052631578947367,1.0218732473359506,0.25033375,yes
20241008103837652_sardine_good_(0).png,yes,18.0,4.0,18.0,15.0,1.0,0.005504587155963303,45.0,50.0,0.2222222222222222,1.0247687257535065,0.23038944444444445,yes
20241008103848153_sardine_good_(0).png,yes,17.0,4.0,18.0,15.0,2.0,0.005940594059405941,44.0,48.0,0.23529411764705882,1.0302727877578177,0.19198409722222223,yes
20241008103906472_sardine_good_(0).png,yes,19.0,4.0,19.0,15.0,1.0,0.005857087075361187,48.0,43.0,0.21052631578947367,1.0224615384615385,0.1778067361111111,yes
20241008104010113_sardine_good_(0).png,yes,17.0,3.0,18.0,15.0,1.0,0.005480453050785532,44.0,40.0,0.17647058823529413,1.0205032618825722,0.18639944444444445,yes
20241008104017732_sardine_good_(0).png,yes,17.0,3.0,18.0,15.0,1.0,0.00593589236248516,43.0,43.0,0.17647058823529413,1.0213760855043421,0.17267125,yes
20241008104025709_sardine_good_(0).png,yes,19.0,3.0,19.0,15.0,1.0,0.006446067898581865,47.0,44.0,0.15789473684210525,1.0204149933065596,0.14842604166666667,yes
20241008104034299_sardine_good_(0).png,yes,18.0,4.0,19.0,15.0,1.0,0.005802707930367505,46.0,44.0,0.2222222222222222,1.0236413877801658,0.1843423611111111,yes
20241008104043483_sardine_good_(0).png,yes,18.0,4.0,19.0,15.0,2.0,0.005688282138794084,47.0,46.0,0.2222222222222222,1.0352436408213301,0.1978748611111111,yes
20241008104059298_sardine_good_(0).png,yes,17.0,4.0,17.0,15.0,2.0,0.006513243595310464,43.0,46.0,0.23529411764705882,1.0337760910815939,0.1525863888888889,yes
20241008104107702_sardine_good_(0).png,yes,19.0,4.0,19.0,15.0,2.0,0.006095083299471759,49.0,50.0,0.21052631578947367,1.0220658778381835,0.18841097222222222,yes
20241008104117939_sardine_good_(0).png,yes,17.0,4.0,18.0,15.0,1.0,0.0055658627087198514,43.0,47.0,0.23529411764705882,1.0295489891135303,0.21475944444444445,yes
20241008104135155_sardine_good_(0).png,yes,17.0,5.0,17.0,15.0,1.0,0.006002400960384154,41.0,41.0,0.29411764705882354,1.0478704681450193,0.16053840277777778,yes
20241008104135157_sardine_good_(0).png,yes,17.0,5.0,17.0,15.0,1.0,0.006002400960384154,41.0,41.0,0.29411764705882354,1.0478704681450193,0.16053840277777778,yes
20241008104135758_sardine_good_(0).png,yes,17.0,5.0,17.0,15.0,1.0,0.006002400960384154,41.0,41.0,0.29411764705882354,1.0478704681450193,0.16053840277777778,yes
20241008104144885_sardine_good_(0).png,yes,19.0,4.0,19.0,15.0,1.0,0.006067961165048544,48.0,47.0,0.21052631578947367,1.0248170537702832,0.18028458333333333,yes
20241008104154345_sardine_good_(0).png,yes,20.0,6.0,21.0,15.0,1.0,0.006255212677231026,58.0,58.0,0.3,1.0472049689440994,0.205903125,yes
20241008104205230_sardine_good_(0).png,yes,20.0,5.0,20.0,15.0,2.0,0.006369426751592357,49.0,62.0,0.25,1.0373535929091484,0.2145748611111111,yes
20241008104212949_sardine_good_(0).png,yes,19.0,4.0,20.0,15.0,1.0,0.006112469437652812,50.0,53.0,0.21052631578947367,1.0286153846153847,0.19753590277777777,yes
20241008104220341_sardine_good_(0).png,yes,18.0,4.0,19.0,15.0,1.0,0.0059594755661501785,46.0,53.0,0.2222222222222222,1.034305867265149,0.20737208333333335,yes
20241008104228981_sardine_good_(0).png,yes,19.0,6.0,20.0,15.0,1.0,0.005968961400716275,48.0,49.0,0.3157894736842105,1.048297213622291,0.19128791666666667,yes
20241008104245930_sardine_good_(0).png,yes,18.0,4.0,19.0,15.0,1.0,0.006041079339508659,45.0,49.0,0.2222222222222222,1.0228442728442728,0.18790298611111111,yes
20241008104255917_sardine_good_(0).png,yes,20.0,4.0,20.0,15.0,1.0,0.0056753688989784334,48.0,59.0,0.2,1.0214205186020293,0.25639409722222223,yes
20241008104310263_sardine_good_(0).png,yes,19.0,4.0,20.0,15.0,1.0,0.0057405281285878304,47.0,53.0,0.21052631578947367,1.0322294500295683,0.22676625,yes
20241012094307160_sardine_good_(0).png,yes,18.0,4.0,19.0,15.0,1.0,0.00597609561752988,44.0,49.0,0.2222222222222222,1.0333013128402178,0.19402375,yes
20241012094319862_sardine_good_(0).png,yes,18.0,4.0,18.0,15.0,1.0,0.005434782608695652,44.0,46.0,0.2222222222222222,1.0298287064382752,0.21689881944444445,yes
20241012094353946_sardine_good_(0).png,yes,17.0,4.0,18.0,15.0,1.0,0.0051387461459403904,43.0,44.0,0.23529411764705882,1.0271990740740742,0.235700625,yes
20241012094404360_sardine_good_(0).png,yes,18.0,4.0,19.0,15.0,1.0,0.005590756615728662,44.0,46.0,0.2222222222222222,1.027245508982036,0.20741527777777777,yes
20241012094413918_sardine_good_(0).png,yes,18.0,4.0,18.0,15.0,2.0,0.0056646525679758305,45.0,44.0,0.2222222222222222,1.0342465753424657,0.19365972222222222,yes
20241012094422684_sardine_good_(0).png,yes,17.0,3.0,17.0,15.0,1.0,0.005460502366217692,43.0,43.0,0.17647058823529413,1.0208333333333333,0.201334375,yes
20241012094435844_sardine_good_(0).png,yes,17.0,3.0,17.0,15.0,2.0,0.005668934240362812,42.0,45.0,0.17647058823529413,1.0238632699129313,0.19687652777777778,yes
20241012094446288_sardine_good_(0).png,yes,17.0,3.0,17.0,15.0,1.0,0.005834305717619603,42.0,42.0,0.17647058823529413,1.0243983957219251,0.17446486111111112,yes
20241012094459399_sardine_good_(0).png,yes,18.0,5.0,19.0,15.0,2.0,0.005950019833399445,47.0,44.0,0.2777777777777778,1.0395852968897266,0.17363770833333333,yes
20241012094508166_sardine_good_(0).png,yes,17.0,3.0,17.0,15.0,1.0,0.006033789219629927,42.0,45.0,0.17647058823529413,1.0212328767123289,0.17286645833333333,yes
20241012094516323_sardine_good_(0).png,yes,17.0,3.0,17.0,15.0,1.0,0.004929346040092014,43.0,41.0,0.17647058823529413,1.0223859450269197,0.2361317361111111,yes
20241012094528621_sardine_good_(0).png,yes,17.0,4.0,18.0,15.0,2.0,0.005131713992473486,44.0,45.0,0.23529411764705882,1.0356625108727167,0.23962444444444445,yes
20241012094528621_sardine_good_(1).png,yes,6.0,0.0,6.0,15.0,2.0,0.005131713992473486,14.0,2.0,0.0,1.0046047582501918,0.014820208333333333,yes
20241012094551966_sardine_good_(0).png,yes,18.0,3.0,19.0,15.0,1.0,0.005605381165919282,47.0,45.0,0.16666666666666666,1.0203720106288752,0.20023902777777777,yes
20241012094601338_sardine_good_(0).png,yes,18.0,5.0,19.0,15.0,2.0,0.005228302544440571,52.0,49.0,0.2777777777777778,1.035326842837274,0.24982243055555556,yes
20241012094608989_sardine_good_(0).png,yes,19.0,4.0,20.0,15.0,3.0,0.0055658627087198514,49.0,49.0,0.21052631578947367,1.0244794597636466,0.22292784722222223,yes
20241012094608989_sardine_good_(1).png,yes,5.0,0.0,5.0,15.0,3.0,0.0055658627087198514,11.0,2.0,0.0,1.0061791967044285,0.011034861111111112,yes
20241012094721604_sardine_good_(0).png,yes,17.0,4.0,17.0,15.0,1.0,0.00539568345323741,43.0,42.0,0.23529411764705882,1.0298321939092605,0.20323298611111112,yes
20241012094739424_sardine_good_(0).png,yes,17.0,5.0,18.0,15.0,2.0,0.0056032872618602915,43.0,43.0,0.29411764705882354,1.0511182108626198,0.19341243055555554,yes
20241012094748227_sardine_good_(0).png,yes,17.0,3.0,18.0,15.0,1.0,0.005285412262156448,43.0,37.0,0.17647058823529413,1.0234093637454982,0.18649666666666667,yes
20241012094756972_sardine_good_(0).png,yes,16.0,3.0,17.0,15.0,1.0,0.005751533742331288,40.0,39.0,0.1875,1.0214236351071182,0.16672055555555557,yes
20241012094805611_sardine_good_(0).png,yes,16.0,4.0,17.0,15.0,1.0,0.005490483162518302,41.0,42.0,0.25,1.0343586387434556,0.19383243055555555,yes
20241012094813584_sardine_good_(0).png,yes,18.0,4.0,19.0,15.0,4.0,0.006105006105006105,47.0,46.0,0.2222222222222222,1.0255415454251535,0.17352402777777778,yes
20241012094833391_sardine_good_(0).png,yes,19.0,4.0,19.0,15.0,1.0,0.0056179775280898875,48.0,48.0,0.21052631578947367,1.028050896471949,0.21426201388888888,yes
20241012094843748_sardine_good_(0).png,yes,19.0,3.0,20.0,15.0,1.0,0.005744925315970892,48.0,51.0,0.15789473684210525,1.0184597634842805,0.2148263888888889,yes
20241012094852344_sardine_good_(0).png,yes,17.0,4.0,18.0,15.0,1.0,0.005555555555555556,45.0,40.0,0.23529411764705882,1.0304536979490366,0.18137208333333332,yes
20241012094902433_sardine_good_(0).png,yes,16.0,4.0,16.0,15.0,1.0,0.006041079339508659,41.0,38.0,0.25,1.0400890868596881,0.14757840277777778,yes
20241012094911443_sardine_good_(0).png,yes,19.0,3.0,20.0,15.0,1.0,0.005912495072920773,49.0,50.0,0.15789473684210525,1.0184578743673713,0.2022407638888889,yes
20241012094922167_sardine_good_(0).png,yes,18.0,4.0,18.0,15.0,2.0,0.005641218503196691,44.0,51.0,0.2222222222222222,1.029384472626044,0.22516701388888888,yes
20241012094931336_sardine_good_(0).png,yes,18.0,4.0,19.0,15.0,1.0,0.005784805244890089,47.0,44.0,0.2222222222222222,1.0289719626168223,0.18642833333333333,yes
20241012094940213_sardine_good_(0).png,yes,17.0,4.0,18.0,15.0,2.0,0.005072708826513358,44.0,43.0,0.23529411764705882,1.0250569476082005,0.2371367361111111,yes
20241012094949753_sardine_good_(0).png,yes,17.0,4.0,18.0,15.0,1.0,0.0056753688989784334,44.0,45.0,0.23529411764705882,1.0263575738329629,0.19599631944444446,yes
20241012095000084_sardine_good_(0).png,yes,19.0,5.0,20.0,15.0,2.0,0.005574136008918618,49.0,47.0,0.2631578947368421,1.0396937907570174,0.21222479166666666,yes
20241012095011676_sardine_good_(0).png,yes,18.0,4.0,18.0,15.0,2.0,0.0054132082280765065,45.0,46.0,0.2222222222222222,1.0238095238095237,0.222546875,yes
20241012095020380_sardine_good_(0).png,yes,19.0,4.0,19.0,15.0,2.0,0.006070416835289356,49.0,47.0,0.21052631578947367,1.0239234449760766,0.17988604166666666,yes
20241012095032217_sardine_good_(0).png,yes,18.0,4.0,18.0,15.0,1.0,0.005873140172278779,44.0,49.0,0.2222222222222222,1.0240811153358682,0.19779326388888888,yes
20241012095056906_sardine_good_(0).png,yes,19.0,4.0,19.0,15.0,1.0,0.006087662337662338,48.0,47.0,0.21052631578947367,1.0227127319257838,0.17974277777777778,yes
20241012095107295_sardine_good_(0).png,yes,18.0,5.0,19.0,15.0,1.0,0.005484460694698354,46.0,45.0,0.2777777777777778,1.0387918270654426,0.20790701388888888,yes
20241012095115289_sardine_good_(0).png,yes,17.0,3.0,18.0,15.0,2.0,0.005947660586835844,44.0,45.0,0.17647058823529413,1.0239441303624874,0.178601875,yes
20241012095123670_sardine_good_(0).png,yes,20.0,5.0,21.0,15.0,3.0,0.00641573994867408,49.0,51.0,0.25,1.0354828756556618,0.17226708333333332,yes
20241012095133278_sardine_good_(0).png,yes,17.0,4.0,18.0,15.0,3.0,0.0056625141562853904,44.0,49.0,0.23529411764705882,1.0321553645335881,0.21229694444444444,yes
20241012095142082_sardine_good_(0).png,yes,18.0,5.0,18.0,15.0,1.0,0.0054288816503800215,46.0,46.0,0.2777777777777778,1.0405727923627686,0.21935243055555556,yes
20241012095151470_sardine_good_(0).png,yes,17.0,4.0,17.0,15.0,2.0,0.005302226935312832,44.0,46.0,0.23529411764705882,1.037695372356727,0.23009243055555556,yes
20241012095209925_sardine_good_(0).png,yes,17.0,4.0,18.0,15.0,2.0,0.00515818431911967,43.0,39.0,0.23529411764705882,1.0272887323943662,0.20669729166666667,yes
20241012095224650_sardine_good_(0).png,yes,17.0,4.0,17.0,15.0,2.0,0.0057670126874279125,42.0,43.0,0.23529411764705882,1.036309127248501,0.18328923611111111,yes
20241012095232857_sardine_good_(0).png,yes,17.0,3.0,18.0,15.0,1.0,0.00516173434273916,45.0,42.0,0.17647058823529413,1.0206575501891184,0.22184944444444443,yes
20241012095242314_sardine_good_(0).png,yes,17.0,3.0,17.0,15.0,1.0,0.005535055350553505,42.0,43.0,0.17647058823529413,1.0226909555768615,0.19728354166666667,yes
20241012095255463_sardine_good_(0).png,yes,17.0,3.0,17.0,15.0,1.0,0.00533997864008544,43.0,39.0,0.17647058823529413,1.0219610269099908,0.19385631944444445,yes
20241012095304760_sardine_good_(0).png,yes,16.0,3.0,17.0,15.0,1.0,0.005296610169491525,42.0,41.0,0.1875,1.0208070617906684,0.20384743055555554,yes
20241012095315570_sardine_good_(0).png,yes,18.0,4.0,18.0,15.0,1.0,0.005758157389635317,43.0,43.0,0.2222222222222222,1.0315688775510203,0.18321555555555555,yes
20241012095329282_sardine_good_(0).png,yes,17.0,5.0,17.0,15.0,2.0,0.0054525627044711015,43.0,44.0,0.29411764705882354,1.0427350427350428,0.2091448611111111,yes
20241012095338561_sardine_good_(0).png,yes,19.0,4.0,19.0,15.0,1.0,0.005555555555555556,46.0,52.0,0.21052631578947367,1.0255813953488373,0.23702527777777777,yes
20241012095352639_sardine_good_(0).png,yes,19.0,4.0,19.0,15.0,1.0,0.005520794994479205,46.0,50.0,0.21052631578947367,1.030835734870317,0.22960409722222222,yes
20241012095406747_sardine_good_(0).png,yes,18.0,3.0,18.0,15.0,1.0,0.005742725880551302,46.0,45.0,0.16666666666666666,1.0185010975227344,0.19225715277777777,yes
20241012095423221_sardine_good_(0).png,yes,17.0,3.0,17.0,15.0,3.0,0.006142506142506142,43.0,46.0,0.17647058823529413,1.025886524822695,0.17257930555555556,yes
20241012095458766_sardine_good_(0).png,yes,18.0,3.0,18.0,15.0,1.0,0.006012024048096192,44.0,43.0,0.16666666666666666,1.0193268910363211,0.1665854861111111,yes
20241012095508421_sardine_good_(0).png,yes,17.0,4.0,17.0,15.0,3.0,0.005349500713266762,43.0,37.0,0.23529411764705882,1.0353927351754113,0.17997256944444445,yes
20241012095531991_sardine_good_(0).png,yes,18.0,4.0,19.0,15.0,1.0,0.005541189508681197,47.0,46.0,0.2222222222222222,1.0251609128145114,0.20920847222222222,yes
20241012095548640_sardine_good_(0).png,yes,18.0,5.0,19.0,15.0,2.0,0.005580357142857143,47.0,50.0,0.2777777777777778,1.0357787131689717,0.2258104861111111,yes
20241012095600225_sardine_good_(0).png,yes,19.0,3.0,19.0,15.0,1.0,0.005605381165919282,48.0,48.0,0.15789473684210525,1.021332554061952,0.2151598611111111,yes
20241012095608703_sardine_good_(0).png,yes,19.0,4.0,20.0,15.0,1.0,0.005921831819976312,47.0,54.0,0.21052631578947367,1.0208522212148685,0.217009375,yes
20241012095617243_sardine_good_(0).png,yes,18.0,3.0,19.0,15.0,1.0,0.005827505827505828,47.0,47.0,0.16666666666666666,1.0203389830508474,0.193335,yes
20241012095626901_sardine_good_(0).png,yes,18.0,4.0,18.0,15.0,2.0,0.005919494869771113,45.0,47.0,0.2222222222222222,1.0243033052495139,0.18813631944444445,yes
20241012095635150_sardine_good_(0).png,yes,17.0,3.0,17.0,15.0,1.0,0.005784805244890089,43.0,39.0,0.17647058823529413,1.0258129399932954,0.16489472222222223,yes
20241012095915209_sardine_good_(0).png,yes,17.0,3.0,17.0,15.0,2.0,0.005707762557077625,42.0,45.0,0.17647058823529413,1.025130548302872,0.192484375,yes
20241012095916112_sardine_good_(0).png,yes,17.0,3.0,17.0,15.0,2.0,0.005707762557077625,42.0,45.0,0.17647058823529413,1.025130548302872,0.192484375,yes
20241012095926771_sardine_good_(0).png,yes,19.0,5.0,20.0,15.0,1.0,0.005950019833399445,49.0,50.0,0.2631578947368421,1.0347012673506337,0.19785090277777778,yes
20241012095936799_sardine_good_(0).png,yes,16.0,5.0,17.0,15.0,1.0,0.005787037037037037,43.0,31.0,0.3125,1.0572825707300035,0.12943034722222221,yes
20241012095946065_sardine_good_(0).png,yes,18.0,3.0,18.0,15.0,2.0,0.0056179775280898875,43.0,46.0,0.16666666666666666,1.0205963725791578,0.2063376388888889,yes
20241012095955836_sardine_good_(0).png,yes,17.0,3.0,18.0,15.0,1.0,0.005622188905547227,44.0,43.0,0.17647058823529413,1.0191222570532916,0.1922851388888889,yes
20241012100010300_sardine_good_(0).png,yes,17.0,4.0,17.0,15.0,1.0,0.005609573672400898,42.0,44.0,0.23529411764705882,1.035575679172057,0.19552395833333333,yes
20241012100107154_sardine_good_(0).png,yes,20.0,4.0,21.0,15.0,1.0,0.0059382422802850355,51.0,49.0,0.2,1.0220188733199886,0.19574243055555557,yes
20241012100117155_sardine_good_(0).png,yes,18.0,4.0,19.0,15.0,2.0,0.006036217303822937,46.0,47.0,0.2222222222222222,1.0224935732647815,0.18277458333333332,yes
20241012100131607_sardine_good_(0).png,yes,18.0,3.0,18.0,15.0,1.0,0.005470459518599562,46.0,45.0,0.16666666666666666,1.01985559566787,0.21031777777777777,yes
20241012100140890_sardine_good_(0).png,yes,16.0,3.0,17.0,15.0,1.0,0.005557613931085587,42.0,43.0,0.1875,1.0242067386326463,0.197028125,yes
20241012100150914_sardine_good_(0).png,yes,16.0,3.0,17.0,15.0,1.0,0.005122950819672131,41.0,41.0,0.1875,1.0197989643618641,0.2194076388888889,yes
20241012100158903_sardine_good_(0).png,yes,17.0,4.0,18.0,15.0,1.0,0.0055309734513274336,45.0,40.0,0.23529411764705882,1.026129726406394,0.184493125,yes
20241012100207617_sardine_good_(0).png,yes,18.0,3.0,19.0,15.0,1.0,0.00562429696287964,46.0,46.0,0.16666666666666666,1.0181980906921242,0.2025775,yes
20241012100216125_sardine_good_(0).png,yes,18.0,3.0,19.0,15.0,1.0,0.0063371356147021544,45.0,48.0,0.16666666666666666,1.0196676839606647,0.1669963888888889,yes
20241012100227736_sardine_good_(0).png,yes,19.0,4.0,19.0,15.0,2.0,0.0059665871121718375,47.0,47.0,0.21052631578947367,1.030209617755857,0.18490493055555557,yes
20241012100238788_sardine_good_(0).png,yes,16.0,3.0,17.0,15.0,3.0,0.005825242718446602,40.0,37.0,0.1875,1.0253772290809329,0.15536458333333333,yes
20241012100248470_sardine_good_(0).png,yes,19.0,6.0,20.0,15.0,1.0,0.005968961400716275,49.0,50.0,0.3157894736842105,1.0526315789473684,0.19784152777777778,yes
20241012100300823_sardine_good_(0).png,yes,20.0,6.0,21.0,15.0,1.0,0.005877742946708464,49.0,50.0,0.3,1.0542590431738623,0.20198194444444445,yes
20241012100332378_sardine_good_(0).png,yes,18.0,5.0,19.0,15.0,1.0,0.005343783398646241,46.0,45.0,0.2777777777777778,1.0360958706323997,0.2206078472222222,yes
20241012100343690_sardine_good_(0).png,yes,17.0,5.0,18.0,15.0,2.0,0.0057121096725057125,43.0,45.0,0.29411764705882354,1.0513239620791108,0.1925470138888889,yes
20241012100353977_sardine_good_(0).png,yes,19.0,4.0,19.0,15.0,1.0,0.005582433941198363,46.0,50.0,0.21052631578947367,1.0249120750293084,0.22326180555555555,yes
20241012100412869_sardine_good_(0).png,yes,19.0,3.0,19.0,15.0,3.0,0.005804953560371517,47.0,50.0,0.15789473684210525,1.018987341772152,0.20616243055555555,yes
20241012100421644_sardine_good_(0).png,yes,19.0,4.0,19.0,15.0,1.0,0.005942947702060222,47.0,48.0,0.21052631578947367,1.0232991612301958,0.1907525,yes
20241012100453407_sardine_good_(0).png,yes,17.0,4.0,18.0,15.0,1.0,0.005889281507656066,44.0,42.0,0.23529411764705882,1.0372628726287263,0.169953125,yes
20241012100521155_sardine_good_(0).png,yes,16.0,3.0,16.0,15.0,1.0,0.005950019833399445,41.0,40.0,0.1875,1.0297903641044501,0.15774979166666667,yes
20241012100530686_sardine_good_(0).png,yes,17.0,5.0,18.0,15.0,1.0,0.005645464809936018,43.0,38.0,0.29411764705882354,1.047588629830725,0.16931395833333332,yes
20241012100540808_sardine_good_(0).png,yes,18.0,5.0,18.0,15.0,3.0,0.005634861006761833,45.0,49.0,0.2777777777777778,1.0374845105328376,0.21770444444444445,yes
20241012100551091_sardine_good_(0).png,yes,19.0,5.0,20.0,15.0,2.0,0.006117455138662317,49.0,49.0,0.2631578947368421,1.0364248546066728,0.1851670138888889,yes
20241012100559079_sardine_good_(0).png,yes,17.0,3.0,17.0,15.0,1.0,0.005567928730512249,41.0,40.0,0.17647058823529413,1.020545746388443,0.18138069444444443,yes
20241012100607106_sardine_good_(0).png,yes,17.0,3.0,17.0,15.0,1.0,0.005611672278338945,43.0,40.0,0.17647058823529413,1.0198845413726747,0.17656465277777778,yes
20241012100616185_sardine_good_(0).png,yes,17.0,4.0,17.0,15.0,1.0,0.005436752446538601,41.0,41.0,0.23529411764705882,1.0357142857142858,0.1944202777777778,yes
20241012100638116_sardine_good_(0).png,yes,19.0,4.0,20.0,15.0,2.0,0.006026516673362796,49.0,44.0,0.21052631578947367,1.0241442542787287,0.17159354166666665,yes
20241012100658372_sardine_good_(0).png,yes,19.0,4.0,20.0,15.0,1.0,0.005870841487279843,50.0,46.0,0.21052631578947367,1.0230974237488895,0.18660222222222222,yes
20241012100659251_sardine_good_(0).png,yes,19.0,4.0,20.0,15.0,1.0,0.005870841487279843,50.0,46.0,0.21052631578947367,1.0230974237488895,0.18660222222222222,yes
20241012100730263_sardine_good_(0).png,yes,17.0,3.0,17.0,15.0,2.0,0.005933544303797469,43.0,40.0,0.17647058823529413,1.0212620027434842,0.15938354166666666,yes
20241012100740504_sardine_good_(0).png,yes,16.0,3.0,17.0,15.0,1.0,0.005362888809438684,41.0,41.0,0.1875,1.023817084788822,0.20121034722222222,yes
20241012100754020_sardine_good_(0).png,yes,16.0,3.0,17.0,15.0,1.0,0.005274261603375527,42.0,42.0,0.1875,1.0238693467336684,0.21366527777777777,yes
20241012100803591_sardine_good_(0).png,yes,17.0,5.0,18.0,15.0,1.0,0.0063802637175669925,46.0,41.0,0.29411764705882354,1.0513562386980109,0.1427225,yes
20241012100821336_sardine_good_(0).png,yes,16.0,3.0,17.0,15.0,1.0,0.005957108816521049,40.0,40.0,0.1875,1.0230660042583393,0.16021770833333332,yes
20241012100829965_sardine_good_(0).png,yes,17.0,3.0,17.0,15.0,1.0,0.006016847172081829,42.0,43.0,0.17647058823529413,1.0205128205128204,0.16778083333333332,yes
20241012100847029_sardine_good_(0).png,yes,16.0,4.0,17.0,15.0,1.0,0.005758157389635317,42.0,43.0,0.25,1.033151059466849,0.18201458333333334,yes
20241012100856997_sardine_good_(0).png,yes,18.0,4.0,18.0,15.0,1.0,0.0055762081784386614,45.0,41.0,0.2222222222222222,1.0321494182486222,0.18720020833333334,yes
20241012100914873_sardine_good_(0).png,yes,17.0,4.0,18.0,15.0,1.0,0.00576036866359447,44.0,40.0,0.23529411764705882,1.0277053455019556,0.16858444444444445,yes
20241012100926672_sardine_good_(0).png,yes,16.0,3.0,16.0,15.0,1.0,0.00544069640914037,40.0,38.0,0.1875,1.0247361477572559,0.1819454861111111,yes
20241012100941204_sardine_good_(0).png,yes,16.0,3.0,17.0,15.0,1.0,0.005374417771408097,41.0,42.0,0.1875,1.0218700475435816,0.2040082638888889,yes
20241012100952972_sardine_good_(0).png,yes,19.0,4.0,19.0,15.0,1.0,0.005559673832468495,46.0,46.0,0.21052631578947367,1.0244755244755244,0.20923791666666666,yes
20241012101003129_sardine_good_(0).png,yes,19.0,3.0,19.0,15.0,2.0,0.005592841163310962,48.0,53.0,0.15789473684210525,1.020671834625323,0.23935243055555555,yes
20241012101011313_sardine_good_(0).png,yes,19.0,4.0,19.0,15.0,2.0,0.00583203732503888,49.0,52.0,0.21052631578947367,1.0251121076233183,0.21253236111111112,yes
20241012101020040_sardine_good_(0).png,yes,17.0,4.0,17.0,15.0,2.0,0.005749329244921426,42.0,44.0,0.23529411764705882,1.0335659687603855,0.184988125,yes
20241012101029691_sardine_good_(0).png,yes,18.0,3.0,18.0,15.0,1.0,0.005952380952380952,45.0,43.0,0.16666666666666666,1.021004266491631,0.17025972222222222,yes
20241012101037533_sardine_good_(0).png,yes,16.0,3.0,16.0,15.0,2.0,0.0060435132957292505,40.0,38.0,0.1875,1.024790375501276,0.14561916666666666,yes
20241012101049588_sardine_good_(0).png,yes,17.0,4.0,17.0,15.0,1.0,0.006150061500615006,41.0,37.0,0.23529411764705882,1.0278571428571428,0.13788902777777778,yes
20241012101204299_sardine_good_(0).png,yes,17.0,3.0,17.0,15.0,3.0,0.006162695152013147,42.0,42.0,0.17647058823529413,1.0241477272727273,0.15429354166666667,yes
20241012101228339_sardine_good_(0).png,yes,16.0,3.0,17.0,15.0,1.0,0.005762581636573185,42.0,35.0,0.1875,1.0185758513931888,0.15025597222222223,yes
20241012101302549_sardine_good_(0).png,yes,16.0,3.0,16.0,15.0,2.0,0.0058162078324932144,40.0,36.0,0.1875,1.0238774055595152,0.15053465277777778,yes
20241012101327126_sardine_good_(0).png,yes,18.0,3.0,18.0,15.0,1.0,0.00552689756816507,45.0,42.0,0.16666666666666666,1.017114914425428,0.19236055555555556,yes
20241012101335294_sardine_good_(0).png,yes,18.0,3.0,18.0,15.0,1.0,0.005289139633286318,43.0,44.0,0.16666666666666666,1.0187298800117062,0.2213298611111111,yes
20241012101343981_sardine_good_(0).png,yes,19.0,4.0,19.0,15.0,2.0,0.005714285714285714,47.0,48.0,0.21052631578947367,1.0226270937408168,0.20696368055555556,yes
20241012101352426_sardine_good_(0).png,yes,18.0,4.0,19.0,15.0,1.0,0.005683971201212581,45.0,45.0,0.2222222222222222,1.0231143552311435,0.19584354166666668,yes
20241012101401746_sardine_good_(0).png,yes,19.0,3.0,19.0,15.0,1.0,0.005651846269781462,48.0,50.0,0.15789473684210525,1.0191359814438967,0.21839548611111112,yes
20241012101410834_sardine_good_(0).png,yes,18.0,3.0,18.0,15.0,1.0,0.005387931034482759,46.0,45.0,0.16666666666666666,1.021783926994407,0.21646527777777777,yes
20241012101418846_sardine_good_(0).png,yes,17.0,3.0,17.0,15.0,1.0,0.005541189508681197,42.0,42.0,0.17647058823529413,1.018588531821046,0.19149868055555555,yes
20241012101444818_sardine_good_(0).png,yes,17.0,4.0,17.0,15.0,2.0,0.005065856129685917,43.0,40.0,0.23529411764705882,1.0308330862733472,0.22121993055555556,yes
20241015123840506_sardine_good_(0).png,yes,18.0,6.0,19.0,15.0,1.0,0.006002400960384154,47.0,46.0,0.3333333333333333,1.0517352185089974,0.1807747222222222,yes
20241015123850776_sardine_good_(0).png,yes,20.0,6.0,20.0,15.0,2.0,0.005947660586835844,49.0,56.0,0.3,1.0449003865596194,0.22196041666666666,yes
20241015123911029_sardine_good_(0).png,yes,18.0,4.0,18.0,15.0,1.0,0.005480453050785532,46.0,48.0,0.2222222222222222,1.0326542840023967,0.22399840277777777,yes
20241015123924512_sardine_good_(0).png,yes,18.0,4.0,19.0,15.0,1.0,0.005723006486074018,45.0,50.0,0.2222222222222222,1.0307177615571776,0.21236145833333334,yes
20241015123933248_sardine_good_(0).png,yes,16.0,3.0,17.0,15.0,1.0,0.005584512285927029,40.0,40.0,0.1875,1.0241286863270778,0.17939083333333333,yes
20241015123942350_sardine_good_(0).png,yes,18.0,4.0,19.0,15.0,3.0,0.006048387096774193,47.0,43.0,0.2222222222222222,1.0317928548017044,0.16545118055555555,yes
20241015123953095_sardine_good_(0).png,yes,18.0,4.0,19.0,15.0,1.0,0.00625,47.0,47.0,0.2222222222222222,1.034471218206158,0.16813381944444444,yes
20241015124000717_sardine_good_(0).png,yes,17.0,4.0,18.0,15.0,1.0,0.005825242718446602,43.0,47.0,0.23529411764705882,1.0288713910761156,0.1955134027777778,yes
20241015124033881_sardine_good_(0).png,yes,18.0,3.0,18.0,15.0,2.0,0.0057692307692307696,45.0,45.0,0.16666666666666666,1.019620056057303,0.18912041666666668,yes
20241015124053071_sardine_good_(0).png,yes,19.0,5.0,19.0,15.0,2.0,0.005277973258268825,46.0,50.0,0.2631578947368421,1.0446106954835135,0.25004347222222223,yes
20241015124102546_sardine_good_(0).png,yes,20.0,6.0,21.0,15.0,3.0,0.00629458665547629,50.0,64.0,0.3,1.048377219840784,0.22742770833333334,yes
20241015124112898_sardine_good_(0).png,yes,20.0,6.0,20.0,15.0,2.0,0.005852516582130316,51.0,59.0,0.3,1.0472992700729926,0.24222145833333333,yes
20241015124121176_sardine_good_(0).png,yes,18.0,4.0,18.0,15.0,1.0,0.00563063063063063,46.0,48.0,0.2222222222222222,1.0290164935858277,0.21066618055555555,yes
20241015124131125_sardine_good_(0).png,yes,19.0,4.0,20.0,15.0,2.0,0.005709935287400076,47.0,52.0,0.21052631578947367,1.0230724299065421,0.2255259027777778,yes
20241015124156566_sardine_good_(0).png,yes,21.0,5.0,21.0,15.0,1.0,0.0066844919786096255,54.0,58.0,0.23809523809523808,1.0323594093622368,0.1810057638888889,yes
20241015124207954_sardine_good_(0).png,yes,19.0,4.0,19.0,15.0,2.0,0.0057121096725057125,47.0,57.0,0.21052631578947367,1.023508668821628,0.24323541666666668,yes
20241015124230506_sardine_good_(0).png,yes,20.0,6.0,21.0,15.0,1.0,0.00639386189258312,52.0,66.0,0.3,1.0497709923664122,0.22669284722222222,yes
20241015124305437_sardine_good_(0).png,yes,18.0,4.0,19.0,15.0,1.0,0.005620082427875608,48.0,43.0,0.2222222222222222,1.0279635258358664,0.18993916666666666,yes
20241015124305437_sardine_good_(1).png,yes,2.0,1.0,2.0,15.0,1.0,0.005620082427875608,5.0,1.0,0.5,1.1126373626373627,0.007449513888888889,yes
20241015124314046_sardine_good_(0).png,yes,19.0,3.0,19.0,15.0,1.0,0.005510653930933138,46.0,46.0,0.15789473684210525,1.016796988126267,0.2120375,yes
20241015124325120_sardine_good_(0).png,yes,20.0,5.0,20.0,15.0,2.0,0.005219206680584551,50.0,51.0,0.25,1.0308370044052864,0.26120506944444444,yes
20241015124334340_sardine_good_(0).png,yes,17.0,5.0,18.0,15.0,2.0,0.005268703898840885,45.0,49.0,0.29411764705882354,1.0407859481988686,0.24801458333333334,yes
20241015124401615_sardine_good_(0).png,yes,17.0,3.0,17.0,15.0,1.0,0.005001667222407469,44.0,43.0,0.17647058823529413,1.0259248470725313,0.24186902777777777,yes
20241015124411095_sardine_good_(0).png,yes,20.0,4.0,20.0,15.0,1.0,0.005780346820809248,52.0,52.0,0.2,1.0216524216524216,0.21787861111111112,yes
20241015124428238_sardine_good_(0).png,yes,16.0,4.0,17.0,15.0,1.0,0.005336179295624333,41.0,44.0,0.25,1.0368137099333545,0.21928465277777778,yes
20241015124436232_sardine_good_(0).png,yes,17.0,3.0,17.0,15.0,1.0,0.005634861006761833,42.0,45.0,0.17647058823529413,1.0244538637104663,0.19706722222222223,yes
20241015124605556_sardine_good_(0).png,yes,17.0,4.0,17.0,15.0,1.0,0.005893909626719057,44.0,40.0,0.23529411764705882,1.0297196892941574,0.16036604166666665,yes
20241015124614254_sardine_good_(0).png,yes,19.0,3.0,19.0,15.0,1.0,0.006119951040391677,48.0,52.0,0.15789473684210525,1.0214468629961588,0.19351513888888888,yes
20241015124621857_sardine_good_(0).png,yes,18.0,3.0,19.0,15.0,1.0,0.005714285714285714,45.0,45.0,0.16666666666666666,1.0198110332215788,0.19246041666666666,yes
20241015124630711_sardine_good_(0).png,yes,17.0,4.0,18.0,15.0,2.0,0.005905511811023622,43.0,46.0,0.23529411764705882,1.025965379494008,0.1855453472222222,yes
20241015124639753_sardine_good_(0).png,yes,18.0,3.0,19.0,15.0,1.0,0.0057121096725057125,45.0,47.0,0.16666666666666666,1.01757043320206,0.20189597222222222,yes
20241015124647903_sardine_good_(0).png,yes,17.0,3.0,17.0,15.0,1.0,0.005142269454919438,43.0,37.0,0.17647058823529413,1.021978021978022,0.19942083333333332,yes
20241015124659053_sardine_good_(0).png,yes,17.0,4.0,17.0,15.0,1.0,0.005309734513274336,42.0,42.0,0.23529411764705882,1.0367534456355283,0.2069125,yes
20241015124707515_sardine_good_(0).png,yes,17.0,4.0,18.0,15.0,1.0,0.00562429696287964,45.0,42.0,0.23529411764705882,1.0250156347717323,0.18825097222222223,yes
20241015124715395_sardine_good_(0).png,yes,17.0,3.0,17.0,15.0,2.0,0.005651846269781462,42.0,41.0,0.17647058823529413,1.022704837117473,0.1802875,yes
20241015124727766_sardine_good_(0).png,yes,17.0,4.0,17.0,15.0,2.0,0.005184929139301763,41.0,39.0,0.23529411764705882,1.0371951219512194,0.20346631944444443,yes
20241015124752697_sardine_good_(0).png,yes,16.0,3.0,17.0,15.0,2.0,0.005793742757821553,42.0,42.0,0.1875,1.0271664374140304,0.17401166666666668,yes
20241015124800176_sardine_good_(0).png,yes,18.0,4.0,19.0,15.0,1.0,0.006142506142506142,46.0,45.0,0.2222222222222222,1.0232939632545932,0.16711034722222223,yes
20241015124809009_sardine_good_(0).png,yes,20.0,4.0,20.0,15.0,2.0,0.006211180124223602,50.0,50.0,0.2,1.0229031259671928,0.181944375,yes
20241015124817480_sardine_good_(0).png,yes,17.0,4.0,18.0,15.0,2.0,0.006255212677231026,45.0,43.0,0.23529411764705882,1.037049982523593,0.15502451388888888,yes
20241015124828126_sardine_good_(0).png,yes,19.0,5.0,19.0,15.0,1.0,0.005590756615728662,50.0,52.0,0.2631578947368421,1.040105386416862,0.233118125,yes
20241015124837308_sardine_good_(0).png,yes,19.0,5.0,20.0,15.0,2.0,0.0059928086296444265,48.0,57.0,0.2631578947368421,1.036730945821855,0.22183854166666667,yes
20241015124850000_sardine_good_(0).png,yes,19.0,4.0,19.0,15.0,2.0,0.006705409029950827,49.0,53.0,0.21052631578947367,1.0223619846261356,0.16416097222222223,yes
20241015124859026_sardine_good_(0).png,yes,17.0,3.0,18.0,15.0,1.0,0.006024096385542169,44.0,44.0,0.17647058823529413,1.0237852531430514,0.17076965277777778,yes
20241015124912093_sardine_good_(0).png,yes,17.0,5.0,18.0,15.0,1.0,0.005827505827505828,45.0,43.0,0.29411764705882354,1.0399735711926,0.17855708333333334,yes
20241015124928088_sardine_good_(0).png,yes,17.0,4.0,17.0,15.0,1.0,0.005798221878623889,44.0,50.0,0.23529411764705882,1.0333000333000333,0.2077226388888889,yes
20241015124949833_sardine_good_(0).png,yes,20.0,4.0,21.0,15.0,1.0,0.006060606060606061,50.0,55.0,0.2,1.0201342281879195,0.2105797222222222,yes
20241015125015543_sardine_good_(0).png,yes,18.0,5.0,19.0,15.0,1.0,0.0057361376673040155,45.0,48.0,0.2777777777777778,1.0467171717171717,0.20485791666666667,yes
20241015125032241_sardine_good_(0).png,yes,17.0,5.0,18.0,15.0,1.0,0.0055309734513274336,45.0,48.0,0.29411764705882354,1.041256157635468,0.21819805555555555,yes
20241015125100699_sardine_good_(0).png,yes,18.0,4.0,19.0,15.0,1.0,0.005285412262156448,46.0,50.0,0.2222222222222222,1.0339792193204156,0.25292729166666666,yes
20241015125116305_sardine_good_(0).png,yes,17.0,4.0,18.0,15.0,1.0,0.00547845142439737,44.0,44.0,0.23529411764705882,1.0317262830482115,0.20781909722222222,yes
20241015125124447_sardine_good_(0).png,yes,16.0,3.0,16.0,15.0,1.0,0.00561377245508982,40.0,38.0,0.1875,1.0295036445678585,0.17109020833333333,yes
20241015125132490_sardine_good_(0).png,yes,17.0,3.0,17.0,15.0,2.0,0.0055514433752775726,42.0,38.0,0.17647058823529413,1.0209656925031767,0.17449409722222223,yes
20241015125146290_sardine_good_(0).png,yes,18.0,3.0,18.0,15.0,1.0,0.00580046403712297,44.0,49.0,0.16666666666666666,1.0237942122186494,0.20544201388888889,yes
20241015125158976_sardine_good_(0).png,yes,18.0,4.0,18.0,15.0,2.0,0.005793742757821553,46.0,46.0,0.2222222222222222,1.025,0.19320208333333333,yes
20241015125223567_sardine_good_(0).png,yes,18.0,4.0,19.0,15.0,1.0,0.005807200929152149,45.0,52.0,0.2222222222222222,1.0293017456359101,0.21510354166666668,yes
20241015125232182_sardine_good_(0).png,yes,17.0,4.0,18.0,15.0,1.0,0.005508630187293426,45.0,46.0,0.23529411764705882,1.0248009797917943,0.21262861111111112,yes
20241015125240856_sardine_good_(0).png,yes,17.0,3.0,18.0,15.0,2.0,0.00597609561752988,44.0,48.0,0.17647058823529413,1.0237617135207497,0.18957979166666666,yes
20241015125251494_sardine_good_(0).png,yes,18.0,4.0,19.0,15.0,1.0,0.005645464809936018,48.0,49.0,0.2222222222222222,1.0330553901131625,0.21582881944444443,yes
20241015125259824_sardine_good_(0).png,yes,17.0,3.0,17.0,15.0,1.0,0.0053976250449802084,42.0,43.0,0.17647058823529413,1.0254263565891473,0.20758194444444444,yes
20241015125307843_sardine_good_(0).png,yes,18.0,4.0,18.0,15.0,1.0,0.005119453924914676,46.0,45.0,0.2222222222222222,1.0240997229916897,0.23949347222222223,yes
20241015125315615_sardine_good_(0).png,yes,17.0,3.0,18.0,15.0,1.0,0.005742725880551302,43.0,45.0,0.17647058823529413,1.0245954692556634,0.18987208333333333,yes
20241015125325365_sardine_good_(0).png,yes,18.0,4.0,19.0,15.0,1.0,0.005804953560371517,48.0,49.0,0.2222222222222222,1.0320904645476772,0.20414319444444445,yes
20241015125334861_sardine_good_(0).png,yes,19.0,4.0,19.0,15.0,2.0,0.005572065378900446,47.0,53.0,0.21052631578947367,1.0287539936102237,0.23972722222222223,yes
20241015125342445_sardine_good_(0).png,yes,20.0,4.0,20.0,15.0,2.0,0.005880047040376323,50.0,52.0,0.2,1.0229209521010874,0.2114529861111111,yes
20241015125350327_sardine_good_(0).png,yes,19.0,6.0,20.0,15.0,2.0,0.0059976009596161535,49.0,57.0,0.3157894736842105,1.0497737556561086,0.22166013888888889,yes
20241015125408014_sardine_good_(0).png,yes,19.0,4.0,19.0,15.0,2.0,0.00629458665547629,49.0,50.0,0.21052631578947367,1.0232786885245901,0.1758788888888889,yes
20241017115727365_sardine_good_(0).png,yes,18.0,4.0,19.0,15.0,1.0,0.005434782608695652,47.0,51.0,0.2222222222222222,1.0240343347639485,0.24208909722222222,yes
20241017115734677_sardine_good_(0).png,yes,18.0,4.0,19.0,15.0,1.0,0.005434782608695652,47.0,51.0,0.2222222222222222,1.0240343347639485,0.24208909722222222,yes
20241017115735250_sardine_good_(0).png,yes,18.0,4.0,18.0,15.0,2.0,0.005707762557077625,44.0,51.0,0.2222222222222222,1.028526645768025,0.22016666666666668,yes
20241017115745212_sardine_good_(0).png,yes,18.0,5.0,19.0,15.0,2.0,0.005512679162072767,46.0,51.0,0.2777777777777778,1.035788228334812,0.23750951388888888,yes
20241017115754200_sardine_good_(0).png,yes,19.0,3.0,19.0,15.0,2.0,0.006263048016701462,49.0,51.0,0.15789473684210525,1.0201858378724769,0.18265506944444446,yes
20241017115802456_sardine_good_(0).png,yes,18.0,4.0,19.0,15.0,2.0,0.0057186427754479605,47.0,45.0,0.2222222222222222,1.0230627306273063,0.19474604166666667,yes
20241017115809596_sardine_good_(0).png,yes,17.0,4.0,18.0,15.0,2.0,0.005758157389635317,44.0,46.0,0.23529411764705882,1.02501624431449,0.19642493055555554,yes
20241017115817018_sardine_good_(0).png,yes,18.0,4.0,19.0,15.0,2.0,0.005775895263765884,47.0,48.0,0.2222222222222222,1.0228748068006182,0.200176875,yes
20241017115824765_sardine_good_(0).png,yes,19.0,3.0,19.0,15.0,1.0,0.006041079339508659,47.0,52.0,0.15789473684210525,1.019817552689525,0.19985833333333333,yes
20241017115834510_sardine_good_(0).png,yes,20.0,5.0,21.0,15.0,1.0,0.005942947702060222,53.0,54.0,0.25,1.0351539802440441,0.21505541666666667,yes
20241017115851716_sardine_good_(0).png,yes,18.0,4.0,19.0,15.0,2.0,0.006402048655569782,46.0,52.0,0.2222222222222222,1.0272386789240722,0.17836006944444444,yes
20241017115941216_sardine_good_(0).png,yes,17.0,3.0,17.0,15.0,1.0,0.005154639175257732,44.0,43.0,0.17647058823529413,1.0214642752131726,0.22588506944444445,yes
20241017115951876_sardine_good_(0).png,yes,18.0,3.0,18.0,15.0,1.0,0.005403458213256484,44.0,45.0,0.16666666666666666,1.023311416616856,0.21872125,yes
20241017120001051_sardine_good_(0).png,yes,18.0,4.0,19.0,15.0,1.0,0.00606550748079256,46.0,53.0,0.2222222222222222,1.0221153846153845,0.2006790972222222,yes
20241017120008941_sardine_good_(0).png,yes,18.0,4.0,19.0,15.0,1.0,0.00544069640914037,47.0,49.0,0.2222222222222222,1.0271929824561403,0.2317186111111111,yes
20241017120018124_sardine_good_(0).png,yes,17.0,3.0,18.0,15.0,1.0,0.005651846269781462,42.0,46.0,0.17647058823529413,1.0250884528787392,0.201353125,yes
20241017120025708_sardine_good_(0).png,yes,17.0,3.0,17.0,15.0,1.0,0.005847953216374269,43.0,48.0,0.17647058823529413,1.0250166777851901,0.1970792361111111,yes
20241017120033012_sardine_good_(0).png,yes,19.0,3.0,19.0,15.0,1.0,0.00556379821958457,48.0,48.0,0.15789473684210525,1.02104032729398,0.21981263888888888,yes
20241017120051275_sardine_good_(0).png,yes,18.0,4.0,18.0,15.0,1.0,0.005653976630229929,44.0,46.0,0.2222222222222222,1.0337394564198688,0.200264375,yes
20241017120102180_sardine_good_(0).png,yes,17.0,4.0,18.0,15.0,1.0,0.006185567010309278,41.0,44.0,0.23529411764705882,1.038406827880512,0.16010958333333333,yes
20241017120119436_sardine_good_(0).png,yes,20.0,3.0,20.0,15.0,1.0,0.00589622641509434,48.0,51.0,0.15,1.0166954519286127,0.20456166666666667,yes
20241017120122514_sardine_good_(0).png,yes,20.0,3.0,20.0,15.0,1.0,0.00589622641509434,48.0,51.0,0.15,1.0166954519286127,0.20456166666666667,yes
20241017120129752_sardine_good_(0).png,yes,18.0,3.0,19.0,15.0,1.0,0.005599104143337066,46.0,45.0,0.16666666666666666,1.0224282296650717,0.20181479166666666,yes
20241017120130686_sardine_good_(0).png,yes,20.0,3.0,20.0,15.0,1.0,0.00589622641509434,48.0,51.0,0.15,1.0166954519286127,0.20456166666666667,yes
20241017120131893_sardine_good_(0).png,yes,20.0,3.0,20.0,15.0,1.0,0.00589622641509434,48.0,51.0,0.15,1.0166954519286127,0.20456166666666667,yes
20241017120142388_sardine_good_(0).png,yes,15.0,4.0,15.0,15.0,2.0,0.005705591479650057,38.0,36.0,0.26666666666666666,1.0361805296531146,0.15662819444444445,yes
20241017120149753_sardine_good.jpeg,yes,,,,,,,,,,,,no
20241017120200477_sardine_good_(0).png,yes,18.0,4.0,19.0,15.0,2.0,0.005707762557077625,45.0,50.0,0.2222222222222222,1.022858884486437,0.2137251388888889,yes
20241017120208367_sardine_good_(0).png,yes,18.0,4.0,19.0,15.0,2.0,0.0057670126874279125,45.0,46.0,0.2222222222222222,1.0238240684178375,0.19344534722222223,yes
20241017120221449_sardine_good_(0).png,yes,17.0,3.0,17.0,15.0,2.0,0.006007208650380457,43.0,47.0,0.17647058823529413,1.022664835164835,0.182059375,yes
20241017120234366_sardine_good_(0).png,yes,18.0,3.0,18.0,15.0,1.0,0.005809450038729667,46.0,46.0,0.16666666666666666,1.022271714922049,0.19181090277777776,yes
20241017120252091_sardine_good_(0).png,yes,17.0,3.0,18.0,15.0,1.0,0.006323777403035413,43.0,47.0,0.17647058823529413,1.0229885057471264,0.16419520833333334,yes
20241017120304861_sardine_good_(0).png,yes,19.0,4.0,19.0,15.0,1.0,0.0062266500622665,48.0,49.0,0.21052631578947367,1.0279402209226771,0.1773634027777778,yes
20241017120318660_sardine_good_(0).png,yes,17.0,5.0,18.0,15.0,2.0,0.005919494869771113,45.0,48.0,0.29411764705882354,1.03993399339934,0.19106375,yes
20241017120319279_sardine_good_(0).png,yes,17.0,5.0,18.0,15.0,2.0,0.005919494869771113,45.0,48.0,0.29411764705882354,1.03993399339934,0.19106375,yes
20241017120319369_sardine_good_(0).png,yes,17.0,5.0,18.0,15.0,2.0,0.005919494869771113,45.0,48.0,0.29411764705882354,1.03993399339934,0.19106375,yes
20241017120327923_sardine_good_(0).png,yes,18.0,4.0,18.0,15.0,1.0,0.006058158319870759,44.0,48.0,0.2222222222222222,1.023872679045093,0.1845263888888889,yes
20241017120344707_sardine_good_(0).png,yes,19.0,4.0,19.0,15.0,2.0,0.0063025210084033615,49.0,49.0,0.21052631578947367,1.0279583875162548,0.17368527777777779,yes
20241017120357111_sardine_good_(0).png,yes,17.0,3.0,18.0,15.0,1.0,0.005973715651135006,43.0,43.0,0.17647058823529413,1.0232401481980464,0.17032527777777778,yes
20241017120404974_sardine_good_(0).png,yes,17.0,3.0,18.0,15.0,1.0,0.005845674201091193,44.0,44.0,0.17647058823529413,1.0215123859191655,0.18162104166666668,yes
20241017120413879_sardine_good_(0).png,yes,18.0,3.0,18.0,15.0,1.0,0.005393743257820928,46.0,42.0,0.16666666666666666,1.0186371578334303,0.2024159722222222,yes
20241017120423169_sardine_good_(0).png,yes,18.0,4.0,18.0,15.0,1.0,0.005549389567147614,46.0,45.0,0.2222222222222222,1.0311837723281865,0.20723506944444445,yes
20241017120443430_sardine_good_(0).png,yes,17.0,4.0,17.0,15.0,1.0,0.005866249511145874,43.0,46.0,0.23529411764705882,1.0271370420624153,0.18707569444444444,yes
20241017120455709_sardine_good_(0).png,yes,19.0,5.0,20.0,15.0,2.0,0.00561377245508982,50.0,52.0,0.2631578947368421,1.0389908256880733,0.2298323611111111,yes
20241017120515563_sardine_good_(0).png,yes,18.0,5.0,19.0,15.0,1.0,0.006276150627615063,45.0,49.0,0.2777777777777778,1.041049798115747,0.17363847222222223,yes
20241017120529445_sardine_good_(0).png,yes,17.0,4.0,18.0,15.0,2.0,0.00563063063063063,45.0,49.0,0.23529411764705882,1.0288672732977722,0.214791875,yes
20241017120543397_sardine_good_(0).png,yes,17.0,4.0,18.0,15.0,1.0,0.005588673621460507,46.0,46.0,0.23529411764705882,1.0290456431535269,0.20638138888888888,yes
20241017120600274_sardine_good_(0).png,yes,18.0,3.0,18.0,15.0,2.0,0.006524575902566333,42.0,48.0,0.16666666666666666,1.0197879858657244,0.15780118055555556,yes
20241017120607853_sardine_good_(0).png,yes,16.0,3.0,16.0,15.0,3.0,0.005131713992473486,37.0,45.0,0.1875,1.0276468740182219,0.23813229166666666,yes
20241017120617269_sardine_good_(0).png,yes,19.0,4.0,19.0,15.0,1.0,0.005584512285927029,48.0,55.0,0.21052631578947367,1.0242123687281213,0.24634277777777777,yes
20241017120625961_sardine_good_(0).png,yes,19.0,4.0,19.0,15.0,2.0,0.0058297706956859695,48.0,52.0,0.21052631578947367,1.0318181818181817,0.2135615277777778,yes
20241017120635997_sardine_good_(0).png,yes,17.0,4.0,18.0,15.0,2.0,0.005709935287400076,44.0,45.0,0.23529411764705882,1.0307045895281188,0.19402944444444445,yes
20241017120645489_sardine_good_(0).png,yes,18.0,4.0,19.0,15.0,2.0,0.006067961165048544,48.0,46.0,0.2222222222222222,1.0346858638743455,0.1762820138888889,yes
20241017120658740_sardine_good_(0).png,yes,19.0,3.0,19.0,15.0,1.0,0.005448601525608427,48.0,47.0,0.15789473684210525,1.0178066704352742,0.22382243055555556,yes
20241017120716787_sardine_good.jpeg,yes,,,,,,,,,,,,no
20241017120717333_sardine_good.jpeg,yes,,,,,,,,,,,,no
20241017120730383_sardine_good_(0).png,yes,15.0,3.0,15.0,15.0,3.0,0.005795981452859351,38.0,37.0,0.2,1.0257270693512304,0.15452055555555555,yes
20241017120750914_sardine_good.jpeg,yes,,,,,,,,,,,,no
20241017120802054_sardine_good_(0).png,yes,17.0,3.0,18.0,15.0,1.0,0.005384063173007897,45.0,43.0,0.17647058823529413,1.0248108925869894,0.21038576388888888,yes
20241017120810100_sardine_good_(0).png,yes,18.0,4.0,18.0,15.0,1.0,0.005584512285927029,45.0,50.0,0.2222222222222222,1.0259818731117825,0.222920625,yes
20241017120834314_sardine_good_(0).png,yes,17.0,5.0,18.0,15.0,2.0,0.005611672278338945,45.0,43.0,0.29411764705882354,1.0441971383147854,0.19081006944444445,yes
20241017120915977_sardine_good_(0).png,yes,16.0,4.0,17.0,15.0,2.0,0.005374417771408097,42.0,44.0,0.25,1.0292981326464907,0.21201541666666668,yes
20241017120916432_sardine_good_(0).png,yes,16.0,4.0,17.0,15.0,2.0,0.005374417771408097,42.0,44.0,0.25,1.0292981326464907,0.21201541666666668,yes
20241017121010691_sardine_good_(0).png,yes,14.0,4.0,14.0,15.0,1.0,0.005588673621460507,35.0,32.0,0.2857142857142857,1.0391696043869958,0.14377555555555555,yes
20241017121021243_sardine_good_(0).png,yes,14.0,3.0,15.0,15.0,1.0,0.005121201775349949,36.0,30.0,0.21428571428571427,1.0265425715270597,0.16288701388888888,yes
20241017121031029_sardine_good_(0).png,yes,20.0,4.0,21.0,15.0,1.0,0.005847953216374269,50.0,53.0,0.2,1.0265638389031706,0.21592125,yes
20241017121201687_sardine_good_(0).png,yes,15.0,4.0,16.0,15.0,1.0,0.005592841163310962,38.0,39.0,0.26666666666666666,1.0342979635584137,0.17329625,yes
20241017121209078_sardine_good_(0).png,yes,15.0,3.0,16.0,15.0,1.0,0.005315379163713678,39.0,36.0,0.2,1.0284745762711864,0.1782686111111111,yes
20241017121216691_sardine_good_(0).png,yes,18.0,4.0,18.0,15.0,1.0,0.005277973258268825,45.0,49.0,0.2222222222222222,1.024390243902439,0.24564854166666666,yes
20241017121224701_sardine_good_(0).png,yes,18.0,4.0,19.0,15.0,1.0,0.0054446460980036296,49.0,46.0,0.2222222222222222,1.028104387725839,0.21583902777777778,yes
20241017121232292_sardine_good_(0).png,yes,18.0,3.0,18.0,15.0,1.0,0.005645464809936018,44.0,49.0,0.16666666666666666,1.0225587144622992,0.21678604166666668,yes
20241017121239854_sardine_good_(0).png,yes,18.0,4.0,18.0,15.0,1.0,0.0053705692803437165,45.0,47.0,0.2222222222222222,1.025897586815774,0.22987673611111112,yes
20241017121248153_sardine_good_(0).png,yes,18.0,4.0,18.0,15.0,1.0,0.005582433941198363,46.0,46.0,0.2222222222222222,1.0253512522907757,0.20790097222222223,yes
20241017121259983_sardine_good_(0).png,yes,18.0,3.0,18.0,15.0,1.0,0.005798221878623889,45.0,49.0,0.16666666666666666,1.023241006049029,0.2038595138888889,yes
20241017121308148_sardine_good_(0).png,yes,18.0,3.0,18.0,15.0,1.0,0.005798221878623889,45.0,49.0,0.16666666666666666,1.023241006049029,0.2038595138888889,yes
20241017121308650_sardine_good_(0).png,yes,18.0,4.0,18.0,15.0,2.0,0.005355230274901821,45.0,46.0,0.2222222222222222,1.0339934968962459,0.2229802777777778,yes
20241017121317644_sardine_good_(0).png,yes,17.0,3.0,18.0,15.0,1.0,0.005330490405117271,45.0,48.0,0.17647058823529413,1.0241358760429082,0.23850666666666667,yes
20241017121338761_sardine_good_(0).png,yes,20.0,5.0,21.0,15.0,1.0,0.005795981452859351,53.0,65.0,0.25,1.0407935177423862,0.27109791666666666,yes
20241017121347670_sardine_good_(0).png,yes,19.0,5.0,20.0,15.0,1.0,0.007974481658692184,48.0,57.0,0.2631578947368421,1.038907284768212,0.1248148611111111,yes
20241017121355086_sardine_good_(0).png,yes,19.0,4.0,19.0,15.0,1.0,0.005795981452859351,48.0,50.0,0.21052631578947367,1.0268736936398926,0.20799090277777776,yes
20241017121403244_sardine_good_(0).png,yes,18.0,4.0,19.0,15.0,2.0,0.0064794816414686825,46.0,52.0,0.2222222222222222,1.024330900243309,0.17328243055555556,yes
20241017121411024_sardine_good_(0).png,yes,18.0,3.0,18.0,15.0,2.0,0.005641218503196691,46.0,45.0,0.16666666666666666,1.020706455542022,0.19916020833333334,yes
20241017121419217_sardine_good_(0).png,yes,18.0,4.0,18.0,15.0,2.0,0.005753739930955121,44.0,48.0,0.2222222222222222,1.025485823510672,0.20485479166666667,yes
20241017121428061_sardine_good_(0).png,yes,21.0,4.0,22.0,15.0,3.0,0.007208073041806823,57.0,65.0,0.19047619047619047,1.025229357798165,0.17412326388888888,yes
20241017121436432_sardine_good.jpeg,yes,,,,,,,,,,,,no
20241017121444393_sardine_good_(0).png,yes,17.0,3.0,18.0,15.0,2.0,0.006366723259762309,43.0,46.0,0.17647058823529413,1.0226130653266332,0.16029361111111112,yes
20241017121452572_sardine_good_(0).png,yes,18.0,3.0,19.0,15.0,3.0,0.006134969325153374,46.0,46.0,0.16666666666666666,1.0210180623973728,0.17248645833333334,yes
20241017121506541_sardine_good_(0).png,yes,20.0,6.0,21.0,15.0,3.0,0.006180469715698393,51.0,56.0,0.3,1.0508631319358817,0.20382611111111112,yes
20241017121513832_sardine_good_(0).png,yes,18.0,4.0,19.0,15.0,1.0,0.005793742757821553,46.0,54.0,0.2222222222222222,1.0245022970903521,0.22386104166666668,yes
20241017121522147_sardine_good_(0).png,yes,16.0,4.0,16.0,15.0,2.0,0.00589622641509434,41.0,36.0,0.25,1.0324675324675325,0.14605604166666666,yes
20241017121531614_sardine_good_(0).png,yes,15.0,3.0,15.0,15.0,2.0,0.0057670126874279125,37.0,35.0,0.2,1.0277882087870822,0.14777958333333333,yes
20241017121540484_sardine_good_(0).png,yes,19.0,4.0,20.0,15.0,2.0,0.005947660586835844,47.0,59.0,0.21052631578947367,1.0243161094224924,0.23298,yes
20241017121548014_sardine_good_(0).png,yes,21.0,5.0,22.0,15.0,2.0,0.006284038542103058,55.0,63.0,0.23809523809523808,1.0293008413112852,0.22331659722222222,yes
20241017121556422_sardine_good_(0).png,yes,17.0,4.0,18.0,15.0,2.0,0.005898545025560362,42.0,46.0,0.23529411764705882,1.0278053624627608,0.18477534722222222,yes
20241017121604132_sardine_good_(0).png,yes,18.0,4.0,18.0,15.0,1.0,0.005834305717619603,46.0,44.0,0.2222222222222222,1.0302445302445302,0.1807102777777778,yes
20241017121623635_sardine_good_(0).png,yes,18.0,3.0,18.0,15.0,2.0,0.005917159763313609,46.0,50.0,0.16666666666666666,1.0208400128246233,0.19904506944444444,yes
20241017121631213_sardine_good_(0).png,yes,19.0,3.0,19.0,15.0,1.0,0.005742725880551302,48.0,49.0,0.15789473684210525,1.0190816935002982,0.20993034722222223,yes
20241017121639180_sardine_good_(0).png,yes,14.0,3.0,15.0,15.0,1.0,0.005472455308281649,37.0,32.0,0.21428571428571427,1.023888276368982,0.14987625,yes
20241017121647148_sardine_good_(0).png,yes,15.0,3.0,15.0,15.0,1.0,0.0053475935828877,37.0,34.0,0.2,1.0271021542738012,0.16677534722222223,yes
20241017121658420_sardine_good_(0).png,yes,17.0,3.0,17.0,15.0,2.0,0.005407354001441961,42.0,47.0,0.17647058823529413,1.0252257863593897,0.22532041666666666,yes
20241017121707122_sardine_good_(0).png,yes,17.0,4.0,17.0,15.0,2.0,0.005825242718446602,43.0,43.0,0.23529411764705882,1.0278721957851802,0.179905,yes
20241017121708260_sardine_good_(0).png,yes,17.0,3.0,17.0,15.0,2.0,0.005407354001441961,42.0,47.0,0.17647058823529413,1.0252257863593897,0.22532041666666666,yes
20241017121715256_sardine_good_(0).png,yes,15.0,4.0,16.0,15.0,1.0,0.005889281507656066,40.0,35.0,0.26666666666666666,1.0346863468634686,0.142080625,yes
20241017121723943_sardine_good_(0).png,yes,15.0,3.0,15.0,15.0,2.0,0.005690440060698027,38.0,34.0,0.2,1.0248978075065032,0.1498820138888889,yes
20241017121736965_sardine_good_(0).png,yes,17.0,3.0,17.0,15.0,1.0,0.005578281889178133,43.0,44.0,0.17647058823529413,1.0225325293557601,0.2005215277777778,yes
20241017121737102_sardine_good_(0).png,yes,17.0,3.0,17.0,15.0,1.0,0.005578281889178133,43.0,44.0,0.17647058823529413,1.0225325293557601,0.2005215277777778,yes
20241017121737230_sardine_good_(0).png,yes,17.0,3.0,17.0,15.0,1.0,0.005578281889178133,43.0,44.0,0.17647058823529413,1.0225325293557601,0.2005215277777778,yes
20241017121746207_sardine_good_(0).png,yes,17.0,3.0,17.0,15.0,1.0,0.006190672719768881,43.0,40.0,0.17647058823529413,1.0253390435403282,0.14815805555555556,yes
20241017121754677_sardine_good_(0).png,yes,18.0,4.0,19.0,15.0,1.0,0.006180469715698393,45.0,51.0,0.2222222222222222,1.0230794592812398,0.18824006944444444,yes
20241017121915391_sardine_good_(0).png,yes,19.0,5.0,20.0,15.0,1.0,0.005836575875486381,49.0,50.0,0.2631578947368421,1.034319526627219,0.207393125,yes
20241017121923797_sardine_good_(0).png,yes,17.0,4.0,17.0,15.0,1.0,0.005758157389635317,43.0,46.0,0.23529411764705882,1.0262982689747004,0.19528083333333332,yes
20241017121933506_sardine_good_(0).png,yes,18.0,4.0,19.0,15.0,1.0,0.006105006105006105,46.0,47.0,0.2222222222222222,1.0334437086092716,0.17586083333333333,yes
20241017121934249_sardine_good_(0).png,yes,18.0,4.0,19.0,15.0,1.0,0.006105006105006105,46.0,47.0,0.2222222222222222,1.0334437086092716,0.17586083333333333,yes
20241017121941990_sardine_good_(0).png,yes,19.0,4.0,19.0,15.0,1.0,0.006218905472636816,46.0,49.0,0.21052631578947367,1.0243589743589743,0.17633520833333333,yes
20241017121950553_sardine_good_(0).png,yes,18.0,3.0,18.0,15.0,1.0,0.005813953488372093,46.0,46.0,0.16666666666666666,1.0209637046307884,0.1906628472222222,yes
20241017121957618_sardine_good_(0).png,yes,17.0,4.0,17.0,15.0,1.0,0.006132461161079314,43.0,49.0,0.23529411764705882,1.03584229390681,0.18158743055555557,yes
20241017122005351_sardine_good_(0).png,yes,17.0,4.0,18.0,15.0,1.0,0.005547337278106509,44.0,49.0,0.23529411764705882,1.0308176100628932,0.222415625,yes
20241017122014705_sardine_good_(0).png,yes,17.0,4.0,18.0,15.0,1.0,0.005681818181818182,44.0,48.0,0.23529411764705882,1.0268987341772151,0.20677215277777777,yes
20241017122022662_sardine_good_(0).png,yes,16.0,4.0,17.0,15.0,2.0,0.00591016548463357,41.0,43.0,0.25,1.032551627581379,0.17294583333333333,yes
20241017122029389_sardine_good_(0).png,yes,18.0,3.0,18.0,15.0,1.0,0.005641218503196691,45.0,46.0,0.16666666666666666,1.0223036969141461,0.20414534722222222,yes
20241017122036543_sardine_good_(0).png,yes,17.0,4.0,18.0,15.0,1.0,0.00580046403712297,44.0,49.0,0.23529411764705882,1.0295550503410198,0.20621534722222223,yes
20241017122045083_sardine_good_(0).png,yes,18.0,4.0,19.0,15.0,2.0,0.006213753106876553,45.0,52.0,0.2222222222222222,1.0256239600665558,0.1899720138888889,yes
20241017122102801_sardine_good_(0).png,yes,20.0,3.0,20.0,15.0,2.0,0.006307821698906644,50.0,52.0,0.15,1.0181932245922207,0.18408694444444446,yes
20241017122120345_sardine_good_(0).png,yes,19.0,4.0,20.0,15.0,1.0,0.006198347107438017,49.0,48.0,0.21052631578947367,1.020478890989288,0.17438993055555554,yes
20241017122120898_sardine_good_(0).png,yes,19.0,4.0,20.0,15.0,1.0,0.006198347107438017,49.0,48.0,0.21052631578947367,1.020478890989288,0.17438993055555554,yes
20241017122122719_sardine_good_(0).png,yes,20.0,3.0,20.0,15.0,2.0,0.006307821698906644,50.0,52.0,0.15,1.0181932245922207,0.18408694444444446,yes
20241017122123352_sardine_good_(0).png,yes,19.0,4.0,20.0,15.0,1.0,0.006198347107438017,49.0,48.0,0.21052631578947367,1.020478890989288,0.17438993055555554,yes
20241017122134307_sardine_good_(0).png,yes,19.0,4.0,20.0,15.0,1.0,0.006198347107438017,49.0,48.0,0.21052631578947367,1.020478890989288,0.17438993055555554,yes
20241017122134733_sardine_good_(0).png,yes,19.0,4.0,19.0,15.0,1.0,0.006012024048096192,48.0,53.0,0.21052631578947367,1.0219135802469135,0.20564729166666668,yes
20241017122135153_sardine_good_(0).png,yes,19.0,4.0,19.0,15.0,1.0,0.006012024048096192,48.0,53.0,0.21052631578947367,1.0219135802469135,0.20564729166666668,yes
20241017122136712_sardine_good_(0).png,yes,19.0,4.0,19.0,15.0,1.0,0.006012024048096192,48.0,53.0,0.21052631578947367,1.0219135802469135,0.20564729166666668,yes
20241017122137852_sardine_good_(0).png,yes,20.0,3.0,20.0,15.0,2.0,0.006307821698906644,50.0,52.0,0.15,1.0181932245922207,0.18408694444444446,yes
20241017122147892_sardine_good_(0).png,yes,17.0,3.0,18.0,15.0,1.0,0.005193905817174515,43.0,45.0,0.17647058823529413,1.0227803738317758,0.23362013888888888,yes
20241017122149037_sardine_good_(0).png,yes,17.0,3.0,18.0,15.0,1.0,0.005193905817174515,43.0,45.0,0.17647058823529413,1.0227803738317758,0.23362013888888888,yes
20241017122158435_sardine_good_(0).png,yes,18.0,5.0,19.0,15.0,1.0,0.005508630187293426,47.0,47.0,0.2777777777777778,1.0366032210834553,0.2155907638888889,yes
20241017122207119_sardine_good_(0).png,yes,14.0,4.0,15.0,15.0,1.0,0.005543237250554324,36.0,35.0,0.2857142857142857,1.0488805970149253,0.15829513888888888,yes
20241017122215301_sardine_good_(0).png,yes,15.0,4.0,16.0,15.0,1.0,0.005494505494505495,39.0,35.0,0.26666666666666666,1.0331262939958592,0.1633359027777778,yes
20241017122223936_sardine_good_(0).png,yes,17.0,4.0,18.0,15.0,1.0,0.005647590361445783,44.0,47.0,0.23529411764705882,1.0338714783159229,0.20711590277777778,yes
20241017122231593_sardine_good_(0).png,yes,18.0,5.0,19.0,15.0,1.0,0.005825242718446602,48.0,48.0,0.2777777777777778,1.0389733840304183,0.1994232638888889,yes
20241017122241014_sardine_good_(0).png,yes,17.0,4.0,18.0,15.0,1.0,0.006082725060827251,44.0,47.0,0.23529411764705882,1.0357873210633948,0.1798832638888889,yes
20241017122248123_sardine_good_(0).png,yes,20.0,4.0,20.0,15.0,1.0,0.006211180124223602,50.0,50.0,0.2,1.0245113248526219,0.1813592361111111,yes
20241017122256337_sardine_good_(0).png,yes,17.0,3.0,18.0,15.0,1.0,0.005639097744360902,43.0,48.0,0.17647058823529413,1.0231378763866879,0.21279472222222223,yes
20241017122313007_sardine_good_(0).png,yes,19.0,3.0,19.0,15.0,1.0,0.00580046403712297,48.0,49.0,0.15789473684210525,1.0210430009149132,0.20244833333333334,yes
20241017122313135_sardine_good_(0).png,yes,19.0,3.0,19.0,15.0,1.0,0.00580046403712297,48.0,49.0,0.15789473684210525,1.0210430009149132,0.20244833333333334,yes
20241017122313923_sardine_good_(0).png,yes,19.0,3.0,19.0,15.0,1.0,0.00580046403712297,48.0,49.0,0.15789473684210525,1.0210430009149132,0.20244833333333334,yes
20241017122314075_sardine_good_(0).png,yes,19.0,3.0,19.0,15.0,1.0,0.00580046403712297,48.0,49.0,0.15789473684210525,1.0210430009149132,0.20244833333333334,yes
20241017122324343_sardine_good_(0).png,yes,18.0,4.0,18.0,15.0,1.0,0.005804953560371517,44.0,50.0,0.2222222222222222,1.023484608060933,0.20849784722222223,yes
20241017122336968_sardine_good_(0).png,yes,18.0,4.0,19.0,15.0,1.0,0.006036217303822937,46.0,51.0,0.2222222222222222,1.0219535475660197,0.1945926388888889,yes
20241017122338050_sardine_good_(0).png,yes,18.0,4.0,19.0,15.0,1.0,0.006036217303822937,46.0,51.0,0.2222222222222222,1.0219535475660197,0.1945926388888889,yes
20241017122353303_sardine_good_(0).png,yes,18.0,3.0,18.0,15.0,1.0,0.006252605252188412,47.0,46.0,0.16666666666666666,1.0202360876897134,0.16345784722222223,yes
20241017122400284_sardine_good_(0).png,yes,18.0,5.0,19.0,15.0,1.0,0.005985634477254589,45.0,43.0,0.2777777777777778,1.0390953150242326,0.16715958333333333,yes
20241017122431369_sardine_good_(0).png,yes,17.0,4.0,17.0,15.0,1.0,0.006239600665557404,41.0,43.0,0.23529411764705882,1.0280305788132509,0.1544573611111111,yes
20241017122522847_sardine_good_(0).png,yes,20.0,3.0,20.0,15.0,1.0,0.0056433408577878106,50.0,51.0,0.15,1.0181159420289856,0.2261579861111111,yes
20241017122523180_sardine_good_(0).png,yes,20.0,3.0,20.0,15.0,1.0,0.0056433408577878106,50.0,51.0,0.15,1.0181159420289856,0.2261579861111111,yes
20241017122533335_sardine_good_(0).png,yes,18.0,3.0,19.0,15.0,2.0,0.005778120184899846,46.0,50.0,0.16666666666666666,1.0187059184299294,0.21076416666666667,yes
20241017122534161_sardine_good_(0).png,yes,18.0,3.0,19.0,15.0,2.0,0.005778120184899846,46.0,50.0,0.16666666666666666,1.0187059184299294,0.21076416666666667,yes
20241017122545759_sardine_good_(0).png,yes,18.0,4.0,18.0,15.0,1.0,0.005486466715435259,46.0,42.0,0.2222222222222222,1.0299670362601139,0.19506104166666666,yes
20241017122607115_sardine_good_(0).png,yes,17.0,3.0,18.0,15.0,2.0,0.005112474437627812,43.0,43.0,0.17647058823529413,1.0244044160371877,0.233300625,yes
20241017122617226_sardine_good_(0).png,yes,17.0,3.0,17.0,15.0,1.0,0.005850234009360375,44.0,43.0,0.17647058823529413,1.024873949579832,0.17595465277777778,yes
20241017122628249_sardine_good_(0).png,yes,18.0,3.0,18.0,15.0,1.0,0.00563063063063063,46.0,47.0,0.16666666666666666,1.0204455294476655,0.20640090277777778,yes
20241017122636236_sardine_good_(0).png,yes,17.0,4.0,18.0,15.0,1.0,0.005259467040673212,44.0,48.0,0.23529411764705882,1.0342465753424657,0.24487291666666666,yes
20241017122731381_sardine_good_(0).png,yes,19.0,4.0,19.0,15.0,2.0,0.005213764337851929,47.0,55.0,0.21052631578947367,1.0232309746328438,0.2860360416666667,yes
20241019095113660_sardine_good_(0).png,yes,18.0,6.0,19.0,15.0,1.0,0.0066725978647686835,46.0,45.0,0.3333333333333333,1.061911658218682,0.14127722222222222,yes
20241019095125943_sardine_good_(0).png,yes,18.0,6.0,19.0,15.0,2.0,0.005928853754940711,45.0,46.0,0.3333333333333333,1.0623989654057548,0.18325986111111112,yes
20241019095133622_sardine_good_(0).png,yes,18.0,4.0,18.0,15.0,2.0,0.005677517032551098,44.0,47.0,0.2222222222222222,1.0283489096573208,0.2048736111111111,yes
20241019095140702_sardine_good_(0).png,yes,18.0,3.0,18.0,15.0,1.0,0.005490483162518302,46.0,44.0,0.16666666666666666,1.019548872180451,0.20411055555555555,yes
20241019095149347_sardine_good_(0).png,yes,17.0,4.0,18.0,15.0,2.0,0.005628517823639775,45.0,44.0,0.23529411764705882,1.0387301587301587,0.19517347222222223,yes
20241019095201416_sardine_good_(0).png,yes,16.0,4.0,17.0,15.0,1.0,0.005868544600938967,43.0,37.0,0.25,1.0420904945633112,0.14974145833333333,yes
20241019095208905_sardine_good_(0).png,yes,18.0,3.0,18.0,15.0,1.0,0.00576036866359447,45.0,46.0,0.16666666666666666,1.020760140530182,0.19553597222222222,yes
20241019095211559_sardine_good_(0).png,yes,16.0,4.0,17.0,15.0,1.0,0.005868544600938967,43.0,37.0,0.25,1.0420904945633112,0.14974145833333333,yes
20241019095225135_sardine_good_(0).png,yes,19.0,4.0,19.0,15.0,1.0,0.005492493592090809,48.0,50.0,0.21052631578947367,1.026084491068897,0.23041340277777778,yes
20241019095233066_sardine_good_(0).png,yes,19.0,5.0,19.0,15.0,2.0,0.006350550381033023,47.0,53.0,0.2631578947368421,1.034,0.18260805555555557,yes
20241019095248047_sardine_good_(0).png,yes,20.0,5.0,21.0,15.0,2.0,0.007015902712815715,52.0,50.0,0.25,1.037474679270763,0.14144194444444444,yes
20241019095406065_sardine_good_(0).png,yes,17.0,4.0,17.0,15.0,1.0,0.005244755244755245,43.0,37.0,0.23529411764705882,1.0334549878345498,0.1873840972222222,yes
20241019095406928_sardine_good_(0).png,yes,17.0,4.0,17.0,15.0,1.0,0.005244755244755245,43.0,37.0,0.23529411764705882,1.0334549878345498,0.1873840972222222,yes
20241019095407550_sardine_good_(0).png,yes,17.0,4.0,17.0,15.0,1.0,0.005244755244755245,43.0,37.0,0.23529411764705882,1.0334549878345498,0.1873840972222222,yes
20241019095415596_sardine_good_(0).png,yes,16.0,3.0,16.0,15.0,1.0,0.0053475935828877,40.0,38.0,0.1875,1.0272461887771651,0.1879588888888889,yes
20241019095425725_sardine_good_(0).png,yes,17.0,4.0,17.0,15.0,1.0,0.005244755244755245,43.0,37.0,0.23529411764705882,1.0334549878345498,0.1873840972222222,yes
20241019095437671_sardine_good_(0).png,yes,17.0,4.0,18.0,15.0,2.0,0.005272407732864675,44.0,41.0,0.23529411764705882,1.025286680388121,0.20780770833333334,yes
20241019095502863_sardine_good_(0).png,yes,16.0,3.0,16.0,15.0,1.0,0.005170630816959669,40.0,38.0,0.1875,1.0196875,0.19852847222222222,yes
20241019095511076_sardine_good_(0).png,yes,20.0,4.0,20.0,15.0,1.0,0.005537098560354375,51.0,49.0,0.2,1.023268546400219,0.2241936111111111,yes
20241019095519807_sardine_good_(0).png,yes,18.0,4.0,19.0,15.0,2.0,0.005751533742331288,47.0,49.0,0.2222222222222222,1.0263965623081646,0.20923430555555556,yes
20241019095529292_sardine_good_(0).png,yes,18.0,5.0,18.0,15.0,1.0,0.0050968399592252805,45.0,41.0,0.2777777777777778,1.0385589642555586,0.22034145833333332,yes
20241019095538219_sardine_good_(0).png,yes,16.0,4.0,17.0,15.0,2.0,0.004901960784313725,37.0,39.0,0.25,1.0347343841214245,0.22742222222222222,yes
20241019095546086_sardine_good_(0).png,yes,16.0,4.0,17.0,15.0,2.0,0.0050200803212851405,42.0,37.0,0.25,1.0274660366213821,0.20672145833333333,yes
20241019095603581_sardine_good_(0).png,yes,15.0,3.0,15.0,15.0,1.0,0.005,38.0,35.0,0.2,1.0220729366602688,0.1958470138888889,yes
20241019095603581_sardine_good_(1).png,yes,1.0,0.0,1.0,15.0,1.0,0.005,2.0,0.0,0.0,1.0833333333333333,0.001059236111111111,yes
20241019095603581_sardine_good_(2).png,yes,1.0,0.0,1.0,15.0,1.0,0.005,2.0,0.0,0.0,1.0480769230769231,0.0009605555555555555,yes
20241019095607007_sardine_good_(0).png,yes,15.0,3.0,15.0,15.0,1.0,0.005,38.0,35.0,0.2,1.0220729366602688,0.1958470138888889,yes
20241019095607007_sardine_good_(1).png,yes,1.0,0.0,1.0,15.0,1.0,0.005,2.0,0.0,0.0,1.0833333333333333,0.001059236111111111,yes
20241019095607007_sardine_good_(2).png,yes,1.0,0.0,1.0,15.0,1.0,0.005,2.0,0.0,0.0,1.0480769230769231,0.0009605555555555555,yes
20241019095607121_sardine_good_(0).png,yes,15.0,3.0,15.0,15.0,1.0,0.005,38.0,35.0,0.2,1.0220729366602688,0.1958470138888889,yes
20241019095607121_sardine_good_(1).png,yes,1.0,0.0,1.0,15.0,1.0,0.005,2.0,0.0,0.0,1.0833333333333333,0.001059236111111111,yes
20241019095607121_sardine_good_(2).png,yes,1.0,0.0,1.0,15.0,1.0,0.005,2.0,0.0,0.0,1.0480769230769231,0.0009605555555555555,yes
20241019095608022_sardine_good_(0).png,yes,15.0,3.0,15.0,15.0,1.0,0.005,38.0,35.0,0.2,1.0220729366602688,0.1958470138888889,yes
20241019095608022_sardine_good_(1).png,yes,1.0,0.0,1.0,15.0,1.0,0.005,2.0,0.0,0.0,1.0833333333333333,0.001059236111111111,yes
20241019095608022_sardine_good_(2).png,yes,1.0,0.0,1.0,15.0,1.0,0.005,2.0,0.0,0.0,1.0480769230769231,0.0009605555555555555,yes
20241019095619239_sardine_good_(0).png,yes,17.0,3.0,17.0,15.0,1.0,0.0055147058823529415,41.0,37.0,0.17647058823529413,1.017914267434421,0.172144375,yes
20241019095632173_sardine_good_(0).png,yes,16.0,3.0,16.0,15.0,1.0,0.005647590361445783,39.0,37.0,0.1875,1.022167487684729,0.16207159722222222,yes
20241019095730691_sardine_good_(0).png,yes,19.0,3.0,19.0,15.0,1.0,0.0057273768613974796,46.0,50.0,0.15789473684210525,1.0188957779746088,0.21299631944444444,yes
20241019095740034_sardine_good_(0).png,yes,18.0,3.0,19.0,15.0,2.0,0.00541907514450867,45.0,50.0,0.16666666666666666,1.0195908959953903,0.2366865972222222,yes
20241019095750268_sardine_good_(0).png,yes,17.0,3.0,17.0,15.0,1.0,0.005677517032551098,43.0,39.0,0.17647058823529413,1.0252324037184595,0.1683498611111111,yes
20241019095803988_sardine_good_(0).png,yes,17.0,4.0,18.0,15.0,2.0,0.005387931034482759,43.0,44.0,0.23529411764705882,1.0292415473652148,0.21227791666666668,yes
20241019095804563_sardine_good_(0).png,yes,17.0,4.0,18.0,15.0,2.0,0.005387931034482759,43.0,44.0,0.23529411764705882,1.0292415473652148,0.21227791666666668,yes
20241019095813612_sardine_good_(0).png,yes,16.0,3.0,17.0,15.0,1.0,0.00541907514450867,41.0,39.0,0.1875,1.0213178294573644,0.18698743055555556,yes
20241019095830869_sardine_good_(0).png,yes,16.0,3.0,17.0,15.0,2.0,0.005436752446538601,41.0,42.0,0.1875,1.0239559728067336,0.19888777777777777,yes
20241019095831691_sardine_good_(0).png,yes,16.0,3.0,17.0,15.0,2.0,0.005436752446538601,41.0,42.0,0.1875,1.0239559728067336,0.19888777777777777,yes
20241019095840498_sardine_good_(0).png,yes,19.0,3.0,20.0,15.0,1.0,0.005382131324004306,46.0,44.0,0.15789473684210525,1.0177658142664872,0.21337118055555557,yes
20241019095849205_sardine_good_(0).png,yes,18.0,4.0,19.0,15.0,1.0,0.00562429696287964,47.0,44.0,0.2222222222222222,1.0241254523522316,0.1973501388888889,yes
20241019095849205_sardine_good_(1).png,yes,1.0,1.0,2.0,15.0,1.0,0.00562429696287964,5.0,1.0,1.0,1.1806451612903226,0.0060709027777777775,yes
20241019095856669_sardine_good_(0).png,yes,16.0,4.0,17.0,15.0,1.0,0.005434782608695652,41.0,40.0,0.25,1.0308398950131235,0.19074430555555555,yes
20241019095904145_sardine_good_(0).png,yes,17.0,4.0,18.0,15.0,1.0,0.00528169014084507,44.0,42.0,0.23529411764705882,1.0378605769230769,0.210485625,yes
20241019095911397_sardine_good_(0).png,yes,17.0,3.0,17.0,15.0,1.0,0.005641218503196691,45.0,41.0,0.17647058823529413,1.0195387572069186,0.18180097222222222,yes
20241019095922373_sardine_good_(0).png,yes,17.0,3.0,17.0,15.0,1.0,0.0055514433752775726,43.0,42.0,0.17647058823529413,1.0237793278376666,0.1936813888888889,yes
20241019112824381_sardine_good_(0).png,yes,17.0,3.0,18.0,15.0,1.0,0.0057405281285878304,44.0,40.0,0.17647058823529413,1.0173076923076922,0.16899097222222223,yes
20241019112846474_sardine_good_(0).png,yes,17.0,7.0,19.0,16.0,5.0,0.0061074918566775245,43.0,44.0,0.4117647058823529,1.0961874781392096,0.16393902777777777,yes
20241019112847707_sardine_good_(0).png,yes,17.0,7.0,19.0,16.0,5.0,0.0061074918566775245,43.0,44.0,0.4117647058823529,1.0961874781392096,0.16393902777777777,yes
20241019112855031_sardine_good_(0).png,yes,17.0,7.0,19.0,16.0,5.0,0.0061074918566775245,43.0,44.0,0.4117647058823529,1.0961874781392096,0.16393902777777777,yes
20241019112857578_sardine_good.jpeg,yes,,,,,,,,,,,,no
20241019112914210_sardine_good_(0).png,yes,19.0,4.0,19.0,15.0,2.0,0.006139991813344249,49.0,44.0,0.21052631578947367,1.0302547770700636,0.162169375,yes
20241019112921213_sardine_good_(0).png,yes,18.0,4.0,18.0,15.0,1.0,0.005988023952095809,46.0,43.0,0.2222222222222222,1.026762402088773,0.16705125,yes
20241019112928483_sardine_good_(0).png,yes,17.0,4.0,17.0,15.0,2.0,0.005714285714285714,43.0,38.0,0.23529411764705882,1.0281045751633986,0.16336465277777779,yes
20241019112938581_sardine_good_(0).png,yes,15.0,3.0,16.0,15.0,2.0,0.005933544303797469,39.0,37.0,0.2,1.0291335603480893,0.147214375,yes
20241019112947151_sardine_good_(0).png,yes,18.0,3.0,18.0,15.0,1.0,0.006127450980392157,46.0,40.0,0.16666666666666666,1.022468142186452,0.14974756944444445,yes
20241019112957923_sardine_good_(0).png,yes,17.0,3.0,18.0,15.0,3.0,0.005793742757821553,43.0,44.0,0.17647058823529413,1.0185426154847104,0.18542201388888888,yes
20241019113005409_sardine_good_(0).png,yes,16.0,3.0,16.0,15.0,1.0,0.005705591479650057,41.0,35.0,0.1875,1.0230478156174752,0.1501773611111111,yes
20241019113015274_sardine_good_(0).png,yes,16.0,3.0,16.0,15.0,1.0,0.0055289347585698485,38.0,36.0,0.1875,1.0187521309239687,0.1655495138888889,yes
20241019113015948_sardine_good_(0).png,yes,16.0,3.0,16.0,15.0,1.0,0.0055289347585698485,38.0,36.0,0.1875,1.0187521309239687,0.1655495138888889,yes
20241019113025079_sardine_good_(0).png,yes,19.0,3.0,19.0,15.0,2.0,0.005784805244890089,47.0,44.0,0.15789473684210525,1.0154531946508172,0.1854215277777778,yes
20241019113043177_sardine_good_(0).png,yes,18.0,3.0,19.0,15.0,2.0,0.005928853754940711,45.0,46.0,0.16666666666666666,1.0206349206349206,0.184334375,yes
20241019113157029_sardine_good_(0).png,yes,19.0,3.0,19.0,15.0,3.0,0.006459948320413436,47.0,48.0,0.15789473684210525,1.0186062246278755,0.16159888888888888,yes
20241019113213096_sardine_good_(0).png,yes,19.0,3.0,19.0,15.0,2.0,0.005535055350553505,48.0,50.0,0.15789473684210525,1.0194396798170382,0.229321875,yes
20241019113221660_sardine_good.jpeg,yes,,,,,,,,,,,,no
20241019113243734_sardine_good_(0).png,yes,17.0,4.0,18.0,15.0,2.0,0.005628517823639775,43.0,39.0,0.23529411764705882,1.03072,0.1730054861111111,yes
20241019113254509_sardine_good_(0).png,yes,17.0,4.0,18.0,15.0,3.0,0.005877742946708464,43.0,39.0,0.23529411764705882,1.0369881109643329,0.16080493055555556,yes
20241019113310456_sardine_good_(0).png,yes,17.0,4.0,18.0,15.0,3.0,0.005877742946708464,43.0,39.0,0.23529411764705882,1.0369881109643329,0.16080493055555556,yes
20241019113311854_sardine_good_(0).png,yes,17.0,4.0,18.0,15.0,3.0,0.005877742946708464,43.0,39.0,0.23529411764705882,1.0369881109643329,0.16080493055555556,yes
20241019113312649_sardine_good_(0).png,yes,17.0,4.0,18.0,15.0,3.0,0.005877742946708464,43.0,39.0,0.23529411764705882,1.0369881109643329,0.16080493055555556,yes
20241019113314750_sardine_good_(0).png,yes,17.0,4.0,18.0,15.0,3.0,0.005877742946708464,43.0,39.0,0.23529411764705882,1.0369881109643329,0.16080493055555556,yes
20241019113324144_sardine_good_(0).png,yes,18.0,3.0,18.0,15.0,2.0,0.005607476635514018,44.0,48.0,0.16666666666666666,1.0218446601941749,0.2148417361111111,yes
20241019113332877_sardine_good_(0).png,yes,19.0,3.0,19.0,15.0,3.0,0.006535947712418301,48.0,49.0,0.15789473684210525,1.0188870151770657,0.15936569444444446,yes
20241019113335708_sardine_good_(0).png,yes,17.0,4.0,18.0,15.0,3.0,0.005877742946708464,43.0,39.0,0.23529411764705882,1.0369881109643329,0.16080493055555556,yes
20241019113344329_sardine_good_(0).png,yes,17.0,3.0,17.0,15.0,3.0,0.006139991813344249,42.0,44.0,0.17647058823529413,1.021632937892533,0.16432826388888888,yes
20241019113435953_sardine_good_(0).png,yes,17.0,4.0,17.0,15.0,1.0,0.005541189508681197,42.0,41.0,0.23529411764705882,1.0308742281442964,0.18835222222222223,yes
20241019113437882_sardine_good_(0).png,yes,17.0,4.0,17.0,15.0,1.0,0.005541189508681197,42.0,41.0,0.23529411764705882,1.0308742281442964,0.18835222222222223,yes
20241019113438842_sardine_good_(0).png,yes,17.0,4.0,17.0,15.0,1.0,0.005541189508681197,42.0,41.0,0.23529411764705882,1.0308742281442964,0.18835222222222223,yes
20241019113447612_sardine_good_(0).png,yes,17.0,4.0,17.0,15.0,1.0,0.005541189508681197,42.0,41.0,0.23529411764705882,1.0308742281442964,0.18835222222222223,yes
20241022092458314_sardine_good_(0).png,yes,17.0,3.0,18.0,15.0,1.0,0.005599104143337066,44.0,41.0,0.17647058823529413,1.0169651272384543,0.18183791666666665,yes
20241022092512923_sardine_good_(0).png,yes,17.0,4.0,17.0,15.0,2.0,0.005703422053231939,41.0,41.0,0.23529411764705882,1.0285058977719528,0.177991875,yes
20241022092627168_sardine_good_(0).png,yes,19.0,4.0,20.0,15.0,1.0,0.00573175391669851,48.0,45.0,0.21052631578947367,1.0277372262773723,0.191253125,yes
20241022092647360_sardine_good_(0).png,yes,18.0,3.0,19.0,15.0,1.0,0.005784805244890089,44.0,48.0,0.16666666666666666,1.0222428174235403,0.20278243055555556,yes
20241022092649145_sardine_good_(0).png,yes,18.0,3.0,19.0,15.0,1.0,0.005784805244890089,44.0,48.0,0.16666666666666666,1.0222428174235403,0.20278243055555556,yes
20241022092649288_sardine_good_(0).png,yes,18.0,3.0,19.0,15.0,1.0,0.005784805244890089,44.0,48.0,0.16666666666666666,1.0222428174235403,0.20278243055555556,yes
20241022092659817_sardine_good_(0).png,yes,18.0,4.0,18.0,15.0,1.0,0.005129958960328317,46.0,44.0,0.2222222222222222,1.030167597765363,0.23720375,yes
20241022092713980_sardine_good_(0).png,yes,16.0,3.0,16.0,15.0,2.0,0.005393743257820928,42.0,41.0,0.1875,1.026428807400066,0.19853361111111112,yes
20241022092715000_sardine_good_(0).png,yes,16.0,3.0,16.0,15.0,2.0,0.005393743257820928,42.0,41.0,0.1875,1.026428807400066,0.19853361111111112,yes
20241022092727026_sardine_good_(0).png,yes,18.0,4.0,18.0,15.0,2.0,0.005900865460267506,44.0,45.0,0.2222222222222222,1.025632809996796,0.1812,yes
20241022092734915_sardine_good_(0).png,yes,19.0,4.0,19.0,15.0,1.0,0.0058184639255236615,47.0,45.0,0.21052631578947367,1.0229287679608683,0.18740444444444446,yes
20241022092745004_sardine_good_(0).png,yes,18.0,4.0,18.0,15.0,1.0,0.0057405281285878304,46.0,50.0,0.2222222222222222,1.0244885306881588,0.2113501388888889,yes
20241022092755687_sardine_good_(0).png,yes,19.0,4.0,19.0,15.0,1.0,0.005921831819976312,48.0,49.0,0.21052631578947367,1.0313653136531364,0.19792291666666667,yes
20241022092807581_sardine_good_(0).png,yes,17.0,3.0,17.0,15.0,1.0,0.005588673621460507,42.0,40.0,0.17647058823529413,1.018987341772152,0.17988958333333332,yes
20241022092817593_sardine_good_(0).png,yes,17.0,3.0,18.0,15.0,2.0,0.0053724928366762174,44.0,40.0,0.17647058823529413,1.022574740695546,0.19296256944444445,yes
20241022092828843_sardine_good_(0).png,yes,16.0,4.0,16.0,15.0,2.0,0.005520794994479205,40.0,37.0,0.25,1.0381443298969073,0.17018208333333334,yes
20241022092847880_sardine_good.jpeg,yes,,,,,,,,,,,,no
20241022092850494_sardine_good.jpeg,yes,,,,,,,,,,,,no
20241022092850898_sardine_good.jpeg,yes,,,,,,,,,,,,no
20241022092851992_sardine_good.jpeg,yes,,,,,,,,,,,,no
20241022092902165_sardine_good_(0).png,yes,16.0,3.0,17.0,15.0,1.0,0.005184929139301763,42.0,39.0,0.1875,1.020763358778626,0.20404729166666666,yes
20241022092910262_sardine_good_(0).png,yes,16.0,3.0,16.0,15.0,1.0,0.0054249547920434,40.0,39.0,0.1875,1.0233783338821205,0.1873525,yes
20241022093049948_sardine_good_(0).png,yes,19.0,3.0,19.0,15.0,1.0,0.005782575173477255,48.0,47.0,0.15789473684210525,1.0192019201920193,0.19821256944444443,yes
20241022093050768_sardine_good_(0).png,yes,19.0,3.0,19.0,15.0,1.0,0.005782575173477255,48.0,47.0,0.15789473684210525,1.0192019201920193,0.19821256944444443,yes
20241022093051110_sardine_good_(0).png,yes,19.0,3.0,19.0,15.0,1.0,0.005782575173477255,48.0,47.0,0.15789473684210525,1.0192019201920193,0.19821256944444443,yes
20241022093051545_sardine_good_(0).png,yes,19.0,3.0,19.0,15.0,1.0,0.005782575173477255,48.0,47.0,0.15789473684210525,1.0192019201920193,0.19821256944444443,yes
20241022093101899_sardine_good_(0).png,yes,19.0,3.0,19.0,15.0,2.0,0.0059904153354632585,48.0,46.0,0.15789473684210525,1.0193387398627574,0.18068604166666666,yes
20241022093115137_sardine_good_(0).png,yes,18.0,4.0,18.0,15.0,2.0,0.005775895263765884,44.0,50.0,0.2222222222222222,1.036706032556655,0.2084609027777778,yes
20241022093116825_sardine_good_(0).png,yes,18.0,4.0,18.0,15.0,2.0,0.005775895263765884,44.0,50.0,0.2222222222222222,1.036706032556655,0.2084609027777778,yes
20241022093125780_sardine_good_(0).png,yes,18.0,5.0,19.0,15.0,1.0,0.005798221878623889,46.0,45.0,0.2777777777777778,1.0441954559601618,0.18750159722222223,yes
20241022093135280_sardine_good_(0).png,yes,17.0,3.0,17.0,15.0,1.0,0.005472455308281649,44.0,38.0,0.17647058823529413,1.0172036284016266,0.17946493055555557,yes
20241022093142822_sardine_good_(0).png,yes,16.0,3.0,16.0,15.0,1.0,0.005385996409335727,40.0,38.0,0.1875,1.0287698412698412,0.18331215277777776,yes
20241022093151348_sardine_good_(0).png,yes,19.0,4.0,19.0,15.0,1.0,0.005574136008918618,46.0,51.0,0.21052631578947367,1.0219812426729191,0.23118993055555556,yes
20241022093214772_sardine_good_(0).png,yes,19.0,4.0,19.0,15.0,1.0,0.0059031877213695395,48.0,49.0,0.21052631578947367,1.0295191722458916,0.1970765277777778,yes
20241022093214888_sardine_good_(0).png,yes,19.0,4.0,19.0,15.0,1.0,0.0059031877213695395,48.0,49.0,0.21052631578947367,1.0295191722458916,0.1970765277777778,yes
20241022093214952_sardine_good_(0).png,yes,19.0,4.0,19.0,15.0,1.0,0.0059031877213695395,48.0,49.0,0.21052631578947367,1.0295191722458916,0.1970765277777778,yes
20241022093215082_sardine_good_(0).png,yes,19.0,4.0,19.0,15.0,1.0,0.0059031877213695395,48.0,49.0,0.21052631578947367,1.0295191722458916,0.1970765277777778,yes
20241022093249139_sardine_good_(0).png,yes,16.0,4.0,17.0,15.0,2.0,0.0061450225317492835,40.0,41.0,0.25,1.0373900293255132,0.15397625,yes
20241022093249667_sardine_good_(0).png,yes,16.0,4.0,17.0,15.0,2.0,0.0061450225317492835,40.0,41.0,0.25,1.0373900293255132,0.15397625,yes
20241022093315046_sardine_good_(0).png,yes,18.0,4.0,18.0,15.0,1.0,0.005480453050785532,45.0,44.0,0.2222222222222222,1.029106029106029,0.2040625,yes
20241022093354513_sardine_good_(0).png,yes,17.0,3.0,17.0,15.0,1.0,0.00641573994867408,42.0,43.0,0.17647058823529413,1.0245535714285714,0.14591777777777779,yes
20241022093410891_sardine_good_(0).png,yes,18.0,5.0,19.0,15.0,1.0,0.006355932203389831,44.0,52.0,0.2777777777777778,1.046535677352637,0.17998743055555555,yes
20241022093420979_sardine_good_(0).png,yes,18.0,4.0,19.0,15.0,1.0,0.0059665871121718375,46.0,48.0,0.2222222222222222,1.0303030303030303,0.18962319444444445,yes
20241022093434800_sardine_good_(0).png,yes,16.0,3.0,17.0,15.0,1.0,0.006075334143377886,42.0,40.0,0.1875,1.0256132756132756,0.15405229166666667,yes
20241022093502712_sardine_good_(0).png,yes,17.0,4.0,18.0,15.0,1.0,0.0057361376673040155,45.0,39.0,0.23529411764705882,1.0297157622739017,0.16573909722222221,yes
20241022093700052_sardine_good_(0).png,yes,19.0,4.0,19.0,15.0,1.0,0.005809450038729667,49.0,50.0,0.21052631578947367,1.021954887218045,0.20662402777777777,yes
20241022093714890_sardine_good_(0).png,yes,16.0,4.0,16.0,15.0,1.0,0.005795981452859351,40.0,40.0,0.25,1.0288834096512858,0.16739229166666666,yes
20241022093726694_sardine_good_(0).png,yes,17.0,3.0,17.0,15.0,2.0,0.0059382422802850355,42.0,39.0,0.17647058823529413,1.0217166494312306,0.15638395833333332,yes
20241022093752036_sardine_good_(0).png,yes,16.0,3.0,16.0,15.0,2.0,0.006012024048096192,40.0,40.0,0.1875,1.0247005988023952,0.157386875,yes
20241022093804057_sardine_good_(0).png,yes,17.0,5.0,18.0,15.0,1.0,0.005549389567147614,44.0,40.0,0.29411764705882354,1.040432098765432,0.18457972222222221,yes
20241022103201605_sardine_good_(0).png,yes,19.0,4.0,20.0,15.0,1.0,0.005572065378900446,49.0,50.0,0.21052631578947367,1.0223838836038053,0.22642506944444443,yes
20241022103212827_sardine_good_(0).png,yes,19.0,4.0,19.0,15.0,1.0,0.0051440329218107,48.0,50.0,0.21052631578947367,1.0322493953238376,0.26637034722222225,yes
20241022103256552_sardine_good_(0).png,yes,19.0,3.0,19.0,15.0,1.0,0.005952380952380952,47.0,51.0,0.15789473684210525,1.0202889640332,0.20203097222222222,yes
20241022103320273_sardine_good_(0).png,yes,20.0,5.0,21.0,15.0,1.0,0.00663716814159292,50.0,49.0,0.25,1.0287539936102237,0.1566451388888889,yes
20241022103333006_sardine_good_(0).png,yes,18.0,3.0,18.0,15.0,1.0,0.005121201775349949,45.0,45.0,0.16666666666666666,1.0210025203024362,0.2422447222222222,yes
20241022103404017_sardine_good_(0).png,yes,17.0,4.0,18.0,15.0,1.0,0.004859086491739553,44.0,44.0,0.23529411764705882,1.0282148670645685,0.25907756944444443,yes
20241022103538920_sardine_good_(0).png,yes,18.0,3.0,19.0,15.0,1.0,0.005592841163310962,47.0,43.0,0.16666666666666666,1.0214669051878353,0.19495055555555554,yes
20241022103558573_sardine_good_(0).png,yes,18.0,3.0,18.0,15.0,1.0,0.005252100840336135,46.0,42.0,0.16666666666666666,1.0200976169968419,0.2120345138888889,yes
20241022103559635_sardine_good_(0).png,yes,18.0,3.0,18.0,15.0,1.0,0.005252100840336135,46.0,42.0,0.16666666666666666,1.0200976169968419,0.2120345138888889,yes
20241022103601754_sardine_good_(0).png,yes,18.0,3.0,18.0,15.0,1.0,0.005252100840336135,46.0,42.0,0.16666666666666666,1.0200976169968419,0.2120345138888889,yes
20241022103615699_sardine_good_(0).png,yes,18.0,3.0,18.0,15.0,1.0,0.005304101838755304,45.0,46.0,0.16666666666666666,1.0202195262853841,0.231276875,yes
20241022103625423_sardine_good_(0).png,yes,19.0,3.0,19.0,15.0,2.0,0.005193905817174515,47.0,52.0,0.15789473684210525,1.0186915887850467,0.27016131944444444,yes
20241022103659198_sardine_good_(0).png,yes,21.0,4.0,21.0,15.0,1.0,0.006132461161079314,51.0,51.0,0.19047619047619047,1.021405843216662,0.1909495138888889,yes
20241022103709643_sardine_good_(0).png,yes,19.0,4.0,19.0,15.0,1.0,0.005294740557712672,48.0,53.0,0.21052631578947367,1.0230790116752648,0.2671167361111111,yes
20241022103718135_sardine_good_(0).png,yes,19.0,4.0,20.0,15.0,1.0,0.005378271782000717,49.0,50.0,0.21052631578947367,1.031833150384193,0.2410334722222222,yes
20241022103736855_sardine_good_(0).png,yes,18.0,3.0,18.0,15.0,1.0,0.005319148936170213,43.0,44.0,0.16666666666666666,1.018989190768332,0.21693,yes
20241022103758237_sardine_good_(0).png,yes,18.0,3.0,19.0,15.0,1.0,0.0055534987041836355,46.0,42.0,0.16666666666666666,1.0172615564657694,0.1908188888888889,yes
20241022103759113_sardine_good_(0).png,yes,18.0,3.0,19.0,15.0,1.0,0.0055534987041836355,46.0,42.0,0.16666666666666666,1.0172615564657694,0.1908188888888889,yes
20241022103800635_sardine_good_(0).png,yes,18.0,3.0,19.0,15.0,1.0,0.0055534987041836355,46.0,42.0,0.16666666666666666,1.0172615564657694,0.1908188888888889,yes
20241022103808205_sardine_good_(0).png,yes,18.0,3.0,18.0,15.0,2.0,0.0057670126874279125,46.0,49.0,0.16666666666666666,1.0221528861154445,0.205440625,yes
20241022103818760_sardine_good_(0).png,yes,19.0,4.0,19.0,15.0,1.0,0.005919494869771113,49.0,43.0,0.21052631578947367,1.0218446601941749,0.17253625,yes
20241022103832405_sardine_good_(0).png,yes,17.0,3.0,18.0,15.0,1.0,0.005417118093174431,44.0,45.0,0.17647058823529413,1.0196612220205687,0.21449118055555555,yes
20241022103841481_sardine_good_(0).png,yes,20.0,3.0,20.0,15.0,2.0,0.005705591479650057,50.0,51.0,0.15,1.0153246029534688,0.21853784722222222,yes
20241022103921395_sardine_good_(0).png,yes,16.0,4.0,16.0,15.0,1.0,0.005744925315970892,41.0,38.0,0.25,1.0320892919427973,0.16395916666666666,yes
20241022103934467_sardine_good_(0).png,yes,17.0,4.0,17.0,15.0,1.0,0.004998333888703766,41.0,39.0,0.23529411764705882,1.0311489861886571,0.22034631944444444,yes
20241022103944571_sardine_good_(0).png,yes,16.0,3.0,16.0,15.0,1.0,0.0051387461459403904,41.0,38.0,0.1875,1.0236981602743997,0.20290833333333333,yes
20241022103958113_sardine_good_(0).png,yes,17.0,3.0,17.0,15.0,1.0,0.005334281650071123,44.0,39.0,0.17647058823529413,1.02125,0.19415694444444445,yes
20241022103959215_sardine_good_(0).png,yes,17.0,3.0,17.0,15.0,1.0,0.005334281650071123,44.0,39.0,0.17647058823529413,1.02125,0.19415694444444445,yes
20241022104009539_sardine_good_(0).png,yes,17.0,3.0,17.0,15.0,1.0,0.005145797598627788,43.0,38.0,0.17647058823529413,1.0254262638348788,0.20260118055555557,yes
20241022104026231_sardine_good_(0).png,yes,16.0,3.0,17.0,15.0,2.0,0.005488474204171241,40.0,38.0,0.1875,1.0205815093106827,0.17698256944444443,yes
20241022104026281_sardine_good_(0).png,yes,16.0,3.0,17.0,15.0,2.0,0.005488474204171241,40.0,38.0,0.1875,1.0205815093106827,0.17698256944444443,yes
20241022104046788_sardine_good_(0).png,yes,18.0,3.0,18.0,15.0,1.0,0.005671077504725898,45.0,46.0,0.16666666666666666,1.0194884287454324,0.20125069444444443,yes
20241022104056003_sardine_good_(0).png,yes,18.0,3.0,19.0,15.0,1.0,0.0050471063257065945,47.0,45.0,0.16666666666666666,1.0218682505399568,0.24666631944444445,yes
20241022104106063_sardine_good.jpeg,yes,,,,,,,,,,,,no
20241022104116659_sardine_good_(0).png,yes,18.0,3.0,18.0,15.0,1.0,0.005387931034482759,44.0,43.0,0.16666666666666666,1.020652499251721,0.20968909722222223,yes
20241022104126929_sardine_good_(0).png,yes,19.0,5.0,20.0,15.0,1.0,0.005504587155963303,48.0,43.0,0.2631578947368421,1.0397029420165667,0.20130604166666666,yes
20241022104135251_sardine_good_(0).png,yes,17.0,4.0,17.0,15.0,1.0,0.004930966469428008,42.0,39.0,0.23529411764705882,1.0334969679468669,0.22590993055555555,yes
20241022104146378_sardine_good_(0).png,yes,16.0,3.0,17.0,15.0,2.0,0.0050335570469798654,40.0,39.0,0.1875,1.0246246246246247,0.21669125,yes
20241022104201150_sardine_good_(0).png,yes,16.0,3.0,17.0,15.0,2.0,0.0050335570469798654,40.0,39.0,0.1875,1.0246246246246247,0.21669125,yes
20241022104201554_sardine_good_(0).png,yes,16.0,3.0,16.0,15.0,2.0,0.005124701059104886,39.0,37.0,0.1875,1.0253405131453912,0.19836506944444443,yes
20241022104202313_sardine_good_(0).png,yes,16.0,3.0,16.0,15.0,2.0,0.005124701059104886,39.0,37.0,0.1875,1.0253405131453912,0.19836506944444443,yes
20241022104213442_sardine_good_(0).png,yes,16.0,3.0,17.0,15.0,2.0,0.005518763796909493,42.0,36.0,0.1875,1.0195822454308094,0.16492361111111112,yes
20241022104228741_sardine_good_(0).png,yes,16.0,3.0,16.0,15.0,1.0,0.005795981452859351,38.0,36.0,0.1875,1.0302158273381294,0.14938708333333334,yes
20241022104230198_sardine_good_(0).png,yes,16.0,3.0,16.0,15.0,1.0,0.005795981452859351,38.0,36.0,0.1875,1.0302158273381294,0.14938708333333334,yes
20241022104237718_sardine_good_(0).png,yes,16.0,3.0,16.0,15.0,2.0,0.005168849069607168,39.0,37.0,0.1875,1.0260785576303928,0.19237868055555554,yes
20241022104249454_sardine_good_(0).png,yes,16.0,4.0,16.0,15.0,1.0,0.005309734513274336,40.0,36.0,0.25,1.036328251702887,0.18143138888888888,yes
20241022104259363_sardine_good_(0).png,yes,18.0,4.0,18.0,15.0,1.0,0.005928853754940711,46.0,45.0,0.2222222222222222,1.0351791530944625,0.18075395833333333,yes
20241022104320230_sardine_good_(0).png,yes,18.0,4.0,18.0,15.0,1.0,0.0055514433752775726,44.0,47.0,0.2222222222222222,1.0309341500765696,0.21320055555555556,yes
20241022104333752_sardine_good_(0).png,yes,18.0,4.0,18.0,15.0,1.0,0.005677517032551098,45.0,43.0,0.2222222222222222,1.0277178934400986,0.18690201388888888,yes
20241022104400823_sardine_good_(0).png,yes,18.0,4.0,19.0,15.0,2.0,0.005601194921583271,47.0,48.0,0.2222222222222222,1.0328064419922458,0.21376708333333333,yes
20241022104407715_sardine_good_(0).png,yes,18.0,4.0,19.0,15.0,2.0,0.005601194921583271,47.0,48.0,0.2222222222222222,1.0328064419922458,0.21376708333333333,yes
20241024112847959_sardine_good_(0).png,yes,19.0,4.0,19.0,15.0,1.0,0.007970244420828906,49.0,50.0,0.21052631578947367,1.0309364548494984,0.1101154861111111,yes
20241024112847959_sardine_good_(1).png,yes,18.0,4.0,19.0,15.0,1.0,0.007970244420828906,46.0,43.0,0.2222222222222222,1.0309944037882048,0.09533145833333333,yes
20241024112905235_sardine_good_(0).png,yes,17.0,4.0,18.0,15.0,3.0,0.007598784194528876,45.0,43.0,0.23529411764705882,1.0272108843537415,0.10578152777777777,yes
20241024112905235_sardine_good_(1).png,yes,20.0,4.0,21.0,15.0,3.0,0.007598784194528876,50.0,49.0,0.2,1.0248240088921823,0.11909784722222222,yes
20241024112931527_sardine_good_(0).png,yes,16.0,3.0,17.0,15.0,3.0,0.008455467869222097,42.0,41.0,0.1875,1.0231155778894472,0.08156979166666667,yes
20241024112931527_sardine_good_(1).png,yes,15.0,9.0,18.0,15.0,3.0,0.008455467869222097,42.0,41.0,0.6,1.171459576776994,0.08133888888888889,yes
20241024112940977_sardine_good_(0).png,yes,16.0,3.0,16.0,15.0,2.0,0.00697350069735007,40.0,40.0,0.1875,1.0233843537414966,0.11678826388888888,yes
20241024112940977_sardine_good_(1).png,yes,17.0,4.0,18.0,15.0,2.0,0.00697350069735007,44.0,48.0,0.23529411764705882,1.0275407292474787,0.13784840277777777,yes
20241024112950903_sardine_good_(0).png,yes,16.0,3.0,16.0,15.0,1.0,0.007637474541751527,41.0,41.0,0.1875,1.0260223048327137,0.09928576388888889,yes
20241024112950903_sardine_good_(1).png,yes,16.0,3.0,17.0,15.0,1.0,0.007637474541751527,42.0,43.0,0.1875,1.0246462802373346,0.10320840277777778,yes
20241024113002319_sardine_good_(0).png,yes,17.0,4.0,18.0,15.0,2.0,0.007425742574257425,46.0,44.0,0.23529411764705882,1.0268231349538977,0.11250159722222222,yes
20241024113002319_sardine_good_(1).png,yes,19.0,3.0,19.0,15.0,2.0,0.007425742574257425,47.0,49.0,0.15789473684210525,1.0188897455666923,0.12430736111111111,yes
20241024113013606_sardine_good_(0).png,yes,16.0,4.0,17.0,15.0,1.0,0.008314855875831485,41.0,36.0,0.25,1.0274779195289498,0.07255861111111112,yes
20241024113013606_sardine_good_(1).png,yes,19.0,4.0,19.0,15.0,1.0,0.008314855875831485,45.0,43.0,0.21052631578947367,1.023086789226165,0.08739055555555555,yes
20241024113027952_sardine_good_(0).png,yes,16.0,4.0,17.0,15.0,1.0,0.007429420505200594,42.0,41.0,0.25,1.0328803156510302,0.104286875,yes
20241024113027952_sardine_good_(1).png,yes,16.0,4.0,17.0,15.0,1.0,0.007429420505200594,42.0,33.0,0.25,1.0361930294906165,0.08400555555555556,yes
20241029094015302_sardine_good_(0).png,yes,18.0,3.0,18.0,15.0,3.0,0.006224066390041493,45.0,49.0,0.16666666666666666,1.021472392638037,0.17685083333333335,yes
20241029094025946_sardine_good_(0).png,yes,18.0,3.0,19.0,15.0,1.0,0.005641218503196691,47.0,46.0,0.16666666666666666,1.0186915887850467,0.20457430555555556,yes
20241029094050973_sardine_good_(0).png,yes,18.0,4.0,19.0,15.0,1.0,0.006007208650380457,47.0,48.0,0.2222222222222222,1.0247191011235954,0.18739708333333333,yes
20241029094102475_sardine_good_(0).png,yes,17.0,4.0,17.0,15.0,1.0,0.00573175391669851,44.0,48.0,0.23529411764705882,1.0295566502463054,0.20549590277777777,yes
20241029094208199_sardine_good_(0).png,yes,18.0,3.0,18.0,15.0,1.0,0.005362888809438684,45.0,42.0,0.16666666666666666,1.0189910979228487,0.2045113888888889,yes
20241029094323276_sardine_good.jpeg,yes,,,,,,,,,,,,no
20241029094339156_sardine_good.jpeg,yes,,,,,,,,,,,,no
20241029094353417_sardine_good_(0).png,yes,18.0,4.0,18.0,15.0,1.0,0.0073277967757694185,45.0,45.0,0.2222222222222222,1.0259214256784124,0.11801381944444445,yes
20241029094353417_sardine_good_(1).png,yes,18.0,4.0,18.0,15.0,1.0,0.0073277967757694185,45.0,45.0,0.2222222222222222,1.0255489021956088,0.11706833333333333,yes
20241029094417313_sardine_good_(0).png,yes,18.0,4.0,18.0,15.0,1.0,0.007403751233958539,46.0,44.0,0.2222222222222222,1.0261254019292605,0.11217791666666667,yes
20241029094417313_sardine_good_(1).png,yes,19.0,4.0,19.0,15.0,1.0,0.007403751233958539,47.0,47.0,0.21052631578947367,1.024240092343209,0.12036555555555556,yes
20241029094435732_sardine_good_(0).png,yes,16.0,3.0,17.0,15.0,1.0,0.006928406466512702,41.0,43.0,0.1875,1.025811823480433,0.12671430555555555,yes
20241029094435732_sardine_good_(1).png,yes,17.0,5.0,18.0,15.0,1.0,0.006928406466512702,43.0,45.0,0.29411764705882354,1.0542144835773644,0.13080972222222223,yes
20241029094452253_sardine_good_(0).png,yes,18.0,3.0,18.0,15.0,1.0,0.007015902712815715,47.0,46.0,0.16666666666666666,1.0228310502283104,0.13117770833333334,yes
20241029094452253_sardine_good_(1).png,yes,19.0,4.0,19.0,15.0,1.0,0.007015902712815715,47.0,47.0,0.21052631578947367,1.0301138450238707,0.13425479166666668,yes
20241029094504185_sardine_good_(0).png,yes,18.0,3.0,18.0,15.0,1.0,0.007122507122507123,46.0,44.0,0.16666666666666666,1.0192752505782574,0.12299958333333333,yes
20241029094504185_sardine_good_(1).png,yes,18.0,4.0,19.0,15.0,1.0,0.007122507122507123,48.0,50.0,0.2222222222222222,1.0255043776170536,0.13888909722222223,yes
20241029094521413_sardine_good_(0).png,yes,17.0,3.0,17.0,15.0,2.0,0.006765899864682003,44.0,43.0,0.17647058823529413,1.025147347740668,0.13133652777777777,yes
20241029094521413_sardine_good_(1).png,yes,19.0,5.0,19.0,15.0,2.0,0.006765899864682003,45.0,48.0,0.2631578947368421,1.0389242745930645,0.14657819444444445,yes
20241029094543752_sardine_good_(0).png,yes,18.0,5.0,19.0,15.0,2.0,0.007183908045977011,47.0,46.0,0.2777777777777778,1.0438124519600307,0.1251820138888889,yes
20241029094543752_sardine_good_(1).png,yes,18.0,3.0,18.0,15.0,2.0,0.007183908045977011,43.0,45.0,0.16666666666666666,1.0198212203653323,0.12221694444444445,yes
20241029094545310_sardine_good_(0).png,yes,18.0,5.0,19.0,15.0,2.0,0.007183908045977011,47.0,46.0,0.2777777777777778,1.0438124519600307,0.1251820138888889,yes
20241029094545310_sardine_good_(1).png,yes,18.0,3.0,18.0,15.0,2.0,0.007183908045977011,43.0,45.0,0.16666666666666666,1.0198212203653323,0.12221694444444445,yes
20241029094606299_sardine_good_(0).png,yes,18.0,4.0,18.0,15.0,1.0,0.007429420505200594,45.0,46.0,0.2222222222222222,1.036228900782215,0.11737805555555555,yes
20241029094606299_sardine_good_(1).png,yes,19.0,4.0,19.0,15.0,1.0,0.007429420505200594,46.0,51.0,0.21052631578947367,1.0295145631067961,0.13006604166666666,yes
20241029094637062_sardine_good_(0).png,yes,18.0,4.0,19.0,15.0,2.0,0.00740009866798224,43.0,42.0,0.2222222222222222,1.0289338089575901,0.10658465277777777,yes
20241029094637062_sardine_good_(1).png,yes,18.0,4.0,19.0,15.0,2.0,0.00740009866798224,48.0,48.0,0.2222222222222222,1.0316706254948536,0.12204333333333334,yes
20241029094639338_sardine_good_(0).png,yes,18.0,4.0,19.0,15.0,2.0,0.00740009866798224,43.0,42.0,0.2222222222222222,1.0289338089575901,0.10658465277777777,yes
20241029094639338_sardine_good_(1).png,yes,18.0,4.0,19.0,15.0,2.0,0.00740009866798224,48.0,48.0,0.2222222222222222,1.0316706254948536,0.12204333333333334,yes
20241029094654001_sardine_good.jpeg,yes,,,,,,,,,,,,no
20241029094712860_sardine_good_(0).png,yes,18.0,4.0,18.0,15.0,1.0,0.006640106241699867,43.0,43.0,0.2222222222222222,1.027462467960454,0.13720951388888888,yes
20241029094712860_sardine_good_(1).png,yes,17.0,4.0,18.0,15.0,1.0,0.006640106241699867,45.0,44.0,0.23529411764705882,1.0350282485875706,0.13967805555555557,yes
20241029094737805_sardine_good_(0).png,yes,18.0,3.0,18.0,15.0,1.0,0.006602112676056338,47.0,48.0,0.16666666666666666,1.0228734810578985,0.154078125,yes
20241029094737805_sardine_good_(1).png,yes,18.0,4.0,18.0,15.0,1.0,0.006602112676056338,46.0,47.0,0.2222222222222222,1.0276481149012566,0.15241888888888888,yes
20241029095003727_sardine_good_(0).png,yes,17.0,4.0,17.0,15.0,1.0,0.006852444038373686,42.0,42.0,0.23529411764705882,1.0303514376996805,0.12700354166666666,yes
20241029095003727_sardine_good_(1).png,yes,18.0,4.0,19.0,15.0,1.0,0.006852444038373686,46.0,48.0,0.2222222222222222,1.02240176276166,0.1443826388888889,yes
20241029095030515_sardine_good_(0).png,yes,17.0,3.0,17.0,15.0,1.0,0.0070921985815602835,42.0,47.0,0.17647058823529413,1.0253164556962024,0.12977986111111112,yes
20241029095030515_sardine_good_(1).png,yes,16.0,3.0,17.0,15.0,1.0,0.0070921985815602835,42.0,43.0,0.1875,1.0246861924686193,0.11883430555555556,yes
20241029095044186_sardine_good_(0).png,yes,17.0,5.0,18.0,15.0,1.0,0.006613756613756613,44.0,48.0,0.29411764705882354,1.0385185185185186,0.15356944444444445,yes
20241029095044186_sardine_good_(1).png,yes,16.0,3.0,16.0,15.0,1.0,0.006613756613756613,40.0,38.0,0.1875,1.0203918432626948,0.12270847222222223,yes
20241029095110315_sardine_good_(0).png,yes,16.0,4.0,17.0,15.0,1.0,0.00664599025254763,41.0,37.0,0.25,1.0283433133732536,0.11720715277777778,yes
20241029095110315_sardine_good_(1).png,yes,17.0,3.0,17.0,15.0,1.0,0.00664599025254763,43.0,38.0,0.17647058823529413,1.0232288037166086,0.12217506944444445,yes
20241029095301313_sardine_good_(0).png,yes,17.0,4.0,18.0,15.0,1.0,0.007006071929005138,42.0,42.0,0.23529411764705882,1.0384615384615385,0.11918020833333333,yes
20241029095301313_sardine_good_(1).png,yes,16.0,3.0,16.0,15.0,1.0,0.007006071929005138,41.0,36.0,0.1875,1.0292448712352684,0.10387569444444444,yes
20241029095313995_sardine_good_(0).png,yes,18.0,4.0,19.0,15.0,1.0,0.006610841780520053,46.0,53.0,0.2222222222222222,1.031160458452722,0.16858881944444445,yes
20241029095313995_sardine_good_(1).png,yes,17.0,4.0,18.0,15.0,1.0,0.006610841780520053,42.0,42.0,0.23529411764705882,1.0400916380297824,0.1349675,yes
20241029095329116_sardine_good_(0).png,yes,17.0,4.0,18.0,15.0,2.0,0.006893382352941176,43.0,44.0,0.23529411764705882,1.0373831775700935,0.12980270833333332,yes
20241029095329116_sardine_good_(1).png,yes,18.0,5.0,19.0,15.0,2.0,0.006893382352941176,46.0,46.0,0.2777777777777778,1.0498891352549888,0.1355259027777778,yes
20241029095343243_sardine_good_(0).png,yes,16.0,3.0,17.0,15.0,2.0,0.006861848124428179,43.0,39.0,0.1875,1.0221948212083847,0.11696708333333333,yes
20241029095343243_sardine_good_(1).png,yes,17.0,3.0,17.0,15.0,2.0,0.006861848124428179,42.0,42.0,0.17647058823529413,1.0223354231974922,0.12516743055555554,yes
20241029095355735_sardine_good_(0).png,yes,16.0,3.0,16.0,15.0,1.0,0.006796556411418215,40.0,42.0,0.1875,1.0255670103092784,0.12742180555555555,yes
20241029095355735_sardine_good_(1).png,yes,16.0,5.0,17.0,15.0,1.0,0.006796556411418215,41.0,41.0,0.3125,1.0454914703493094,0.12366576388888889,yes
20241029095426965_sardine_good_(0).png,yes,17.0,3.0,17.0,15.0,2.0,0.0070788107597923545,43.0,47.0,0.17647058823529413,1.0252854812398042,0.13159506944444443,yes
20241029095426965_sardine_good_(1).png,yes,19.0,3.0,19.0,15.0,2.0,0.0070788107597923545,47.0,43.0,0.15789473684210525,1.0157740278796772,0.12004340277777778,yes
20241029095451776_sardine_good_(0).png,yes,17.0,4.0,17.0,15.0,2.0,0.007349338559529643,43.0,46.0,0.23529411764705882,1.0277422108408023,0.12019597222222222,yes
20241029095451776_sardine_good_(1).png,yes,18.0,4.0,18.0,15.0,2.0,0.007349338559529643,44.0,45.0,0.2222222222222222,1.0274858528698465,0.11824930555555556,yes
20241029095712459_sardine_good_(0).png,yes,17.0,4.0,17.0,15.0,1.0,0.0073673870333988214,44.0,47.0,0.23529411764705882,1.0269700800674253,0.12070194444444445,yes
20241029095712459_sardine_good_(1).png,yes,19.0,3.0,19.0,15.0,1.0,0.0073673870333988214,47.0,43.0,0.15789473684210525,1.020873598763046,0.11006159722222222,yes
20241029095732615_sardine_good_(0).png,yes,18.0,4.0,18.0,15.0,1.0,0.006999533364442371,45.0,48.0,0.2222222222222222,1.0328438948995364,0.13825854166666668,yes
20241029095732615_sardine_good_(1).png,yes,18.0,3.0,18.0,15.0,1.0,0.006999533364442371,44.0,43.0,0.16666666666666666,1.0181327160493827,0.12381270833333333,yes
20241029095748652_sardine_good_(0).png,yes,19.0,4.0,20.0,15.0,1.0,0.008178844056706653,50.0,54.0,0.21052631578947367,1.0288659793814432,0.11253875,yes
20241029095748652_sardine_good_(1).png,yes,18.0,4.0,19.0,15.0,1.0,0.008178844056706653,45.0,46.0,0.2222222222222222,1.0344226579520697,0.09683138888888888,yes
20241029095825535_sardine_good.jpeg,yes,,,,,,,,,,,,no
20241029095856872_sardine_good_(0).png,yes,17.0,4.0,18.0,15.0,1.0,0.007403751233958539,45.0,43.0,0.23529411764705882,1.0338063439065108,0.10974986111111111,yes
20241029095856872_sardine_good_(1).png,yes,17.0,4.0,17.0,15.0,1.0,0.007403751233958539,44.0,47.0,0.23529411764705882,1.028205128205128,0.1205275,yes
20241029095908578_sardine_good_(0).png,yes,20.0,5.0,20.0,15.0,1.0,0.006501950585175552,49.0,51.0,0.25,1.030844155844156,0.1700845138888889,yes
20241029095908578_sardine_good_(1).png,yes,16.0,3.0,17.0,15.0,1.0,0.006501950585175552,42.0,40.0,0.1875,1.021680216802168,0.13343659722222223,yes
20241029095951394_sardine_good.jpeg,yes,,,,,,,,,,,,no
20241029100004763_sardine_good_(0).png,yes,18.0,4.0,19.0,15.0,2.0,0.007444168734491315,45.0,44.0,0.2222222222222222,1.0315747402078337,0.1123413888888889,yes
20241029100004763_sardine_good_(1).png,yes,19.0,3.0,19.0,15.0,2.0,0.007444168734491315,48.0,48.0,0.15789473684210525,1.018426103646833,0.12098215277777778,yes
20241029100033066_sardine_good.jpeg,yes,,,,,,,,,,,,no
20241029100049819_sardine_good_(0).png,yes,17.0,4.0,18.0,15.0,2.0,0.008038585209003215,43.0,51.0,0.23529411764705882,1.026386404293381,0.11136534722222222,yes
20241029100049819_sardine_good_(1).png,yes,18.0,5.0,19.0,15.0,2.0,0.008038585209003215,47.0,50.0,0.2777777777777778,1.0354211663066955,0.10950194444444444,yes
20241029100313660_sardine_good_(0).png,yes,17.0,4.0,18.0,15.0,1.0,0.0070028011204481795,45.0,44.0,0.23529411764705882,1.0283659608469837,0.12587930555555554,yes
20241029100313660_sardine_good_(1).png,yes,18.0,3.0,18.0,15.0,1.0,0.0070028011204481795,44.0,42.0,0.16666666666666666,1.0236434108527133,0.12021652777777778,yes
20241029100445102_sardine_good_(0).png,yes,17.0,4.0,17.0,15.0,1.0,0.0074367873078829945,42.0,44.0,0.23529411764705882,1.0276100086281277,0.11251916666666667,yes
20241029100445102_sardine_good_(1).png,yes,17.0,4.0,18.0,15.0,1.0,0.0074367873078829945,44.0,51.0,0.23529411764705882,1.0264817150063053,0.13027784722222222,yes
20241029100522823_sardine_good_(0).png,yes,18.0,4.0,19.0,15.0,2.0,0.006938020351526364,44.0,47.0,0.2222222222222222,1.0242537313432836,0.13763215277777777,yes
20241029100522823_sardine_good_(1).png,yes,19.0,3.0,19.0,15.0,2.0,0.006938020351526364,48.0,49.0,0.15789473684210525,1.0201841359773371,0.14197243055555556,yes
20241029100539891_sardine_good_(0).png,yes,16.0,4.0,17.0,15.0,1.0,0.007194244604316547,41.0,42.0,0.25,1.0304347826086957,0.11536694444444444,yes
20241029100539891_sardine_good_(1).png,yes,17.0,4.0,18.0,15.0,1.0,0.007194244604316547,44.0,45.0,0.23529411764705882,1.0384615384615385,0.1214,yes
20241029100625044_sardine_good_(0).png,yes,18.0,4.0,19.0,15.0,2.0,0.008655510675129832,47.0,54.0,0.2222222222222222,1.0302325581395348,0.10150298611111111,yes
20241029100625044_sardine_good_(1).png,yes,20.0,5.0,20.0,15.0,2.0,0.008655510675129832,48.0,52.0,0.25,1.032020770229338,0.09796909722222222,yes
20241029100646789_sardine_good_(0).png,yes,18.0,4.0,18.0,15.0,1.0,0.007149666348903718,45.0,42.0,0.2222222222222222,1.0289797538705836,0.11647125,yes
20241029100646789_sardine_good_(1).png,yes,18.0,4.0,19.0,15.0,1.0,0.007149666348903718,47.0,48.0,0.2222222222222222,1.0264570552147239,0.13304416666666666,yes
20241029100718067_sardine_good_(0).png,yes,18.0,4.0,18.0,15.0,1.0,0.00723589001447178,45.0,49.0,0.2222222222222222,1.0289338089575901,0.13252305555555555,yes
20241029100718067_sardine_good_(1).png,yes,18.0,3.0,18.0,15.0,1.0,0.00723589001447178,43.0,48.0,0.16666666666666666,1.022444889779559,0.12894569444444445,yes
20241029100736601_sardine_good_(0).png,yes,17.0,3.0,17.0,15.0,1.0,0.007015902712815715,43.0,47.0,0.17647058823529413,1.0266284309709135,0.13317375,yes
20241029100736601_sardine_good_(1).png,yes,18.0,4.0,18.0,15.0,1.0,0.007015902712815715,43.0,46.0,0.2222222222222222,1.0286045612678778,0.13129722222222223,yes
20241029100822829_sardine_good_(0).png,yes,19.0,3.0,19.0,15.0,1.0,0.007015902712815715,48.0,50.0,0.15789473684210525,1.0212844036697248,0.14377305555555556,yes
20241029100822829_sardine_good_(1).png,yes,18.0,4.0,19.0,15.0,1.0,0.007015902712815715,49.0,51.0,0.2222222222222222,1.0230141054194506,0.14490277777777777,yes
20241029100852957_sardine_good_(0).png,yes,17.0,4.0,18.0,15.0,2.0,0.007122507122507123,45.0,52.0,0.23529411764705882,1.0333598093725178,0.14290243055555554,yes
20241029100852957_sardine_good_(1).png,yes,17.0,3.0,18.0,15.0,2.0,0.007122507122507123,45.0,43.0,0.17647058823529413,1.021285140562249,0.12039597222222222,yes
20241029101218172_sardine_good_(0).png,yes,16.0,4.0,17.0,15.0,1.0,0.007082152974504249,41.0,41.0,0.25,1.0353041259038707,0.11448368055555555,yes
20241029101218172_sardine_good_(1).png,yes,17.0,3.0,18.0,15.0,1.0,0.007082152974504249,44.0,43.0,0.17647058823529413,1.0225385527876631,0.12027083333333333,yes
20241029101253426_sardine_good_(0).png,yes,16.0,4.0,17.0,15.0,1.0,0.006741573033707865,43.0,39.0,0.25,1.036168521462639,0.12044284722222222,yes
20241029101253426_sardine_good_(1).png,yes,18.0,4.0,18.0,15.0,1.0,0.006741573033707865,45.0,44.0,0.2222222222222222,1.028878193261755,0.13690805555555555,yes
20241029101818796_sardine_good_(0).png,yes,16.0,4.0,17.0,15.0,2.0,0.006504770164787511,42.0,40.0,0.25,1.037772585669782,0.13132145833333334,yes
20241029101818796_sardine_good_(1).png,yes,18.0,3.0,18.0,15.0,2.0,0.006504770164787511,45.0,46.0,0.16666666666666666,1.0207017543859649,0.15149451388888888,yes
20241029102209795_sardine_good_(0).png,yes,16.0,4.0,17.0,15.0,1.0,0.0068997240110395585,41.0,42.0,0.25,1.0399505766062602,0.12364159722222222,yes
20241029102209795_sardine_good_(1).png,yes,17.0,3.0,18.0,15.0,1.0,0.0068997240110395585,44.0,49.0,0.17647058823529413,1.0231392209795604,0.1445547222222222,yes
20241029102315368_sardine_good_(0).png,yes,18.0,4.0,18.0,15.0,3.0,0.006890215893431328,45.0,54.0,0.2222222222222222,1.0373760488176964,0.15931340277777778,yes
20241029102315368_sardine_good_(1).png,yes,17.0,3.0,18.0,15.0,3.0,0.006890215893431328,43.0,49.0,0.17647058823529413,1.0210566615620214,0.14537777777777777,yes
20241029102328513_sardine_good_(0).png,yes,17.0,4.0,17.0,15.0,1.0,0.007253384912959381,44.0,44.0,0.23529411764705882,1.0350063264445382,0.11683243055555556,yes
20241029102328513_sardine_good_(1).png,yes,17.0,4.0,17.0,15.0,1.0,0.007253384912959381,43.0,46.0,0.23529411764705882,1.0270382695507487,0.12278298611111112,yes
20241029102344960_sardine_good_(0).png,yes,16.0,6.0,17.0,15.0,1.0,0.00741839762611276,42.0,40.0,0.375,1.0722727272727273,0.1010298611111111,yes
20241029102344960_sardine_good_(1).png,yes,16.0,3.0,17.0,15.0,1.0,0.00741839762611276,38.0,41.0,0.1875,1.02271714922049,0.104656875,yes
20241029102408126_sardine_good_(0).png,yes,16.0,3.0,16.0,15.0,2.0,0.006906077348066298,39.0,42.0,0.1875,1.028936170212766,0.12240881944444444,yes
20241029102408126_sardine_good_(1).png,yes,17.0,7.0,18.0,15.0,2.0,0.006906077348066298,43.0,44.0,0.4117647058823529,1.083366733466934,0.12848361111111112,yes
20241029102429508_sardine_good_(0).png,yes,16.0,4.0,17.0,15.0,2.0,0.00740009866798224,41.0,43.0,0.25,1.0293345008756567,0.11071527777777777,yes
20241029102429508_sardine_good_(1).png,yes,17.0,4.0,17.0,15.0,2.0,0.00740009866798224,39.0,40.0,0.23529411764705882,1.0364900086880973,0.10272840277777778,yes
20241029102446426_sardine_good_(0).png,yes,19.0,4.0,20.0,15.0,1.0,0.0069605568445475635,50.0,55.0,0.21052631578947367,1.0288022479803303,0.1590676388888889,yes
20241029102446426_sardine_good_(1).png,yes,18.0,4.0,18.0,15.0,1.0,0.0069605568445475635,44.0,45.0,0.2222222222222222,1.025426944971537,0.13153194444444444,yes
20241029102530440_sardine_good_(0).png,yes,19.0,5.0,20.0,15.0,1.0,0.006896551724137931,49.0,51.0,0.2631578947368421,1.032497350759449,0.15058458333333333,yes
20241029102530440_sardine_good_(1).png,yes,17.0,4.0,18.0,15.0,1.0,0.006896551724137931,44.0,43.0,0.23529411764705882,1.026995757809487,0.12829395833333335,yes
20241029102551757_sardine_good_(0).png,yes,18.0,3.0,18.0,15.0,1.0,0.0069605568445475635,45.0,44.0,0.16666666666666666,1.0226586102719033,0.1277561111111111,yes
20241029102551757_sardine_good_(1).png,yes,18.0,3.0,19.0,15.0,1.0,0.0069605568445475635,47.0,46.0,0.16666666666666666,1.0199041651308514,0.13312590277777778,yes
20241029102553115_sardine_good_(0).png,yes,18.0,3.0,18.0,15.0,1.0,0.0069605568445475635,45.0,44.0,0.16666666666666666,1.0226586102719033,0.1277561111111111,yes
20241029102553115_sardine_good_(1).png,yes,18.0,3.0,19.0,15.0,1.0,0.0069605568445475635,47.0,46.0,0.16666666666666666,1.0199041651308514,0.13312590277777778,yes
20241029102603606_sardine_good_(0).png,yes,18.0,3.0,19.0,15.0,1.0,0.007349338559529643,46.0,47.0,0.16666666666666666,1.0206145468689225,0.12210090277777778,yes
20241029102603606_sardine_good_(1).png,yes,19.0,4.0,19.0,15.0,1.0,0.007349338559529643,49.0,48.0,0.21052631578947367,1.0293668954996187,0.12539215277777777,yes
20241029102805368_sardine_good_(0).png,yes,18.0,3.0,18.0,15.0,2.0,0.006297229219143577,45.0,43.0,0.16666666666666666,1.0206077541040866,0.153665,yes
20241029102805368_sardine_good_(1).png,yes,17.0,3.0,18.0,15.0,2.0,0.006297229219143577,45.0,41.0,0.17647058823529413,1.0206654991243433,0.14466770833333334,yes
20241029102823142_sardine_good_(0).png,yes,18.0,4.0,18.0,15.0,1.0,0.007139457401237506,44.0,45.0,0.2222222222222222,1.0301251956181534,0.124189375,yes
20241029102823142_sardine_good_(1).png,yes,17.0,3.0,18.0,15.0,1.0,0.007139457401237506,45.0,45.0,0.17647058823529413,1.0232278734481377,0.12529604166666666,yes
20241029102904255_sardine_good_(0).png,yes,17.0,5.0,18.0,15.0,1.0,0.006567425569176883,42.0,45.0,0.29411764705882354,1.0439478584729982,0.14758444444444443,yes
20241029102904255_sardine_good_(1).png,yes,17.0,3.0,18.0,15.0,1.0,0.006567425569176883,45.0,40.0,0.17647058823529413,1.020094994519547,0.13120270833333333,yes
20241029102949213_sardine_good_(0).png,yes,19.0,3.0,19.0,15.0,1.0,0.006824385805277525,47.0,47.0,0.15789473684210525,1.0190305206463195,0.14284729166666665,yes
20241029102949213_sardine_good_(1).png,yes,18.0,4.0,18.0,15.0,1.0,0.006824385805277525,46.0,47.0,0.2222222222222222,1.0276738967838444,0.140298125,yes
20241029103000188_sardine_good_(0).png,yes,19.0,6.0,20.0,15.0,1.0,0.006781193490054249,49.0,50.0,0.3157894736842105,1.0471333098839255,0.15245895833333334,yes
20241029103000188_sardine_good_(1).png,yes,18.0,3.0,18.0,15.0,1.0,0.006781193490054249,45.0,45.0,0.16666666666666666,1.0217228464419477,0.13870458333333333,yes
20241029103013229_sardine_good_(0).png,yes,18.0,3.0,18.0,15.0,2.0,0.0068775790921595595,47.0,46.0,0.16666666666666666,1.0222473604826545,0.1379625,yes
20241029103013229_sardine_good_(1).png,yes,19.0,4.0,19.0,15.0,2.0,0.0068775790921595595,48.0,50.0,0.21052631578947367,1.022316684378321,0.1487021527777778,yes
20241029103108533_sardine_good_(0).png,yes,18.0,5.0,19.0,15.0,1.0,0.007190795781399808,46.0,45.0,0.2777777777777778,1.0402010050251256,0.12323034722222222,yes
20241029103108533_sardine_good_(1).png,yes,17.0,4.0,18.0,15.0,1.0,0.007190795781399808,46.0,46.0,0.23529411764705882,1.0245374094931616,0.12616354166666666,yes
20241029103159353_sardine_good_(0).png,yes,18.0,4.0,19.0,15.0,1.0,0.006596306068601583,46.0,47.0,0.2222222222222222,1.0226148409893994,0.1504676388888889,yes
20241029103159353_sardine_good_(1).png,yes,17.0,5.0,18.0,15.0,1.0,0.006596306068601583,45.0,44.0,0.29411764705882354,1.0456721915285452,0.14234916666666667,yes
20241029103229686_sardine_good_(0).png,yes,18.0,5.0,19.0,15.0,1.0,0.0074887668497254116,48.0,51.0,0.2777777777777778,1.0427487015581303,0.1285059722222222,yes
20241029103229686_sardine_good_(1).png,yes,18.0,4.0,19.0,15.0,1.0,0.0074887668497254116,46.0,45.0,0.2222222222222222,1.0275303643724696,0.11348576388888888,yes
20241029103248237_sardine_good_(0).png,yes,17.0,3.0,18.0,15.0,1.0,0.006979990693345742,43.0,41.0,0.17647058823529413,1.0224763406940063,0.11796548611111111,yes
20241029103248237_sardine_good_(1).png,yes,17.0,4.0,18.0,15.0,1.0,0.006979990693345742,45.0,42.0,0.23529411764705882,1.03003120124805,0.1217475,yes
20241029104101745_sardine_good_(0).png,yes,17.0,4.0,18.0,15.0,1.0,0.007704160246533128,43.0,47.0,0.23529411764705882,1.0257754477937964,0.11087180555555555,yes
20241029104101745_sardine_good_(1).png,yes,18.0,5.0,18.0,15.0,1.0,0.007704160246533128,46.0,46.0,0.2777777777777778,1.0417376490630323,0.10984833333333334,yes
20241107093658234_sardine_good.jpeg,yes,,,,,,,,,,,,no
20241107093714958_sardine_good.jpeg,yes,,,,,,,,,,,,no
20241107093716235_sardine_good.jpeg,yes,,,,,,,,,,,,no
20241107093724840_sardine_good_(0).png,yes,19.0,4.0,19.0,15.0,1.0,0.0070788107597923545,48.0,47.0,0.21052631578947367,1.0314672521039152,0.13239263888888889,yes
20241107093724840_sardine_good_(1).png,yes,20.0,4.0,21.0,15.0,1.0,0.0070788107597923545,50.0,57.0,0.2,1.0214067278287462,0.1590477777777778,yes
20241107093921719_sardine_good_(0).png,yes,17.0,4.0,17.0,15.0,1.0,0.006778129236330773,43.0,38.0,0.23529411764705882,1.0338780390593862,0.11603555555555556,yes
20241107093921719_sardine_good_(1).png,yes,18.0,3.0,18.0,15.0,1.0,0.006778129236330773,44.0,40.0,0.16666666666666666,1.0199473089951072,0.12217375,yes
20241107093935845_sardine_good_(0).png,yes,18.0,3.0,18.0,15.0,2.0,0.007045561296383279,45.0,47.0,0.16666666666666666,1.020703125,0.133651875,yes
20241107093935845_sardine_good_(1).png,yes,19.0,3.0,19.0,15.0,2.0,0.007045561296383279,44.0,46.0,0.15789473684210525,1.0181481481481482,0.1311247222222222,yes
20241107093952065_sardine_good_(0).png,yes,16.0,3.0,16.0,15.0,2.0,0.006868131868131868,41.0,38.0,0.1875,1.0201978565539984,0.11459513888888889,yes
20241107093952065_sardine_good_(1).png,yes,20.0,4.0,21.0,15.0,2.0,0.006868131868131868,52.0,53.0,0.2,1.0184089414858646,0.15788854166666666,yes
20241107094005442_sardine_good_(0).png,yes,19.0,4.0,19.0,15.0,1.0,0.006871278057718736,47.0,44.0,0.21052631578947367,1.0269493352497305,0.1315775,yes
20241107094005442_sardine_good_(1).png,yes,17.0,3.0,18.0,15.0,1.0,0.006871278057718736,42.0,38.0,0.17647058823529413,1.0230237912509594,0.11351583333333333,yes
20241107094023099_sardine_good_(0).png,yes,17.0,3.0,18.0,15.0,2.0,0.007015902712815715,45.0,44.0,0.17647058823529413,1.0231075697211156,0.1255020138888889,yes
20241107094023099_sardine_good_(1).png,yes,17.0,4.0,17.0,15.0,2.0,0.007015902712815715,45.0,40.0,0.23529411764705882,1.0329938900203666,0.11443118055555555,yes
20241107094031919_sardine_good_(0).png,yes,19.0,4.0,20.0,15.0,1.0,0.006738544474393531,50.0,54.0,0.21052631578947367,1.0222446916076846,0.166673125,yes
20241107094031919_sardine_good_(1).png,yes,18.0,4.0,18.0,15.0,1.0,0.006738544474393531,46.0,45.0,0.2222222222222222,1.0259597806215721,0.1380311111111111,yes
20241107094050473_sardine_good_(0).png,yes,19.0,5.0,20.0,15.0,2.0,0.007808433107756377,46.0,44.0,0.2631578947368421,1.0410793395086588,0.10218659722222222,yes
20241107094050473_sardine_good_(1).png,yes,17.0,3.0,18.0,15.0,2.0,0.007808433107756377,44.0,40.0,0.17647058823529413,1.021767522855899,0.09281763888888889,yes
20241107094102632_sardine_good_(0).png,yes,16.0,3.0,17.0,15.0,1.0,0.007796257796257797,40.0,43.0,0.1875,1.0253456221198156,0.09888618055555555,yes
20241107094102632_sardine_good_(1).png,yes,16.0,4.0,17.0,15.0,1.0,0.007796257796257797,43.0,46.0,0.25,1.0425138632162663,0.10700736111111112,yes
20241107094115265_sardine_good.jpeg,yes,,,,,,,,,,,,no
20241107094142271_sardine_good_(0).png,yes,17.0,3.0,17.0,15.0,2.0,0.00725689404934688,44.0,47.0,0.17647058823529413,1.0224066390041493,0.12541027777777777,yes
20241107094142271_sardine_good_(1).png,yes,17.0,4.0,18.0,15.0,2.0,0.00725689404934688,42.0,43.0,0.23529411764705882,1.0319934372436423,0.11526770833333333,yes
20241107094151438_sardine_good_(0).png,yes,18.0,3.0,18.0,15.0,2.0,0.0073964497041420114,45.0,48.0,0.16666666666666666,1.0234532955923978,0.12379631944444444,yes
20241107094151438_sardine_good_(1).png,yes,17.0,3.0,17.0,15.0,2.0,0.0073964497041420114,43.0,45.0,0.17647058823529413,1.0253110253110254,0.11664951388888889,yes
20241107094204367_sardine_good.jpeg,yes,,,,,,,,,,,,no
20241107094216723_sardine_good_(0).png,yes,18.0,3.0,18.0,15.0,2.0,0.007180469123982767,44.0,49.0,0.16666666666666666,1.023715415019763,0.13418965277777778,yes
20241107094216723_sardine_good_(1).png,yes,17.0,5.0,18.0,15.0,2.0,0.007180469123982767,43.0,46.0,0.29411764705882354,1.0537156704361874,0.12657395833333332,yes
20241107094230403_sardine_good_(0).png,yes,16.0,3.0,17.0,15.0,1.0,0.0074962518740629685,41.0,38.0,0.1875,1.0233892321270963,0.09456395833333334,yes
20241107094230403_sardine_good_(1).png,yes,16.0,3.0,16.0,15.0,1.0,0.0074962518740629685,41.0,39.0,0.1875,1.024367816091954,0.09827673611111111,yes
20241107094447138_sardine_good_(0).png,yes,18.0,3.0,18.0,15.0,2.0,0.007302823758519961,44.0,47.0,0.16666666666666666,1.0218181818181817,0.12484555555555556,yes
20241107094447138_sardine_good_(1).png,yes,17.0,4.0,18.0,15.0,2.0,0.007302823758519961,44.0,46.0,0.23529411764705882,1.035405516673528,0.12132576388888888,yes
20241107094448140_sardine_good_(0).png,yes,18.0,3.0,18.0,15.0,2.0,0.007302823758519961,44.0,47.0,0.16666666666666666,1.0218181818181817,0.12484555555555556,yes
20241107094448140_sardine_good_(1).png,yes,17.0,4.0,18.0,15.0,2.0,0.007302823758519961,44.0,46.0,0.23529411764705882,1.035405516673528,0.12132576388888888,yes
20241107094506027_sardine_good_(0).png,yes,18.0,3.0,18.0,15.0,2.0,0.007125890736342043,45.0,50.0,0.16666666666666666,1.021730694606131,0.13722951388888888,yes
20241107094506027_sardine_good_(1).png,yes,17.0,3.0,17.0,15.0,2.0,0.007125890736342043,41.0,39.0,0.17647058823529413,1.0215410107705054,0.10851409722222222,yes
20241107094523322_sardine_good_(0).png,yes,17.0,7.0,19.0,15.0,1.0,0.007676560900716479,45.0,48.0,0.4117647058823529,1.0953630796150482,0.1138079861111111,yes
20241107094523322_sardine_good_(1).png,yes,17.0,3.0,17.0,15.0,1.0,0.007676560900716479,41.0,46.0,0.17647058823529413,1.0241286863270778,0.10909152777777778,yes
20241107094558683_sardine_good.jpeg,yes,,,,,,,,,,,,no
20241107094613217_sardine_good_(0).png,yes,18.0,3.0,18.0,15.0,1.0,0.007530120481927711,45.0,50.0,0.16666666666666666,1.0208503679476697,0.1230275,yes
20241107094613217_sardine_good_(1).png,yes,17.0,4.0,18.0,15.0,1.0,0.007530120481927711,43.0,45.0,0.23529411764705882,1.0303413400758534,0.11131805555555556,yes
20241107094646533_sardine_good_(0).png,yes,18.0,4.0,18.0,15.0,1.0,0.007132667617689016,44.0,50.0,0.2222222222222222,1.0272798129384255,0.13697590277777777,yes
20241107094646533_sardine_good_(1).png,yes,17.0,4.0,18.0,15.0,1.0,0.007132667617689016,43.0,42.0,0.23529411764705882,1.0256718812675492,0.115890625,yes
20241107094647139_sardine_good_(0).png,yes,18.0,4.0,18.0,15.0,1.0,0.007132667617689016,44.0,50.0,0.2222222222222222,1.0272798129384255,0.13697590277777777,yes
20241107094647139_sardine_good_(1).png,yes,17.0,4.0,18.0,15.0,1.0,0.007132667617689016,43.0,42.0,0.23529411764705882,1.0256718812675492,0.115890625,yes
20241107094647658_sardine_good_(0).png,yes,18.0,4.0,18.0,15.0,1.0,0.007132667617689016,44.0,50.0,0.2222222222222222,1.0272798129384255,0.13697590277777777,yes
20241107094647658_sardine_good_(1).png,yes,17.0,4.0,18.0,15.0,1.0,0.007132667617689016,43.0,42.0,0.23529411764705882,1.0256718812675492,0.115890625,yes
20241107094649020_sardine_good_(0).png,yes,18.0,4.0,18.0,15.0,1.0,0.007132667617689016,44.0,50.0,0.2222222222222222,1.0272798129384255,0.13697590277777777,yes
20241107094649020_sardine_good_(1).png,yes,17.0,4.0,18.0,15.0,1.0,0.007132667617689016,43.0,42.0,0.23529411764705882,1.0256718812675492,0.115890625,yes
20241107094705221_sardine_good_(0).png,yes,16.0,3.0,17.0,15.0,1.0,0.007045561296383279,42.0,44.0,0.1875,1.026622296173045,0.12422069444444445,yes
20241107094705221_sardine_good_(1).png,yes,18.0,4.0,18.0,15.0,1.0,0.007045561296383279,45.0,47.0,0.2222222222222222,1.0303030303030303,0.13215006944444443,yes
20241107094721286_sardine_good_(0).png,yes,17.0,4.0,18.0,15.0,2.0,0.007313505607020965,44.0,47.0,0.23529411764705882,1.0382716049382716,0.12289006944444444,yes
20241107094721286_sardine_good_(1).png,yes,16.0,3.0,17.0,15.0,2.0,0.007313505607020965,42.0,44.0,0.1875,1.0240805604203151,0.1153542361111111,yes
20241107094729896_sardine_good_(0).png,yes,17.0,5.0,18.0,15.0,2.0,0.008121277747698972,44.0,48.0,0.29411764705882354,1.040646651270208,0.10156,yes
20241107094729896_sardine_good_(1).png,yes,16.0,5.0,17.0,15.0,2.0,0.008121277747698972,42.0,47.0,0.3125,1.0602990834539314,0.09972069444444444,yes
20241107094741249_sardine_good_(0).png,yes,17.0,6.0,18.0,15.0,3.0,0.007882291119285338,44.0,46.0,0.35294117647058826,1.0805555555555555,0.10325597222222223,yes
20241107094741249_sardine_good_(1).png,yes,17.0,3.0,17.0,15.0,3.0,0.007882291119285338,43.0,44.0,0.17647058823529413,1.0240963855421688,0.09925354166666667,yes
20241107094800311_sardine_good_(0).png,yes,17.0,4.0,17.0,15.0,2.0,0.006996268656716418,41.0,43.0,0.23529411764705882,1.0393509127789047,0.12446902777777778,yes
20241107094800311_sardine_good_(1).png,yes,19.0,3.0,19.0,15.0,2.0,0.006996268656716418,46.0,48.0,0.15789473684210525,1.0176082171680116,0.1364871527777778,yes
20241107094820873_sardine_good_(0).png,yes,18.0,5.0,19.0,15.0,2.0,0.007808433107756377,47.0,53.0,0.2777777777777778,1.04,0.12160958333333333,yes
20241107094820873_sardine_good_(1).png,yes,16.0,3.0,17.0,15.0,2.0,0.007808433107756377,44.0,44.0,0.1875,1.027264325323475,0.10106298611111111,yes
20241107094837669_sardine_good_(0).png,yes,17.0,3.0,17.0,15.0,2.0,0.007849293563579277,42.0,46.0,0.17647058823529413,1.0232766338406445,0.10429430555555555,yes
20241107094837669_sardine_good_(1).png,yes,18.0,4.0,19.0,15.0,2.0,0.007849293563579277,44.0,51.0,0.2222222222222222,1.0306513409961686,0.11689451388888888,yes
20241107094847001_sardine_good_(0).png,yes,17.0,3.0,17.0,15.0,2.0,0.007849293563579277,42.0,46.0,0.17647058823529413,1.0232766338406445,0.10429430555555555,yes
20241107094847001_sardine_good_(1).png,yes,18.0,4.0,19.0,15.0,2.0,0.007849293563579277,44.0,51.0,0.2222222222222222,1.0306513409961686,0.11689451388888888,yes
20241107094847722_sardine_good_(0).png,yes,17.0,4.0,17.0,15.0,3.0,0.007575757575757576,41.0,45.0,0.23529411764705882,1.0270388137810729,0.11008118055555556,yes
20241107094847722_sardine_good_(1).png,yes,18.0,4.0,19.0,15.0,3.0,0.007575757575757576,46.0,46.0,0.2222222222222222,1.0327064595257562,0.11183256944444445,yes
20241107094903471_sardine_good_(0).png,yes,17.0,3.0,17.0,15.0,3.0,0.007987220447284345,43.0,45.0,0.17647058823529413,1.0241187384044528,0.09871083333333333,yes
20241107094903471_sardine_good_(1).png,yes,18.0,5.0,19.0,15.0,3.0,0.007987220447284345,46.0,51.0,0.2777777777777778,1.0374149659863945,0.11304819444444444,yes
20241107094922412_sardine_good_(0).png,yes,17.0,5.0,17.0,15.0,1.0,0.007545271629778672,43.0,45.0,0.29411764705882354,1.046757829730922,0.111848125,yes
20241107094922412_sardine_good_(1).png,yes,17.0,4.0,17.0,15.0,1.0,0.007545271629778672,43.0,46.0,0.23529411764705882,1.0346795434591747,0.11449854166666666,yes
20241107094934628_sardine_good_(0).png,yes,16.0,4.0,17.0,15.0,1.0,0.006934812760055479,41.0,40.0,0.25,1.0332631578947369,0.11759944444444445,yes
20241107094934628_sardine_good_(1).png,yes,16.0,3.0,17.0,15.0,1.0,0.006934812760055479,41.0,43.0,0.1875,1.0212244897959184,0.12473416666666666,yes
20241107094951261_sardine_good_(0).png,yes,18.0,4.0,18.0,15.0,2.0,0.007541478129713424,44.0,46.0,0.2222222222222222,1.0301381331100878,0.11463368055555556,yes
20241107094951261_sardine_good_(1).png,yes,18.0,4.0,19.0,15.0,2.0,0.007541478129713424,46.0,48.0,0.2222222222222222,1.025111381125962,0.11948958333333333,yes
20241107095006168_sardine_good_(0).png,yes,17.0,3.0,17.0,15.0,3.0,0.007302823758519961,41.0,43.0,0.17647058823529413,1.0213310580204777,0.11304798611111111,yes
20241107095006168_sardine_good_(1).png,yes,16.0,3.0,16.0,15.0,3.0,0.007302823758519961,39.0,37.0,0.1875,1.0231923601637107,0.096754375,yes
20241107095014002_sardine_good_(0).png,yes,16.0,4.0,17.0,15.0,2.0,0.007739938080495356,41.0,41.0,0.25,1.039323273891175,0.09665895833333334,yes
20241107095014002_sardine_good_(1).png,yes,17.0,5.0,18.0,15.0,2.0,0.007739938080495356,44.0,48.0,0.29411764705882354,1.040447504302926,0.11341479166666667,yes
20241107095034197_sardine_good_(0).png,yes,17.0,4.0,18.0,15.0,1.0,0.0077279752704791345,45.0,41.0,0.23529411764705882,1.0256298870547351,0.09564618055555556,yes
20241107095034197_sardine_good_(1).png,yes,17.0,4.0,18.0,15.0,1.0,0.0077279752704791345,45.0,41.0,0.23529411764705882,1.0363007778738116,0.09704375,yes
20241107095455730_sardine_good_(0).png,yes,19.0,4.0,20.0,15.0,1.0,0.007594936708860759,47.0,53.0,0.21052631578947367,1.0216634429400386,0.12806493055555557,yes
20241107095455730_sardine_good_(1).png,yes,16.0,3.0,17.0,15.0,1.0,0.007594936708860759,41.0,43.0,0.1875,1.0248306997742664,0.103545625,yes
20241107095456369_sardine_good_(0).png,yes,19.0,4.0,20.0,15.0,1.0,0.007594936708860759,47.0,53.0,0.21052631578947367,1.0216634429400386,0.12806493055555557,yes
20241107095456369_sardine_good_(1).png,yes,16.0,3.0,17.0,15.0,1.0,0.007594936708860759,41.0,43.0,0.1875,1.0248306997742664,0.103545625,yes
20241107095503474_sardine_good_(0).png,yes,19.0,4.0,20.0,15.0,1.0,0.007594936708860759,47.0,53.0,0.21052631578947367,1.0216634429400386,0.12806493055555557,yes
20241107095503474_sardine_good_(1).png,yes,16.0,3.0,17.0,15.0,1.0,0.007594936708860759,41.0,43.0,0.1875,1.0248306997742664,0.103545625,yes
20241107095521098_sardine_good_(0).png,yes,19.0,7.0,20.0,15.0,3.0,0.007422068283028204,47.0,50.0,0.3684210526315789,1.0713459313536444,0.12791083333333333,yes
20241107095521098_sardine_good_(1).png,yes,17.0,3.0,18.0,15.0,3.0,0.007422068283028204,43.0,47.0,0.17647058823529413,1.0244005048380311,0.11946055555555556,yes
20241107095531467_sardine_good_(0).png,yes,19.0,4.0,20.0,15.0,3.0,0.00825082508250825,47.0,55.0,0.21052631578947367,1.0270042194092828,0.11265166666666666,yes
20241107095531467_sardine_good_(1).png,yes,19.0,5.0,20.0,15.0,3.0,0.00825082508250825,48.0,56.0,0.2631578947368421,1.0349531116794544,0.11491402777777777,yes
20241107095557248_sardine_good_(0).png,yes,17.0,5.0,17.0,15.0,2.0,0.006805807622504537,42.0,40.0,0.29411764705882354,1.041866028708134,0.12263111111111111,yes
20241107095557248_sardine_good_(1).png,yes,16.0,4.0,17.0,15.0,2.0,0.006805807622504537,39.0,42.0,0.25,1.0352846832397755,0.12673131944444443,yes
20241107095624542_sardine_good_(0).png,yes,18.0,4.0,19.0,15.0,2.0,0.007072135785007072,46.0,51.0,0.2222222222222222,1.0324626865671642,0.142978125,yes
20241107095624542_sardine_good_(1).png,yes,16.0,4.0,17.0,15.0,2.0,0.007072135785007072,41.0,42.0,0.25,1.0318925723877466,0.117543125,yes
20241107095634772_sardine_good_(0).png,yes,17.0,4.0,18.0,15.0,2.0,0.007352941176470588,44.0,47.0,0.23529411764705882,1.0271966527196652,0.12303194444444444,yes
20241107095634772_sardine_good_(1).png,yes,16.0,4.0,17.0,15.0,2.0,0.007352941176470588,41.0,41.0,0.25,1.027260926006058,0.10574409722222222,yes
20241107095655024_sardine_good_(0).png,yes,18.0,5.0,19.0,15.0,2.0,0.00706880301602262,44.0,51.0,0.2777777777777778,1.0375657400450788,0.14177583333333332,yes
20241107095655024_sardine_good_(1).png,yes,17.0,3.0,17.0,15.0,2.0,0.00706880301602262,42.0,44.0,0.17647058823529413,1.0239768499379909,0.12303041666666667,yes
20241107095704252_sardine_good_(0).png,yes,16.0,4.0,17.0,15.0,2.0,0.007281553398058253,42.0,43.0,0.25,1.0401727861771057,0.11495395833333333,yes
20241107095704252_sardine_good_(1).png,yes,17.0,3.0,18.0,15.0,2.0,0.007281553398058253,43.0,44.0,0.17647058823529413,1.0222405271828665,0.11770236111111111,yes
20241107095722128_sardine_good_(0).png,yes,18.0,4.0,18.0,15.0,2.0,0.007583417593528817,44.0,51.0,0.2222222222222222,1.0255872483221478,0.12520270833333333,yes
20241107095722128_sardine_good_(1).png,yes,18.0,3.0,18.0,15.0,2.0,0.007583417593528817,45.0,47.0,0.16666666666666666,1.0220649458784345,0.11550777777777778,yes
20241107095735976_sardine_good_(0).png,yes,16.0,4.0,17.0,15.0,2.0,0.00740009866798224,42.0,43.0,0.25,1.028131868131868,0.10980381944444445,yes
20241107095735976_sardine_good_(1).png,yes,17.0,3.0,17.0,15.0,2.0,0.00740009866798224,45.0,45.0,0.17647058823529413,1.0219131900547829,0.11586895833333333,yes
20241107095755638_sardine_good_(0).png,yes,17.0,3.0,18.0,15.0,2.0,0.006963788300835654,43.0,46.0,0.17647058823529413,1.0229840280483053,0.13268569444444445,yes
20241107095755638_sardine_good_(1).png,yes,19.0,4.0,19.0,15.0,2.0,0.006963788300835654,47.0,51.0,0.21052631578947367,1.0251549398468829,0.147570625,yes
20241107095819270_sardine_good.jpeg,yes,,,,,,,,,,,,no
20241107095855211_sardine_good_(0).png,yes,17.0,4.0,18.0,15.0,2.0,0.007260406582768635,45.0,50.0,0.23529411764705882,1.0272502064409579,0.13177743055555555,yes
20241107095855211_sardine_good_(1).png,yes,17.0,3.0,17.0,15.0,2.0,0.007260406582768635,42.0,40.0,0.17647058823529413,1.0256087321578506,0.10799131944444444,yes
20241107095911036_sardine_good_(0).png,yes,18.0,3.0,18.0,15.0,3.0,0.006880733944954129,43.0,45.0,0.16666666666666666,1.0210164310278946,0.1332661111111111,yes
20241107095911036_sardine_good_(1).png,yes,16.0,3.0,17.0,15.0,3.0,0.006880733944954129,40.0,40.0,0.1875,1.0204834084391643,0.11954895833333333,yes
20241107095930879_sardine_good_(0).png,yes,16.0,3.0,17.0,15.0,2.0,0.007270964614638876,42.0,43.0,0.1875,1.0237683664649957,0.11526097222222222,yes
20241107095930879_sardine_good_(1).png,yes,16.0,3.0,17.0,15.0,2.0,0.007270964614638876,40.0,39.0,0.1875,1.019388194743645,0.10393722222222222,yes
20241107100000283_sardine_good_(0).png,yes,17.0,4.0,17.0,15.0,3.0,0.007618080243778568,42.0,45.0,0.23529411764705882,1.0272407732864675,0.10822729166666667,yes
20241107100000283_sardine_good_(1).png,yes,16.0,5.0,17.0,15.0,3.0,0.007618080243778568,41.0,42.0,0.3125,1.0498627630375115,0.10059576388888888,yes
20241107100201491_sardine_good.jpeg,yes,,,,,,,,,,,,no
20241107100223407_sardine_good_(0).png,yes,19.0,4.0,19.0,15.0,1.0,0.007309941520467836,47.0,49.0,0.21052631578947367,1.0234075211051419,0.1287720138888889,yes
20241107100223407_sardine_good_(1).png,yes,18.0,4.0,19.0,15.0,1.0,0.007309941520467836,47.0,47.0,0.2222222222222222,1.0243243243243243,0.12254354166666667,yes
20241107100236506_sardine_good_(0).png,yes,19.0,4.0,19.0,15.0,1.0,0.0074367873078829945,48.0,53.0,0.21052631578947367,1.0223076923076924,0.13394847222222223,yes
20241107100236506_sardine_good_(1).png,yes,17.0,3.0,18.0,15.0,1.0,0.0074367873078829945,42.0,47.0,0.17647058823529413,1.0243595128097438,0.11944833333333334,yes
20241107100259020_sardine_good_(0).png,yes,17.0,3.0,18.0,15.0,2.0,0.007173601147776184,44.0,50.0,0.17647058823529413,1.024576954069299,0.13609090277777777,yes
20241107100259020_sardine_good_(1).png,yes,17.0,4.0,18.0,15.0,2.0,0.007173601147776184,44.0,48.0,0.23529411764705882,1.0314285714285714,0.13092659722222222,yes
20241107100321591_sardine_good_(0).png,yes,18.0,4.0,19.0,15.0,2.0,0.007511266900350526,46.0,51.0,0.2222222222222222,1.0291650019976029,0.1271125,yes
20241107100321591_sardine_good_(1).png,yes,20.0,4.0,20.0,15.0,2.0,0.007511266900350526,49.0,60.0,0.2,1.0233419785105595,0.14786791666666665,yes
20241107100337001_sardine_good_(0).png,yes,17.0,3.0,18.0,15.0,2.0,0.007458975634012929,44.0,44.0,0.17647058823529413,1.0193439865433138,0.11225625,yes
20241107100337001_sardine_good_(1).png,yes,19.0,4.0,19.0,15.0,2.0,0.007458975634012929,47.0,51.0,0.21052631578947367,1.0226828314430974,0.12834243055555555,yes
20241107100348050_sardine_good_(0).png,yes,19.0,4.0,19.0,15.0,2.0,0.007602635580334516,46.0,59.0,0.21052631578947367,1.0254502740798748,0.1437123611111111,yes
20241107100348050_sardine_good_(1).png,yes,18.0,4.0,19.0,15.0,2.0,0.007602635580334516,45.0,48.0,0.2222222222222222,1.027276373846771,0.11679965277777778,yes
20241107100410153_sardine_good_(0).png,yes,18.0,5.0,19.0,15.0,3.0,0.007772020725388601,47.0,54.0,0.2777777777777778,1.0430198228595529,0.1254390972222222,yes
20241107100410153_sardine_good_(1).png,yes,17.0,4.0,17.0,15.0,3.0,0.007772020725388601,43.0,47.0,0.23529411764705882,1.039729119638826,0.10843479166666667,yes
20241107100520824_sardine_good_(0).png,yes,18.0,4.0,19.0,15.0,3.0,0.0075910931174089065,46.0,56.0,0.2222222222222222,1.0257545271629778,0.13608048611111112,yes
20241107100520824_sardine_good_(1).png,yes,18.0,3.0,19.0,15.0,3.0,0.0075910931174089065,47.0,50.0,0.16666666666666666,1.021774193548387,0.12189902777777778,yes
20241107100521334_sardine_good_(0).png,yes,18.0,4.0,19.0,15.0,3.0,0.0075910931174089065,46.0,56.0,0.2222222222222222,1.0257545271629778,0.13608048611111112,yes
20241107100521334_sardine_good_(1).png,yes,18.0,3.0,19.0,15.0,3.0,0.0075910931174089065,47.0,50.0,0.16666666666666666,1.021774193548387,0.12189902777777778,yes
20241107100539148_sardine_good_(0).png,yes,16.0,4.0,17.0,15.0,1.0,0.007447864945382324,41.0,43.0,0.25,1.0384959713518354,0.10930666666666666,yes
20241107100539148_sardine_good_(1).png,yes,16.0,3.0,16.0,15.0,1.0,0.007447864945382324,40.0,42.0,0.1875,1.0280924331671952,0.10606840277777778,yes
20241107100601191_sardine_good_(0).png,yes,17.0,4.0,18.0,15.0,4.0,0.007285089849441476,44.0,44.0,0.23529411764705882,1.0310077519379846,0.11734284722222223,yes
20241107100601191_sardine_good_(1).png,yes,19.0,4.0,19.0,15.0,4.0,0.007285089849441476,47.0,53.0,0.21052631578947367,1.0252583237657864,0.13901743055555554,yes
20241107100612049_sardine_good_(0).png,yes,19.0,4.0,20.0,15.0,2.0,0.008077544426494346,47.0,52.0,0.21052631578947367,1.0205930807248764,0.11246944444444444,yes
20241107100612049_sardine_good_(1).png,yes,19.0,5.0,19.0,15.0,2.0,0.008077544426494346,48.0,51.0,0.2631578947368421,1.0427784836933502,0.10880104166666667,yes
20241107100726994_sardine_good_(0).png,yes,16.0,4.0,17.0,15.0,4.0,0.0075,41.0,41.0,0.25,1.0328742780986229,0.102964375,yes
20241107100726994_sardine_good_(1).png,yes,17.0,4.0,18.0,15.0,4.0,0.0075,43.0,47.0,0.23529411764705882,1.028752642706131,0.11663895833333333,yes
20241107100736468_sardine_good_(0).png,yes,17.0,3.0,17.0,15.0,3.0,0.007477567298105683,41.0,44.0,0.17647058823529413,1.0219543693499784,0.11085097222222222,yes
20241107100736468_sardine_good_(1).png,yes,17.0,5.0,18.0,15.0,3.0,0.007477567298105683,45.0,44.0,0.29411764705882354,1.0481776288227902,0.11105729166666667,yes
20241107100747239_sardine_good_(0).png,yes,18.0,4.0,19.0,15.0,2.0,0.008147745790331342,46.0,49.0,0.2222222222222222,1.0250539956803455,0.10427444444444445,yes
20241107100747239_sardine_good_(1).png,yes,17.0,5.0,18.0,15.0,2.0,0.008147745790331342,42.0,41.0,0.29411764705882354,1.0503084954912199,0.08624965277777778,yes
20241107100800562_sardine_good_(0).png,yes,19.0,4.0,20.0,15.0,2.0,0.00757193336698637,48.0,50.0,0.21052631578947367,1.0263770364623739,0.12248729166666666,yes
20241107100800562_sardine_good_(1).png,yes,19.0,4.0,20.0,15.0,2.0,0.00757193336698637,50.0,51.0,0.21052631578947367,1.0220247295208655,0.12369020833333333,yes
20241107100812515_sardine_good_(0).png,yes,16.0,4.0,17.0,15.0,2.0,0.0075681130171543895,42.0,44.0,0.25,1.0369173973234886,0.10682020833333333,yes
20241107100812515_sardine_good_(1).png,yes,17.0,3.0,18.0,15.0,2.0,0.0075681130171543895,44.0,45.0,0.17647058823529413,1.0228233305156382,0.11015013888888889,yes
20241107100825435_sardine_good_(0).png,yes,18.0,4.0,18.0,15.0,2.0,0.007492507492507493,45.0,48.0,0.2222222222222222,1.0355960264900663,0.12010784722222222,yes
20241107100825435_sardine_good_(1).png,yes,17.0,4.0,18.0,15.0,2.0,0.007492507492507493,44.0,45.0,0.23529411764705882,1.0269133725820017,0.11337881944444445,yes
20241107100837200_sardine_good_(0).png,yes,16.0,4.0,17.0,15.0,2.0,0.007422068283028204,42.0,44.0,0.25,1.0296198054818744,0.11097388888888889,yes
20241107100837200_sardine_good_(1).png,yes,17.0,3.0,17.0,15.0,2.0,0.007422068283028204,43.0,44.0,0.17647058823529413,1.022137079608344,0.11095534722222222,yes
20241107100859520_sardine_good_(0).png,yes,17.0,4.0,18.0,15.0,3.0,0.007712082262210797,45.0,46.0,0.23529411764705882,1.0257179597085297,0.10845034722222222,yes
20241107100859520_sardine_good_(1).png,yes,17.0,4.0,18.0,15.0,3.0,0.007712082262210797,44.0,47.0,0.23529411764705882,1.0283505154639174,0.11041277777777778,yes
20241107100901654_sardine_good_(0).png,yes,17.0,4.0,18.0,15.0,3.0,0.007712082262210797,45.0,46.0,0.23529411764705882,1.0257179597085297,0.10845034722222222,yes
20241107100901654_sardine_good_(1).png,yes,17.0,4.0,18.0,15.0,3.0,0.007712082262210797,44.0,47.0,0.23529411764705882,1.0283505154639174,0.11041277777777778,yes
20241107100909161_sardine_good_(0).png,yes,17.0,4.0,18.0,15.0,3.0,0.007712082262210797,45.0,46.0,0.23529411764705882,1.0257179597085297,0.10845034722222222,yes
20241107100909161_sardine_good_(1).png,yes,17.0,4.0,18.0,15.0,3.0,0.007712082262210797,44.0,47.0,0.23529411764705882,1.0283505154639174,0.11041277777777778,yes
20241107100927407_sardine_good_(0).png,yes,17.0,4.0,18.0,15.0,3.0,0.007712082262210797,45.0,46.0,0.23529411764705882,1.0257179597085297,0.10845034722222222,yes
20241107100927407_sardine_good_(1).png,yes,17.0,4.0,18.0,15.0,3.0,0.007712082262210797,44.0,47.0,0.23529411764705882,1.0283505154639174,0.11041277777777778,yes
20241107100940522_sardine_good.jpeg,yes,,,,,,,,,,,,no
20241107101659976_sardine_good.jpeg,yes,,,,,,,,,,,,no
20241107101721139_sardine_good_(0).png,yes,17.0,4.0,17.0,15.0,1.0,0.00702576112412178,42.0,43.0,0.23529411764705882,1.028536485935589,0.12216659722222223,yes
20241107101721139_sardine_good_(1).png,yes,17.0,4.0,17.0,15.0,1.0,0.00702576112412178,41.0,40.0,0.23529411764705882,1.0334148329258355,0.11518736111111111,yes
20241107101743549_sardine_good_(0).png,yes,18.0,4.0,19.0,15.0,1.0,0.006938020351526364,47.0,48.0,0.2222222222222222,1.029823269513991,0.1406279861111111,yes
20241107101743549_sardine_good_(1).png,yes,17.0,4.0,17.0,15.0,1.0,0.006938020351526364,45.0,44.0,0.23529411764705882,1.0326481257557436,0.12787520833333332,yes
20241107101831043_sardine_good_(0).png,yes,17.0,4.0,18.0,15.0,1.0,0.007052186177715092,43.0,45.0,0.23529411764705882,1.0353982300884956,0.1280270138888889,yes
20241107101831043_sardine_good_(1).png,yes,19.0,3.0,19.0,15.0,1.0,0.007052186177715092,47.0,52.0,0.15789473684210525,1.019985465116279,0.14576819444444444,yes
20241107101917310_sardine_good_(0).png,yes,16.0,4.0,17.0,15.0,2.0,0.007215007215007215,42.0,40.0,0.25,1.0303938356164384,0.108505,yes
20241107101917310_sardine_good_(1).png,yes,16.0,3.0,17.0,15.0,2.0,0.007215007215007215,41.0,40.0,0.1875,1.020390824129142,0.1080775,yes
20241107101918329_sardine_good_(0).png,yes,16.0,4.0,17.0,15.0,2.0,0.007215007215007215,42.0,40.0,0.25,1.0303938356164384,0.108505,yes
20241107101918329_sardine_good_(1).png,yes,16.0,3.0,17.0,15.0,2.0,0.007215007215007215,41.0,40.0,0.1875,1.020390824129142,0.1080775,yes
20241107101918465_sardine_good_(0).png,yes,16.0,4.0,17.0,15.0,2.0,0.007215007215007215,42.0,40.0,0.25,1.0303938356164384,0.108505,yes
20241107101918465_sardine_good_(1).png,yes,16.0,3.0,17.0,15.0,2.0,0.007215007215007215,41.0,40.0,0.1875,1.020390824129142,0.1080775,yes
20241107102053361_sardine_good_(0).png,yes,18.0,3.0,18.0,15.0,2.0,0.007095553453169348,44.0,43.0,0.16666666666666666,1.0231191222570533,0.12106506944444445,yes
20241107102053361_sardine_good_(1).png,yes,17.0,4.0,18.0,15.0,2.0,0.007095553453169348,44.0,41.0,0.23529411764705882,1.0285944422070077,0.11532902777777777,yes
20241107102117640_sardine_good_(0).png,yes,16.0,5.0,17.0,15.0,2.0,0.007306380905991232,41.0,43.0,0.3125,1.048888888888889,0.11223597222222222,yes
20241107102117640_sardine_good_(1).png,yes,16.0,3.0,16.0,15.0,2.0,0.007306380905991232,40.0,38.0,0.1875,1.0232876712328767,0.10132909722222222,yes
20241107102136775_sardine_good_(0).png,yes,19.0,4.0,19.0,15.0,2.0,0.006925207756232687,47.0,49.0,0.21052631578947367,1.0316205533596838,0.1429402777777778,yes
20241107102136775_sardine_good_(1).png,yes,18.0,4.0,18.0,15.0,2.0,0.006925207756232687,42.0,42.0,0.2222222222222222,1.024743052912067,0.122106875,yes
20241107102149106_sardine_good_(0).png,yes,17.0,4.0,18.0,15.0,1.0,0.0070788107597923545,45.0,45.0,0.23529411764705882,1.0281076801266824,0.12543895833333332,yes
20241107102149106_sardine_good_(1).png,yes,17.0,4.0,17.0,15.0,1.0,0.0070788107597923545,45.0,44.0,0.23529411764705882,1.026639344262295,0.12276819444444445,yes
20241107102208795_sardine_good_(0).png,yes,17.0,3.0,17.0,15.0,1.0,0.006880733944954129,41.0,44.0,0.17647058823529413,1.0238673139158576,0.1303872222222222,yes
20241107102208795_sardine_good_(1).png,yes,18.0,4.0,18.0,15.0,1.0,0.006880733944954129,44.0,43.0,0.2222222222222222,1.0353746671738304,0.12754784722222223,yes
20241107102224992_sardine_good_(0).png,yes,17.0,4.0,18.0,15.0,1.0,0.006861848124428179,43.0,42.0,0.23529411764705882,1.03811394891945,0.12647090277777778,yes
20241107102224992_sardine_good_(1).png,yes,18.0,5.0,19.0,15.0,1.0,0.006861848124428179,45.0,45.0,0.2777777777777778,1.0352035203520351,0.13534013888888888,yes
20241107102251680_sardine_good_(0).png,yes,18.0,3.0,18.0,15.0,2.0,0.0069605568445475635,45.0,47.0,0.16666666666666666,1.0233180428134556,0.13731243055555556,yes
20241107102251680_sardine_good_(1).png,yes,18.0,3.0,19.0,15.0,2.0,0.0069605568445475635,46.0,42.0,0.16666666666666666,1.0169929811599556,0.12296416666666667,yes
20241107102318028_sardine_good.jpeg,yes,,,,,,,,,,,,no
20241107102318511_sardine_good.jpeg,yes,,,,,,,,,,,,no
20241107102350697_sardine_good_(0).png,yes,16.0,3.0,17.0,15.0,1.0,0.007403751233958539,42.0,37.0,0.1875,1.0239755884917174,0.09479159722222222,yes
20241107102350697_sardine_good_(1).png,yes,17.0,3.0,18.0,15.0,1.0,0.007403751233958539,44.0,44.0,0.17647058823529413,1.0214876033057851,0.11213451388888888,yes
20241107103102758_sardine_good.jpeg,yes,,,,,,,,,,,,no
20241112093049641_sardine_good_(0).png,yes,18.0,4.0,19.0,15.0,2.0,0.00723589001447178,47.0,48.0,0.2222222222222222,1.0229797012638835,0.12931652777777777,yes
20241112093049641_sardine_good_(1).png,yes,18.0,4.0,19.0,15.0,2.0,0.00723589001447178,47.0,46.0,0.2222222222222222,1.0279286268425136,0.12274013888888889,yes
20241112093101284_sardine_good_(0).png,yes,17.0,3.0,17.0,15.0,3.0,0.007389162561576354,43.0,43.0,0.17647058823529413,1.0216652506372133,0.1103804861111111,yes
20241112093101284_sardine_good_(1).png,yes,18.0,5.0,19.0,15.0,3.0,0.007389162561576354,43.0,47.0,0.2777777777777778,1.039743075070253,0.12003180555555555,yes
20241112093116235_sardine_good.jpeg,yes,,,,,,,,,,,,no
20241112093145705_sardine_good.jpeg,yes,,,,,,,,,,,,no
20241112093148485_sardine_good.jpeg,yes,,,,,,,,,,,,no
20241112093208156_sardine_good.jpeg,yes,,,,,,,,,,,,no
20241112093208427_sardine_good.jpeg,yes,,,,,,,,,,,,no
20241112093218561_sardine_good.jpeg,yes,,,,,,,,,,,,no
20241112093218978_sardine_good_(0).png,yes,15.0,3.0,16.0,15.0,2.0,0.007796257796257797,39.0,41.0,0.2,1.0263414634146342,0.09371763888888889,yes
20241112093218978_sardine_good_(1).png,yes,17.0,4.0,18.0,15.0,2.0,0.007796257796257797,44.0,46.0,0.23529411764705882,1.025764192139738,0.10666916666666666,yes
20241112093224614_sardine_good.jpeg,yes,,,,,,,,,,,,no
20241112093300374_sardine_good_(0).png,yes,15.0,3.0,16.0,15.0,2.0,0.008130081300813009,39.0,39.0,0.2,1.0286160249739855,0.0840338888888889,yes
20241112093300374_sardine_good_(1).png,yes,17.0,3.0,17.0,15.0,2.0,0.008130081300813009,42.0,45.0,0.17647058823529413,1.0242763772175536,0.09662555555555556,yes
20241112093301808_sardine_good_(0).png,yes,15.0,3.0,16.0,15.0,2.0,0.008130081300813009,39.0,39.0,0.2,1.0286160249739855,0.0840338888888889,yes
20241112093301808_sardine_good_(1).png,yes,17.0,3.0,17.0,15.0,2.0,0.008130081300813009,42.0,45.0,0.17647058823529413,1.0242763772175536,0.09662555555555556,yes
20241112093302132_sardine_good_(0).png,yes,15.0,3.0,16.0,15.0,2.0,0.008130081300813009,39.0,39.0,0.2,1.0286160249739855,0.0840338888888889,yes
20241112093302132_sardine_good_(1).png,yes,17.0,3.0,17.0,15.0,2.0,0.008130081300813009,42.0,45.0,0.17647058823529413,1.0242763772175536,0.09662555555555556,yes
20241112093316147_sardine_good_(0).png,yes,18.0,4.0,18.0,15.0,2.0,0.007759958613554061,45.0,51.0,0.2222222222222222,1.0268794624107518,0.11988715277777778,yes
20241112093316147_sardine_good_(1).png,yes,17.0,4.0,17.0,15.0,2.0,0.007759958613554061,43.0,44.0,0.23529411764705882,1.0267737617135209,0.10163569444444444,yes
20241112093328819_sardine_good.jpeg,yes,,,,,,,,,,,,no
20241112093340292_sardine_good_(0).png,yes,17.0,3.0,18.0,15.0,2.0,0.008130081300813009,44.0,46.0,0.17647058823529413,1.0220284534189996,0.09814902777777777,yes
20241112093340292_sardine_good_(1).png,yes,19.0,5.0,20.0,15.0,2.0,0.008130081300813009,46.0,52.0,0.2631578947368421,1.0356994603569947,0.11046166666666667,yes
20241112093356972_sardine_good_(0).png,yes,17.0,3.0,17.0,15.0,2.0,0.007696254489481785,41.0,42.0,0.17647058823529413,1.021875,0.10031548611111112,yes
20241112093356972_sardine_good_(1).png,yes,16.0,5.0,16.0,15.0,2.0,0.007696254489481785,41.0,45.0,0.3125,1.047438330170778,0.1061938888888889,yes
20241112093423900_sardine_good.jpeg,yes,,,,,,,,,,,,no
20241112093425399_sardine_good.jpeg,yes,,,,,,,,,,,,no
20241112093436373_sardine_good_(0).png,yes,16.0,3.0,17.0,15.0,3.0,0.007503751875937969,40.0,43.0,0.1875,1.0249554367201426,0.10841736111111111,yes
20241112093436373_sardine_good_(1).png,yes,16.0,3.0,16.0,15.0,3.0,0.007503751875937969,41.0,40.0,0.1875,1.022109626900046,0.09967,yes
20241112093443266_sardine_good.jpeg,yes,,,,,,,,,,,,no
20241112093453170_sardine_good.jpeg,yes,,,,,,,,,,,,no
20241112093505000_sardine_good.jpeg,yes,,,,,,,,,,,,no
20241112093514362_sardine_good_(0).png,yes,16.0,3.0,16.0,15.0,2.0,0.007477567298105683,40.0,39.0,0.1875,1.025699862322166,0.09730923611111111,yes
20241112093514362_sardine_good_(1).png,yes,18.0,3.0,18.0,15.0,2.0,0.007477567298105683,44.0,45.0,0.16666666666666666,1.0194214876033059,0.11414868055555556,yes
20241112093528106_sardine_good.jpeg,yes,,,,,,,,,,,,no
20241112093551725_sardine_good_(0).png,yes,17.0,3.0,18.0,15.0,2.0,0.008064516129032258,44.0,48.0,0.17647058823529413,1.0222121486854034,0.10329791666666667,yes
20241112093551725_sardine_good_(1).png,yes,19.0,4.0,19.0,15.0,2.0,0.008064516129032258,45.0,52.0,0.21052631578947367,1.0219131900547829,0.11139659722222223,yes
20241112093552782_sardine_good_(0).png,yes,17.0,3.0,18.0,15.0,2.0,0.008064516129032258,44.0,48.0,0.17647058823529413,1.0222121486854034,0.10329791666666667,yes
20241112093552782_sardine_good_(1).png,yes,19.0,4.0,19.0,15.0,2.0,0.008064516129032258,45.0,52.0,0.21052631578947367,1.0219131900547829,0.11139659722222223,yes
20241112093554735_sardine_good_(0).png,yes,17.0,3.0,18.0,15.0,2.0,0.008064516129032258,44.0,48.0,0.17647058823529413,1.0222121486854034,0.10329791666666667,yes
20241112093554735_sardine_good_(1).png,yes,19.0,4.0,19.0,15.0,2.0,0.008064516129032258,45.0,52.0,0.21052631578947367,1.0219131900547829,0.11139659722222223,yes
20241112093603919_sardine_good_(0).png,yes,16.0,4.0,17.0,15.0,2.0,0.007414730598121601,41.0,43.0,0.25,1.0334359876814783,0.11008423611111111,yes
20241112093603919_sardine_good_(1).png,yes,16.0,3.0,16.0,15.0,2.0,0.007414730598121601,40.0,39.0,0.1875,1.0264598540145986,0.09958048611111112,yes
20241112093618843_sardine_good_(0).png,yes,16.0,3.0,17.0,15.0,2.0,0.007712082262210797,42.0,43.0,0.1875,1.0231923601637107,0.10159097222222223,yes
20241112093618843_sardine_good_(1).png,yes,17.0,4.0,18.0,15.0,2.0,0.007712082262210797,43.0,45.0,0.23529411764705882,1.037521815008726,0.10524694444444445,yes
20241112093634672_sardine_good_(0).png,yes,17.0,3.0,17.0,15.0,2.0,0.008017103153393906,43.0,42.0,0.17647058823529413,1.0248962655601659,0.09108604166666667,yes
20241112093634672_sardine_good_(1).png,yes,17.0,3.0,18.0,15.0,2.0,0.008017103153393906,44.0,49.0,0.17647058823529413,1.025011368804002,0.1065461111111111,yes
20241112093646767_sardine_good.jpeg,yes,,,,,,,,,,,,no
20241112093658280_sardine_good.jpeg,yes,,,,,,,,,,,,no
20241112093710435_sardine_good_(0).png,yes,17.0,5.0,18.0,15.0,4.0,0.008710801393728223,44.0,51.0,0.29411764705882354,1.0397058823529413,0.09357034722222222,yes
20241112093710435_sardine_good_(1).png,yes,19.0,5.0,19.0,15.0,4.0,0.008710801393728223,48.0,48.0,0.2631578947368421,1.0359417652411282,0.08843763888888889,yes
20241112093722315_sardine_good_(0).png,yes,17.0,4.0,18.0,15.0,3.0,0.008278145695364239,43.0,46.0,0.23529411764705882,1.0267229254571026,0.09450263888888889,yes
20241112093722315_sardine_good_(1).png,yes,18.0,4.0,19.0,15.0,3.0,0.008278145695364239,46.0,53.0,0.2222222222222222,1.0271691498685365,0.10840854166666666,yes
20241112093745997_sardine_good.jpeg,yes,,,,,,,,,,,,no
20241112094041822_sardine_good_(0).png,yes,19.0,4.0,20.0,15.0,2.0,0.006643046944198406,48.0,47.0,0.21052631578947367,1.0253893026404874,0.1486690972222222,yes
20241112094041822_sardine_good_(1).png,yes,17.0,3.0,17.0,15.0,2.0,0.006643046944198406,41.0,37.0,0.17647058823529413,1.020470053070508,0.11908854166666667,yes
20241112094105951_sardine_good_(0).png,yes,16.0,4.0,17.0,15.0,1.0,0.00715648854961832,41.0,41.0,0.25,1.0328919265271252,0.11250215277777778,yes
20241112094105951_sardine_good_(1).png,yes,18.0,3.0,19.0,15.0,1.0,0.00715648854961832,44.0,47.0,0.16666666666666666,1.019443385436523,0.127636875,yes
20241112094119721_sardine_good.jpeg,yes,,,,,,,,,,,,no
20241112094139448_sardine_good_(0).png,yes,17.0,5.0,18.0,15.0,2.0,0.007374631268436578,44.0,44.0,0.29411764705882354,1.0404624277456647,0.11387715277777778,yes
20241112094139448_sardine_good_(1).png,yes,16.0,3.0,16.0,15.0,2.0,0.007374631268436578,40.0,43.0,0.1875,1.025974025974026,0.11160444444444445,yes
20241112094140408_sardine_good_(0).png,yes,17.0,5.0,18.0,15.0,2.0,0.007374631268436578,44.0,44.0,0.29411764705882354,1.0404624277456647,0.11387715277777778,yes
20241112094140408_sardine_good_(1).png,yes,16.0,3.0,16.0,15.0,2.0,0.007374631268436578,40.0,43.0,0.1875,1.025974025974026,0.11160444444444445,yes
20241112094152647_sardine_good_(0).png,yes,16.0,3.0,16.0,15.0,1.0,0.007242877836793819,40.0,38.0,0.1875,1.0242397531952403,0.10279986111111111,yes
20241112094152647_sardine_good_(1).png,yes,16.0,3.0,17.0,15.0,1.0,0.007242877836793819,41.0,45.0,0.1875,1.027765726681128,0.11972590277777778,yes
20241112094215144_sardine_good_(0).png,yes,18.0,4.0,18.0,15.0,2.0,0.007466401194624191,45.0,49.0,0.2222222222222222,1.024174053182917,0.12209527777777777,yes
20241112094215144_sardine_good_(1).png,yes,18.0,3.0,19.0,15.0,2.0,0.007466401194624191,45.0,50.0,0.16666666666666666,1.021259842519685,0.12647263888888888,yes
20241112094228154_sardine_good_(0).png,yes,17.0,5.0,18.0,15.0,1.0,0.00744047619047619,44.0,50.0,0.29411764705882354,1.0397127165188003,0.1277588888888889,yes
20241112094228154_sardine_good_(1).png,yes,18.0,3.0,19.0,15.0,1.0,0.00744047619047619,45.0,46.0,0.16666666666666666,1.0195141377937076,0.11770354166666666,yes
20241112094244975_sardine_good_(0).png,yes,17.0,3.0,17.0,15.0,2.0,0.007767995857068877,43.0,45.0,0.17647058823529413,1.024556616643929,0.1042498611111111,yes
20241112094244975_sardine_good_(1).png,yes,17.0,4.0,18.0,15.0,2.0,0.007767995857068877,42.0,44.0,0.23529411764705882,1.0274093722369584,0.10206381944444444,yes
20241112094257707_sardine_good_(0).png,yes,16.0,3.0,17.0,15.0,3.0,0.006931608133086876,41.0,40.0,0.1875,1.019720624486442,0.11809423611111111,yes
20241112094257707_sardine_good_(1).png,yes,15.0,4.0,16.0,15.0,3.0,0.006931608133086876,39.0,38.0,0.26666666666666666,1.0435164835164834,0.11087805555555555,yes
20241112094313995_sardine_good_(0).png,yes,18.0,4.0,19.0,15.0,2.0,0.008017103153393906,47.0,51.0,0.2222222222222222,1.0254668930390491,0.11130368055555556,yes
20241112094313995_sardine_good_(1).png,yes,18.0,4.0,19.0,15.0,2.0,0.008017103153393906,45.0,53.0,0.2222222222222222,1.0281810418445774,0.11580694444444445,yes
20241112094334845_sardine_good_(0).png,yes,16.0,4.0,16.0,15.0,2.0,0.008310249307479225,41.0,41.0,0.25,1.0405752439650744,0.0842229861111111,yes
20241112094334845_sardine_good_(1).png,yes,16.0,4.0,17.0,15.0,2.0,0.008310249307479225,44.0,48.0,0.25,1.0318940137389598,0.09692256944444444,yes
20241112094336101_sardine_good_(0).png,yes,16.0,4.0,16.0,15.0,2.0,0.008310249307479225,41.0,41.0,0.25,1.0405752439650744,0.0842229861111111,yes
20241112094336101_sardine_good_(1).png,yes,16.0,4.0,17.0,15.0,2.0,0.008310249307479225,44.0,48.0,0.25,1.0318940137389598,0.09692256944444444,yes
20241112094344786_sardine_good_(0).png,yes,18.0,3.0,19.0,15.0,2.0,0.008025682182985553,47.0,45.0,0.16666666666666666,1.0224428139835995,0.09865729166666666,yes
20241112094344786_sardine_good_(1).png,yes,18.0,4.0,18.0,15.0,2.0,0.008025682182985553,46.0,43.0,0.2222222222222222,1.0297592997811815,0.09313986111111111,yes
20241112094400737_sardine_good_(0).png,yes,18.0,3.0,18.0,15.0,3.0,0.007784120394395433,43.0,47.0,0.16666666666666666,1.0216193302246714,0.10808826388888888,yes
20241112094400737_sardine_good_(1).png,yes,17.0,6.0,18.0,15.0,3.0,0.007784120394395433,44.0,44.0,0.35294117647058826,1.0597215985630895,0.10283583333333333,yes
20241112094415756_sardine_good_(0).png,yes,16.0,4.0,17.0,15.0,3.0,0.007407407407407408,40.0,45.0,0.25,1.0285965684117906,0.11426138888888888,yes
20241112094415756_sardine_good_(1).png,yes,16.0,4.0,17.0,15.0,3.0,0.007407407407407408,41.0,41.0,0.25,1.0422151611438948,0.10567875,yes
20241112094435390_sardine_good_(0).png,yes,16.0,4.0,17.0,15.0,2.0,0.007503751875937969,41.0,41.0,0.25,1.0314748201438848,0.102398125,yes
20241112094435390_sardine_good_(1).png,yes,18.0,4.0,18.0,15.0,2.0,0.007503751875937969,45.0,48.0,0.2222222222222222,1.025990099009901,0.11967486111111111,yes
20241112094509536_sardine_good.jpeg,yes,,,,,,,,,,,,no
20241112094524134_sardine_good_(0).png,yes,17.0,3.0,18.0,15.0,2.0,0.007890583903208837,44.0,48.0,0.17647058823529413,1.0236842105263158,0.10710395833333333,yes
20241112094524134_sardine_good_(1).png,yes,17.0,4.0,18.0,15.0,2.0,0.007890583903208837,43.0,47.0,0.23529411764705882,1.0356337392873252,0.10683784722222223,yes
20241112094533812_sardine_good.jpeg,yes,,,,,,,,,,,,no
20241112094554799_sardine_good_(0).png,yes,17.0,3.0,18.0,15.0,2.0,0.007363770250368188,43.0,45.0,0.17647058823529413,1.022652388797364,0.11768326388888889,yes
20241112094554799_sardine_good_(1).png,yes,17.0,3.0,17.0,15.0,2.0,0.007363770250368188,40.0,41.0,0.17647058823529413,1.0250431778929188,0.1064738888888889,yes
20241112094617261_sardine_good_(0).png,yes,16.0,3.0,17.0,15.0,2.0,0.007338551859099804,42.0,45.0,0.1875,1.0255169379674438,0.11646618055555556,yes
20241112094617261_sardine_good_(1).png,yes,17.0,4.0,17.0,15.0,2.0,0.007338551859099804,42.0,42.0,0.23529411764705882,1.0357142857142858,0.110183125,yes
20241112094626161_sardine_good_(0).png,yes,17.0,3.0,17.0,15.0,2.0,0.0075910931174089065,42.0,43.0,0.17647058823529413,1.0223015165031222,0.10517659722222222,yes
20241112094626161_sardine_good_(1).png,yes,17.0,4.0,18.0,15.0,2.0,0.0075910931174089065,44.0,45.0,0.23529411764705882,1.0293867120954003,0.11072298611111112,yes
20241112094653622_sardine_good_(0).png,yes,17.0,4.0,17.0,15.0,2.0,0.0069767441860465115,41.0,42.0,0.23529411764705882,1.0365408038976858,0.12055354166666667,yes
20241112094653622_sardine_good_(1).png,yes,18.0,3.0,18.0,15.0,2.0,0.0069767441860465115,44.0,49.0,0.16666666666666666,1.0196448809973555,0.14146958333333334,yes
20241112094810191_sardine_good_(0).png,yes,17.0,3.0,18.0,15.0,2.0,0.007211538461538462,43.0,46.0,0.17647058823529413,1.02442996742671,0.12453097222222222,yes
20241112094810191_sardine_good_(1).png,yes,16.0,3.0,17.0,15.0,2.0,0.007211538461538462,41.0,43.0,0.1875,1.0272845387613685,0.11623611111111111,yes
20241112095130924_sardine_good_(0).png,yes,19.0,4.0,19.0,15.0,3.0,0.00744047619047619,47.0,48.0,0.21052631578947367,1.0274980635166537,0.1204570138888889,yes
20241112095130924_sardine_good_(1).png,yes,18.0,4.0,19.0,15.0,3.0,0.00744047619047619,44.0,45.0,0.2222222222222222,1.030230708035004,0.11325381944444445,yes
20241112095140742_sardine_good.jpeg,yes,,,,,,,,,,,,no
20241112095201627_sardine_good_(0).png,yes,18.0,4.0,19.0,15.0,1.0,0.007407407407407408,45.0,50.0,0.2222222222222222,1.0251396648044693,0.12845493055555557,yes
20241112095201627_sardine_good_(1).png,yes,17.0,4.0,18.0,15.0,1.0,0.007407407407407408,44.0,48.0,0.23529411764705882,1.0320299500831946,0.12200451388888889,yes
20241112095411440_sardine_good_(0).png,yes,16.0,3.0,17.0,15.0,1.0,0.0071056371387967785,41.0,42.0,0.1875,1.0272340425531914,0.11723034722222223,yes
20241112095411440_sardine_good_(1).png,yes,18.0,4.0,18.0,15.0,1.0,0.0071056371387967785,46.0,49.0,0.2222222222222222,1.0279937791601865,0.13738347222222222,yes
20241112095420442_sardine_good_(0).png,yes,18.0,4.0,18.0,15.0,2.0,0.007653061224489796,45.0,48.0,0.2222222222222222,1.0270495214315438,0.11457215277777778,yes
20241112095420442_sardine_good_(1).png,yes,17.0,3.0,17.0,15.0,2.0,0.007653061224489796,42.0,43.0,0.17647058823529413,1.0247524752475248,0.10383861111111112,yes
20241112095430657_sardine_good_(0).png,yes,17.0,3.0,17.0,15.0,2.0,0.008147745790331342,43.0,47.0,0.17647058823529413,1.0243445692883895,0.09882020833333334,yes
20241112095430657_sardine_good_(1).png,yes,18.0,3.0,18.0,15.0,2.0,0.008147745790331342,44.0,50.0,0.16666666666666666,1.0223214285714286,0.10529368055555556,yes
20241112095441296_sardine_good_(0).png,yes,18.0,5.0,19.0,15.0,2.0,0.008532423208191127,46.0,45.0,0.2777777777777778,1.0344202898550725,0.08592131944444445,yes
20241112095441296_sardine_good_(1).png,yes,18.0,4.0,19.0,15.0,2.0,0.008532423208191127,49.0,52.0,0.2222222222222222,1.028532608695652,0.09925534722222222,yes
20241112095501164_sardine_good_(0).png,yes,17.0,3.0,18.0,15.0,2.0,0.007345739471106758,43.0,46.0,0.17647058823529413,1.0229166666666667,0.11957729166666667,yes
20241112095501164_sardine_good_(1).png,yes,17.0,3.0,17.0,15.0,2.0,0.007345739471106758,41.0,42.0,0.17647058823529413,1.0250323694432455,0.1090861111111111,yes
20241112095511596_sardine_good_(0).png,yes,16.0,3.0,17.0,15.0,3.0,0.0076726342710997444,41.0,45.0,0.1875,1.0251141552511416,0.10845138888888889,yes
20241112095511596_sardine_good_(1).png,yes,17.0,4.0,17.0,15.0,3.0,0.0076726342710997444,41.0,46.0,0.23529411764705882,1.0387873383860902,0.10979826388888889,yes
20241112095513394_sardine_good_(0).png,yes,17.0,3.0,18.0,15.0,2.0,0.007345739471106758,43.0,46.0,0.17647058823529413,1.0229166666666667,0.11957729166666667,yes
20241112095513394_sardine_good_(1).png,yes,17.0,3.0,17.0,15.0,2.0,0.007345739471106758,41.0,42.0,0.17647058823529413,1.0250323694432455,0.1090861111111111,yes
20241112095527582_sardine_good_(0).png,yes,16.0,4.0,17.0,15.0,2.0,0.007429420505200594,42.0,44.0,0.25,1.0354796320630748,0.11177673611111111,yes
20241112095527582_sardine_good_(1).png,yes,17.0,3.0,17.0,15.0,2.0,0.007429420505200594,41.0,39.0,0.17647058823529413,1.0208786428882122,0.09923701388888889,yes
20241112095536263_sardine_good_(0).png,yes,16.0,3.0,16.0,15.0,2.0,0.007878151260504201,42.0,41.0,0.1875,1.0237633365664403,0.09288541666666666,yes
20241112095536263_sardine_good_(1).png,yes,18.0,3.0,19.0,15.0,2.0,0.007878151260504201,45.0,48.0,0.16666666666666666,1.0219316743989877,0.10907465277777778,yes
20241112095703642_sardine_good_(0).png,yes,18.0,3.0,18.0,15.0,3.0,0.008034279592929834,45.0,51.0,0.16666666666666666,1.023276240667545,0.11125638888888889,yes
20241112095703642_sardine_good_(1).png,yes,17.0,4.0,17.0,15.0,3.0,0.008034279592929834,42.0,46.0,0.23529411764705882,1.03440150801131,0.10028034722222222,yes
20241112095725319_sardine_good_(0).png,yes,18.0,5.0,19.0,15.0,2.0,0.00744047619047619,45.0,44.0,0.2777777777777778,1.037490134175217,0.11288840277777777,yes
20241112095725319_sardine_good_(1).png,yes,17.0,3.0,17.0,15.0,2.0,0.00744047619047619,42.0,39.0,0.17647058823529413,1.019188835586568,0.09844347222222222,yes
20241112100123690_sardine_good_(0).png,yes,18.0,4.0,18.0,15.0,3.0,0.007288629737609329,46.0,47.0,0.2222222222222222,1.0272296764009472,0.12472736111111112,yes
20241112100123690_sardine_good_(1).png,yes,19.0,4.0,19.0,15.0,3.0,0.007288629737609329,47.0,48.0,0.21052631578947367,1.0247148288973384,0.12779020833333332,yes
20241112100134447_sardine_good_(0).png,yes,17.0,4.0,18.0,15.0,3.0,0.007228915662650603,43.0,43.0,0.23529411764705882,1.0371134020618558,0.11585152777777778,yes
20241112100134447_sardine_good_(1).png,yes,17.0,3.0,17.0,15.0,3.0,0.007228915662650603,43.0,44.0,0.17647058823529413,1.0229262192580242,0.11883916666666666,yes
20241112100147545_sardine_good_(0).png,yes,17.0,3.0,17.0,15.0,2.0,0.007371007371007371,43.0,42.0,0.17647058823529413,1.0215331610680447,0.10869541666666667,yes
20241112100147545_sardine_good_(1).png,yes,17.0,4.0,17.0,15.0,2.0,0.007371007371007371,41.0,44.0,0.23529411764705882,1.0329289428076256,0.11389305555555555,yes
20241112100234831_sardine_good_(0).png,yes,18.0,4.0,18.0,15.0,3.0,0.0074962518740629685,44.0,45.0,0.2222222222222222,1.0246913580246915,0.11209986111111112,yes
20241112100234831_sardine_good_(1).png,yes,16.0,4.0,17.0,15.0,3.0,0.0074962518740629685,41.0,43.0,0.25,1.028837622005324,0.10635305555555556,yes
20241112100235631_sardine_good_(0).png,yes,18.0,4.0,18.0,15.0,3.0,0.0074962518740629685,44.0,45.0,0.2222222222222222,1.0246913580246915,0.11209986111111112,yes
20241112100235631_sardine_good_(1).png,yes,16.0,4.0,17.0,15.0,3.0,0.0074962518740629685,41.0,43.0,0.25,1.028837622005324,0.10635305555555556,yes
20241112100248063_sardine_good_(0).png,yes,17.0,4.0,18.0,15.0,3.0,0.007853403141361256,44.0,49.0,0.23529411764705882,1.0268722466960352,0.11200416666666667,yes
20241112100248063_sardine_good_(1).png,yes,18.0,4.0,19.0,15.0,3.0,0.007853403141361256,46.0,51.0,0.2222222222222222,1.0312369845897542,0.1152567361111111,yes
20241112100313602_sardine_good_(0).png,yes,16.0,5.0,17.0,15.0,3.0,0.0071056371387967785,40.0,44.0,0.3125,1.0536796536796538,0.12142333333333333,yes
20241112100313602_sardine_good_(1).png,yes,17.0,3.0,17.0,15.0,3.0,0.0071056371387967785,40.0,39.0,0.17647058823529413,1.0194939858979677,0.10898243055555555,yes
20241112100326992_sardine_good_(0).png,yes,17.0,4.0,18.0,15.0,2.0,0.007170172084130019,44.0,46.0,0.23529411764705882,1.0280716029292107,0.1261782638888889,yes
20241112100326992_sardine_good_(1).png,yes,16.0,3.0,16.0,15.0,2.0,0.007170172084130019,39.0,39.0,0.1875,1.0251655629139074,0.10636034722222222,yes
20241112100351401_sardine_good.jpeg,yes,,,,,,,,,,,,no
20241112100410153_sardine_good_(0).png,yes,17.0,3.0,17.0,15.0,2.0,0.007560483870967742,41.0,41.0,0.17647058823529413,1.024561403508772,0.10116777777777777,yes
20241112100410153_sardine_good_(1).png,yes,18.0,4.0,19.0,15.0,2.0,0.007560483870967742,46.0,50.0,0.2222222222222222,1.0231331168831168,0.12181944444444444,yes
20241112100430372_sardine_good_(0).png,yes,17.0,4.0,17.0,15.0,3.0,0.007653061224489796,42.0,45.0,0.23529411764705882,1.0389087656529516,0.10834701388888889,yes
20241112100430372_sardine_good_(1).png,yes,17.0,4.0,17.0,15.0,3.0,0.007653061224489796,42.0,44.0,0.23529411764705882,1.029477445288075,0.10525715277777778,yes
20241112100457169_sardine_good_(0).png,yes,18.0,4.0,19.0,15.0,4.0,0.007767995857068877,47.0,53.0,0.2222222222222222,1.031544448996313,0.12241680555555555,yes
20241112100457169_sardine_good_(1).png,yes,17.0,3.0,17.0,15.0,4.0,0.007767995857068877,43.0,43.0,0.17647058823529413,1.0258152173913044,0.10061277777777777,yes
20241112100515016_sardine_good_(0).png,yes,18.0,4.0,19.0,15.0,4.0,0.007767995857068877,47.0,53.0,0.2222222222222222,1.031544448996313,0.12241680555555555,yes
20241112100515016_sardine_good_(1).png,yes,17.0,3.0,17.0,15.0,4.0,0.007767995857068877,43.0,43.0,0.17647058823529413,1.0258152173913044,0.10061277777777777,yes
20241112100539423_sardine_good_(0).png,yes,17.0,3.0,17.0,15.0,1.0,0.007621951219512195,43.0,42.0,0.17647058823529413,1.0258885476086002,0.10093958333333333,yes
20241112100539423_sardine_good_(1).png,yes,17.0,4.0,18.0,15.0,1.0,0.007621951219512195,45.0,42.0,0.23529411764705882,1.0248181429182712,0.10177354166666666,yes
20241112100625268_sardine_good.jpeg,yes,,,,,,,,,,,,no
20241112101746468_sardine_good_(0).png,yes,18.0,5.0,18.0,15.0,3.0,0.006827492034592627,45.0,42.0,0.2777777777777778,1.0442678774120318,0.12716243055555557,yes
20241112101746468_sardine_good_(1).png,yes,18.0,5.0,19.0,15.0,3.0,0.006827492034592627,46.0,44.0,0.2777777777777778,1.0436217008797655,0.1338777777777778,yes
20241112101747404_sardine_good_(0).png,yes,18.0,5.0,18.0,15.0,3.0,0.006827492034592627,45.0,42.0,0.2777777777777778,1.0442678774120318,0.12716243055555557,yes
20241112101747404_sardine_good_(1).png,yes,18.0,5.0,19.0,15.0,3.0,0.006827492034592627,46.0,44.0,0.2777777777777778,1.0436217008797655,0.1338777777777778,yes
20241112101750128_sardine_good_(0).png,yes,18.0,5.0,18.0,15.0,3.0,0.006827492034592627,45.0,42.0,0.2777777777777778,1.0442678774120318,0.12716243055555557,yes
20241112101750128_sardine_good_(1).png,yes,18.0,5.0,19.0,15.0,3.0,0.006827492034592627,46.0,44.0,0.2777777777777778,1.0436217008797655,0.1338777777777778,yes
20241112101802914_sardine_good_(0).png,yes,17.0,3.0,18.0,15.0,2.0,0.007072135785007072,44.0,42.0,0.17647058823529413,1.0185550730359259,0.11846652777777777,yes
20241112101802914_sardine_good_(1).png,yes,18.0,4.0,19.0,15.0,2.0,0.007072135785007072,47.0,46.0,0.2222222222222222,1.0235338064998132,0.12982076388888888,yes
20241112101816338_sardine_good.jpeg,yes,,,,,,,,,,,,no
20241112101826056_sardine_good_(0).png,yes,17.0,4.0,18.0,15.0,1.0,0.007518796992481203,45.0,44.0,0.23529411764705882,1.031596925704526,0.10861493055555556,yes
20241112101826056_sardine_good_(1).png,yes,18.0,4.0,19.0,15.0,1.0,0.007518796992481203,48.0,48.0,0.2222222222222222,1.028033640368442,0.11973326388888889,yes
20241112101844966_sardine_good.jpeg,yes,,,,,,,,,,,,no
20241112101901592_sardine_good_(0).png,yes,18.0,4.0,19.0,15.0,2.0,0.007433102081268583,47.0,48.0,0.2222222222222222,1.0304347826086957,0.12221555555555555,yes
20241112101901592_sardine_good_(1).png,yes,19.0,4.0,20.0,15.0,2.0,0.007433102081268583,49.0,51.0,0.21052631578947367,1.0312264860797593,0.1302045138888889,yes
20241112101916860_sardine_good_(0).png,yes,16.0,4.0,17.0,15.0,1.0,0.007987220447284345,42.0,47.0,0.25,1.0331439393939394,0.10307847222222222,yes
20241112101916860_sardine_good_(1).png,yes,17.0,3.0,17.0,15.0,1.0,0.007987220447284345,43.0,48.0,0.17647058823529413,1.0252409362092703,0.10500104166666667,yes
20241112101933038_sardine_good_(0).png,yes,17.0,5.0,18.0,15.0,2.0,0.008068854222700376,43.0,48.0,0.29411764705882354,1.047086247086247,0.10265229166666667,yes
20241112101933038_sardine_good_(1).png,yes,17.0,4.0,18.0,15.0,2.0,0.008068854222700376,43.0,47.0,0.23529411764705882,1.0367816091954023,0.10080534722222222,yes
20241112102015338_sardine_good_(0).png,yes,17.0,4.0,17.0,15.0,2.0,0.007360157016683023,42.0,46.0,0.23529411764705882,1.029957805907173,0.1196563888888889,yes
20241112102015338_sardine_good_(1).png,yes,17.0,3.0,18.0,15.0,2.0,0.007360157016683023,43.0,50.0,0.17647058823529413,1.0242200328407225,0.12849618055555556,yes
20241112102036767_sardine_good_(0).png,yes,17.0,3.0,18.0,15.0,1.0,0.006747638326585695,44.0,40.0,0.17647058823529413,1.0196448809973555,0.12215006944444444,yes
20241112102036767_sardine_good_(1).png,yes,18.0,3.0,18.0,15.0,1.0,0.006747638326585695,45.0,41.0,0.16666666666666666,1.0174786165860914,0.12605326388888888,yes
20241112102146716_sardine_good_(0).png,yes,18.0,5.0,19.0,15.0,1.0,0.007125890736342043,46.0,44.0,0.2777777777777778,1.0354691075514875,0.12151354166666667,yes
20241112102146716_sardine_good_(1).png,yes,18.0,4.0,19.0,15.0,1.0,0.007125890736342043,46.0,46.0,0.2222222222222222,1.0267891312667432,0.1278848611111111,yes
20241112102156120_sardine_good_(0).png,yes,19.0,4.0,19.0,15.0,1.0,0.006765899864682003,47.0,48.0,0.21052631578947367,1.021830985915493,0.14823493055555556,yes
20241112102156120_sardine_good_(1).png,yes,19.0,3.0,19.0,15.0,1.0,0.006765899864682003,47.0,48.0,0.15789473684210525,1.0202486678507994,0.147359375,yes
20241112102211714_sardine_good_(0).png,yes,17.0,4.0,17.0,15.0,1.0,0.00664599025254763,42.0,46.0,0.23529411764705882,1.0295719844357976,0.1450004861111111,yes
20241112102211714_sardine_good_(1).png,yes,17.0,3.0,17.0,15.0,1.0,0.00664599025254763,42.0,45.0,0.17647058823529413,1.0246286161063332,0.14152493055555557,yes
20241112102225563_sardine_good_(0).png,yes,17.0,4.0,18.0,15.0,3.0,0.0066166740185266875,42.0,45.0,0.23529411764705882,1.0326004548900682,0.14475972222222222,yes
20241112102225563_sardine_good_(1).png,yes,16.0,4.0,17.0,15.0,3.0,0.0066166740185266875,42.0,43.0,0.25,1.0308352849336455,0.137374375,yes
20241112102254755_sardine_good_(0).png,yes,18.0,4.0,18.0,15.0,2.0,0.007058823529411765,46.0,51.0,0.2222222222222222,1.0318199456732635,0.1447454861111111,yes
20241112102254755_sardine_good_(1).png,yes,18.0,4.0,18.0,15.0,2.0,0.007058823529411765,46.0,49.0,0.2222222222222222,1.0249512670565302,0.13931944444444444,yes
20241112102255311_sardine_good_(0).png,yes,18.0,4.0,18.0,15.0,2.0,0.007058823529411765,46.0,51.0,0.2222222222222222,1.0318199456732635,0.1447454861111111,yes
20241112102255311_sardine_good_(1).png,yes,18.0,4.0,18.0,15.0,2.0,0.007058823529411765,46.0,49.0,0.2222222222222222,1.0249512670565302,0.13931944444444444,yes
20241112102255991_sardine_good_(0).png,yes,18.0,4.0,18.0,15.0,2.0,0.007058823529411765,46.0,51.0,0.2222222222222222,1.0318199456732635,0.1447454861111111,yes
20241112102255991_sardine_good_(1).png,yes,18.0,4.0,18.0,15.0,2.0,0.007058823529411765,46.0,49.0,0.2222222222222222,1.0249512670565302,0.13931944444444444,yes
20241112102306759_sardine_good_(0).png,yes,18.0,4.0,19.0,15.0,2.0,0.0068212824010914054,48.0,50.0,0.2222222222222222,1.0237068965517242,0.14988159722222222,yes
20241112102306759_sardine_good_(1).png,yes,19.0,4.0,20.0,15.0,2.0,0.0068212824010914054,49.0,47.0,0.21052631578947367,1.0289355838787462,0.14237895833333333,yes
20241112102311199_sardine_good_(0).png,yes,18.0,4.0,18.0,15.0,2.0,0.007058823529411765,46.0,51.0,0.2222222222222222,1.0318199456732635,0.1447454861111111,yes
20241112102311199_sardine_good_(1).png,yes,18.0,4.0,18.0,15.0,2.0,0.007058823529411765,46.0,49.0,0.2222222222222222,1.0249512670565302,0.13931944444444444,yes
20241112102321536_sardine_good_(0).png,yes,17.0,4.0,18.0,15.0,3.0,0.007653061224489796,44.0,50.0,0.23529411764705882,1.0382138256762559,0.1207411111111111,yes
20241112102321536_sardine_good_(1).png,yes,18.0,4.0,18.0,15.0,3.0,0.007653061224489796,46.0,52.0,0.2222222222222222,1.0333333333333334,0.12421319444444444,yes
20241112102330463_sardine_good_(0).png,yes,15.0,4.0,16.0,15.0,2.0,0.007313505607020965,39.0,42.0,0.26666666666666666,1.0434981684981686,0.11110673611111112,yes
20241112102330463_sardine_good_(1).png,yes,17.0,4.0,17.0,15.0,2.0,0.007313505607020965,42.0,50.0,0.23529411764705882,1.028174936921783,0.13090868055555555,yes
20241112102347703_sardine_good_(0).png,yes,17.0,4.0,18.0,15.0,2.0,0.006918819188191882,43.0,48.0,0.23529411764705882,1.0292374555511656,0.14016180555555555,yes
20241112102347703_sardine_good_(1).png,yes,18.0,4.0,19.0,15.0,2.0,0.006918819188191882,46.0,52.0,0.2222222222222222,1.0297619047619047,0.152605625,yes
20241112102408771_sardine_good_(0).png,yes,19.0,4.0,19.0,15.0,2.0,0.007032348804500703,46.0,46.0,0.21052631578947367,1.0269870609981515,0.1307515972222222,yes
20241112102408771_sardine_good_(1).png,yes,17.0,3.0,18.0,15.0,2.0,0.007032348804500703,45.0,44.0,0.17647058823529413,1.0215264187866928,0.1236345138888889,yes
20241112102417710_sardine_good_(0).png,yes,17.0,4.0,18.0,15.0,2.0,0.00741839762611276,43.0,49.0,0.23529411764705882,1.0265560165975103,0.12593256944444445,yes
20241112102417710_sardine_good_(1).png,yes,18.0,4.0,18.0,15.0,2.0,0.00741839762611276,44.0,49.0,0.2222222222222222,1.027833803953207,0.12433979166666667,yes
20241112102430414_sardine_good_(0).png,yes,16.0,3.0,17.0,15.0,2.0,0.007306380905991232,40.0,42.0,0.1875,1.0241970963484381,0.10984222222222222,yes
20241112102430414_sardine_good_(1).png,yes,18.0,4.0,19.0,15.0,2.0,0.007306380905991232,45.0,51.0,0.2222222222222222,1.0290880503144655,0.13273361111111112,yes
20241112102450086_sardine_good_(0).png,yes,20.0,4.0,20.0,15.0,3.0,0.007684426229508197,49.0,60.0,0.2,1.0197908887229277,0.14297229166666667,yes
20241112102450086_sardine_good_(1).png,yes,16.0,3.0,17.0,15.0,3.0,0.007684426229508197,42.0,44.0,0.1875,1.0275103163686383,0.10516118055555555,yes
20241112102451916_sardine_good_(0).png,yes,20.0,4.0,20.0,15.0,3.0,0.007684426229508197,49.0,60.0,0.2,1.0197908887229277,0.14297229166666667,yes
20241112102451916_sardine_good_(1).png,yes,16.0,3.0,17.0,15.0,3.0,0.007684426229508197,42.0,44.0,0.1875,1.0275103163686383,0.10516118055555555,yes
20241112102509398_sardine_good_(0).png,yes,19.0,5.0,20.0,15.0,3.0,0.007602635580334516,48.0,56.0,0.2631578947368421,1.0361867704280157,0.1368963888888889,yes
20241112102509398_sardine_good_(1).png,yes,16.0,3.0,16.0,15.0,3.0,0.007602635580334516,40.0,41.0,0.1875,1.0263401109057302,0.09930708333333334,yes
20241112102520242_sardine_good_(0).png,yes,19.0,4.0,19.0,15.0,3.0,0.007845188284518828,46.0,52.0,0.21052631578947367,1.0231613165379927,0.11770930555555556,yes
20241112102520242_sardine_good_(1).png,yes,18.0,3.0,18.0,15.0,3.0,0.007845188284518828,45.0,46.0,0.16666666666666666,1.0212029424491562,0.1057454861111111,yes
20241112102532980_sardine_good_(0).png,yes,19.0,6.0,20.0,15.0,4.0,0.007890583903208837,50.0,54.0,0.3157894736842105,1.0549051271699637,0.12210777777777777,yes
20241112102532980_sardine_good_(1).png,yes,20.0,4.0,20.0,15.0,4.0,0.007890583903208837,50.0,53.0,0.2,1.0192604006163328,0.11951743055555555,yes
20241112102633581_sardine_good_(0).png,yes,19.0,5.0,19.0,15.0,3.0,0.007218479307025986,47.0,58.0,0.2631578947368421,1.034469696969697,0.15515590277777777,yes
20241112102633581_sardine_good_(1).png,yes,17.0,5.0,18.0,15.0,3.0,0.007218479307025986,44.0,52.0,0.29411764705882354,1.0445705024311183,0.1387273611111111,yes
20241112102656624_sardine_good_(0).png,yes,17.0,4.0,18.0,15.0,1.0,0.007602635580334516,43.0,48.0,0.23529411764705882,1.0386284722222223,0.11679576388888889,yes
20241112102656624_sardine_good_(1).png,yes,18.0,4.0,19.0,15.0,1.0,0.007602635580334516,48.0,48.0,0.2222222222222222,1.0299794661190964,0.11671173611111112,yes
20241112102704353_sardine_good.jpeg,yes,,,,,,,,,,,,no
20241112102719616_sardine_good_(0).png,yes,16.0,3.0,17.0,15.0,2.0,0.007122507122507123,41.0,44.0,0.1875,1.0254560882477726,0.12276145833333334,yes
20241112102719616_sardine_good_(1).png,yes,17.0,3.0,17.0,15.0,2.0,0.007122507122507123,42.0,44.0,0.17647058823529413,1.0225409836065573,0.12304701388888889,yes
20241112102733734_sardine_good_(0).png,yes,17.0,3.0,17.0,15.0,2.0,0.007447864945382324,40.0,43.0,0.17647058823529413,1.0257529463116544,0.10858729166666667,yes
20241112102733734_sardine_good_(1).png,yes,17.0,4.0,17.0,15.0,2.0,0.007447864945382324,41.0,43.0,0.23529411764705882,1.0305010893246187,0.109281875,yes
20241112102759467_sardine_good_(0).png,yes,16.0,4.0,17.0,15.0,1.0,0.00757193336698637,40.0,44.0,0.25,1.0335753176043556,0.10861131944444445,yes
20241112102759467_sardine_good_(1).png,yes,17.0,5.0,18.0,15.0,1.0,0.00757193336698637,42.0,46.0,0.29411764705882354,1.0512152777777777,0.11146520833333333,yes
20241112102807549_sardine_good_(0).png,yes,19.0,4.0,19.0,15.0,3.0,0.007614213197969543,47.0,58.0,0.21052631578947367,1.0298624754420431,0.13990180555555556,yes
20241112102807549_sardine_good_(1).png,yes,17.0,4.0,17.0,15.0,3.0,0.007614213197969543,42.0,44.0,0.23529411764705882,1.0302760463045415,0.1055475,yes
20241112102829116_sardine_good_(0).png,yes,16.0,3.0,17.0,15.0,2.0,0.0076103500761035,43.0,45.0,0.1875,1.0256179775280898,0.10811944444444445,yes
20241112102829116_sardine_good_(1).png,yes,18.0,5.0,19.0,15.0,2.0,0.0076103500761035,46.0,52.0,0.2777777777777778,1.0358024691358025,0.12540666666666667,yes
20241112102829723_sardine_good_(0).png,yes,16.0,3.0,17.0,15.0,2.0,0.0076103500761035,43.0,45.0,0.1875,1.0256179775280898,0.10811944444444445,yes
20241112102829723_sardine_good_(1).png,yes,18.0,5.0,19.0,15.0,2.0,0.0076103500761035,46.0,52.0,0.2777777777777778,1.0358024691358025,0.12540666666666667,yes
20241112102900614_sardine_good_(0).png,yes,18.0,4.0,19.0,15.0,1.0,0.007187350263536177,46.0,48.0,0.2222222222222222,1.0294003868471953,0.13062590277777777,yes
20241112102900614_sardine_good_(1).png,yes,17.0,3.0,17.0,15.0,1.0,0.007187350263536177,43.0,44.0,0.17647058823529413,1.0262938230383973,0.11934215277777778,yes
20241112102900614_sardine_good_(2).png,yes,2.0,1.0,3.0,15.0,1.0,0.007187350263536177,8.0,3.0,0.5,1.208762886597938,0.009381597222222222,yes
20241112102914981_sardine_good_(0).png,yes,17.0,5.0,18.0,15.0,1.0,0.006883891693437357,43.0,48.0,0.29411764705882354,1.0500390930414387,0.14155090277777777,yes
20241112102914981_sardine_good_(1).png,yes,17.0,3.0,17.0,15.0,1.0,0.006883891693437357,44.0,44.0,0.17647058823529413,1.0227897838899804,0.13054791666666668,yes
20241112102945495_sardine_good_(0).png,yes,17.0,3.0,17.0,15.0,1.0,0.0068368277119416595,42.0,43.0,0.17647058823529413,1.020882584712372,0.1306554861111111,yes
20241112102945495_sardine_good_(1).png,yes,15.0,6.0,16.0,15.0,1.0,0.0068368277119416595,37.0,39.0,0.4,1.0735358872743286,0.11608673611111112,yes
20241112102958067_sardine_good_(0).png,yes,17.0,3.0,17.0,15.0,2.0,0.006729475100942127,44.0,41.0,0.17647058823529413,1.0214888718342288,0.12777986111111111,yes
20241112102958067_sardine_good_(1).png,yes,17.0,3.0,17.0,15.0,2.0,0.006729475100942127,42.0,38.0,0.17647058823529413,1.0227540211847783,0.119505,yes
20241114102853556_sardine_good.jpeg,yes,,,,,,,,,,,,no
20241114102907441_sardine_good_(0).png,yes,17.0,4.0,17.0,15.0,1.0,0.006711409395973154,41.0,41.0,0.23529411764705882,1.0271439811172305,0.12703666666666666,yes
20241114102907441_sardine_good_(1).png,yes,17.0,4.0,18.0,15.0,1.0,0.006711409395973154,45.0,43.0,0.23529411764705882,1.0365296803652968,0.13359493055555555,yes
20241114102916477_sardine_good.jpeg,yes,,,,,,,,,,,,no
20241114102930466_sardine_good_(0).png,yes,17.0,3.0,18.0,15.0,2.0,0.007208073041806823,43.0,46.0,0.17647058823529413,1.0208333333333333,0.12464458333333334,yes
20241114102930466_sardine_good_(1).png,yes,18.0,3.0,18.0,15.0,2.0,0.007208073041806823,45.0,42.0,0.16666666666666666,1.0176747839748626,0.11432270833333333,yes
20241114102930466_sardine_good_(2).png,yes,3.0,2.0,3.0,15.0,2.0,0.007208073041806823,9.0,3.0,0.6666666666666666,1.2870813397129186,0.010639166666666667,yes
20241114102940421_sardine_good_(0).png,yes,18.0,3.0,18.0,15.0,2.0,0.006584723441615452,46.0,44.0,0.16666666666666666,1.0201912858661,0.14262375,yes
20241114102940421_sardine_good_(1).png,yes,18.0,4.0,18.0,15.0,2.0,0.006584723441615452,44.0,44.0,0.2222222222222222,1.0248719824433066,0.1412401388888889,yes
20241114103000672_sardine_good_(0).png,yes,17.0,4.0,18.0,15.0,1.0,0.006717420510523959,44.0,49.0,0.23529411764705882,1.032662362324345,0.15179951388888888,yes
20241114103000672_sardine_good_(1).png,yes,18.0,4.0,18.0,15.0,1.0,0.006717420510523959,44.0,45.0,0.2222222222222222,1.0281899109792285,0.14022222222222222,yes
20241114103025970_sardine_good_(0).png,yes,17.0,5.0,18.0,15.0,2.0,0.007102272727272727,46.0,43.0,0.29411764705882354,1.0454545454545454,0.12067631944444444,yes
20241114103025970_sardine_good_(1).png,yes,18.0,5.0,18.0,15.0,2.0,0.007102272727272727,46.0,46.0,0.2777777777777778,1.043921568627451,0.12721354166666668,yes
20241114103026719_sardine_good_(0).png,yes,17.0,5.0,18.0,15.0,2.0,0.007102272727272727,46.0,43.0,0.29411764705882354,1.0454545454545454,0.12067631944444444,yes
20241114103026719_sardine_good_(1).png,yes,18.0,5.0,18.0,15.0,2.0,0.007102272727272727,46.0,46.0,0.2777777777777778,1.043921568627451,0.12721354166666668,yes
20241114103027545_sardine_good_(0).png,yes,17.0,5.0,18.0,15.0,2.0,0.007102272727272727,46.0,43.0,0.29411764705882354,1.0454545454545454,0.12067631944444444,yes
20241114103027545_sardine_good_(1).png,yes,18.0,5.0,18.0,15.0,2.0,0.007102272727272727,46.0,46.0,0.2777777777777778,1.043921568627451,0.12721354166666668,yes
20241114103028068_sardine_good_(0).png,yes,17.0,5.0,18.0,15.0,2.0,0.007102272727272727,46.0,43.0,0.29411764705882354,1.0454545454545454,0.12067631944444444,yes
20241114103028068_sardine_good_(1).png,yes,18.0,5.0,18.0,15.0,2.0,0.007102272727272727,46.0,46.0,0.2777777777777778,1.043921568627451,0.12721354166666668,yes
20241114103028623_sardine_good_(0).png,yes,17.0,5.0,18.0,15.0,2.0,0.007102272727272727,46.0,43.0,0.29411764705882354,1.0454545454545454,0.12067631944444444,yes
20241114103028623_sardine_good_(1).png,yes,18.0,5.0,18.0,15.0,2.0,0.007102272727272727,46.0,46.0,0.2777777777777778,1.043921568627451,0.12721354166666668,yes
20241114103041326_sardine_good_(0).png,yes,17.0,3.0,17.0,15.0,2.0,0.0072992700729927005,43.0,40.0,0.17647058823529413,1.0219917012448132,0.10668875,yes
20241114103041326_sardine_good_(1).png,yes,18.0,5.0,19.0,15.0,2.0,0.0072992700729927005,52.0,44.0,0.2777777777777778,1.03667577058135,0.11726840277777778,yes
20241114103056997_sardine_good_(0).png,yes,17.0,4.0,18.0,15.0,1.0,0.007075471698113208,47.0,44.0,0.23529411764705882,1.034934497816594,0.1237338888888889,yes
20241114103056997_sardine_good_(1).png,yes,18.0,4.0,19.0,15.0,1.0,0.007075471698113208,46.0,45.0,0.2222222222222222,1.0256120527306969,0.12716659722222223,yes
20241114103111537_sardine_good_(0).png,yes,18.0,5.0,18.0,15.0,3.0,0.007649158592554819,46.0,47.0,0.2777777777777778,1.039629005059022,0.11261972222222222,yes
20241114103111537_sardine_good_(1).png,yes,18.0,4.0,18.0,15.0,3.0,0.007649158592554819,43.0,41.0,0.2222222222222222,1.035744322960471,0.09880645833333333,yes
20241114103124540_sardine_good.jpeg,yes,,,,,,,,,,,,no
20241114103140756_sardine_good_(0).png,yes,17.0,4.0,18.0,15.0,3.0,0.007911392405063292,44.0,41.0,0.23529411764705882,1.0292924740874267,0.09228,yes
20241114103140756_sardine_good_(1).png,yes,21.0,5.0,22.0,15.0,3.0,0.007911392405063292,52.0,57.0,0.23809523809523808,1.0283400809716599,0.12675,yes
20241114103149442_sardine_good.jpeg,yes,,,,,,,,,,,,no
20241114103205664_sardine_good_(0).png,yes,18.0,4.0,18.0,15.0,1.0,0.007991475759190196,48.0,51.0,0.2222222222222222,1.0308026030368764,0.11187430555555555,yes
20241114103205664_sardine_good_(1).png,yes,18.0,4.0,18.0,15.0,1.0,0.007991475759190196,43.0,42.0,0.2222222222222222,1.0280701754385966,0.09279125,yes
20241114103216124_sardine_good_(0).png,yes,18.0,4.0,18.0,15.0,4.0,0.008291873963515755,46.0,45.0,0.2222222222222222,1.0315789473684212,0.09176930555555556,yes
20241114103216124_sardine_good_(1).png,yes,19.0,5.0,19.0,15.0,4.0,0.008291873963515755,48.0,46.0,0.2631578947368421,1.0348837209302326,0.09485875,yes
20241114103233513_sardine_good_(0).png,yes,19.0,5.0,20.0,15.0,2.0,0.007903055848261328,49.0,48.0,0.2631578947368421,1.0375970576215774,0.10715513888888889,yes
20241114103233513_sardine_good_(1).png,yes,17.0,4.0,18.0,15.0,2.0,0.007903055848261328,47.0,44.0,0.23529411764705882,1.0373298199385157,0.09968354166666667,yes
20241114103245308_sardine_good_(0).png,yes,16.0,3.0,16.0,15.0,1.0,0.007541478129713424,40.0,43.0,0.1875,1.0273909006499535,0.10540243055555555,yes
20241114103245308_sardine_good_(1).png,yes,16.0,3.0,17.0,15.0,1.0,0.007541478129713424,41.0,46.0,0.1875,1.0266903914590748,0.11380590277777777,yes
20241114103257939_sardine_good.jpeg,yes,,,,,,,,,,,,no
20241114103308855_sardine_good_(0).png,yes,18.0,4.0,19.0,15.0,3.0,0.008660508083140877,48.0,49.0,0.2222222222222222,1.0334862385321102,0.09176319444444445,yes
20241114103308855_sardine_good_(1).png,yes,20.0,5.0,20.0,15.0,3.0,0.008660508083140877,50.0,55.0,0.25,1.0370689655172414,0.10190583333333333,yes
20241114103330095_sardine_good_(0).png,yes,17.0,4.0,18.0,15.0,2.0,0.007865757734661772,44.0,46.0,0.23529411764705882,1.0358391608391608,0.10393833333333333,yes
20241114103330095_sardine_good_(1).png,yes,17.0,4.0,18.0,15.0,2.0,0.007865757734661772,45.0,46.0,0.23529411764705882,1.0254163014899211,0.10496659722222222,yes
20241114103355268_sardine_good_(0).png,yes,19.0,4.0,20.0,15.0,3.0,0.007360157016683023,48.0,57.0,0.21052631578947367,1.0269671222755818,0.14833284722222223,yes
20241114103355268_sardine_good_(1).png,yes,18.0,4.0,18.0,15.0,3.0,0.007360157016683023,45.0,46.0,0.2222222222222222,1.0302287581699345,0.11910375,yes
20241114103411051_sardine_good_(0).png,yes,19.0,5.0,20.0,15.0,3.0,0.007978723404255319,50.0,53.0,0.2631578947368421,1.032953620829943,0.11568569444444445,yes
20241114103411051_sardine_good_(1).png,yes,20.0,4.0,20.0,15.0,3.0,0.007978723404255319,49.0,49.0,0.2,1.0249512670565302,0.10902180555555556,yes
20241114103435990_sardine_good_(0).png,yes,17.0,3.0,17.0,15.0,2.0,0.007530120481927711,44.0,42.0,0.17647058823529413,1.024956217162872,0.10471847222222222,yes
20241114103435990_sardine_good_(1).png,yes,19.0,4.0,19.0,15.0,2.0,0.007530120481927711,48.0,47.0,0.21052631578947367,1.0249307479224377,0.116585,yes
20241114103446385_sardine_good.jpeg,yes,,,,,,,,,,,,no
20241114103508033_sardine_good_(0).png,yes,17.0,3.0,17.0,15.0,3.0,0.007708119218910586,43.0,41.0,0.17647058823529413,1.025088028169014,0.09671833333333334,yes
20241114103508033_sardine_good_(1).png,yes,17.0,4.0,18.0,15.0,3.0,0.007708119218910586,46.0,42.0,0.23529411764705882,1.0286458333333333,0.09971048611111111,yes
20241114103706863_sardine_good_(0).png,yes,19.0,4.0,19.0,15.0,1.0,0.006538796861377506,47.0,48.0,0.21052631578947367,1.0240549828178693,0.156664375,yes
20241114103706863_sardine_good_(1).png,yes,19.0,4.0,19.0,15.0,1.0,0.006538796861377506,44.0,48.0,0.21052631578947367,1.0264586160108549,0.1580607638888889,yes
20241114103718354_sardine_good_(0).png,yes,18.0,4.0,18.0,15.0,2.0,0.007132667617689016,44.0,43.0,0.2222222222222222,1.0352335708630245,0.11809347222222222,yes
20241114103718354_sardine_good_(1).png,yes,19.0,4.0,19.0,15.0,2.0,0.007132667617689016,48.0,48.0,0.21052631578947367,1.0283054003724394,0.13207673611111112,yes
20241114103735579_sardine_good_(0).png,yes,19.0,5.0,19.0,15.0,2.0,0.00702576112412178,47.0,50.0,0.2631578947368421,1.036818851251841,0.14071923611111112,yes
20241114103735579_sardine_good_(1).png,yes,17.0,3.0,17.0,15.0,2.0,0.00702576112412178,44.0,39.0,0.17647058823529413,1.0179784258889333,0.111980625,yes
20241114103754060_sardine_good_(0).png,yes,18.0,3.0,18.0,15.0,1.0,0.00675371454299865,46.0,40.0,0.16666666666666666,1.0185873605947955,0.12182034722222222,yes
20241114103754060_sardine_good_(1).png,yes,18.0,4.0,19.0,15.0,1.0,0.00675371454299865,48.0,41.0,0.2222222222222222,1.026219956300073,0.12749354166666665,yes
20241114103814155_sardine_good_(0).png,yes,20.0,4.0,20.0,15.0,1.0,0.007313505607020965,52.0,52.0,0.2,1.0295620437956203,0.1352971527777778,yes
20241114103814155_sardine_good_(1).png,yes,17.0,4.0,18.0,15.0,1.0,0.007313505607020965,46.0,43.0,0.23529411764705882,1.0382716049382716,0.11166673611111111,yes
20241114103827821_sardine_good_(0).png,yes,20.0,4.0,20.0,15.0,1.0,0.0070028011204481795,51.0,56.0,0.2,1.0196078431372548,0.15900743055555555,yes
20241114103827821_sardine_good_(1).png,yes,18.0,5.0,18.0,15.0,1.0,0.0070028011204481795,44.0,43.0,0.2777777777777778,1.0451737451737453,0.1225925,yes
20241114103827821_sardine_good_(2).png,yes,3.0,0.0,3.0,15.0,1.0,0.0070028011204481795,7.0,1.0,0.0,1.0317460317460319,0.005412291666666667,yes
20241114103847741_sardine_good.jpeg,yes,,,,,,,,,,,,no
20241114103904787_sardine_good.jpeg,yes,,,,,,,,,,,,no
20241114103918716_sardine_good_(0).png,yes,18.0,4.0,19.0,15.0,3.0,0.007204610951008645,46.0,55.0,0.2222222222222222,1.0285932138772398,0.1477021527777778,yes
20241114103918716_sardine_good_(1).png,yes,17.0,4.0,18.0,15.0,3.0,0.007204610951008645,43.0,47.0,0.23529411764705882,1.0255681818181819,0.12733,yes
20241114103935442_sardine_good_(0).png,yes,17.0,4.0,17.0,15.0,1.0,0.0076103500761035,42.0,45.0,0.23529411764705882,1.0274457724656927,0.10906381944444445,yes
20241114103935442_sardine_good_(1).png,yes,17.0,4.0,17.0,15.0,1.0,0.0076103500761035,43.0,47.0,0.23529411764705882,1.0265017667844523,0.11290875,yes
20241114103939932_sardine_good_(0).png,yes,17.0,4.0,17.0,15.0,1.0,0.0076103500761035,42.0,45.0,0.23529411764705882,1.0274457724656927,0.10906381944444445,yes
20241114103939932_sardine_good_(1).png,yes,17.0,4.0,17.0,15.0,1.0,0.0076103500761035,43.0,47.0,0.23529411764705882,1.0265017667844523,0.11290875,yes
20241114103959984_sardine_good_(0).png,yes,18.0,3.0,19.0,15.0,1.0,0.006993006993006993,45.0,47.0,0.16666666666666666,1.020514733308467,0.13494340277777778,yes
20241114103959984_sardine_good_(1).png,yes,17.0,4.0,18.0,15.0,1.0,0.006993006993006993,44.0,46.0,0.23529411764705882,1.0303269003544702,0.13222152777777776,yes
20241114104009105_sardine_good_(0).png,yes,18.0,4.0,18.0,15.0,4.0,0.007345739471106758,46.0,54.0,0.2222222222222222,1.0247307538891104,0.14007034722222222,yes
20241114104009105_sardine_good_(1).png,yes,18.0,4.0,18.0,15.0,4.0,0.007345739471106758,44.0,46.0,0.2222222222222222,1.0366639806607574,0.11984444444444445,yes
20241114104031069_sardine_good_(0).png,yes,20.0,5.0,20.0,15.0,3.0,0.007898894154818325,49.0,61.0,0.25,1.030744974379188,0.135968125,yes
20241114104031069_sardine_good_(1).png,yes,18.0,5.0,18.0,15.0,3.0,0.007898894154818325,45.0,49.0,0.2777777777777778,1.0373101952277657,0.11074527777777778,yes
20241114104041740_sardine_good_(0).png,yes,20.0,5.0,20.0,15.0,3.0,0.007898894154818325,49.0,61.0,0.25,1.030744974379188,0.135968125,yes
20241114104041740_sardine_good_(1).png,yes,18.0,5.0,18.0,15.0,3.0,0.007898894154818325,45.0,49.0,0.2777777777777778,1.0373101952277657,0.11074527777777778,yes
20241114104043022_sardine_good_(0).png,yes,20.0,5.0,20.0,15.0,3.0,0.007898894154818325,49.0,61.0,0.25,1.030744974379188,0.135968125,yes
20241114104043022_sardine_good_(1).png,yes,18.0,5.0,18.0,15.0,3.0,0.007898894154818325,45.0,49.0,0.2777777777777778,1.0373101952277657,0.11074527777777778,yes
20241114104043550_sardine_good_(0).png,yes,17.0,4.0,18.0,15.0,3.0,0.006839945280437756,44.0,48.0,0.23529411764705882,1.0280701754385966,0.14334847222222222,yes
20241114104043550_sardine_good_(1).png,yes,17.0,3.0,18.0,15.0,3.0,0.006839945280437756,43.0,44.0,0.17647058823529413,1.0225276823214968,0.13189256944444444,yes
20241114104045470_sardine_good_(0).png,yes,20.0,5.0,20.0,15.0,3.0,0.007898894154818325,49.0,61.0,0.25,1.030744974379188,0.135968125,yes
20241114104045470_sardine_good_(1).png,yes,18.0,5.0,18.0,15.0,3.0,0.007898894154818325,45.0,49.0,0.2777777777777778,1.0373101952277657,0.11074527777777778,yes
20241114104055811_sardine_good_(0).png,yes,17.0,5.0,18.0,15.0,3.0,0.007861635220125786,43.0,40.0,0.29411764705882354,1.051855163164953,0.09099652777777778,yes
20241114104055811_sardine_good_(1).png,yes,19.0,4.0,19.0,15.0,3.0,0.007861635220125786,50.0,47.0,0.21052631578947367,1.0321138211382115,0.10737409722222223,yes
20241114104117831_sardine_good_(0).png,yes,18.0,4.0,19.0,15.0,2.0,0.007820646506777894,46.0,47.0,0.2222222222222222,1.0226605119597147,0.10720333333333333,yes
20241114104117831_sardine_good_(1).png,yes,20.0,5.0,21.0,15.0,2.0,0.007820646506777894,52.0,54.0,0.25,1.035564053537285,0.12292638888888889,yes
20241114104131193_sardine_good_(0).png,yes,16.0,5.0,17.0,15.0,3.0,0.0079155672823219,44.0,41.0,0.3125,1.0454760776882994,0.09105736111111111,yes
20241114104131193_sardine_good_(1).png,yes,18.0,4.0,18.0,15.0,3.0,0.0079155672823219,44.0,46.0,0.2222222222222222,1.028497409326425,0.10381611111111111,yes
20241114104143489_sardine_good.jpeg,yes,,,,,,,,,,,,no
20241114104155043_sardine_good_(0).png,yes,17.0,4.0,17.0,15.0,2.0,0.007720020586721565,42.0,39.0,0.23529411764705882,1.02771569065713,0.09301868055555555,yes
20241114104155043_sardine_good_(1).png,yes,20.0,4.0,21.0,15.0,2.0,0.007720020586721565,52.0,58.0,0.2,1.0201944652206432,0.1352634722222222,yes
20241114104209593_sardine_good_(0).png,yes,18.0,4.0,19.0,15.0,1.0,0.0075681130171543895,44.0,44.0,0.2222222222222222,1.0338085539714867,0.10808479166666667,yes
20241114104209593_sardine_good_(1).png,yes,19.0,4.0,19.0,15.0,1.0,0.0075681130171543895,48.0,43.0,0.21052631578947367,1.0238095238095237,0.10490215277777777,yes
20241114104230648_sardine_good.jpeg,yes,,,,,,,,,,,,no
20241114104232209_sardine_good.jpeg,yes,,,,,,,,,,,,no
20241114104233234_sardine_good.jpeg,yes,,,,,,,,,,,,no
20241114104234276_sardine_good.jpeg,yes,,,,,,,,,,,,no
20241114104246004_sardine_good_(0).png,yes,20.0,5.0,20.0,15.0,2.0,0.008450704225352112,51.0,53.0,0.25,1.0356394129979036,0.10410506944444445,yes
20241114104246004_sardine_good_(1).png,yes,20.0,5.0,20.0,15.0,2.0,0.008450704225352112,57.0,54.0,0.25,1.0417193426042983,0.10594888888888888,yes
20241114104312939_sardine_good_(0).png,yes,17.0,4.0,17.0,15.0,2.0,0.006808896958692692,42.0,43.0,0.23529411764705882,1.0270800627943486,0.12969611111111112,yes
20241114104312939_sardine_good_(1).png,yes,17.0,6.0,18.0,15.0,2.0,0.006808896958692692,44.0,41.0,0.35294117647058826,1.067367601246106,0.12469375,yes
20241114104325514_sardine_good_(0).png,yes,18.0,3.0,18.0,15.0,1.0,0.006499133448873483,45.0,46.0,0.16666666666666666,1.0213137665967855,0.152025,yes
20241116103912097_sardine_good_(0).png,yes,18.0,4.0,18.0,15.0,2.0,0.0072744907856450046,46.0,47.0,0.2222222222222222,1.0240096038415367,0.12440520833333334,yes
20241116103912097_sardine_good_(1).png,yes,19.0,4.0,19.0,15.0,2.0,0.0072744907856450046,48.0,50.0,0.21052631578947367,1.0225190839694656,0.1321329861111111,yes
20241116103923658_sardine_good_(0).png,yes,17.0,3.0,17.0,15.0,2.0,0.007253384912959381,43.0,40.0,0.17647058823529413,1.023612261806131,0.10566,yes
20241116103923658_sardine_good_(1).png,yes,18.0,3.0,19.0,15.0,2.0,0.007253384912959381,47.0,45.0,0.16666666666666666,1.020922123208059,0.1203075,yes
20241116103940887_sardine_good.jpeg,yes,,,,,,,,,,,,no
20241116103948618_sardine_good.jpeg,yes,,,,,,,,,,,,no
20241116104000927_sardine_good.jpeg,yes,,,,,,,,,,,,no
20241116104013285_sardine_good.jpeg,yes,,,,,,,,,,,,no
20241116104030361_sardine_good_(0).png,yes,18.0,3.0,19.0,15.0,2.0,0.0074887668497254116,46.0,46.0,0.16666666666666666,1.0205777601899486,0.11591201388888889,yes
20241116104030361_sardine_good_(1).png,yes,18.0,4.0,19.0,15.0,2.0,0.0074887668497254116,46.0,48.0,0.2222222222222222,1.0304012971220105,0.12047576388888889,yes
20241116104041611_sardine_good.jpeg,yes,,,,,,,,,,,,no
20241116104059739_sardine_good.jpeg,yes,,,,,,,,,,,,no
20241116104131036_sardine_good_(0).png,yes,19.0,3.0,19.0,15.0,2.0,0.00740009866798224,48.0,48.0,0.15789473684210525,1.0205506010081427,0.12231833333333333,yes
20241116104131036_sardine_good_(1).png,yes,18.0,4.0,19.0,15.0,2.0,0.00740009866798224,47.0,44.0,0.2222222222222222,1.031688728439631,0.11405673611111111,yes
20241116104200971_sardine_good.jpeg,yes,,,,,,,,,,,,no
20241116104216008_sardine_good.jpeg,yes,,,,,,,,,,,,no
20241116104232535_sardine_good.jpeg,yes,,,,,,,,,,,,no
20241116104233276_sardine_good.jpeg,yes,,,,,,,,,,,,no
20241116104302677_sardine_good.jpeg,yes,,,,,,,,,,,,no
20241116104324892_sardine_good.jpeg,yes,,,,,,,,,,,,no
20241116104339516_sardine_good.jpeg,yes,,,,,,,,,,,,no
20241116104359288_sardine_good.jpeg,yes,,,,,,,,,,,,no
20241116104431125_sardine_good.jpeg,yes,,,,,,,,,,,,no
20241116104431798_sardine_good.jpeg,yes,,,,,,,,,,,,no
20241116104449759_sardine_good.jpeg,yes,,,,,,,,,,,,no
20241116104504985_sardine_good.jpeg,yes,,,,,,,,,,,,no
20241116104517590_sardine_good.jpeg,yes,,,,,,,,,,,,no
20241116104550434_sardine_good.jpeg,yes,,,,,,,,,,,,no
20241116104745443_sardine_good_(0).png,yes,17.0,4.0,18.0,15.0,1.0,0.0063993174061433445,46.0,45.0,0.23529411764705882,1.028061224489796,0.15345861111111112,yes
20241116104745443_sardine_good_(1).png,yes,18.0,4.0,19.0,15.0,1.0,0.0063993174061433445,47.0,49.0,0.2222222222222222,1.030355294929286,0.1666073611111111,yes
20241116104807994_sardine_good.jpeg,yes,,,,,,,,,,,,no
20241116104822707_sardine_good_(0).png,yes,18.0,3.0,19.0,15.0,2.0,0.0074367873078829945,46.0,50.0,0.16666666666666666,1.0213607594936709,0.12678263888888888,yes
20241116104822707_sardine_good_(1).png,yes,19.0,3.0,20.0,15.0,2.0,0.0074367873078829945,49.0,48.0,0.15789473684210525,1.0176360225140713,0.12174243055555556,yes
20241116104835544_sardine_good_(0).png,yes,18.0,5.0,19.0,15.0,3.0,0.007816571130797291,47.0,52.0,0.2777777777777778,1.0404672507300792,0.11889222222222222,yes
20241116104835544_sardine_good_(1).png,yes,18.0,4.0,18.0,15.0,3.0,0.007816571130797291,44.0,44.0,0.2222222222222222,1.028005170185265,0.10030361111111111,yes
20241116104902294_sardine_good_(0).png,yes,19.0,4.0,20.0,15.0,2.0,0.007587253414264037,48.0,52.0,0.21052631578947367,1.0229797012638835,0.12590597222222222,yes
20241116104902294_sardine_good_(1).png,yes,16.0,3.0,16.0,15.0,2.0,0.007587253414264037,37.0,43.0,0.1875,1.0272556390977443,0.10602659722222223,yes
20241116105329252_sardine_good_(0).png,yes,19.0,5.0,19.0,15.0,3.0,0.007878151260504201,46.0,45.0,0.2631578947368421,1.0395550061804697,0.10266972222222222,yes
20241116105329252_sardine_good_(1).png,yes,18.0,3.0,19.0,15.0,3.0,0.007878151260504201,47.0,48.0,0.16666666666666666,1.0195344970906068,0.10846055555555556,yes
20241119090346233_sardine_good.jpeg,yes,,,,,,,,,,,,no
20241119090359309_sardine_good.jpeg,yes,,,,,,,,,,,,no
20241119090413948_sardine_good.jpeg,yes,,,,,,,,,,,,no
20241119090430002_sardine_good.jpeg,yes,,,,,,,,,,,,no
20241119090443395_sardine_good.jpeg,yes,,,,,,,,,,,,no
20241119090510770_sardine_good.jpeg,yes,,,,,,,,,,,,no
20241119090527042_sardine_good_(0).png,yes,17.0,4.0,17.0,15.0,1.0,0.007696254489481785,40.0,43.0,0.23529411764705882,1.030616839261594,0.102605625,yes
20241119090527042_sardine_good_(1).png,yes,16.0,3.0,17.0,15.0,1.0,0.007696254489481785,41.0,42.0,0.1875,1.0228728270814273,0.10001,yes
20241119090541685_sardine_good_(0).png,yes,18.0,4.0,19.0,15.0,3.0,0.007869884575026232,47.0,43.0,0.2222222222222222,1.0257710181664554,0.09836847222222223,yes
20241119090541685_sardine_good_(1).png,yes,18.0,3.0,18.0,15.0,3.0,0.007869884575026232,44.0,40.0,0.16666666666666666,1.0226086956521738,0.09088777777777778,yes
20241119090601021_sardine_good_(0).png,yes,19.0,5.0,20.0,15.0,2.0,0.007841087297438577,48.0,47.0,0.2631578947368421,1.0367528271405493,0.107095,yes
20241119090601021_sardine_good_(1).png,yes,17.0,4.0,18.0,15.0,2.0,0.007841087297438577,43.0,41.0,0.23529411764705882,1.0313620071684588,0.09315284722222222,yes
20241119090603142_sardine_good_(0).png,yes,19.0,5.0,20.0,15.0,2.0,0.007841087297438577,48.0,47.0,0.2631578947368421,1.0367528271405493,0.107095,yes
20241119090603142_sardine_good_(1).png,yes,17.0,4.0,18.0,15.0,2.0,0.007841087297438577,43.0,41.0,0.23529411764705882,1.0313620071684588,0.09315284722222222,yes
20241119090605352_sardine_good_(0).png,yes,19.0,5.0,20.0,15.0,2.0,0.007841087297438577,48.0,47.0,0.2631578947368421,1.0367528271405493,0.107095,yes
20241119090605352_sardine_good_(1).png,yes,17.0,4.0,18.0,15.0,2.0,0.007841087297438577,43.0,41.0,0.23529411764705882,1.0313620071684588,0.09315284722222222,yes
20241119090615478_sardine_good_(0).png,yes,18.0,4.0,19.0,15.0,2.0,0.007579585649317837,46.0,45.0,0.2222222222222222,1.031941031941032,0.11074798611111111,yes
20241119090615478_sardine_good_(1).png,yes,17.0,4.0,18.0,15.0,2.0,0.007579585649317837,44.0,41.0,0.23529411764705882,1.0253110253110254,0.10142881944444444,yes
20241119090657677_sardine_good.jpeg,yes,,,,,,,,,,,,no
20241119090710511_sardine_good_(0).png,yes,18.0,4.0,18.0,15.0,2.0,0.007170172084130019,46.0,43.0,0.2222222222222222,1.0292143703118832,0.11750111111111111,yes
20241119090710511_sardine_good_(1).png,yes,19.0,4.0,19.0,15.0,2.0,0.007170172084130019,48.0,48.0,0.21052631578947367,1.0263653483992468,0.13211111111111112,yes
20241119090725464_sardine_good_(0).png,yes,18.0,4.0,18.0,15.0,1.0,0.007173601147776184,45.0,45.0,0.2222222222222222,1.0309278350515463,0.12146659722222222,yes
20241119090725464_sardine_good_(1).png,yes,18.0,3.0,18.0,15.0,1.0,0.007173601147776184,44.0,40.0,0.16666666666666666,1.0163216560509554,0.11052180555555556,yes
20241119090738745_sardine_good_(0).png,yes,17.0,4.0,18.0,15.0,1.0,0.00715307582260372,44.0,39.0,0.23529411764705882,1.034412955465587,0.10615430555555555,yes
20241119090738745_sardine_good_(1).png,yes,18.0,4.0,19.0,15.0,1.0,0.00715307582260372,45.0,45.0,0.2222222222222222,1.0257692307692308,0.12473701388888889,yes
20241119090800954_sardine_good.jpeg,yes,,,,,,,,,,,,no
20241119090805316_sardine_good.jpeg,yes,,,,,,,,,,,,no
20241119090810189_sardine_good.jpeg,yes,,,,,,,,,,,,no
20241119090827106_sardine_good_(0).png,yes,17.0,4.0,18.0,15.0,1.0,0.007462686567164179,42.0,44.0,0.23529411764705882,1.0342319212665811,0.109936875,yes
20241119090827106_sardine_good_(1).png,yes,16.0,4.0,17.0,15.0,1.0,0.007462686567164179,42.0,41.0,0.25,1.0364536453645365,0.10242111111111112,yes
20241119090840401_sardine_good_(0).png,yes,17.0,5.0,18.0,15.0,2.0,0.007392804337111878,44.0,40.0,0.29411764705882354,1.0420382165605095,0.10282361111111112,yes
20241119090840401_sardine_good_(1).png,yes,18.0,4.0,18.0,15.0,2.0,0.007392804337111878,46.0,44.0,0.2222222222222222,1.0272912423625256,0.11384479166666667,yes
20241119090853464_sardine_good.jpeg,yes,,,,,,,,,,,,no
20241119090915226_sardine_good.jpeg,yes,,,,,,,,,,,,no
20241119090927460_sardine_good_(0).png,yes,17.0,4.0,17.0,15.0,2.0,0.007911392405063292,43.0,42.0,0.23529411764705882,1.0274977085242896,0.09345868055555556,yes
20241119090927460_sardine_good_(1).png,yes,17.0,4.0,18.0,15.0,2.0,0.007911392405063292,44.0,40.0,0.23529411764705882,1.0309278350515463,0.08878444444444444,yes
20241119091147504_sardine_good_(0).png,yes,17.0,3.0,18.0,15.0,1.0,0.007836990595611285,43.0,41.0,0.17647058823529413,1.022566371681416,0.09439875,yes
20241119091147504_sardine_good_(1).png,yes,17.0,4.0,18.0,15.0,1.0,0.007836990595611285,44.0,41.0,0.23529411764705882,1.0297984224364591,0.0932429861111111,yes
20241119091204150_sardine_good.jpeg,yes,,,,,,,,,,,,no
20241119091229444_sardine_good_(0).png,yes,17.0,4.0,18.0,15.0,1.0,0.00757193336698637,44.0,42.0,0.23529411764705882,1.0297542043984476,0.10326493055555555,yes
20241119091229444_sardine_good_(1).png,yes,18.0,3.0,18.0,15.0,1.0,0.00757193336698637,45.0,44.0,0.16666666666666666,1.0211812627291241,0.10774805555555556,yes
20241119091247151_sardine_good.jpeg,yes,,,,,,,,,,,,no
20241119091257989_sardine_good_(0).png,yes,17.0,3.0,18.0,15.0,1.0,0.007414730598121601,43.0,41.0,0.17647058823529413,1.0239294710327456,0.10510652777777778,yes
20241119091257989_sardine_good_(1).png,yes,17.0,4.0,18.0,15.0,1.0,0.007414730598121601,44.0,41.0,0.23529411764705882,1.0251650165016502,0.10375201388888888,yes
20241119091405678_sardine_good.jpeg,yes,,,,,,,,,,,,no
20241119091428449_sardine_good_(0).png,yes,19.0,5.0,19.0,15.0,2.0,0.006880733944954129,47.0,46.0,0.2631578947368421,1.0332856120257694,0.13725409722222223,yes
20241119091428449_sardine_good_(1).png,yes,17.0,3.0,17.0,15.0,2.0,0.006880733944954129,45.0,44.0,0.17647058823529413,1.0248618784530388,0.12997618055555554,yes
20241119091454016_sardine_good_(0).png,yes,17.0,4.0,17.0,15.0,1.0,0.007260406582768635,43.0,41.0,0.23529411764705882,1.0289115646258504,0.10813833333333334,yes
20241119091454016_sardine_good_(1).png,yes,19.0,4.0,20.0,15.0,1.0,0.007260406582768635,46.0,49.0,0.21052631578947367,1.0231532524807057,0.129239375,yes
20241119091505899_sardine_good_(0).png,yes,18.0,4.0,19.0,15.0,1.0,0.007260406582768635,46.0,42.0,0.2222222222222222,1.029874213836478,0.11286604166666667,yes
20241119091505899_sardine_good_(1).png,yes,17.0,4.0,17.0,15.0,1.0,0.007260406582768635,42.0,37.0,0.23529411764705882,1.0295095594347465,0.09957208333333334,yes
20241119091527634_sardine_good_(0).png,yes,18.0,3.0,18.0,15.0,1.0,0.007201152184349496,44.0,47.0,0.16666666666666666,1.0207916833266693,0.12703465277777778,yes
20241119091527634_sardine_good_(1).png,yes,18.0,4.0,19.0,15.0,1.0,0.007201152184349496,45.0,46.0,0.2222222222222222,1.0311647837943125,0.12321590277777777,yes
20241119091544802_sardine_good_(0).png,yes,18.0,3.0,18.0,15.0,2.0,0.007228915662650603,46.0,44.0,0.16666666666666666,1.0204482894219427,0.11947354166666667,yes
20241119091544802_sardine_good_(1).png,yes,19.0,4.0,19.0,15.0,2.0,0.007228915662650603,48.0,45.0,0.21052631578947367,1.024224072672218,0.12167652777777778,yes
20241119091605014_sardine_good_(0).png,yes,17.0,3.0,17.0,15.0,3.0,0.007201152184349496,43.0,42.0,0.17647058823529413,1.021864686468647,0.11364326388888889,yes
20241119091605014_sardine_good_(1).png,yes,17.0,4.0,18.0,15.0,3.0,0.007201152184349496,42.0,46.0,0.23529411764705882,1.0256933115823816,0.12417076388888888,yes
20241119091615372_sardine_good_(0).png,yes,17.0,4.0,17.0,15.0,2.0,0.0076103500761035,43.0,44.0,0.23529411764705882,1.0336832895888013,0.10641055555555555,yes
20241119091615372_sardine_good_(1).png,yes,17.0,4.0,17.0,15.0,2.0,0.0076103500761035,42.0,43.0,0.23529411764705882,1.0274032187907787,0.10496159722222222,yes
20241119091641843_sardine_good_(0).png,yes,17.0,3.0,17.0,15.0,2.0,0.007331378299120235,44.0,37.0,0.17647058823529413,1.0248840151834668,0.09776861111111111,yes
20241119091641843_sardine_good_(1).png,yes,17.0,3.0,17.0,15.0,2.0,0.007331378299120235,43.0,39.0,0.17647058823529413,1.0214195716085679,0.10292861111111111,yes
20241119091658896_sardine_good.jpeg,yes,,,,,,,,,,,,no
20241119091725028_sardine_good_(0).png,yes,18.0,4.0,18.0,15.0,1.0,0.007345739471106758,46.0,44.0,0.2222222222222222,1.0238769728854715,0.11419027777777778,yes
20241119091725028_sardine_good_(1).png,yes,17.0,3.0,18.0,15.0,1.0,0.007345739471106758,44.0,41.0,0.17647058823529413,1.0250521920668059,0.1055779861111111,yes
20241119092051883_sardine_good_(0).png,yes,17.0,4.0,17.0,15.0,1.0,0.007139457401237506,45.0,40.0,0.23529411764705882,1.0343116990491938,0.110465625,yes
20241119092051883_sardine_good_(1).png,yes,17.0,3.0,17.0,15.0,1.0,0.007139457401237506,44.0,37.0,0.17647058823529413,1.0195121951219512,0.10321555555555556,yes
20241119092100888_sardine_good.jpeg,yes,,,,,,,,,,,,no
20241119092112481_sardine_good_(0).png,yes,17.0,3.0,18.0,15.0,1.0,0.007102272727272727,44.0,39.0,0.17647058823529413,1.0192926045016077,0.10950534722222222,yes
20241119092112481_sardine_good_(1).png,yes,17.0,4.0,18.0,15.0,1.0,0.007102272727272727,44.0,42.0,0.23529411764705882,1.0296831127156036,0.1169088888888889,yes
20241119092129578_sardine_good_(0).png,yes,16.0,3.0,16.0,15.0,1.0,0.007204610951008645,39.0,39.0,0.1875,1.025865848312144,0.10631506944444444,yes
20241119092129578_sardine_good_(1).png,yes,16.0,3.0,16.0,15.0,1.0,0.007204610951008645,40.0,37.0,0.1875,1.0268959435626102,0.09961104166666666,yes
20241119092148296_sardine_good_(0).png,yes,17.0,3.0,17.0,15.0,1.0,0.00740009866798224,44.0,41.0,0.17647058823529413,1.025531914893617,0.10443305555555556,yes
20241119092148296_sardine_good_(1).png,yes,17.0,4.0,17.0,15.0,1.0,0.00740009866798224,43.0,37.0,0.23529411764705882,1.0350727117194183,0.09625826388888889,yes
20241119092212528_sardine_good_(0).png,yes,17.0,5.0,18.0,15.0,1.0,0.007473841554559043,45.0,43.0,0.29411764705882354,1.04136460554371,0.10714097222222223,yes
20241119092212528_sardine_good_(1).png,yes,17.0,3.0,17.0,15.0,1.0,0.007473841554559043,40.0,38.0,0.17647058823529413,1.0226109215017065,0.09450180555555555,yes
20241119092213518_sardine_good_(0).png,yes,17.0,5.0,18.0,15.0,1.0,0.007473841554559043,45.0,43.0,0.29411764705882354,1.04136460554371,0.10714097222222223,yes
20241119092213518_sardine_good_(1).png,yes,17.0,3.0,17.0,15.0,1.0,0.007473841554559043,40.0,38.0,0.17647058823529413,1.0226109215017065,0.09450180555555555,yes
20241119092222939_sardine_good_(0).png,yes,18.0,4.0,19.0,15.0,1.0,0.0078125,46.0,44.0,0.2222222222222222,1.0361702127659576,0.10075347222222222,yes
20241119092222939_sardine_good_(1).png,yes,17.0,4.0,18.0,15.0,1.0,0.0078125,44.0,41.0,0.23529411764705882,1.0287610619469028,0.09377756944444444,yes
20241119092239760_sardine_good.jpeg,yes,,,,,,,,,,,,no
20241119092301894_sardine_good.jpeg,yes,,,,,,,,,,,,no
20241119092327817_sardine_good.jpeg,yes,,,,,,,,,,,,no
20241119092344956_sardine_good.jpeg,yes,,,,,,,,,,,,no
20241119092414044_sardine_good_(0).png,yes,18.0,5.0,19.0,15.0,1.0,0.007345739471106758,45.0,45.0,0.2777777777777778,1.0358137684042976,0.11680597222222222,yes
20241119092414044_sardine_good_(1).png,yes,17.0,3.0,17.0,15.0,1.0,0.007345739471106758,43.0,39.0,0.17647058823529413,1.02233676975945,0.10121138888888889,yes
20241119092421290_sardine_good_(0).png,yes,18.0,5.0,19.0,15.0,1.0,0.007345739471106758,45.0,45.0,0.2777777777777778,1.0358137684042976,0.11680597222222222,yes
20241119092421290_sardine_good_(1).png,yes,17.0,3.0,17.0,15.0,1.0,0.007345739471106758,43.0,39.0,0.17647058823529413,1.02233676975945,0.10121138888888889,yes
20241119092422782_sardine_good_(0).png,yes,17.0,3.0,18.0,15.0,2.0,0.007228915662650603,44.0,40.0,0.17647058823529413,1.0240619902120718,0.10829923611111111,yes
20241119092422782_sardine_good_(1).png,yes,16.0,4.0,17.0,15.0,2.0,0.007228915662650603,42.0,36.0,0.25,1.0282413350449293,0.09664006944444445,yes
20241119092440085_sardine_good_(0).png,yes,16.0,3.0,16.0,15.0,1.0,0.007940709370037057,42.0,40.0,0.1875,1.0282238442822385,0.08921645833333333,yes
20241119092440085_sardine_good_(1).png,yes,17.0,3.0,18.0,15.0,1.0,0.007940709370037057,43.0,44.0,0.17647058823529413,1.0191281138790036,0.09702319444444445,yes
20241119092451214_sardine_good_(0).png,yes,15.0,4.0,15.0,15.0,2.0,0.007042253521126761,38.0,32.0,0.26666666666666666,1.0374942844078647,0.08974527777777777,yes
20241119092451214_sardine_good_(1).png,yes,15.0,3.0,16.0,15.0,2.0,0.007042253521126761,39.0,36.0,0.2,1.0204081632653061,0.10286840277777778,yes
20241119092504240_sardine_good.jpeg,yes,,,,,,,,,,,,no
20241119092525785_sardine_good_(0).png,yes,16.0,4.0,17.0,15.0,2.0,0.007190795781399808,41.0,39.0,0.25,1.0403508771929824,0.10598972222222222,yes
20241119092525785_sardine_good_(1).png,yes,17.0,3.0,18.0,15.0,2.0,0.007190795781399808,44.0,44.0,0.17647058823529413,1.0216,0.11835055555555556,yes
20241119092544477_sardine_good_(0).png,yes,15.0,5.0,15.0,15.0,2.0,0.007625826131164209,37.0,35.0,0.3333333333333333,1.0650737163192678,0.08496125,yes
20241119092544477_sardine_good_(1).png,yes,17.0,3.0,17.0,15.0,2.0,0.007625826131164209,43.0,39.0,0.17647058823529413,1.0209515495416848,0.09451986111111112,yes
20241119092557194_sardine_good.jpeg,yes,,,,,,,,,,,,no
20241119092617182_sardine_good.jpeg,yes,,,,,,,,,,,,no
20241119092618527_sardine_good.jpeg,yes,,,,,,,,,,,,no
20241119092619654_sardine_good.jpeg,yes,,,,,,,,,,,,no
20241119092631735_sardine_good_(0).png,yes,16.0,3.0,16.0,15.0,2.0,0.0073782587309394985,40.0,41.0,0.1875,1.024085637823372,0.10610423611111111,yes
20241119092631735_sardine_good_(1).png,yes,17.0,3.0,17.0,15.0,2.0,0.0073782587309394985,42.0,44.0,0.17647058823529413,1.022923875432526,0.11420916666666667,yes
20241119092646653_sardine_good_(0).png,yes,18.0,4.0,19.0,15.0,3.0,0.007338551859099804,47.0,47.0,0.2222222222222222,1.0258987243911868,0.12252840277777778,yes
20241119092646653_sardine_good_(1).png,yes,17.0,5.0,18.0,15.0,3.0,0.007338551859099804,43.0,43.0,0.29411764705882354,1.0432073120066472,0.11255180555555555,yes
20241119092647534_sardine_good_(0).png,yes,18.0,4.0,19.0,15.0,3.0,0.007338551859099804,47.0,47.0,0.2222222222222222,1.0258987243911868,0.12252840277777778,yes
20241119092647534_sardine_good_(1).png,yes,17.0,5.0,18.0,15.0,3.0,0.007338551859099804,43.0,43.0,0.29411764705882354,1.0432073120066472,0.11255180555555555,yes
20241119092700915_sardine_good_(0).png,yes,17.0,3.0,18.0,15.0,1.0,0.007861635220125786,44.0,43.0,0.17647058823529413,1.018348623853211,0.09752090277777778,yes
20241119092700915_sardine_good_(1).png,yes,18.0,3.0,18.0,15.0,1.0,0.007861635220125786,46.0,46.0,0.16666666666666666,1.0200511945392492,0.10373243055555556,yes
20241119092714070_sardine_good.jpeg,yes,,,,,,,,,,,,no
20241119093246801_sardine_good_(0).png,yes,18.0,5.0,19.0,15.0,1.0,0.007285089849441476,46.0,45.0,0.2777777777777778,1.0366614664586584,0.11816173611111111,yes
20241119093246801_sardine_good_(1).png,yes,17.0,3.0,18.0,15.0,1.0,0.007285089849441476,43.0,43.0,0.17647058823529413,1.0213903743315509,0.11340006944444445,yes
20241119093259091_sardine_good_(0).png,yes,16.0,4.0,17.0,15.0,2.0,0.007537688442211055,42.0,42.0,0.25,1.0275678079146287,0.10473548611111111,yes
20241119093259091_sardine_good_(1).png,yes,16.0,4.0,17.0,15.0,2.0,0.007537688442211055,41.0,38.0,0.25,1.0365965233302836,0.0945625,yes
20241119093315020_sardine_good.jpeg,yes,,,,,,,,,,,,no
20241119093335849_sardine_good_(0).png,yes,16.0,3.0,16.0,15.0,4.0,0.007974481658692184,40.0,40.0,0.1875,1.0252225519287834,0.088235,yes
20241119093335849_sardine_good_(1).png,yes,17.0,4.0,18.0,15.0,4.0,0.007974481658692184,45.0,44.0,0.23529411764705882,1.0368561278863233,0.09783402777777778,yes
20241119093346887_sardine_good.jpeg,yes,,,,,,,,,,,,no
20241119093406170_sardine_good_(0).png,yes,16.0,3.0,17.0,15.0,1.0,0.007102272727272727,42.0,38.0,0.1875,1.0202959830866807,0.10684277777777777,yes
20241119093406170_sardine_good_(1).png,yes,16.0,3.0,17.0,15.0,1.0,0.007102272727272727,42.0,39.0,0.1875,1.023037542662116,0.10760673611111111,yes
20241119093427560_sardine_good_(0).png,yes,17.0,4.0,18.0,15.0,3.0,0.007407407407407408,43.0,39.0,0.23529411764705882,1.0319461958806222,0.10012444444444445,yes
20241119093427560_sardine_good_(1).png,yes,17.0,3.0,17.0,15.0,3.0,0.007407407407407408,44.0,37.0,0.17647058823529413,1.0239931448157669,0.09390881944444444,yes
20241119093429481_sardine_good_(0).png,yes,17.0,4.0,18.0,15.0,3.0,0.007407407407407408,43.0,39.0,0.23529411764705882,1.0319461958806222,0.10012444444444445,yes
20241119093429481_sardine_good_(1).png,yes,17.0,3.0,17.0,15.0,3.0,0.007407407407407408,44.0,37.0,0.17647058823529413,1.0239931448157669,0.09390881944444444,yes
20241119093430267_sardine_good_(0).png,yes,17.0,4.0,18.0,15.0,3.0,0.007407407407407408,43.0,39.0,0.23529411764705882,1.0319461958806222,0.10012444444444445,yes
20241119093430267_sardine_good_(1).png,yes,17.0,3.0,17.0,15.0,3.0,0.007407407407407408,44.0,37.0,0.17647058823529413,1.0239931448157669,0.09390881944444444,yes
20241119093502324_sardine_good_(0).png,yes,16.0,4.0,17.0,15.0,1.0,0.007466401194624191,40.0,42.0,0.25,1.0292812777284828,0.10480243055555556,yes
20241119093502324_sardine_good_(1).png,yes,17.0,2.0,17.0,15.0,1.0,0.007466401194624191,41.0,35.0,0.11764705882352941,1.0117746005046258,0.08903479166666667,yes
20241119093519931_sardine_good_(0).png,yes,17.0,4.0,17.0,15.0,1.0,0.0075681130171543895,42.0,42.0,0.23529411764705882,1.0284090909090908,0.10192263888888889,yes
20241119093519931_sardine_good_(1).png,yes,17.0,3.0,17.0,15.0,1.0,0.0075681130171543895,43.0,44.0,0.17647058823529413,1.0221932114882506,0.1087275,yes
20241119093531902_sardine_good.jpeg,yes,,,,,,,,,,,,no
20241119093547820_sardine_good_(0).png,yes,16.0,4.0,17.0,15.0,1.0,0.007374631268436578,40.0,40.0,0.25,1.0335073977371627,0.10405958333333333,yes
20241119093547820_sardine_good_(1).png,yes,18.0,4.0,18.0,15.0,1.0,0.007374631268436578,44.0,44.0,0.2222222222222222,1.0349537967055042,0.11382416666666667,yes
20241119093600160_sardine_good_(0).png,yes,17.0,3.0,18.0,15.0,2.0,0.007242877836793819,44.0,45.0,0.17647058823529413,1.0234438156831043,0.12026319444444444,yes
20241119093600160_sardine_good_(1).png,yes,16.0,3.0,16.0,15.0,2.0,0.007242877836793819,40.0,38.0,0.1875,1.020704845814978,0.1019217361111111,yes
20241119093615025_sardine_good_(0).png,yes,19.0,4.0,19.0,15.0,2.0,0.008305647840531562,47.0,46.0,0.21052631578947367,1.0309503051438536,0.09278784722222222,yes
20241119093615025_sardine_good_(1).png,yes,19.0,4.0,19.0,15.0,2.0,0.008305647840531562,48.0,45.0,0.21052631578947367,1.0249355116079106,0.09151840277777777,yes
20241119093634722_sardine_good_(0).png,yes,17.0,5.0,18.0,15.0,1.0,0.007841087297438577,44.0,41.0,0.29411764705882354,1.0551470588235294,0.09412166666666667,yes
20241119093634722_sardine_good_(1).png,yes,16.0,3.0,17.0,15.0,1.0,0.007841087297438577,42.0,44.0,0.1875,1.0255576208178439,0.09972458333333334,yes
20241119093701162_sardine_good_(0).png,yes,17.0,3.0,17.0,15.0,1.0,0.006925207756232687,44.0,41.0,0.17647058823529413,1.0185039370078741,0.11920319444444444,yes
20241119093701162_sardine_good_(1).png,yes,17.0,4.0,18.0,15.0,1.0,0.006925207756232687,45.0,43.0,0.23529411764705882,1.036116504854369,0.12517340277777778,yes
20241119093702614_sardine_good_(0).png,yes,17.0,3.0,17.0,15.0,1.0,0.006925207756232687,44.0,41.0,0.17647058823529413,1.0185039370078741,0.11920319444444444,yes
20241119093702614_sardine_good_(1).png,yes,17.0,4.0,18.0,15.0,1.0,0.006925207756232687,45.0,43.0,0.23529411764705882,1.036116504854369,0.12517340277777778,yes
20241119093711037_sardine_good_(0).png,yes,18.0,3.0,18.0,15.0,1.0,0.007820646506777894,45.0,46.0,0.16666666666666666,1.0197728228859908,0.10484520833333333,yes
20241119093711037_sardine_good_(1).png,yes,18.0,5.0,19.0,15.0,1.0,0.007820646506777894,45.0,41.0,0.2777777777777778,1.0379426644182124,0.09417173611111111,yes
20241119093723485_sardine_good_(0).png,yes,17.0,5.0,18.0,15.0,2.0,0.008187772925764192,42.0,40.0,0.29411764705882354,1.0393953275309207,0.08374618055555555,yes
20241119093723485_sardine_good_(1).png,yes,18.0,4.0,18.0,15.0,2.0,0.008187772925764192,47.0,45.0,0.2222222222222222,1.025720620842572,0.09359958333333333,yes
20241119093743366_sardine_good.jpeg,yes,,,,,,,,,,,,no
20241119093814583_sardine_good.jpeg,yes,,,,,,,,,,,,no
20241119093836377_sardine_good_(0).png,yes,19.0,3.0,19.0,15.0,2.0,0.007139457401237506,47.0,52.0,0.15789473684210525,1.0192023633677991,0.14190020833333333,yes
20241119093836377_sardine_good_(1).png,yes,17.0,4.0,18.0,15.0,2.0,0.007139457401237506,42.0,40.0,0.23529411764705882,1.0315151515151515,0.11118659722222222,yes
20241119094012662_sardine_good_(0).png,yes,18.0,3.0,18.0,15.0,2.0,0.007349338559529643,44.0,48.0,0.16666666666666666,1.0214541120381406,0.1248654861111111,yes
20241119094012662_sardine_good_(1).png,yes,17.0,3.0,17.0,15.0,2.0,0.007349338559529643,42.0,42.0,0.17647058823529413,1.0193439865433138,0.10946048611111112,yes
20241119094214996_sardine_good_(0).png,yes,16.0,3.0,17.0,15.0,2.0,0.006762849413886384,41.0,40.0,0.1875,1.0219385719984044,0.12310013888888889,yes
20241119094214996_sardine_good_(1).png,yes,18.0,3.0,18.0,15.0,2.0,0.006762849413886384,45.0,45.0,0.16666666666666666,1.020007410151908,0.13843930555555556,yes
20241121093344511_sardine_good_(0).png,yes,17.0,4.0,18.0,15.0,3.0,0.007338551859099804,42.0,44.0,0.23529411764705882,1.0322040987034713,0.11554118055555555,yes
20241121093344511_sardine_good_(1).png,yes,17.0,4.0,18.0,15.0,3.0,0.007338551859099804,42.0,42.0,0.23529411764705882,1.0295956648603586,0.11025270833333334,yes
20241121093412147_sardine_good_(0).png,yes,17.0,3.0,17.0,15.0,2.0,0.007407407407407408,44.0,45.0,0.17647058823529413,1.0250973604500215,0.116203125,yes
20241121093412147_sardine_good_(1).png,yes,19.0,5.0,20.0,15.0,2.0,0.007407407407407408,47.0,49.0,0.2631578947368421,1.043609022556391,0.12570958333333335,yes
20241121093427140_sardine_good_(0).png,yes,18.0,4.0,18.0,15.0,3.0,0.0078003120124804995,45.0,49.0,0.2222222222222222,1.02701561840439,0.11248833333333333,yes
20241121093427140_sardine_good_(1).png,yes,16.0,4.0,16.0,15.0,3.0,0.0078003120124804995,41.0,36.0,0.25,1.043499275012083,0.08439618055555556,yes
20241121093430637_sardine_good_(0).png,yes,18.0,4.0,18.0,15.0,3.0,0.0078003120124804995,45.0,49.0,0.2222222222222222,1.02701561840439,0.11248833333333333,yes
20241121093430637_sardine_good_(1).png,yes,16.0,4.0,16.0,15.0,3.0,0.0078003120124804995,41.0,36.0,0.25,1.043499275012083,0.08439618055555556,yes
20241121093541545_sardine_good_(0).png,yes,17.0,4.0,18.0,15.0,1.0,0.007587253414264037,41.0,45.0,0.23529411764705882,1.028144989339019,0.10913916666666666,yes
20241121093541545_sardine_good_(1).png,yes,16.0,4.0,17.0,15.0,1.0,0.007587253414264037,41.0,37.0,0.25,1.03281677301732,0.08975652777777778,yes
20241121093649719_sardine_good_(0).png,yes,19.0,4.0,20.0,15.0,1.0,0.007579585649317837,47.0,48.0,0.21052631578947367,1.0260396424407308,0.1163,yes
20241121093649719_sardine_good_(1).png,yes,18.0,3.0,18.0,15.0,1.0,0.007579585649317837,44.0,47.0,0.16666666666666666,1.0214168039538716,0.11574326388888889,yes
20241121093702498_sardine_good.jpeg,yes,,,,,,,,,,,,no
20241121093721680_sardine_good.jpeg,yes,,,,,,,,,,,,no
20241121093800504_sardine_good.jpeg,yes,,,,,,,,,,,,no
20241121093810418_sardine_good_(0).png,yes,16.0,3.0,16.0,15.0,1.0,0.007422068283028204,41.0,39.0,0.1875,1.0178332590280874,0.09841277777777778,yes
20241121093810418_sardine_good_(1).png,yes,17.0,3.0,17.0,15.0,1.0,0.007422068283028204,40.0,38.0,0.17647058823529413,1.0208333333333333,0.09746819444444445,yes
20241121093823056_sardine_good_(0).png,yes,17.0,3.0,17.0,15.0,1.0,0.007928118393234672,43.0,48.0,0.17647058823529413,1.0237551393330289,0.107581875,yes
20241121093823056_sardine_good_(1).png,yes,19.0,4.0,20.0,15.0,1.0,0.007928118393234672,47.0,46.0,0.21052631578947367,1.0261569416498995,0.103295625,yes
20241121093926283_sardine_good.jpeg,yes,,,,,,,,,,,,no
20241121093928703_sardine_good_(0).png,yes,18.0,3.0,18.0,15.0,2.0,0.007190795781399808,44.0,44.0,0.16666666666666666,1.0188014101057579,0.11938569444444444,yes
20241121093928703_sardine_good_(1).png,yes,17.0,4.0,18.0,15.0,2.0,0.007190795781399808,44.0,47.0,0.23529411764705882,1.0258377069035123,0.1286225,yes
20241121094004546_sardine_good_(0).png,yes,18.0,3.0,18.0,15.0,2.0,0.007190795781399808,44.0,44.0,0.16666666666666666,1.0188014101057579,0.11938569444444444,yes
20241121094004546_sardine_good_(1).png,yes,17.0,4.0,18.0,15.0,2.0,0.007190795781399808,44.0,47.0,0.23529411764705882,1.0258377069035123,0.1286225,yes
20241121094311503_sardine_good_(0).png,yes,18.0,5.0,19.0,15.0,1.0,0.00782472613458529,46.0,52.0,0.2777777777777778,1.0369426751592357,0.11819243055555556,yes
20241121094311503_sardine_good_(1).png,yes,19.0,4.0,19.0,15.0,1.0,0.00782472613458529,48.0,48.0,0.21052631578947367,1.0209508460918615,0.11074479166666666,yes
20241121094326913_sardine_good.jpeg,yes,,,,,,,,,,,,no
20241121094329923_sardine_good.jpeg,yes,,,,,,,,,,,,no
20241121094336579_sardine_good.jpeg,yes,,,,,,,,,,,,no
20241121094352028_sardine_good.jpeg,yes,,,,,,,,,,,,no
20241121094353317_sardine_good.jpeg,yes,,,,,,,,,,,,no
20241121094401089_sardine_good.jpeg,yes,,,,,,,,,,,,no
20241121094412426_sardine_good.jpeg,yes,,,,,,,,,,,,no
20241121094422983_sardine_good.jpeg,yes,,,,,,,,,,,,no
20241121094440073_sardine_good.jpeg,yes,,,,,,,,,,,,no
20241121094441311_sardine_good.jpeg,yes,,,,,,,,,,,,no
20241121094449284_sardine_good_(0).png,yes,18.0,4.0,19.0,15.0,2.0,0.007625826131164209,44.0,45.0,0.2222222222222222,1.032507110930516,0.10889180555555555,yes
20241121094449284_sardine_good_(1).png,yes,18.0,4.0,18.0,15.0,2.0,0.007625826131164209,45.0,52.0,0.2222222222222222,1.0279399499582986,0.12444701388888889,yes
20241121094506598_sardine_good.jpeg,yes,,,,,,,,,,,,no
20241121094508630_sardine_good.jpeg,yes,,,,,,,,,,,,no
20241121094516235_sardine_good_(0).png,yes,19.0,4.0,20.0,15.0,3.0,0.008319467554076539,48.0,52.0,0.21052631578947367,1.0230511316010058,0.1063445138888889,yes
20241121094516235_sardine_good_(1).png,yes,19.0,4.0,20.0,15.0,3.0,0.008319467554076539,48.0,53.0,0.21052631578947367,1.0233347475604582,0.10741534722222222,yes
20241121094527476_sardine_good.jpeg,yes,,,,,,,,,,,,no
20241121094539691_sardine_good.jpeg,yes,,,,,,,,,,,,no
20241121094556202_sardine_good_(0).png,yes,17.0,3.0,17.0,15.0,2.0,0.0071056371387967785,41.0,36.0,0.17647058823529413,1.0213727907932593,0.100015625,yes
20241121094556202_sardine_good_(1).png,yes,17.0,4.0,17.0,15.0,2.0,0.0071056371387967785,43.0,44.0,0.23529411764705882,1.026573998364677,0.12288027777777778,yes
20241121094558879_sardine_good_(0).png,yes,17.0,3.0,17.0,15.0,2.0,0.0071056371387967785,41.0,36.0,0.17647058823529413,1.0213727907932593,0.100015625,yes
20241121094558879_sardine_good_(1).png,yes,17.0,4.0,17.0,15.0,2.0,0.0071056371387967785,43.0,44.0,0.23529411764705882,1.026573998364677,0.12288027777777778,yes
20241121094605407_sardine_good.jpeg,yes,,,,,,,,,,,,no
20241121094623035_sardine_good.jpeg,yes,,,,,,,,,,,,no
20241121094631066_sardine_good.jpeg,yes,,,,,,,,,,,,no
20241121094642388_sardine_good.jpeg,yes,,,,,,,,,,,,no
20241121094653982_sardine_good_(0).png,yes,17.0,5.0,18.0,15.0,5.0,0.007545271629778672,43.0,45.0,0.29411764705882354,1.048471615720524,0.11200027777777778,yes
20241121094653982_sardine_good_(1).png,yes,17.0,3.0,17.0,15.0,5.0,0.007545271629778672,42.0,42.0,0.17647058823529413,1.0258999122036874,0.10322583333333334,yes
20241121094710419_sardine_good_(0).png,yes,17.0,4.0,18.0,15.0,2.0,0.007780082987551867,42.0,40.0,0.23529411764705882,1.0333185250999555,0.09180951388888889,yes
20241121094710419_sardine_good_(1).png,yes,18.0,4.0,19.0,15.0,2.0,0.007780082987551867,47.0,46.0,0.2222222222222222,1.0291461412151068,0.106625,yes
20241121094718555_sardine_good_(0).png,yes,18.0,3.0,18.0,15.0,2.0,0.007313505607020965,43.0,43.0,0.16666666666666666,1.0206431123461692,0.11238243055555555,yes
20241121094718555_sardine_good_(1).png,yes,18.0,4.0,18.0,15.0,2.0,0.007313505607020965,44.0,49.0,0.2222222222222222,1.0299837925445705,0.12825555555555557,yes
20241121094730057_sardine_good.jpeg,yes,,,,,,,,,,,,no
20241121094915532_sardine_good.jpeg,yes,,,,,,,,,,,,no
20241121094930600_sardine_good.jpeg,yes,,,,,,,,,,,,no
20241121094944094_sardine_good.jpeg,yes,,,,,,,,,,,,no
20241121094952835_sardine_good.jpeg,yes,,,,,,,,,,,,no
20241121095004474_sardine_good.jpeg,yes,,,,,,,,,,,,no
20241121095021666_sardine_good.jpeg,yes,,,,,,,,,,,,no
20241121095030295_sardine_good.jpeg,yes,,,,,,,,,,,,no
20241121095040950_sardine_good.jpeg,yes,,,,,,,,,,,,no
20241121095053509_sardine_good_(0).png,yes,16.0,5.0,16.0,15.0,2.0,0.008134490238611713,41.0,34.0,0.3125,1.0487927565392354,0.07334291666666666,yes
20241121095053509_sardine_good_(1).png,yes,16.0,6.0,17.0,15.0,2.0,0.008134490238611713,39.0,37.0,0.375,1.070141256697516,0.0793438888888889,yes
20241121095109435_sardine_good_(0).png,yes,18.0,5.0,19.0,15.0,2.0,0.007716049382716049,46.0,43.0,0.2777777777777778,1.0381426202321724,0.10237777777777778,yes
20241121095109435_sardine_good_(1).png,yes,18.0,3.0,19.0,15.0,2.0,0.007716049382716049,46.0,43.0,0.16666666666666666,1.0192939244663382,0.1025275,yes
20241121095110114_sardine_good_(0).png,yes,18.0,5.0,19.0,15.0,2.0,0.007716049382716049,46.0,43.0,0.2777777777777778,1.0381426202321724,0.10237777777777778,yes
20241121095110114_sardine_good_(1).png,yes,18.0,3.0,19.0,15.0,2.0,0.007716049382716049,46.0,43.0,0.16666666666666666,1.0192939244663382,0.1025275,yes
20241121095119749_sardine_good_(0).png,yes,17.0,4.0,18.0,15.0,1.0,0.0076103500761035,45.0,44.0,0.23529411764705882,1.028462192013594,0.10729805555555555,yes
20241121095119749_sardine_good_(1).png,yes,19.0,3.0,19.0,15.0,1.0,0.0076103500761035,47.0,48.0,0.15789473684210525,1.020882584712372,0.11533145833333333,yes
20241121095136041_sardine_good_(0).png,yes,18.0,4.0,19.0,15.0,1.0,0.007218479307025986,45.0,50.0,0.2222222222222222,1.0227623456790123,0.13579965277777778,yes
20241121095136041_sardine_good_(1).png,yes,17.0,3.0,17.0,15.0,1.0,0.007218479307025986,42.0,43.0,0.17647058823529413,1.0217118997912318,0.11561527777777778,yes
20241121095145903_sardine_good_(0).png,yes,18.0,4.0,19.0,15.0,2.0,0.007492507492507493,46.0,49.0,0.2222222222222222,1.0309859154929577,0.12165451388888888,yes
20241121095145903_sardine_good_(1).png,yes,17.0,5.0,17.0,15.0,2.0,0.007492507492507493,42.0,42.0,0.29411764705882354,1.0418848167539267,0.10538944444444444,yes
20241121095155615_sardine_good_(0).png,yes,18.0,6.0,19.0,15.0,1.0,0.00741839762611276,44.0,46.0,0.3333333333333333,1.055941200489996,0.11686152777777778,yes
20241121095155615_sardine_good_(1).png,yes,16.0,3.0,16.0,15.0,1.0,0.00741839762611276,40.0,39.0,0.1875,1.0292237442922374,0.09996541666666667,yes
20241121095211046_sardine_good_(0).png,yes,16.0,5.0,17.0,15.0,1.0,0.007129277566539924,42.0,40.0,0.3125,1.0578969774372073,0.11168131944444444,yes
20241121095211046_sardine_good_(1).png,yes,16.0,4.0,17.0,15.0,1.0,0.007129277566539924,40.0,41.0,0.25,1.0344382264313388,0.11403666666666666,yes
20241121095234892_sardine_good.jpeg,yes,,,,,,,,,,,,no
20241121095236014_sardine_good.jpeg,yes,,,,,,,,,,,,no
20241121095236445_sardine_good.jpeg,yes,,,,,,,,,,,,no
20241121095246561_sardine_good_(0).png,yes,18.0,4.0,18.0,15.0,2.0,0.0076726342710997444,45.0,43.0,0.2222222222222222,1.0250105977108945,0.10277409722222222,yes
20241121095246561_sardine_good_(1).png,yes,19.0,3.0,19.0,15.0,2.0,0.0076726342710997444,48.0,46.0,0.15789473684210525,1.0207419226166734,0.11068715277777778,yes
20241121095301184_sardine_good_(0).png,yes,15.0,4.0,16.0,15.0,3.0,0.007982969664715274,40.0,41.0,0.26666666666666666,1.0460829493087558,0.09055590277777778,yes
20241121095301184_sardine_good_(1).png,yes,17.0,6.0,18.0,15.0,3.0,0.007982969664715274,44.0,47.0,0.35294117647058826,1.0597147950089127,0.10367166666666666,yes
20241121095302390_sardine_good_(0).png,yes,15.0,4.0,16.0,15.0,3.0,0.007982969664715274,40.0,41.0,0.26666666666666666,1.0460829493087558,0.09055590277777778,yes
20241121095302390_sardine_good_(1).png,yes,17.0,6.0,18.0,15.0,3.0,0.007982969664715274,44.0,47.0,0.35294117647058826,1.0597147950089127,0.10367166666666666,yes
20241121095310648_sardine_good_(0).png,yes,19.0,6.0,20.0,15.0,2.0,0.007302823758519961,56.0,51.0,0.3157894736842105,1.0479788439743105,0.13431777777777779,yes
20241121095310648_sardine_good_(1).png,yes,17.0,4.0,18.0,15.0,2.0,0.007302823758519961,45.0,43.0,0.23529411764705882,1.0396328744263663,0.11245694444444444,yes
20241121095324358_sardine_good_(0).png,yes,19.0,4.0,19.0,15.0,2.0,0.007739938080495356,46.0,46.0,0.21052631578947367,1.0218949044585988,0.10725048611111111,yes
20241121095324358_sardine_good_(1).png,yes,20.0,6.0,21.0,15.0,2.0,0.007739938080495356,52.0,55.0,0.3,1.0536786786786787,0.1276892361111111,yes
20241121095342321_sardine_good.jpeg,yes,,,,,,,,,,,,no
20241121095401109_sardine_good_(0).png,yes,17.0,4.0,17.0,15.0,1.0,0.007267441860465116,42.0,38.0,0.23529411764705882,1.0327799063431247,0.10247243055555555,yes
20241121095401109_sardine_good_(1).png,yes,17.0,4.0,18.0,15.0,1.0,0.007267441860465116,44.0,40.0,0.23529411764705882,1.0349309504467912,0.10557881944444444,yes
20241121095411240_sardine_good_(0).png,yes,16.0,4.0,17.0,15.0,2.0,0.007641365257259297,41.0,41.0,0.25,1.0349907918968693,0.0984667361111111,yes
20241121095411240_sardine_good_(1).png,yes,16.0,5.0,17.0,15.0,2.0,0.007641365257259297,41.0,39.0,0.3125,1.0592830882352942,0.09385409722222222,yes
20241121095428449_sardine_good_(0).png,yes,18.0,4.0,19.0,15.0,1.0,0.007606490872210953,46.0,49.0,0.2222222222222222,1.024726388325902,0.11884895833333334,yes
20241121095428449_sardine_good_(1).png,yes,16.0,4.0,17.0,15.0,1.0,0.007606490872210953,40.0,37.0,0.25,1.0369173973234886,0.09106909722222223,yes
20241121095439865_sardine_good.jpeg,yes,,,,,,,,,,,,no
20241121095527620_sardine_good_(0).png,yes,17.0,3.0,18.0,15.0,1.0,0.007009345794392523,46.0,43.0,0.17647058823529413,1.0194931773879143,0.12277930555555555,yes
20241121095527620_sardine_good_(1).png,yes,17.0,3.0,17.0,15.0,1.0,0.007009345794392523,43.0,40.0,0.17647058823529413,1.0180144115292233,0.11395291666666667,yes
20241121095815299_sardine_good_(0).png,yes,19.0,4.0,20.0,15.0,1.0,0.00716674629718108,44.0,44.0,0.21052631578947367,1.027951452739978,0.12092444444444445,yes
20241121095815299_sardine_good_(1).png,yes,19.0,4.0,19.0,15.0,1.0,0.00716674629718108,47.0,47.0,0.21052631578947367,1.0218373493975903,0.129653125,yes
20241121095818147_sardine_good_(0).png,yes,19.0,4.0,20.0,15.0,1.0,0.00716674629718108,44.0,44.0,0.21052631578947367,1.027951452739978,0.12092444444444445,yes
20241121095818147_sardine_good_(1).png,yes,19.0,4.0,19.0,15.0,1.0,0.00716674629718108,47.0,47.0,0.21052631578947367,1.0218373493975903,0.129653125,yes
20241121095826430_sardine_good_(0).png,yes,19.0,4.0,20.0,15.0,1.0,0.00716674629718108,44.0,44.0,0.21052631578947367,1.027951452739978,0.12092444444444445,yes
20241121095826430_sardine_good_(1).png,yes,19.0,4.0,19.0,15.0,1.0,0.00716674629718108,47.0,47.0,0.21052631578947367,1.0218373493975903,0.129653125,yes
20241121095837092_sardine_good.jpeg,yes,,,,,,,,,,,,no
20241121095847614_sardine_good_(0).png,yes,17.0,4.0,18.0,15.0,1.0,0.007342143906020558,44.0,45.0,0.23529411764705882,1.0268262484523318,0.11789847222222222,yes
20241121095847614_sardine_good_(1).png,yes,17.0,4.0,18.0,15.0,1.0,0.007342143906020558,44.0,45.0,0.23529411764705882,1.030204081632653,0.11729215277777778,yes
20241121095855696_sardine_good_(0).png,yes,16.0,5.0,17.0,15.0,2.0,0.0075528700906344415,43.0,42.0,0.3125,1.0582740213523132,0.10452569444444444,yes
20241121095855696_sardine_good_(1).png,yes,18.0,4.0,19.0,15.0,2.0,0.0075528700906344415,44.0,52.0,0.2222222222222222,1.0225988700564972,0.12742319444444444,yes
20241121095905857_sardine_good.jpeg,yes,,,,,,,,,,,,no
20241121095915701_sardine_good.jpeg,yes,,,,,,,,,,,,no
20241121095925106_sardine_good_(0).png,yes,17.0,4.0,17.0,15.0,1.0,0.00832870627429206,43.0,44.0,0.23529411764705882,1.0274963820549927,0.08977986111111111,yes
20241121095925106_sardine_good_(1).png,yes,18.0,3.0,19.0,15.0,1.0,0.00832870627429206,46.0,45.0,0.16666666666666666,1.0171579410470744,0.09084388888888889,yes
20241121095932788_sardine_good_(0).png,yes,18.0,5.0,19.0,15.0,1.0,0.007349338559529643,44.0,46.0,0.2777777777777778,1.0425190533493782,0.119264375,yes
20241121095932788_sardine_good_(1).png,yes,16.0,3.0,17.0,15.0,1.0,0.007349338559529643,39.0,36.0,0.1875,1.0206321334503952,0.09499902777777777,yes
20241121095940983_sardine_good.jpeg,yes,,,,,,,,,,,,no
20241121095951525_sardine_good.jpeg,yes,,,,,,,,,,,,no
20241121100004577_sardine_good_(0).png,yes,19.0,5.0,20.0,15.0,2.0,0.007058823529411765,46.0,52.0,0.2631578947368421,1.0398391812865497,0.14583645833333334,yes
20241121100004577_sardine_good_(1).png,yes,18.0,3.0,18.0,15.0,2.0,0.007058823529411765,44.0,46.0,0.16666666666666666,1.0194099378881987,0.12852548611111111,yes
20241121100012330_sardine_good.jpeg,yes,,,,,,,,,,,,no
20241121100012967_sardine_good_(0).png,yes,19.0,5.0,20.0,15.0,2.0,0.007058823529411765,46.0,52.0,0.2631578947368421,1.0398391812865497,0.14583645833333334,yes
20241121100012967_sardine_good_(1).png,yes,18.0,3.0,18.0,15.0,2.0,0.007058823529411765,44.0,46.0,0.16666666666666666,1.0194099378881987,0.12852548611111111,yes
20241121100021131_sardine_good_(0).png,yes,19.0,6.0,20.0,15.0,2.0,0.008017103153393906,47.0,50.0,0.3157894736842105,1.0515507124895223,0.10905291666666667,yes
20241121100021131_sardine_good_(1).png,yes,17.0,3.0,18.0,15.0,2.0,0.008017103153393906,44.0,46.0,0.17647058823529413,1.0196604110813225,0.09957576388888889,yes
20241121100034417_sardine_good.jpeg,yes,,,,,,,,,,,,no
20241121100045212_sardine_good.jpeg,yes,,,,,,,,,,,,no
20241121100055445_sardine_good.jpeg,yes,,,,,,,,,,,,no
20241121100105860_sardine_good_(0).png,yes,17.0,4.0,18.0,15.0,3.0,0.0075,42.0,46.0,0.23529411764705882,1.0292249047013977,0.11522270833333334,yes
20241121100105860_sardine_good_(1).png,yes,18.0,3.0,18.0,15.0,3.0,0.0075,44.0,49.0,0.16666666666666666,1.023370233702337,0.12145048611111112,yes
20241121100114606_sardine_good.jpeg,yes,,,,,,,,,,,,no
20241121100124759_sardine_good.jpeg,yes,,,,,,,,,,,,no
20241121100133604_sardine_good.jpeg,yes,,,,,,,,,,,,no
20241121100146582_sardine_good.jpeg,yes,,,,,,,,,,,,no
20241121100159996_sardine_good.jpeg,yes,,,,,,,,,,,,no
20241121100201295_sardine_good.jpeg,yes,,,,,,,,,,,,no
20241121100210335_sardine_good.jpeg,yes,,,,,,,,,,,,no
20241121100224795_sardine_good.jpeg,yes,,,,,,,,,,,,no
20241121100225258_sardine_good.jpeg,yes,,,,,,,,,,,,no
20241121100228270_sardine_good.jpeg,yes,,,,,,,,,,,,no
20241121100234051_sardine_good_(0).png,yes,17.0,3.0,17.0,15.0,2.0,0.007447864945382324,42.0,42.0,0.17647058823529413,1.0214961306964747,0.10761638888888889,yes
20241121100234051_sardine_good_(1).png,yes,16.0,4.0,17.0,15.0,2.0,0.007447864945382324,41.0,39.0,0.25,1.0292942743009321,0.09985159722222223,yes
20241121100251377_sardine_good.jpeg,yes,,,,,,,,,,,,no
20241126091231091_sardine_good_(0).png,yes,18.0,3.0,18.0,15.0,1.0,0.006996268656716418,46.0,45.0,0.16666666666666666,1.02130898021309,0.12932041666666666,yes
20241126091231091_sardine_good_(1).png,yes,17.0,3.0,17.0,15.0,1.0,0.006996268656716418,43.0,37.0,0.17647058823529413,1.0184590690208668,0.10777701388888888,yes
20241126091241683_sardine_good_(0).png,yes,17.0,4.0,18.0,15.0,1.0,0.007246376811594203,44.0,41.0,0.23529411764705882,1.0359355638166048,0.11012597222222222,yes
20241126091241683_sardine_good_(1).png,yes,20.0,4.0,20.0,15.0,1.0,0.007246376811594203,49.0,48.0,0.2,1.0198627663416395,0.12905027777777778,yes
20241126091258368_sardine_good_(0).png,yes,17.0,4.0,17.0,15.0,1.0,0.007190795781399808,43.0,41.0,0.23529411764705882,1.0302778929904604,0.11243638888888889,yes
20241126091258368_sardine_good_(1).png,yes,17.0,3.0,18.0,15.0,1.0,0.007190795781399808,43.0,40.0,0.17647058823529413,1.0211124644742184,0.10854680555555556,yes
20241126091313065_sardine_good_(0).png,yes,17.0,5.0,18.0,15.0,1.0,0.007102272727272727,42.0,40.0,0.29411764705882354,1.046881207787048,0.11192881944444444,yes
20241126091313065_sardine_good_(1).png,yes,16.0,3.0,16.0,15.0,1.0,0.007102272727272727,40.0,36.0,0.1875,1.0267471958584986,0.10005784722222222,yes
20241126091325942_sardine_good_(0).png,yes,18.0,4.0,19.0,15.0,2.0,0.0075910931174089065,43.0,44.0,0.2222222222222222,1.03297145154805,0.10782631944444444,yes
20241126091325942_sardine_good_(1).png,yes,18.0,3.0,18.0,15.0,2.0,0.0075910931174089065,46.0,46.0,0.16666666666666666,1.0227272727272727,0.11184583333333334,yes
20241126091338124_sardine_good_(0).png,yes,19.0,4.0,19.0,15.0,1.0,0.007136060894386299,48.0,50.0,0.21052631578947367,1.0250936329588014,0.1374282638888889,yes
20241126091338124_sardine_good_(1).png,yes,20.0,4.0,20.0,15.0,1.0,0.007136060894386299,50.0,52.0,0.2,1.0213219616204692,0.14198666666666668,yes
20241126091348603_sardine_good_(0).png,yes,15.0,3.0,16.0,15.0,1.0,0.007451564828614009,40.0,38.0,0.2,1.02784332232185,0.09618555555555555,yes
20241126091348603_sardine_good_(1).png,yes,16.0,4.0,17.0,15.0,1.0,0.007451564828614009,40.0,41.0,0.25,1.0286353467561522,0.1037861111111111,yes
20241126091410028_sardine_good_(0).png,yes,18.0,3.0,18.0,15.0,1.0,0.0075910931174089065,44.0,46.0,0.16666666666666666,1.022158391464916,0.11200708333333333,yes
20241126091410028_sardine_good_(1).png,yes,18.0,3.0,19.0,15.0,1.0,0.0075910931174089065,45.0,48.0,0.16666666666666666,1.0218623481781377,0.11752215277777778,yes
20241126091410772_sardine_good_(0).png,yes,18.0,3.0,18.0,15.0,1.0,0.0075910931174089065,44.0,46.0,0.16666666666666666,1.022158391464916,0.11200708333333333,yes
20241126091410772_sardine_good_(1).png,yes,18.0,3.0,19.0,15.0,1.0,0.0075910931174089065,45.0,48.0,0.16666666666666666,1.0218623481781377,0.11752215277777778,yes
20241126091419658_sardine_good_(0).png,yes,16.0,3.0,17.0,15.0,2.0,0.007832898172323759,40.0,42.0,0.1875,1.0228971962616822,0.095779375,yes
20241126091419658_sardine_good_(1).png,yes,18.0,4.0,19.0,15.0,2.0,0.007832898172323759,47.0,54.0,0.2222222222222222,1.02457309454394,0.12412340277777778,yes
20241126091436196_sardine_good.jpeg,yes,,,,,,,,,,,,no
20241126091451974_sardine_good.jpeg,yes,,,,,,,,,,,,no
20241126091502330_sardine_good.jpeg,yes,,,,,,,,,,,,no
20241126091513965_sardine_good.jpeg,yes,,,,,,,,,,,,no
20241126091526793_sardine_good_(0).png,yes,17.0,4.0,18.0,15.0,1.0,0.007187350263536177,43.0,46.0,0.23529411764705882,1.0393926959376283,0.1251729861111111,yes
20241126091526793_sardine_good_(1).png,yes,17.0,3.0,17.0,15.0,1.0,0.007187350263536177,43.0,45.0,0.17647058823529413,1.0252951096121417,0.12250020833333333,yes
20241126091539765_sardine_good.jpeg,yes,,,,,,,,,,,,no
20241126091555863_sardine_good.jpeg,yes,,,,,,,,,,,,no
20241126091609060_sardine_good_(0).png,yes,17.0,5.0,18.0,15.0,1.0,0.007015902712815715,44.0,44.0,0.29411764705882354,1.0383261634728198,0.12568527777777777,yes
20241126091609060_sardine_good_(1).png,yes,17.0,3.0,17.0,15.0,1.0,0.007015902712815715,42.0,40.0,0.17647058823529413,1.0214574898785425,0.11446756944444444,yes
20241126091823674_sardine_good.jpeg,yes,,,,,,,,,,,,no
20241126091835332_sardine_good_(0).png,yes,17.0,4.0,17.0,15.0,2.0,0.007560483870967742,43.0,43.0,0.23529411764705882,1.0318221447253706,0.10583597222222223,yes
20241126091835332_sardine_good_(1).png,yes,17.0,3.0,17.0,15.0,2.0,0.007560483870967742,43.0,43.0,0.17647058823529413,1.0252173913043479,0.10668069444444445,yes
20241126091849489_sardine_good_(0).png,yes,18.0,4.0,19.0,15.0,1.0,0.007253384912959381,47.0,45.0,0.2222222222222222,1.0225535168195719,0.12122236111111111,yes
20241126091849489_sardine_good_(1).png,yes,17.0,4.0,18.0,15.0,1.0,0.007253384912959381,44.0,43.0,0.23529411764705882,1.028237192416297,0.11358881944444445,yes
20241126091902203_sardine_good.jpeg,yes,,,,,,,,,,,,no
20241126091918175_sardine_good.jpeg,yes,,,,,,,,,,,,no
20241126091932247_sardine_good.jpeg,yes,,,,,,,,,,,,no
20241126092006811_sardine_good.jpeg,yes,,,,,,,,,,,,no
20241126092009391_sardine_good.jpeg,yes,,,,,,,,,,,,no
20241126092009881_sardine_good.jpeg,yes,,,,,,,,,,,,no
20241126092035742_sardine_good_(0).png,yes,17.0,4.0,18.0,15.0,1.0,0.007477567298105683,43.0,41.0,0.23529411764705882,1.0401381096245144,0.10325743055555556,yes
20241126092035742_sardine_good_(1).png,yes,16.0,3.0,17.0,15.0,1.0,0.007477567298105683,41.0,39.0,0.1875,1.0215150156880324,0.09851083333333334,yes
20241126092036025_sardine_good_(0).png,yes,17.0,4.0,18.0,15.0,1.0,0.007477567298105683,43.0,41.0,0.23529411764705882,1.0401381096245144,0.10325743055555556,yes
20241126092036025_sardine_good_(1).png,yes,16.0,3.0,17.0,15.0,1.0,0.007477567298105683,41.0,39.0,0.1875,1.0215150156880324,0.09851083333333334,yes
20241126092045945_sardine_good_(0).png,yes,18.0,4.0,19.0,15.0,1.0,0.007987220447284345,44.0,47.0,0.2222222222222222,1.028486394557823,0.10252006944444444,yes
20241126092045945_sardine_good_(1).png,yes,17.0,4.0,18.0,15.0,1.0,0.007987220447284345,43.0,41.0,0.23529411764705882,1.032846715328467,0.091220625,yes
20241126092057042_sardine_good.jpeg,yes,,,,,,,,,,,,no
20241126092112540_sardine_good_(0).png,yes,18.0,3.0,18.0,15.0,1.0,0.007183908045977011,46.0,47.0,0.16666666666666666,1.0214882610425786,0.12809638888888888,yes
20241126092112540_sardine_good_(1).png,yes,18.0,4.0,18.0,15.0,1.0,0.007183908045977011,47.0,46.0,0.2222222222222222,1.0244375484871995,0.1259546527777778,yes
20241126092125009_sardine_good.jpeg,yes,,,,,,,,,,,,no
20241126092135695_sardine_good.jpeg,yes,,,,,,,,,,,,no
20241126092209307_sardine_good_(0).png,yes,17.0,5.0,18.0,15.0,1.0,0.008479366873940079,44.0,42.0,0.29411764705882354,1.04929233772572,0.08189069444444444,yes
20241126092209307_sardine_good_(1).png,yes,18.0,6.0,19.0,15.0,1.0,0.008479366873940079,44.0,41.0,0.3333333333333333,1.0520361990950227,0.080625,yes
20241126092218831_sardine_good.jpeg,yes,,,,,,,,,,,,no
20241126092219737_sardine_good_(0).png,yes,17.0,5.0,18.0,15.0,1.0,0.008479366873940079,44.0,42.0,0.29411764705882354,1.04929233772572,0.08189069444444444,yes
20241126092219737_sardine_good_(1).png,yes,18.0,6.0,19.0,15.0,1.0,0.008479366873940079,44.0,41.0,0.3333333333333333,1.0520361990950227,0.080625,yes
20241126092233564_sardine_good_(0).png,yes,17.0,4.0,18.0,15.0,2.0,0.007911392405063292,44.0,47.0,0.23529411764705882,1.0262222222222221,0.10583631944444444,yes
20241126092233564_sardine_good_(1).png,yes,17.0,3.0,17.0,15.0,2.0,0.007911392405063292,43.0,44.0,0.17647058823529413,1.024909420289855,0.09894423611111111,yes
20241126092243167_sardine_good_(0).png,yes,19.0,5.0,20.0,15.0,2.0,0.007641365257259297,48.0,57.0,0.2631578947368421,1.0357837417347335,0.13636916666666668,yes
20241126092243167_sardine_good_(1).png,yes,18.0,4.0,18.0,15.0,2.0,0.007641365257259297,46.0,51.0,0.2222222222222222,1.0310924369747898,0.12201333333333333,yes
20241126092258326_sardine_good.jpeg,yes,,,,,,,,,,,,no
20241126092301647_sardine_good_(0).png,yes,17.0,5.0,18.0,15.0,1.0,0.008479366873940079,44.0,42.0,0.29411764705882354,1.04929233772572,0.08189069444444444,yes
20241126092301647_sardine_good_(1).png,yes,18.0,6.0,19.0,15.0,1.0,0.008479366873940079,44.0,41.0,0.3333333333333333,1.0520361990950227,0.080625,yes
20241126092313464_sardine_good.jpeg,yes,,,,,,,,,,,,no
20241126092454943_sardine_good.jpeg,yes,,,,,,,,,,,,no
20241126092502091_sardine_good_(0).png,yes,17.0,5.0,18.0,15.0,3.0,0.007704160246533128,43.0,43.0,0.29411764705882354,1.042296072507553,0.10261708333333333,yes
20241126092502091_sardine_good_(1).png,yes,17.0,3.0,17.0,15.0,3.0,0.007704160246533128,43.0,45.0,0.17647058823529413,1.0216606498194947,0.10567826388888889,yes
20241126092515081_sardine_good.jpeg,yes,,,,,,,,,,,,no
20241126092527208_sardine_good_(0).png,yes,16.0,3.0,17.0,15.0,5.0,0.007886435331230283,41.0,43.0,0.1875,1.0241248817407758,0.09604381944444444,yes
20241126092527208_sardine_good_(1).png,yes,17.0,4.0,18.0,15.0,5.0,0.007886435331230283,43.0,47.0,0.23529411764705882,1.0308586762075134,0.10662736111111111,yes
20241126092545548_sardine_good_(0).png,yes,17.0,3.0,18.0,15.0,2.0,0.007331378299120235,43.0,47.0,0.17647058823529413,1.0216857610474632,0.1231625,yes
20241126092545548_sardine_good_(1).png,yes,17.0,3.0,17.0,15.0,2.0,0.007331378299120235,44.0,46.0,0.17647058823529413,1.0232165470662726,0.11945909722222223,yes
20241126092604561_sardine_good_(0).png,yes,16.0,4.0,17.0,15.0,2.0,0.007649158592554819,42.0,42.0,0.25,1.030741410488246,0.10022895833333334,yes
20241126092604561_sardine_good_(1).png,yes,18.0,3.0,18.0,15.0,2.0,0.007649158592554819,45.0,46.0,0.16666666666666666,1.0213210702341138,0.10951680555555555,yes
20241126092605263_sardine_good_(0).png,yes,16.0,4.0,17.0,15.0,2.0,0.007649158592554819,42.0,42.0,0.25,1.030741410488246,0.10022895833333334,yes
20241126092605263_sardine_good_(1).png,yes,18.0,3.0,18.0,15.0,2.0,0.007649158592554819,45.0,46.0,0.16666666666666666,1.0213210702341138,0.10951680555555555,yes
20241126092612456_sardine_good.jpeg,yes,,,,,,,,,,,,no
20241126092624592_sardine_good.jpeg,yes,,,,,,,,,,,,no
20241126092635069_sardine_good_(0).png,yes,16.0,3.0,16.0,15.0,2.0,0.007894736842105263,39.0,42.0,0.1875,1.02653159671973,0.09458395833333333,yes
20241126092635069_sardine_good_(1).png,yes,15.0,7.0,17.0,15.0,2.0,0.007894736842105263,41.0,39.0,0.4666666666666667,1.1033617661816357,0.08913159722222222,yes
20241126092645801_sardine_good_(0).png,yes,17.0,3.0,17.0,15.0,1.0,0.007869884575026232,42.0,47.0,0.17647058823529413,1.0228494623655915,0.10616694444444444,yes
20241126092645801_sardine_good_(1).png,yes,19.0,5.0,20.0,15.0,1.0,0.007869884575026232,49.0,56.0,0.2631578947368421,1.0350877192982457,0.12580583333333334,yes
20241126092658634_sardine_good_(0).png,yes,18.0,3.0,18.0,15.0,1.0,0.0075075075075075074,44.0,49.0,0.16666666666666666,1.021694637740483,0.12237076388888889,yes
20241126092658634_sardine_good_(1).png,yes,17.0,4.0,17.0,15.0,1.0,0.0075075075075075074,42.0,42.0,0.23529411764705882,1.0353249018752726,0.10510631944444444,yes
20241126092714136_sardine_good_(0).png,yes,17.0,4.0,17.0,15.0,1.0,0.008038585209003215,43.0,45.0,0.23529411764705882,1.0310588235294118,0.09752979166666667,yes
20241126092714136_sardine_good_(1).png,yes,18.0,4.0,19.0,15.0,1.0,0.008038585209003215,45.0,48.0,0.2222222222222222,1.0278372591006424,0.104224375,yes
20241126092727723_sardine_good_(0).png,yes,17.0,3.0,17.0,15.0,2.0,0.007556675062972292,44.0,47.0,0.17647058823529413,1.0240805604203151,0.115153125,yes
20241126092727723_sardine_good_(1).png,yes,19.0,5.0,20.0,15.0,2.0,0.007556675062972292,48.0,55.0,0.2631578947368421,1.0392979778710416,0.13432034722222222,yes
20241126093545379_sardine_good_(0).png,yes,16.0,5.0,17.0,15.0,1.0,0.006772009029345372,42.0,36.0,0.3125,1.044703987112364,0.11158451388888889,yes
20241126093545379_sardine_good_(1).png,yes,16.0,4.0,16.0,15.0,1.0,0.006772009029345372,41.0,37.0,0.25,1.0354906054279749,0.11299381944444445,yes
20241126093554986_sardine_good_(0).png,yes,16.0,4.0,17.0,15.0,2.0,0.007618080243778568,42.0,41.0,0.25,1.0350797266514806,0.10050625,yes
20241126093554986_sardine_good_(1).png,yes,16.0,4.0,17.0,15.0,2.0,0.007618080243778568,43.0,42.0,0.25,1.0327501121579183,0.10055590277777778,yes
20241126093612688_sardine_good_(0).png,yes,17.0,4.0,18.0,15.0,1.0,0.007492507492507493,45.0,42.0,0.23529411764705882,1.0304459691252144,0.10572319444444445,yes
20241126093612688_sardine_good_(1).png,yes,18.0,5.0,18.0,15.0,1.0,0.007492507492507493,44.0,44.0,0.2777777777777778,1.0388429752066115,0.11022875,yes
20241126093627323_sardine_good_(0).png,yes,19.0,4.0,19.0,15.0,1.0,0.007407407407407408,50.0,50.0,0.21052631578947367,1.0304093567251462,0.12689895833333334,yes
20241126093627323_sardine_good_(1).png,yes,20.0,6.0,21.0,15.0,1.0,0.007407407407407408,49.0,54.0,0.3,1.0425531914893618,0.1376907638888889,yes
20241126093656087_sardine_good_(0).png,yes,18.0,4.0,19.0,15.0,1.0,0.007260406582768635,49.0,49.0,0.2222222222222222,1.0238278247501922,0.12970145833333332,yes
20241126093656087_sardine_good_(1).png,yes,18.0,4.0,18.0,15.0,1.0,0.007260406582768635,46.0,43.0,0.2222222222222222,1.0254169976171565,0.11526027777777778,yes
20241126093704965_sardine_good_(0).png,yes,18.0,4.0,18.0,15.0,1.0,0.007751937984496124,47.0,45.0,0.2222222222222222,1.0236986881083368,0.10468965277777778,yes
20241126093704965_sardine_good_(1).png,yes,19.0,5.0,19.0,15.0,1.0,0.007751937984496124,48.0,49.0,0.2631578947368421,1.035073409461664,0.11494881944444445,yes
20241126093716857_sardine_good_(0).png,yes,16.0,5.0,17.0,15.0,1.0,0.007331378299120235,43.0,39.0,0.3125,1.0463546354635465,0.10303291666666667,yes
20241126093716857_sardine_good_(1).png,yes,18.0,4.0,18.0,15.0,1.0,0.007331378299120235,47.0,46.0,0.2222222222222222,1.0283546325878594,0.11987402777777778,yes
20241126093731463_sardine_good_(0).png,yes,17.0,5.0,18.0,15.0,1.0,0.0074887668497254116,46.0,45.0,0.29411764705882354,1.0400500625782227,0.11275305555555555,yes
20241126093731463_sardine_good_(1).png,yes,17.0,4.0,18.0,15.0,1.0,0.0074887668497254116,45.0,45.0,0.23529411764705882,1.0335289186923722,0.1137101388888889,yes
20241126093747903_sardine_good_(0).png,yes,16.0,5.0,17.0,15.0,2.0,0.00740009866798224,43.0,41.0,0.3125,1.056694286960314,0.10598888888888888,yes
20241126093747903_sardine_good_(1).png,yes,16.0,3.0,17.0,15.0,2.0,0.00740009866798224,40.0,40.0,0.1875,1.0237885462555065,0.10221465277777778,yes
20241126093809606_sardine_good.jpeg,yes,,,,,,,,,,,,no
20241126093812349_sardine_good.jpeg,yes,,,,,,,,,,,,no
20241126093822278_sardine_good_(0).png,yes,17.0,4.0,18.0,15.0,1.0,0.007006071929005138,46.0,45.0,0.23529411764705882,1.0330414012738853,0.12986541666666668,yes
20241126093822278_sardine_good_(1).png,yes,16.0,3.0,17.0,15.0,1.0,0.007006071929005138,43.0,40.0,0.1875,1.0265120132560066,0.11550277777777777,yes
20241126093838558_sardine_good.jpeg,yes,,,,,,,,,,,,no
20241126093906479_sardine_good_(0).png,yes,16.0,4.0,17.0,15.0,2.0,0.007614213197969543,41.0,44.0,0.25,1.03431151241535,0.10696034722222222,yes
20241126093906479_sardine_good_(1).png,yes,17.0,5.0,18.0,15.0,2.0,0.007614213197969543,43.0,45.0,0.29411764705882354,1.0505786540934419,0.10997340277777778,yes
20241126093922183_sardine_good_(0).png,yes,17.0,4.0,17.0,15.0,1.0,0.007267441860465116,43.0,47.0,0.23529411764705882,1.0288257736328954,0.12386111111111112,yes
20241126093922183_sardine_good_(1).png,yes,17.0,3.0,17.0,15.0,1.0,0.007267441860465116,42.0,45.0,0.17647058823529413,1.025869380831213,0.11919763888888889,yes
20241126093935704_sardine_good_(0).png,yes,17.0,4.0,17.0,15.0,1.0,0.007306380905991232,42.0,44.0,0.23529411764705882,1.0283657917019475,0.11679236111111112,yes
20241126093935704_sardine_good_(1).png,yes,16.0,5.0,17.0,15.0,1.0,0.007306380905991232,41.0,41.0,0.3125,1.0453145622525297,0.10719625,yes
20241126093935704_sardine_good_(2).png,yes,1.0,1.0,1.0,15.0,1.0,0.007306380905991232,4.0,0.0,1.0,1.3225806451612903,0.002241875,yes
20241126093949170_sardine_good_(0).png,yes,18.0,3.0,18.0,15.0,1.0,0.00706547338671691,44.0,48.0,0.16666666666666666,1.0215348472983554,0.13373347222222223,yes
20241126093949170_sardine_good_(1).png,yes,17.0,4.0,17.0,15.0,1.0,0.00706547338671691,42.0,45.0,0.23529411764705882,1.0386831275720165,0.1257111111111111,yes
20241126093949170_sardine_good_(2).png,yes,1.0,0.0,1.0,15.0,1.0,0.00706547338671691,4.0,0.0,0.0,1.170854271356784,0.0019950694444444443,yes
20241126101932506_sardine_good.jpeg,yes,,,,,,,,,,,,no
20241126112440220_sardine_good_(0).png,yes,17.0,4.0,18.0,15.0,1.0,0.006768953068592058,45.0,42.0,0.23529411764705882,1.028604118993135,0.12771020833333332,yes
20241126112440220_sardine_good_(1).png,yes,17.0,3.0,17.0,15.0,1.0,0.006768953068592058,42.0,39.0,0.17647058823529413,1.021704814522494,0.11830277777777778,yes
