x_min,y_min,x_max,y_max,width,height,diagonal_length,fish_area,image_area,area_ratio,aspect_ratio,diagonal_to_height_ratio,image_height,image_width,norm_width,norm_height,norm_diagonal_length,centroid_x,centroid_y,norm_centroid_x,norm_centroid_y,center_x,center_y,distance_to_center,perimeter,compactness,length_cm
956.6428,362.55695,1407.2202,2207.4739,450.5774,1844.91695,1899.141528635521,831277.88254693,5992704,0.13871499118710517,4.094561666874548,1.029391338529098,3264,1836,0.24541252723311546,0.5652319087009804,0.5071217211691305,1181.9315,1285.015425,0.6437535403050109,0.3936934512867647,918.0,1632.0,435.956571208854,4590.9887,0.03943971590418713,13.0
1105.5305,959.7939,2940.9062,1348.7906,388.99670000000003,1835.3756999999998,1876.1456214167863,713955.09056019,5992704,0.1191373861549294,4.718229486265564,1.022213392831117,1836,3264,0.1191779105392157,0.9996599673202613,0.5009811972151369,2023.21835,1154.29225,0.6198585631127451,0.6286994825708061,1632.0,918.0,457.04028792523866,4448.7447999999995,0.036074133466488016,14.0
989.9534,1060.814,2807.6096,1455.5302,394.71619999999984,1817.6562,1860.0201450363056,717458.3481704397,5992704,0.11972197328124995,4.604969849223317,1.0233069075638759,1836,3264,0.12093020833333329,0.9900088235294117,0.49667526255284933,1898.7814999999998,1258.1721,0.5817345281862745,0.6852789215686275,1632.0,918.0,432.3070972823138,4424.7447999999995,0.0366454651115423,12.5
1152.8627,1149.8468,2883.3828,1587.524,437.67719999999986,1730.5201,1785.010125434545,757409.1919117197,5992704,0.1263885538000408,3.953873082719412,1.0314876582101213,1836,3264,0.13409227941176466,0.9425490740740741,0.47664557562756515,2018.12275,1368.6853999999998,0.6182974111519608,0.7454713507625271,1632.0,918.0,593.4712359000412,4336.3946,0.04027847150851272,13.0
748.52936,1007.0903,2756.3474,1423.0254,415.93510000000003,2007.81804,2050.447582641764,835121.9972492041,5992704,0.1393564569932378,4.827238768740604,1.0212317758843146,1836,3264,0.1274310968137255,1.0935828104575165,0.5475244954616204,1752.43838,1215.05785,0.5368990134803922,0.6617962145969498,1632.0,918.0,320.54448930475604,4847.5062800000005,0.03553965130626867,13.5
638.8665,838.3066,2942.6775,1367.7074,529.4008,2303.8109999999997,2363.8549724468376,1219639.3864487999,5992704,0.20352071226090923,4.351733129228364,1.0260628899014883,1836,3264,0.1621938725490196,1.254799019607843,0.6312126738035813,1790.772,1103.007,0.5486433823529412,0.6007663398692811,1632.0,918.0,243.79527893911316,5666.423599999999,0.03798510801047461,15.0
837.66003,934.33734,3007.2686,1401.2283,466.89095999999995,2169.60857,2219.276574820535,1012970.628071527,5992704,0.16903398333565733,4.64692777517046,1.0228926109102414,1836,3264,0.14304257352941174,1.18170401416122,0.5926063641933633,1922.464315,1167.78282,0.5889902925857843,0.6360472875816993,1632.0,918.0,383.0939512124559,5272.99906,0.03643187011833097,15.0
699.3281,812.7577,2717.849,1260.2201,447.4624,2018.5209000000002,2067.5224843156047,903212.20636416,5992704,0.1507186415955402,4.511040257237257,1.024275985606889,1836,3264,0.13709019607843137,1.099412254901961,0.5520839521398455,1708.58855,1036.4889,0.5234646292892157,0.5645364379084967,1632.0,918.0,141.08658835733644,4931.966600000001,0.037132102834404324,14.5
799.46735,885.5149,2907.1108,1612.1802,726.6653,2107.64345,2229.395292574198,1531551.359887285,5992704,0.2555693322892779,2.900432220996379,1.0577668118268286,1836,3264,0.22263030024509803,1.147953948801743,0.5953083332071992,1853.289075,1248.84755,0.5677968979779412,0.6802001906318083,1632.0,918.0,398.03135059359084,5668.6175,0.04766254835389403,14.0
847.07104,996.6018,2980.2144,1617.1675,620.5657,2133.14336,2221.5765533351714,1323755.602398752,5992704,0.22089454149558396,3.43741744024847,1.041456751099547,1836,3264,0.19012429534313724,1.161842788671024,0.5932205201398306,1913.6427199999998,1306.88465,0.5862875980392156,0.7118108115468409,1632.0,918.0,480.16027817242525,5507.41812,0.043642710258697995,15.0
936.3437,527.6455,1390.544,2275.0806,454.2003000000001,1747.4350999999997,1805.4991944700776,793685.54665053,5992704,0.1324419738819955,3.847278612541646,1.0332281836790835,3264,1836,0.24738578431372554,0.5353661458333332,0.4821167065558208,1163.44385,1401.36305,0.6336840141612201,0.42933916973039216,918.0,1632.0,336.8027407966347,4403.270799999999,0.04093527206334452,15.0
840.7974,321.29562,1332.0155,2643.8933,491.21809999999994,2322.5976800000003,2373.974558606093,1140902.019434008,5992704,0.19038184089085797,4.728241243553526,1.022120438269831,3264,1836,0.2675479847494553,0.7115801715686275,0.6339148747050002,1086.40645,1482.59446,0.5917246459694989,0.454226243872549,918.0,1632.0,225.12829183444285,5627.631560000001,0.03602442319363529,15.0
454.83704,789.0132,876.3523,2289.013,421.51526,1499.9998,1558.0996484220473,632272.8056969481,5992704,0.10550709758014881,3.558589551419799,1.0387332374457965,3264,1836,0.22958347494553377,0.459558762254902,0.41605439275950284,665.59467,1539.0131,0.36252433006535945,0.4715113664215686,918.0,1632.0,268.98887371788993,3843.0301200000004,0.04281115319192861,13.0
604.971,542.44684,1136.6892,2366.4028,531.7182,1823.9559599999998,1899.8788351446944,969830.579930472,5992704,0.16183522161789937,3.4303056769544464,1.0416253883370599,3264,1836,0.28960686274509806,0.5588100367647059,0.5073186017808824,870.8301,1454.42482,0.47430833333333333,0.4455958394607843,918.0,1632.0,183.7333503151848,4711.348319999999,0.043692354266692546,15.0
505.14908,575.31726,873.63153,2366.3489,368.48245,1791.03164,1828.5441343973878,659963.726734718,5992704,0.11012786994564022,4.860561581698124,1.020944629653437,3264,1836,0.20069850217864924,0.5487229289215686,0.4882703235580108,689.390305,1470.8330799999999,0.37548491557734204,0.45062287990196076,918.0,1632.0,279.7090787770026,4319.028179999999,0.035379198583231755,14.5
535.5053,509.614,931.7288,2170.8628,396.22349999999994,1661.2487999999998,1707.8467839515608,658225.8139067999,5992704,0.10983786516183677,4.1927063891970064,1.0280499729790993,3264,1836,0.21580800653594767,0.5089610294117647,0.4560408940101151,733.6170500000001,1340.2384,0.3995735566448802,0.4106122549019608,918.0,1632.0,345.14041126078314,4114.9446,0.03887289855149295,15.0
1127.1943,553.64465,2702.0618,934.9991,381.35445000000004,1574.8674999999998,1620.3823188035137,600582.729285375,5992704,0.10021898783677201,4.1296686062008705,1.0289007289841932,1836,3264,0.1168365349264706,0.8577709694989106,0.4326855361085463,1914.62805,744.321875,0.5865894761029412,0.4054040713507625,1632.0,918.0,331.7268541289929,3912.4438999999998,0.03923526521290317,13.5
709.31274,416.89798,2862.7224,897.09845,480.20046999999994,2153.4096600000003,2206.301351848731,1034068.3308345402,5992704,0.17255454813629043,4.484397235179717,1.024561834578531,1836,3264,0.1471202420343137,1.1728810784313728,0.5891416316777502,1786.01757,656.998215,0.5471867555147059,0.35784216503267974,1632.0,918.0,303.0566673773919,5267.22026,0.03727230732200783,15.5
947.40063,296.92075,2539.6523,643.67175,346.751,1592.25167,1629.5709977226488,552114.85882417,5992704,0.09213117464573087,4.591916591444582,1.0234380835804988,1836,3264,0.10623498774509803,0.86723947167756,0.43513915981087786,1743.5264650000001,470.29625,0.5341686473651961,0.2561526416122004,1632.0,918.0,461.38573900745865,3878.00534,0.036712387588380746,13.5
409.84702,633.6065,784.51733,2568.6326,374.67031000000003,1935.0261,1970.9652074241967,724996.8287450911,5992704,0.12097991636915341,5.164610187553959,1.0185729316127554,3264,1836,0.20406879629629632,0.5928388786764706,0.5263005696429359,597.182175,1601.11955,0.3252626225490196,0.49053907781862743,918.0,1632.0,322.3006035208949,4619.39282,0.03397553600179848,15.5
1001.69617,517.0324,1350.9683,2372.8396,349.27212999999995,1855.8071999999997,1888.388568162436,648181.7336133358,5992704,0.1081618137010164,5.3133560928551615,1.017556440217732,3264,1836,0.19023536492374724,0.568568382352941,0.5042503923394711,1176.332235,1444.936,0.6407038316993464,0.44268872549019606,918.0,1632.0,318.9490299971067,4410.158659999999,0.03332639674011081,15.0
1081.0872,710.37134,1457.8655,2660.2542,376.7783000000002,1949.8828599999997,1985.9519266771463,734673.5491899382,5992704,0.12259466664629827,5.175146392454127,1.018498068482507,3264,1836,0.20521693899782145,0.597390582107843,0.5303024256118772,1269.47635,1685.31277,0.6914359204793028,0.5163335692401961,918.0,1632.0,355.49666110161337,4653.322319999999,0.033928771321545,13.5
902.5179,688.8564,1404.2174,2628.0222,501.69949999999994,1939.1657999999998,2003.0143255079054,972878.5122770998,5992704,0.1623438288086813,3.8651938062525475,1.0329257691672913,3264,1836,0.27325680827886706,0.5941071691176469,0.5348585436956861,1153.3676500000001,1658.4393,0.6281958877995644,0.5081002757352941,918.0,1632.0,236.84798342188301,4881.730599999999,0.04082357116342451,12.0
639.32874,1105.6244,2644.311,1515.4845,409.8601000000001,2004.9822600000002,2046.445495117502,821762.2295818263,5992704,0.137127118172669,4.891869835585362,1.020680100739396,1836,3264,0.1255698835784314,1.0920382679738563,0.5464558307607693,1641.81987,1310.55445,0.5030085386029411,0.7138096132897604,1632.0,918.0,392.6772543216878,4829.684720000001,0.035229673141106754,15.0
690.3334,871.0357,2529.0645,1288.8694,417.8337,1838.7311,1885.607875185851,768283.81881807,5992704,0.12820319822538706,4.400629006229033,1.02549408947608,1836,3264,0.12801277573529413,1.0014875272331154,0.5035078727393959,1609.69895,1079.95255,0.49316757046568627,0.5882094498910675,1632.0,918.0,163.48077955100715,4513.1296,0.03771951295955467,13.0
594.26984,951.2555,2657.466,1546.2917,595.0362,2063.19616,2147.2881674216865,1227676.402900992,5992704,0.20486184582135075,3.4673456169557415,1.0407581252098135,1836,3264,0.18230275735294119,1.1237451851851852,0.5733835287627896,1625.86792,1248.7736,0.49812129901960783,0.6801599128540305,1632.0,918.0,330.8304352112822,5316.46472,0.043434820980035524,15.0
1067.6011,251.0097,1446.971,2143.5125,379.3698999999999,1892.5027999999998,1930.152421192132,717958.5979857198,5992704,0.11980544975785885,4.988542317142188,1.0198940900864888,3264,1836,0.2066284858387799,0.5798109068627451,0.5154024611620042,1257.2860500000002,1197.2611,0.6847963235294119,0.3668079350490196,918.0,1632.0,551.4643550564376,4543.7454,0.03477534311842941,15.5
997.8771,424.75803,1541.2922,2275.3186,543.4151,1850.56057,1928.6975901231212,1005622.5572026072,5992704,0.1678078138353917,3.405427213929094,1.0422234329369295,3264,1836,0.29597772331154687,0.5669609589460785,0.5150139822495047,1269.58465,1350.038315,0.6914949074074074,0.4136146798406863,918.0,1632.0,450.68188106874425,4787.9513400000005,0.043866759177767174,14.5
365.6288,1009.26086,796.61865,3010.356,430.98985,2001.0951400000004,2046.9816829015945,862451.6942243291,5992704,0.1439169520510823,4.643021500390323,1.0229307152790317,3264,1836,0.23474392701525054,0.6130806188725492,0.5465990072791271,581.123725,2009.80843,0.316516190087146,0.6157501317401961,918.0,1632.0,506.1865609011568,4864.169980000001,0.036451658548722496,15.0
515.2742,1087.2783,947.2472,2989.0793,431.97300000000007,1901.801,1950.242989047775,821526.6833730001,5992704,0.13708781267571368,4.402592291647856,1.0254716392765464,3264,1836,0.23527941176470593,0.5826596200980392,0.5207671815878373,731.2607,2038.1788,0.39829014161220044,0.6244420343137255,918.0,1632.0,447.04897241122245,4667.548,0.03770891948987871,13.5
373.90613,987.1065,781.55566,3003.7263,407.64952999999997,2016.6198,2057.409428641091,822074.113658694,5992704,0.13717916213760833,4.946944989731744,1.020226732198648,3264,1836,0.22203133442265793,0.6178369485294117,0.5493834950529936,577.730895,1995.4163999999998,0.3146682434640523,0.6113408088235294,918.0,1632.0,497.8499207657473,4848.53866,0.034969485869831535,14.0
860.37286,1028.2655,2960.6663,1516.7063,488.4408000000001,2100.29344,2156.3411022404766,1025869.0080683521,5992704,0.17118633058938873,4.299995905337965,1.026685634099051,1836,3264,0.1496448529411765,1.1439506753812636,0.575800905149812,1910.51958,1272.4859000000001,0.5853307536764706,0.6930751089324619,1632.0,918.0,450.8141632005215,5177.4684799999995,0.03826986961114208,14.5
999.9254,536.9412,1551.6069,2451.3945,551.6815,1914.4533,1992.3563725707154,1056168.46822395,5992704,0.176242388782084,3.4702147887866457,1.0406920725466198,3264,1836,0.3004801198257081,0.5865359375,0.5320125844261152,1275.76615,1494.1678499999998,0.6948617374727668,0.457772012867647,918.0,1632.0,383.398382442395,4932.2696,0.04341497776592644,14.5
1016.7625,483.5375,1390.1279,2294.5308,373.3653999999999,1810.9933,1849.0804348545928,676162.2378518198,5992704,0.11283090869360807,4.850458290993221,1.0210310744134683,3264,1836,0.2033580610021786,0.5548386335784314,0.49375406654255116,1203.4452,1389.03415,0.6554712418300654,0.4255619332107843,918.0,1632.0,374.8484580057154,4368.7173999999995,0.03542770404834815,14.0
408.82614,240.93803,2173.957,864.0438,623.10577,1765.1308599999998,1871.8834775518565,1099863.2236710622,5992704,0.18353371427506884,2.8327949201946883,1.0604785854527843,1836,3264,0.1909025030637255,0.9614002505446622,0.49984309049688375,1291.39157,552.490915,0.3956469270833333,0.3009209776688453,1632.0,918.0,499.6108423609341,4776.47326,0.04820854001016451,13.5
985.563,287.08572,1482.903,2326.8354,497.34000000000003,2039.74968,2099.5060925513176,1014449.1058512001,5992704,0.16928069630190312,4.101318373748341,1.0292959538796533,3264,1836,0.27088235294117646,0.6249233088235294,0.560624433306274,1234.233,1306.96056,0.6722401960784313,0.4004168382352941,918.0,1632.0,453.49084648371195,5074.17936,0.039400218914624315,14.5
1103.9695,372.05905,1477.0311,2026.2302,373.0616,1654.17115,1695.7172968649231,617107.73589284,5992704,0.10297650875011347,4.434042930175606,1.0251159904855813,3264,1836,0.2031925925925926,0.5067926317401961,0.45280199565760854,1290.5003,1199.144625,0.7028868736383442,0.3673849954044117,918.0,1632.0,571.0693908506047,4054.4655,0.03753995710560568,13.0
835.4789,459.5733,1306.64,2332.9822,471.16110000000015,1873.4089,1931.7488679309274,882677.3980737902,5992704,0.14729200675918422,3.9761535916271513,1.0311410754645862,3264,1836,0.2566236928104576,0.5739610600490196,0.515828755256323,1071.05945,1396.27775,0.5833657135076252,0.4277811734068627,918.0,1632.0,281.0554649519646,4689.14,0.04014353445598909,13.5
836.0856,863.9544,2600.6995,1393.159,529.2046000000001,1764.6139000000003,1842.2594075575705,933841.7931039404,5992704,0.15582978787270996,3.3344644018589404,1.0440014144496823,1836,3264,0.162133762254902,0.9611186819172115,0.49193266932130625,1718.39255,1128.5567,0.526468305759804,0.6146822984749456,1632.0,918.0,227.5912929142777,4587.637000000001,0.04437059095475156,14.0
808.62445,436.53995,1190.4286,2135.8313,381.80414999999994,1699.29135,1741.6559652072635,648796.4894891024,5992704,0.10826439775585485,4.450688527089086,1.0249307543449,3264,1836,0.20795433006535943,0.5206162224264705,0.4650688521328726,999.526525,1286.1856249999998,0.5444044253812637,0.3940519684436274,918.0,1632.0,355.2944641212643,4162.191,0.03745109151168129,12.0
1066.192,882.1182,3037.0122,1272.5231,390.4049000000001,1970.8202,2009.1162850049398,769417.8630989803,5992704,0.1283924357183302,5.0481441190927665,1.0194315468275288,1836,3264,0.11960934436274513,1.0734314814814816,0.5364879305296751,2051.6021,1077.3206500000001,0.6285545649509804,0.5867759531590414,1632.0,918.0,448.83069396024223,4722.4502,0.03450066698737662,13.5
1527.3074,1012.58203,3020.2698,1418.1497,405.5676699999999,1492.9624000000001,1547.068797036185,605497.2819656079,5992704,0.10103907717878405,3.6811671896825513,1.0362409642976842,1836,3264,0.12425480085784311,0.8131603485838781,0.4131088596033834,2273.7886,1215.365865,0.6966264093137254,0.6619639787581699,1632.0,918.0,707.3323580588958,3797.06014,0.041996901182207495,11.0
909.6085,912.1509,2907.0037,1450.386,538.2351,1997.3952000000002,2068.6431804095773,1075068.20521152,5992704,0.1793961799567474,3.711008813806458,1.0356704473954765,1836,3264,0.16490045955882351,1.0879058823529413,0.5523832080528533,1908.3061000000002,1181.26845,0.5846526041666668,0.6433924019607843,1632.0,918.0,381.64818571901094,5071.2606000000005,0.04180268340474309,14.0
1052.4053,482.00104,1494.079,2612.4075,441.67370000000005,2130.4064599999997,2175.7084690007114,940944.503692102,5992704,0.15701501420595812,4.823484984503264,1.0212644910026754,3264,1836,0.24056301742919392,0.6526980575980391,0.5809725114876612,1273.24215,1547.20427,0.6934870098039216,0.47402091605392155,918.0,1632.0,365.222262414075,5144.160319999999,0.03555781119294359,13.0
1153.5946,490.57367,1634.3909,2440.5874,480.7963000000002,1950.01373,2008.4119670232506,937559.3863331993,5992704,0.15645014109376992,4.0558002006255025,1.0299476029962367,3264,1836,0.261871623093682,0.5974306770833333,0.5362998587394798,1393.99275,1465.580535,0.7592553104575163,0.4490136443014706,918.0,1632.0,504.24650359070273,4861.62006,0.03966767582841311,13.0
917.3914,376.88544,1371.1906,2171.0981,453.7991999999999,1794.2126600000001,1850.7114262425994,814212.269737872,5992704,0.1358672595439174,3.9537589753353477,1.0314894479914098,3264,1836,0.24716732026143787,0.549697506127451,0.49418958498466126,1144.291,1273.99177,0.6232521786492374,0.39031610600490196,918.0,1632.0,423.5298211799646,4496.02372,0.04027916464311276,13.0
1198.5078,908.50037,2928.359,1358.1604,449.66003,1729.8511999999998,1787.338612776281,777844.9424875359,5992704,0.1297986589171659,3.8470201587630544,1.033232576753585,1836,3264,0.13776348958333334,0.9421847494553376,0.4772673441954455,2063.4334,1133.330385,0.632179350490196,0.6172823447712418,1632.0,918.0,482.18456356441783,4359.02246,0.040936887440495034,13.0
802.36707,399.06052,1219.0256,2278.8557,416.6585299999999,1879.79518,1925.4179414799773,783232.6963998853,5992704,0.13069771115007273,4.511596534457126,1.0242700704658565,3264,1836,0.22693819716775596,0.5759176409313725,0.5141382281049802,1010.696335,1338.95811,0.5504881998910676,0.41022000919117646,918.0,1632.0,307.35347698896186,4592.90742,0.03712918584405736,14.0
680.1315,587.05524,1105.962,2623.6865,425.83050000000003,2036.6312599999997,2080.6726085425926,867259.70776143,5992704,0.14471926325101822,4.782727540652911,1.0216246059891043,3264,1836,0.23193382352941178,0.6239679105392156,0.5555953879812645,893.04675,1605.37087,0.4864089052287582,0.4918415655637255,918.0,1632.0,36.49349599749801,4924.923519999999,0.03575610373372772,14.0
971.5553,911.0588,2766.3845,1342.3032,431.24440000000004,1794.8292000000001,1845.9099625127983,774010.0414564802,5992704,0.12915873059248048,4.161976827988955,1.0284599573668616,1836,3264,0.13212144607843138,0.9775758169934641,0.4929074653984831,1868.9699,1126.681,0.5726010723039215,0.6136606753812637,1632.0,918.0,315.75701618017933,4452.1472,0.03904878858475134,13.0
678.3663,877.0696,2852.243,1371.0726,494.00299999999993,2173.8767,2229.3000854106403,1073901.6114300997,5992704,0.17920151094232248,4.40053339757046,1.0254951835173727,1836,3264,0.1513489583333333,1.1840287037037036,0.5952829103411711,1765.30465,1124.0711000000001,0.5408408854166666,0.6122391612200436,1632.0,918.0,245.42906911536082,5335.759399999999,0.03772002898234415,13.0
707.97003,368.02255,1371.7214,2427.211,663.75137,2059.1884499999996,2163.520962179539,1366789.154775676,5992704,0.22807553230990152,3.102349076884014,1.0506668110825599,3264,1836,0.3615203540305011,0.6308788143382352,0.5777181203100041,1039.845715,1397.616775,0.5663647685185185,0.4281914139093137,918.0,1632.0,264.16259088913756,5445.879639999999,0.046085621287229595,13.5
538.5661,732.0545,2812.9475,1354.1222,622.0677000000001,2274.3814,2357.91835652748,1414819.2064207802,5992704,0.2360902868589505,3.6561637905327666,1.0367295285335518,1836,3264,0.19058446691176473,1.238769825708061,0.6296274381391767,1675.7568,1043.08835,0.5134058823529412,0.5681309095860566,1632.0,918.0,132.52076385216964,5792.8982000000005,0.04216083015175376,14.0
876.1301,845.22943,2891.669,1366.1805,520.95107,2015.5389,2081.7749817757335,1049997.146581623,5992704,0.17521258293111475,3.8689600925476557,1.0328627156616692,1836,3264,0.15960510723039215,1.097788071895425,0.55588975119903,1883.8995499999999,1105.704965,0.5771751072303921,0.6022358197167755,1632.0,918.0,314.1441343967027,5072.97994,0.040800156491897326,13.5
872.0284,418.70892,1313.8298,2552.9067,441.80139999999994,2134.19778,2179.446865881086,942891.5670808919,5992704,0.1573399198560269,4.83067228849886,1.0212019177909022,3264,1836,0.24063257080610018,0.6538596139705882,0.5819707637146824,1092.9291,1485.80781,0.5952772875816994,0.45521072610294117,918.0,1632.0,227.97444252329277,5151.99836,0.03552305590820456,13.0
1154.8422,810.0865,3071.2642,1215.7952,405.7087,1916.422,1958.8958194196266,777509.0782714001,5992704,0.12974261339645676,4.723640385330657,1.022163082775937,1836,3264,0.12429800857843137,1.0438028322440087,0.523077719357137,2113.0532000000003,1012.94085,0.6473814950980393,0.551710702614379,1632.0,918.0,490.3324853902327,4644.2614,0.03604725153087118,12.5
1015.37695,862.5372,3118.384,1325.831,463.2937999999999,2103.00705,2153.434419124052,974310.1276212899,5992704,0.16258272185999675,4.539251442605104,1.0239786971346825,1836,3264,0.14194050245098036,1.1454286764705883,0.5750247428034735,2066.880475,1094.1841,0.6332354396446078,0.5959608387799564,1632.0,918.0,469.2140925303028,5132.6017,0.03698469912325305,13.5
1121.7675,802.4396,3094.9585,1295.7257,493.2860999999999,1973.1910000000003,2033.9159026209052,973347.6929451,5992704,0.1624221207897303,4.000094468504182,1.0307749744555417,1836,3264,0.15112931985294115,1.0747227668845318,0.5431100935333879,2108.3630000000003,1049.08265,0.6459445465686275,0.5713957788671025,1632.0,918.0,494.0691944454975,4932.9542,0.039999433196114285,14.0
972.0427,843.38525,2886.9915,1532.8374,689.4521499999998,1914.9488000000001,2035.282087024072,1320265.56729992,5992704,0.22031216080419122,2.7774934054524314,1.0628389056793957,1836,3264,0.21122921262254898,1.0430004357298475,0.5434749014086947,1929.5171,1188.1113249999999,0.5911510723039216,0.6471194580610021,1632.0,918.0,401.8414521744435,5208.8019,0.048661513832374985,14.5
932.2228,861.7677,2588.8367,1264.4702,402.7025,1656.6138999999998,1704.8574477590375,667122.5590647499,5992704,0.11132246129038742,4.113741285440244,1.029121781339054,1836,3264,0.12337699142156862,0.9022951525054466,0.4552426610757878,1760.52975,1063.11895,0.539377987132353,0.5790408224400871,1632.0,918.0,193.854085033473,4118.632799999999,0.039327784291198126,13.5
983.4751,309.97504,1440.8854,2469.433,457.4102999999999,2159.45796,2207.370123824605,987758.3133209879,5992704,0.16482681496048993,4.721052324357367,1.0221871250619783,3264,1836,0.24913415032679734,0.6615986397058824,0.5894270224586743,1212.18025,1389.70402,0.6602288943355119,0.42576716299019607,918.0,1632.0,381.1159422199797,5233.73652,0.03606010466031734,15.0
1030.7214,246.20915,1462.7882,2454.4048,432.06680000000006,2208.1956499999997,2250.068831911851,954088.02826942,5992704,0.15920826863289428,5.1107737275810114,1.0189626231316284,3264,1836,0.23533050108932466,0.6765305300245097,0.6008287226534248,1246.7548,1350.306975,0.679060348583878,0.4136969898897059,918.0,1632.0,432.93264933092144,5280.524899999999,0.03421639546308916,14.5
1035.5381,441.19327,1497.527,2675.231,461.98890000000006,2234.03773,2281.306275533113,1032100.6334411971,5992704,0.17222619929854655,4.835695684463414,1.0211583470137333,3264,1836,0.25162794117647064,0.6844478339460784,0.6091699578564271,1266.53255,1558.2121350000002,0.6898325435729847,0.47739342371323534,918.0,1632.0,356.2577542043971,5392.053260000001,0.03549880209099913,14.0
925.685,310.1127,1323.1642,2364.772,397.4792,2054.6593,2092.752864890914,816684.33483656,5992704,0.1362797720088561,5.169224704085144,1.0185400883206839,3264,1836,0.21649193899782135,0.6294912071078431,0.5588211404063229,1124.4245999999998,1337.44235,0.6124316993464052,0.4097556219362745,918.0,1632.0,359.68781555493706,4904.277,0.033955039641884545,13.0
1025.6394,398.24808,1390.0044,2343.2908,364.365,1945.0427200000001,1978.876710623984,708705.4906728001,5992704,0.11826138762615342,5.338171119619064,1.0173949858664204,3264,1836,0.19845588235294118,0.5959076960784314,0.5284131531756618,1207.8219,1370.76944,0.6578550653594771,0.4199661274509804,918.0,1632.0,390.1770613420573,4618.81544,0.033220378751001374,13.0
755.65753,755.7234,2870.7163,1245.5917,489.8683,2115.05877,2171.046879249456,1036100.244059991,5992704,0.17289361264297234,4.317606936394946,1.0264711837059053,1836,3264,0.15008219975490195,1.151992794117647,0.5797277420050311,1813.186915,1000.6575499999999,0.5555106969975491,0.5450204520697167,1632.0,918.0,199.15061822454808,5209.85414,0.03817250379107373,14.0
1116.1606,749.13696,3069.8347,1196.231,447.09403999999995,1953.6741,2004.1795252956586,873476.0462123639,5992704,0.14575658103793612,4.369716268192706,1.0258515098785712,1836,3264,0.13697734068627448,1.0640926470588234,0.5351696832884767,2092.99765,972.68398,0.641237025122549,0.529784302832244,1632.0,918.0,464.22965326889954,4801.53628,0.03788703072710172,13.5
1442.1781,895.61914,3037.688,1335.2797,439.66056000000003,1595.5099,1654.9783228240556,701482.776119544,5992704,0.11705613628164249,3.6289584401202597,1.0372723621608713,1836,3264,0.13469992647058823,0.8690141067538126,0.4419235970112935,2239.93305,1115.44942,0.6862539981617647,0.60754325708061,1632.0,918.0,639.1939195116291,4070.34092,0.04234044713205882,13.0
1058.2522,1143.1427,2944.587,1650.0669,506.9241999999999,1886.3348,1953.2616625113699,956228.7594221599,5992704,0.15956549154140767,3.7211377953548093,1.0354798429798198,1836,3264,0.15530765931372548,1.0274154684095862,0.5215732483603363,2001.4196,1396.6048,0.6131800245098039,0.7606779956427016,1632.0,918.0,604.5935787346737,4786.518,0.04173711331669421,14.5
1291.471,940.1615,2817.9155,1306.5955,366.43399999999986,1526.4445,1569.811035741643,559341.1639129998,5992704,0.09333702514140525,4.165673763897456,1.0284101621393003,1836,3264,0.11226531862745094,0.8313967864923748,0.4191816472612033,2054.6932500000003,1123.3785,0.6295016084558824,0.6118619281045752,1632.0,918.0,469.9467117214597,3785.7569999999996,0.03902755223727673,14.0
980.0423,858.7083,2908.1992,1385.066,526.3577,1928.1569,1998.7099487836897,1014900.2311231301,5992704,0.16935597538659178,3.6632064088736613,1.0365909272132832,1836,3264,0.16126155024509806,1.0501943899782136,0.5337091596713618,1944.12075,1121.88715,0.5956252297794118,0.611049645969499,1632.0,918.0,372.81273116094764,4909.0292,0.04211454574097659,14.0
989.06287,977.1049,2927.764,1438.6964,461.5915,1938.7011300000001,1992.8945743153417,894887.9626483951,5992704,0.14932957854223988,4.200036460810046,1.0279534805425845,1836,3264,0.1414189644607843,1.055937434640523,0.5321562987259479,1958.413435,1207.90065,0.6000041161151961,0.6578979575163398,1632.0,918.0,436.5639900620775,4800.58526,0.03883115350117044,13.0
860.66174,837.325,2889.196,1218.8502,381.52520000000004,2028.53426,2064.1009476837094,773936.939253352,5992704,0.12914653205854185,5.316907664290588,1.0175331954628706,1836,3264,0.1168888480392157,1.1048661546840959,0.5511703100970344,1874.92887,1028.0876,0.5744267371323529,0.5599605664488018,1632.0,918.0,266.70904662803787,4820.11892,0.03331118400225597,13.5
914.9357,694.4023,2923.9702,1184.5071,490.10480000000007,2009.0345000000002,2067.95124148837,984637.4518156003,5992704,0.16430603811161043,4.09919368265726,1.029325898329954,1836,3264,0.15015465686274512,1.0942453703703705,0.5521984418038005,1919.45295,939.4547,0.588067693014706,0.5116855664488017,1632.0,918.0,288.25249802177353,4998.278600000001,0.03941263136254631,13.5
869.7603,752.8593,2891.157,1198.5261,445.6668000000001,2021.3967000000002,2069.9428773261184,900869.3988195603,5992704,0.15032769828437384,4.535668126950448,1.0240161554266503,1836,3264,0.13654007352941178,1.100978594771242,0.552730261986105,1880.45865,975.6927000000001,0.5761209099264706,0.5314230392156863,1632.0,918.0,255.0689091071519,4934.127,0.03700336226914428,13.0
752.64984,319.1517,1175.0505,2408.3777,422.40066,2089.226,2131.498908431444,882490.44128916,5992704,0.1472608093590406,4.946076552058418,1.020233765246768,3264,1836,0.23006571895424838,0.6400814950980392,0.5691673731607004,963.85017,1363.7647,0.5249728594771242,0.41782006740196076,918.0,1632.0,272.12573243836925,5023.25332,0.03497356066073349,14.0
802.92255,531.5841,1194.7709,2425.3108,391.84835,1893.7267000000002,1933.8422747707768,742053.682745945,5992704,0.12382618643369421,4.832805089009563,1.0211834024259028,3264,1836,0.21342502723311546,0.5801858762254902,0.5163877510255821,998.846725,1478.4474500000001,0.5440341639433551,0.45295571384803923,918.0,1632.0,173.53552533913074,4571.150100000001,0.03551275460978015,13.0
958.56824,343.47708,1320.2308,1948.3606,361.6625600000001,1604.8835199999999,1645.1294538951468,580426.2823450114,5992704,0.09685549000000857,4.437516341199375,1.0250771681518338,3264,1836,0.19698396514161226,0.4916922549019607,0.439293684870735,1139.39952,1145.91884,0.6205879738562091,0.35107807598039215,918.0,1632.0,534.1279262154114,3933.09216,0.03752138179947666,12.5
820.0823,313.85794,1343.9857,2090.7349,523.9033999999999,1776.87696,1852.5027674771236,930911.8807256639,5992704,0.15534087462448734,3.391611812406639,1.0425610828321639,3264,1836,0.2853504357298475,0.5443863235294117,0.4946679211362096,1082.034,1202.29642,0.5893431372549021,0.368350618872549,918.0,1632.0,459.94817079842437,4601.5607199999995,0.043964107256627374,13.0
780.45734,230.24255,1360.0709,2073.9763,579.6135599999999,1843.7337499999999,1932.693979869792,1068653.0825296498,5992704,0.17832569112868746,3.180970697096873,1.0482500414551679,3264,1836,0.3156936601307189,0.5648694087009803,0.5160811254909304,1070.26412,1152.1094249999999,0.5829325272331155,0.35297470128676467,918.0,1632.0,503.4673040160653,4846.694619999999,0.045493089313827895,13.0
1362.6313,884.4713,3056.2197,1423.029,538.5577,1693.5884,1777.156736150149,912095.07345068,5992704,0.15220092189613904,3.144674006146417,1.0493439469413872,1836,3264,0.16499929534313723,0.9224337690631809,0.4745485100688043,2209.4255000000003,1153.75015,0.6769073223039217,0.6284042211328976,1632.0,918.0,623.6973154305483,4464.2922,0.04576514943014654,13.5
222.76018,337.5107,1990.6675,1004.7562,667.2455,1767.90732,1889.6329933031527,1179628.20368706,5992704,0.19684406299511203,2.6495604990966592,1.068852972056902,1836,3264,0.20442570465686274,0.9629124836601307,0.5045826872262454,1106.71384,671.13345,0.3390667401960784,0.36554109477124186,1632.0,918.0,580.4038623204088,4870.3056400000005,0.049731632349675314,12.5
861.39166,262.61014,1201.3824,2164.102,339.99073999999996,1901.4918599999999,1931.6482591124106,646489.6245853762,5992704,0.10787945217807791,5.592775438531062,1.0158593364225135,3264,1836,0.18518014161220042,0.5825649080882352,0.5158018900035539,1031.3870299999999,1213.3560699999998,0.5617576416122003,0.37173899203431365,918.0,1632.0,433.727286088927,4482.9652,0.03216850101818049,14.0
1220.9631,1061.0944,3120.044,1519.4097,458.3153,1899.0809,1953.6021035407646,870377.83240777,5992704,0.14523958340137774,4.1436122686718075,1.028709258010422,1836,3264,0.14041522671568626,1.034357788671024,0.5216641552454631,2170.50355,1290.25205,0.6649827052696078,0.7027516612200436,1632.0,918.0,654.643156301053,4714.7924,0.03915458920534677,13.0
973.843,354.01544,1330.7136,2153.3591,356.8706000000001,1799.34366,1834.3920605820763,642132.8515503962,5992704,0.10715243929124418,5.042005869914752,1.0194784361438083,3264,1836,0.19437396514161223,0.5512695036764705,0.48983187668469114,1152.2783,1253.6872700000001,0.627602559912854,0.3840953645833334,918.0,1632.0,444.9795990053283,4312.42852,0.03452876697173842,13.0
900.0186,241.64145,1260.7712,2172.5178,360.7525999999999,1930.87635,1964.2876361154654,696568.6635410099,5992704,0.1162361203792161,5.35235601905572,1.0173036901692154,3264,1836,0.1964883442265795,0.5915675091911765,0.5245174790179069,1080.3949,1207.079625,0.5884503812636166,0.36981606158088237,918.0,1632.0,454.8949643996409,4583.2579,0.03316006259057414,14.0
993.47705,1002.9609,2797.3816,1412.9833,410.02240000000006,1803.9045500000002,1849.9162127005816,739641.2729619202,5992704,0.12342362862606267,4.399526830729248,1.0255067058290759,1836,3264,0.12561960784313728,0.9825188180827887,0.4939772416421328,1895.429325,1207.9721,0.5807075137867648,0.6579368736383442,1632.0,918.0,391.763740088801,4427.8539,0.037725462447022726,14.0
1098.9885,1082.6831,2841.6484,1511.6941,429.01099999999997,1742.6599,1794.6904928675056,747620.2663589,5992704,0.12475507990364616,4.062040134169054,1.0298569978384797,1836,3264,0.13143719362745096,0.9491611655773421,0.4792304933496686,1970.31845,1297.1886,0.6036514859068628,0.7065297385620914,1632.0,918.0,508.1765126217095,4343.3418,0.039630819277163165,14.0
844.27704,394.57895,1382.6212,2568.731,538.34416,2174.15205,2239.8106105484253,1170442.059069528,5992704,0.19531117490026673,4.038591316751723,1.030199617615716,3264,1836,0.2932157734204793,0.6661005055147059,0.5980895024344389,1113.44912,1481.6549750000001,0.6064537690631808,0.45393841145833336,918.0,1632.0,246.5846407443598,5424.9924200000005,0.03976963893365015,14.5
1060.6802,785.27563,2854.645,1196.875,411.59937,1793.9648,1840.5770141516591,738394.781482176,5992704,0.12321562711626939,4.35852173437486,1.025982791943108,1836,3264,0.1261027481617647,0.9771050108932462,0.49148342516186627,1957.6626,991.075315,0.599774080882353,0.539801369825708,1632.0,918.0,333.76058889735515,4411.12834,0.03794802967594377,14.5
993.13043,950.0415,2929.0017,1543.1282,593.0867000000001,1935.8712699999996,2024.685014447507,1148139.503149109,5992704,0.19158955675920403,3.264061173518137,1.0458779185495672,1836,3264,0.18170548406862747,1.054396116557734,0.5406451988281592,1961.066065,1246.5848500000002,0.600816809129902,0.678967783224401,1632.0,918.0,465.0295461410026,5057.915939999999,0.04487985498935009,14.5
898.8672,752.4427,3019.9639,1206.6511,454.2084000000001,2121.0967,2169.183367394617,963419.9383522802,5992704,0.1607654805497285,4.669875546114954,1.0226706624901245,1836,3264,0.13915698529411769,1.1552814270152505,0.5792301343623167,1959.4155500000002,979.5469,0.600311136642157,0.5335222766884532,1632.0,918.0,333.15006120577647,5150.6102,0.03631602135760325,14.0
1087.0396,957.50024,2962.038,1305.2572,347.75696000000005,1874.9984,1906.9750662321208,652043.7435888641,5992704,0.10880626568388228,5.39169194485712,1.017054236543413,1836,3264,0.10654318627450982,1.0212409586056646,0.5092134857948479,2024.5388,1131.37872,0.620263112745098,0.6162193464052287,1632.0,918.0,446.7853932866185,4445.51072,0.03299388136400048,13.0
1396.8932,817.35205,3020.7249,1136.9596,319.60754999999995,1623.8317000000002,1654.9859141218974,518988.87124933494,5992704,0.08660345500951407,5.080705070953425,1.019185617648613,1836,3264,0.09791897977941175,0.8844399237472768,0.44192562409140806,2208.80905,977.1558249999999,0.6767184589460784,0.5322199482570805,1632.0,918.0,579.8345382894443,3886.8785000000003,0.034352323337530334,12.0
670.94946,804.2839,2796.3623,1321.2905,517.0066,2125.41284,2187.3901263561615,1098852.4660047442,5992704,0.18336504956773172,4.110997499838493,1.0291601166558124,1836,3264,0.1583966299019608,1.157632265795207,0.5840918272916076,1733.6558799999998,1062.7872,0.5311445710784313,0.5788601307189543,1632.0,918.0,176.91029145421234,5284.83888,0.039343762005457666,12.5
920.07513,552.77496,1340.7229,2824.124,420.64777000000004,2271.34904,2309.9720794665236,955437.9085676409,5992704,0.1594335225914113,5.399645979342765,1.0170044492441916,3264,1836,0.22911098583877998,0.6958789950980392,0.6168244962940402,1130.399015,1688.4494799999998,0.6156857380174292,0.5172945710784314,918.0,1632.0,219.77234895509622,5383.99362,0.032960469968296366,13.0
988.6046,515.47235,1592.9216,2327.9426,604.3169999999999,1812.4702499999999,1910.562075312933,1095306.5840692497,5992704,0.18277334973815654,2.9992044738109307,1.0541205160818132,3264,1836,0.32914869281045744,0.5552911305147058,0.5101713134193209,1290.7631,1421.707475,0.7030300108932461,0.43557214307598036,918.0,1632.0,427.9898068791891,4833.5745,0.04688121566638129,13.5
1022.6307,1009.45306,2687.9673,1382.0149,372.56183999999985,1665.3365999999996,1706.501777298736,620440.8679153436,5992704,0.10353270709104664,4.469960208485121,1.0247188329967265,1836,3264,0.11414272058823524,0.9070460784313723,0.45568174116211513,1855.299,1195.73398,0.5684126838235294,0.6512712309368192,1632.0,918.0,356.36863925946176,4075.796879999999,0.037348686391833405,13.5
894.86414,452.3959,1367.0975,2222.9482,472.23336000000006,1770.5522999999998,1832.4463957595538,836113.8616847281,5992704,0.13952196899508604,3.749316439651785,1.0349575077559436,3264,1836,0.2572077124183007,0.5424486213235293,0.48931233199634727,1130.98082,1337.67205,0.6160026252723312,0.40982599571078426,918.0,1632.0,363.3039661758112,4485.57132,0.041555631930286496,13.5
971.3604,420.25156,1320.6606,2232.491,349.3001999999999,1812.23944,1845.5954100537729,633015.5988398879,5992704,0.10563104715999454,5.1882004075577415,1.0184059398099032,3264,1836,0.1902506535947712,0.5552204166666667,0.49282347145594974,1146.0104999999999,1326.37128,0.624188725490196,0.40636375,918.0,1632.0,381.31050680395407,4323.07928,0.03387099946630452,14.0
1009.7991,436.31372,1415.5314,2545.2476,405.7323000000001,2108.93388,2147.608160134233,855662.5936803243,5992704,0.1427840576942102,5.197845673119935,1.0183383085173978,3264,1836,0.22098709150326803,0.6461194485294118,0.5734689753989152,1212.66525,1490.7806600000001,0.6604930555555556,0.45673427083333334,918.0,1632.0,326.7575730531705,5029.33236,0.033828432421796444,14.0
913.1006,522.4528,1273.7782,2467.8916,360.6776,1945.4388,1978.590522489987,701676.19733088,5992704,0.11708841239795591,5.393844253150181,1.017040742936754,3264,1836,0.1964474945533769,0.596029044117647,0.5283367332686131,1093.4394,1495.1722,0.5955552287581699,0.4580797181372549,918.0,1632.0,222.4878197232379,4612.2328,0.032984834127986196,14.0
894.4936,486.91864,1330.5132,2351.758,436.0196000000001,1864.83936,1915.1341807271283,813106.5118114562,5992704,0.13568274218307064,4.276962228303497,1.026970055333414,3264,1836,0.23748344226579526,0.5713355882352941,0.511392188184078,1112.5034,1419.3383199999998,0.6059386710239651,0.4348462990196078,918.0,1632.0,288.19535518807805,4601.71792,0.03839789815366202,14.0
894.4936,486.91864,1330.5132,2351.758,436.0196000000001,1864.83936,1915.1341807271283,813106.5118114562,5992704,0.13568274218307064,4.276962228303497,1.026970055333414,3264,1836,0.23748344226579526,0.5713355882352941,0.511392188184078,1112.5034,1419.3383199999998,0.6059386710239651,0.4348462990196078,918.0,1632.0,288.19535518807805,4601.71792,0.03839789815366202,14.0
1010.75995,418.65103,1389.4293,2156.0847,378.66935,1737.43367,1778.2199622878748,657912.8784870144,5992704,0.10978564575974625,4.588260628962972,1.0234750212293715,3264,1836,0.20624692265795208,0.5323019822303922,0.47483241996220904,1200.094625,1287.367865,0.653646309912854,0.39441417432598036,918.0,1632.0,445.3635435557662,4232.20604,0.036731171708258424,13.0
978.3943,1011.5032,2820.676,1402.3698,390.86659999999995,1842.2817,1883.2892930058435,720086.3843212199,5992704,0.12016051257015528,4.7133259787354564,1.0222591327948616,1836,3264,0.11975079656862743,1.0034214052287582,0.5028887491153434,1899.53515,1206.9365,0.5819654258578432,0.6573728213507626,1632.0,918.0,393.7757706078073,4466.2966,0.03609852677021842,13.5
862.33295,967.09326,2711.0195,1345.623,378.52974000000006,1848.68655,1887.0417918571304,699782.839112997,5992704,0.11677246850720427,4.883860776698812,1.0207472931834392,1836,3264,0.11597112132352944,1.0069098856209149,0.5038907669467986,1786.676225,1156.35813,0.5473885493259804,0.6298246895424837,1632.0,918.0,284.14667465474156,4454.43258,0.03526781125441251,14.0
905.4872,1038.7351,2722.3447,1430.5769,391.8417999999999,1816.8575,1858.63153194319,711920.7131434999,5992704,0.11879791044969014,4.636711805631764,1.0229924647052342,1836,3264,0.12004957107843135,0.9895738017429194,0.4963044656158119,1813.91595,1234.656,0.5557340533088235,0.672470588235294,1632.0,918.0,365.19095717227515,4417.3986,0.03648366425284459,13.0
998.52637,902.26825,2864.1829,1323.0973,420.82904999999994,1865.6565299999997,1912.53009839206,785122.4651461963,5992704,0.13101305606721045,4.4332883625785815,1.0251244361640672,1836,3264,0.12893046874999997,1.016152794117647,0.5106968283618035,1931.354635,1112.682775,0.5917140425857843,0.6060363698257081,1632.0,918.0,357.0918374559741,4572.971159999999,0.037543994651120245,12.0
872.10675,887.0227,2760.6477,1266.0865,379.0637999999999,1888.54095,1926.207746920706,715877.5089626098,5992704,0.11945817930647164,4.982118973112179,1.0199449193414132,1836,3264,0.1161347426470588,1.0286170751633987,0.5143491273394247,1816.377225,1076.5546,0.5564881204044118,0.5863587145969499,1632.0,918.0,243.17590809917948,4535.2095,0.03480519015185609,14.0
1061.9241,837.68353,2925.691,1235.8147,398.1311699999999,1863.7668999999999,1905.816225678955,742023.6965042728,5992704,0.1238211826421383,4.6812885813487055,1.0225614725097625,1836,3264,0.12197646139705878,1.0151235838779955,0.5089040442882404,1993.80755,1036.749115,0.6108479013480392,0.564678167211329,1632.0,918.0,380.79660653725074,4523.7961399999995,0.036258657774914944,13.5
1195.5173,988.86395,2790.8892,1384.9653,396.10135,1595.3719,1643.8089240484835,631928.9633420651,5992704,0.10544972075077713,4.027686095995381,1.0303609610075766,1836,3264,0.12135458026960785,0.8689389433551199,0.43894106798642296,1993.20325,1186.9146250000001,0.6106627604166667,0.6464676606753813,1632.0,918.0,450.3141829317096,3982.9465,0.039834494942252864,12.0
1135.3844,936.3628,2800.0808,1384.6116,448.24879999999996,1664.6964000000003,1723.9898755138909,746198.16366432,5992704,0.1245177742241766,3.713777705595643,1.0356181917098461,1836,3264,0.1373311274509804,0.9066973856209152,0.46035153239837756,1967.7326,1160.4872,0.6028592524509804,0.6320736383442266,1632.0,918.0,414.14541029281014,4225.8904,0.041784741271395934,12.5
782.3166,440.40247,1336.7094,2143.0388,554.3928,1702.6363299999998,1790.6205206373875,943929.3223704238,5992704,0.1575130896454128,3.071173236737562,1.0516752691617872,3264,1836,0.30195686274509803,0.5216410324754901,0.47814370161175584,1059.513,1291.720635,0.5770767973856209,0.3957477435661764,918.0,1632.0,368.5321904716103,4514.05826,0.04632390448000481,12.5
1135.7607,841.4973,3121.7576,1451.3566,609.8593000000001,1985.9968999999999,2077.525463768399,1211178.6792361701,5992704,0.2021088776011914,3.25648374961241,1.0460869620533642,1836,3264,0.18684414828431375,1.0816976579520696,0.5547550159233672,2128.75915,1146.42695,0.6521933670343136,0.6244155501089325,1632.0,918.0,546.7618536392465,5191.7124,0.044935229550976404,13.0
877.7793,221.5851,1444.3523,2384.961,566.573,2163.3759,2236.3363452374083,1225710.3737907,5992704,0.20453377536929906,3.818353327814774,1.0337252741132081,3264,1836,0.3085909586056645,0.6627989889705882,0.5971617804201733,1161.0658,1303.2730499999998,0.6323887799564271,0.39928708639705873,918.0,1632.0,408.83051596712136,5459.8978,0.04111675524449869,13.0
809.8099,979.8979,2832.6155,1452.8721,472.9742,2022.8056,2077.3654202515745,956734.8604155199,5992704,0.15964994440164573,4.276777887673366,1.0269723498153132,1836,3264,0.1449063112745098,1.1017459694989107,0.5547122800121725,1821.2127,1216.385,0.5579695772058824,0.6625190631808279,1632.0,918.0,353.32004481247594,4991.5596,0.03839892591220838,13.5
1026.6978,476.2405,1577.6761,2473.5737,550.9783,1997.3332,2071.9355682291693,1100487.25106956,5992704,0.1836378454650121,3.625066903723795,1.0373509879218796,3264,1836,0.30009711328976035,0.6119280637254902,0.5532623638991411,1302.1869499999998,1474.9071,0.7092521514161219,0.45187104779411763,918.0,1632.0,415.06359968167817,5096.623,0.04236624722227919,13.5
993.6805,529.82007,1525.8484,2702.2625,532.1679,2172.44243,2236.6735983273725,1156104.125843997,5992704,0.1929186100037641,4.082250038004923,1.0295663385323277,3264,1836,0.28985179738562095,0.665576724877451,0.5972518360399749,1259.7644500000001,1616.0412849999998,0.6861462145969499,0.49511068780637246,918.0,1632.0,342.13684377490506,5409.22066,0.03951186732445788,14.0
928.30023,937.01184,2842.295,1319.9095,382.89766,1913.99477,1951.91869646787,732864.1186852382,5992704,0.1222927277378022,4.998711065510299,1.0198140178135753,1836,3264,0.11730933210784313,1.042480811546841,0.5212146404097531,1885.297615,1128.46067,0.5776034359681372,0.6146299945533769,1632.0,918.0,329.32260077549654,4593.78486,0.03472819047309473,14.0
663.84796,985.4858,2841.183,1441.0021,455.5162999999999,2177.33504,2224.473640207384,991811.6012811518,5992704,0.16550318542032974,4.7799278313421505,1.0216496769405705,1836,3264,0.13955768995098036,1.185912331154684,0.593994120031603,1752.51548,1213.24395,0.5369226348039216,0.6608082516339869,1632.0,918.0,318.893353538817,5265.702679999999,0.03576980038880434,14.0
762.1942,917.2845,2849.3142,1490.1907,572.9062000000001,2087.12,2164.322390125473,1195723.9881440003,5992704,0.19952995978843613,3.643039645931567,1.0369899143918284,1836,3264,0.1755227328431373,1.1367755991285402,0.577932123065042,1805.7541999999999,1203.7376,0.5532335171568628,0.6556305010893246,1632.0,918.0,334.41964366854995,5320.0524000000005,0.04224731590354456,14.0
544.5934,859.4045,2819.6394,1385.9866,526.5821,2275.0460000000003,2335.1922854780955,1197998.5002766,5992704,0.1999095066728809,4.320401320136025,1.0264373931244006,1836,3264,0.16133030024509804,1.2391318082788672,0.6235589676791283,1682.1163999999999,1122.69555,0.5153542892156863,0.6114899509803922,1632.0,918.0,210.74136219252844,5603.256200000001,0.03815709591145279,15.0
738.46466,889.4415,2786.6592,1504.6229,615.1814,2048.19454,2138.5857543226484,1260011.1845895562,5992704,0.21025753726357188,3.329415583761147,1.044132142995874,1836,3264,0.188474693627451,1.1155743681917212,0.5710597510755735,1762.56193,1197.0322,0.5400005912990197,0.6519783224400872,1632.0,918.0,308.0671780670005,5326.75188,0.044406798562199146,14.0
1270.9875,937.35956,2845.8467,1310.547,373.18744000000004,1574.8592,1618.4716139612688,587717.6732084481,5992704,0.09807220133156053,4.220021981447179,1.0276928972198078,1836,3264,0.11433438725490197,0.857766448801743,0.4321753266725273,2058.4171,1123.95328,0.630642493872549,0.6121749891067538,1632.0,918.0,473.5486212789226,3896.09328,0.03871774526763591,13.0
791.61096,1035.4791,2343.3777,1451.1174,415.6383000000001,1551.76674,1606.4666855547046,644973.6898101422,5992704,0.10762648877871193,3.7334546407296916,1.0352501082441712,1836,3264,0.1273401654411765,0.8451888562091503,0.4289696888281361,1567.49433,1243.29825,0.4802372334558824,0.6771776960784314,1632.0,918.0,331.6322253871168,3934.81008,0.041657619462279374,13.5
834.4413,916.18695,2522.7407,1421.8904,505.70345,1688.2993999999999,1762.4105206739607,853778.8312129299,5992704,0.1424697150423131,3.338516674149642,1.0438969063626753,1836,3264,0.1549336550245098,0.9195530501089324,0.4706108750583223,1678.591,1169.038675,0.5142742034313725,0.6367313044662309,1632.0,918.0,255.32555224018535,4388.0057,0.04434156493680236,13.5
923.042,849.07184,2700.6555,1275.0947,426.02286000000015,1777.6135,1827.9511023615564,757303.9872446102,5992704,0.1263709983414182,4.172577734443638,1.0283175180440274,1836,3264,0.13052170955882358,0.968199074074074,0.4881119680999343,1811.8487499999999,1062.08327,0.5551007199754902,0.5784767265795208,1632.0,918.0,230.4464397001077,4407.27272,0.038987949318957854,13.0
1107.406,568.57495,1436.223,2172.1436,328.817,1603.56865,1636.9340349420993,527280.63278705,5992704,0.08798709777540321,4.876781462029031,1.020806957620492,3264,1836,0.1790942265795207,0.49128941482843136,0.43710528821756006,1271.8145,1370.3592749999998,0.692709422657952,0.41984046415441173,918.0,1632.0,440.0460991632305,3864.7713,0.0353015862918971,12.5
874.1652,1054.3123,2603.2395,1423.2166,368.9042999999999,1729.0743000000002,1767.9899087605056,637862.94428949,5992704,0.10643992165965314,4.68705379687903,1.0225066145280775,1836,3264,0.11302215073529409,0.9417616013071897,0.47210072131088254,1738.70235,1238.7644500000001,0.5326906709558824,0.6747083061002179,1632.0,918.0,338.0461860150549,4195.957200000001,0.03622974472123573,13.0
960.4045,642.8325,1374.6227,2517.6125,414.2181999999999,1874.7800000000002,1919.9939493683933,776567.996996,5992704,0.12958557555921332,4.526068627597726,1.0241169360503062,3264,1836,0.22560904139433546,0.5743811274509805,0.5126898767452948,1167.5136,1580.2225,0.6359006535947712,0.4841367953431373,918.0,1632.0,254.82924889268497,4577.9964,0.0370534452641931,14.0
847.35284,504.34296,1323.1704,2271.6348,475.81755999999996,1767.2918399999999,1830.2247944268863,840908.4911167102,5992704,0.1403220467950211,3.714221560044989,1.035609825724588,3264,1836,0.2591598910675381,0.5414497058823529,0.4887191048594612,1085.26162,1387.9888799999999,0.5911011002178649,0.42524169117647054,918.0,1632.0,295.8342039194908,4486.2188,0.04178186637804677,13.0
850.77765,354.8693,1294.4484,2186.5051,443.67075,1831.6357999999998,1884.604318748952,812643.2291128499,5992704,0.1356054343936977,4.128367263336607,1.0289186959268606,3264,1836,0.24165073529411765,0.5611629289215686,0.5032398962563919,1072.613025,1270.6871999999998,0.584211887254902,0.38930367647058817,918.0,1632.0,393.0039782794708,4550.6131,0.039242809828995584,13.0
1004.65955,861.60364,2775.4102,1317.1917,455.58806000000004,1770.75065,1828.419630415837,806732.8533772391,5992704,0.13461917247660474,3.8867362985763934,1.0325675331057125,1836,3264,0.13957967524509804,0.9644611383442265,0.488237077655868,1890.0348749999998,1089.39767,0.5790548023897059,0.5933538507625272,1632.0,918.0,309.7727521873001,4452.67742,0.04068996132071978,13.5
1061.1112,1060.0308,2893.5596,1473.4352,413.4043999999999,1832.4484,1878.5021524081149,757542.2313329598,5992704,0.1264107540323967,4.432580785303689,1.0251323597478188,1836,3264,0.12665575980392155,0.9980655773420479,0.5016104541895603,1977.3354,1266.733,0.6058012867647059,0.6899417211328975,1632.0,918.0,490.786352481566,4491.705599999999,0.03754778148267293,13.0
1005.3945,536.5937,1438.7178,2458.2744,433.3232999999999,1921.6807,1969.9304036121123,832709.0224703097,5992704,0.1389538049051496,4.434750450760437,1.025108075244817,3264,1836,0.2360148692810457,0.5887502144607842,0.526024249272735,1222.05615,1497.4340499999998,0.6656079248366013,0.45877268688725487,918.0,1632.0,332.50283796115934,4710.008,0.03753617202149215,14.0
696.0372,459.96848,1131.3005,2320.3384,435.2633000000001,1860.36992,1910.6099496149643,809750.7505999361,5992704,0.13512276771886883,4.274125385714807,1.0270053977302342,3264,1836,0.23707151416122008,0.569966274509804,0.5101840971419027,913.66885,1390.15344,0.49764098583877997,0.42590485294117647,918.0,1632.0,241.88533945685109,4591.26644,0.03841371999299901,13.0
981.42035,1000.1858,2935.8655,1441.1155,440.92970000000014,1954.44515,2003.5655329189042,861772.9136559552,5992704,0.14380368422267398,4.4325550082019864,1.0251326484751462,1836,3264,0.13508875612745103,1.064512608932462,0.5350057308572389,1958.6429249999999,1220.65065,0.6000744255514705,0.6648424019607844,1632.0,918.0,445.3010401941344,4790.7497,0.03754791945047365,13.0
1385.6289,918.7049,2856.8254,1255.4468,336.7419,1471.1965000000002,1509.242938969025,495413.50468335004,5992704,0.08266944349050946,4.368914293112916,1.0258608819209567,1836,3264,0.10316847426470588,0.801305283224401,0.403008341048824,2121.22715,1087.07585,0.6498857689950981,0.5920892429193899,1632.0,918.0,517.6194039546288,3615.8768000000005,0.037891394737900395,12.0
996.7557,368.4484,1340.4376,2211.9978,343.6818999999999,1843.5494,1875.3110778289479,633594.5605358599,5992704,0.1057276582550815,5.364115480041284,1.017228547186719,3264,1836,0.1871905773420479,0.5648129289215686,0.5007583516955829,1168.59665,1290.2231000000002,0.6364905501089324,0.39528893995098047,918.0,1632.0,423.80435387668257,4374.4626,0.03311021680277584,12.5
772.9765,911.5767,2855.1606,1352.8494,441.2727000000001,2082.1841000000004,2128.4295201058694,918810.9997040704,5992704,0.15332160568986394,4.718588074902436,1.022210053427009,1836,3264,0.13519384191176473,1.13408720043573,0.5683477641599326,1814.06855,1132.21305,0.5557808057598039,0.616673774509804,1632.0,918.0,281.1337540911888,5046.913600000001,0.03607235080832974,13.0
1145.2762,956.3619,2929.8752,1483.4541,527.0921999999999,1784.599,1860.8115912423373,940648.2130277999,5992704,0.15696557230722555,3.385743518875825,1.0427057233823045,1836,3264,0.16148658088235293,0.9720038126361655,0.4968865999156334,2037.5756999999999,1219.908,0.6242572610294117,0.664437908496732,1632.0,918.0,505.60863214000796,4623.3823999999995,0.044005565258302425,12.5
822.65045,696.7469,2660.7246,1262.2246,565.4777,1838.07415,1923.0916801066744,1039389.942771455,5992704,0.17344256328553104,3.2504803460861496,1.0462535910788335,1836,3264,0.1732468443627451,1.0011297113289759,0.5135170539303697,1741.687525,979.48575,0.5336052466299019,0.5334889705882353,1632.0,918.0,125.74518119470082,4807.1037,0.04497917944772511,13.5
833.1934,963.502,2671.9812,1385.495,421.99299999999994,1838.7878,1886.5891618150042,775955.5800853999,5992704,0.12948338180651003,4.35738934058148,1.0259961273481388,1836,3264,0.12928707107843135,1.0015184095860568,0.5037699025864785,1752.5873000000001,1174.4985,0.5369446384803922,0.6397050653594771,1632.0,918.0,283.4303749133815,4521.5616,0.03795421005505986,13.0
966.487,933.71136,2745.607,1316.4844,382.77304000000004,1779.12,1819.8305345693157,680999.1709248,5992704,0.11363804568435217,4.647976252454979,1.02288239948363,1836,3264,0.11727115196078433,0.9690196078431372,0.4859435587141259,1856.047,1125.09788,0.5686418504901961,0.6127984095860567,1632.0,918.0,305.10095068598923,4323.78608,0.036426562117589,13.5
1029.5656,898.42377,2860.9478,1329.7913,431.3675300000001,1831.3822,1881.4990588398232,789998.8160999662,5992704,0.13182677070316942,4.2455263148804905,1.0273655924142013,1836,3264,0.13215916973039218,0.9974848583877995,0.502410708580776,1945.2567,1114.107535,0.5959732536764706,0.6068123828976035,1632.0,918.0,369.57803692679875,4525.49946,0.03857388715355598,12.5
1029.5656,898.42377,2860.9478,1329.7913,431.3675300000001,1831.3822,1881.4990588398232,789998.8160999662,5992704,0.13182677070316942,4.2455263148804905,1.0273655924142013,1836,3264,0.13215916973039218,0.9974848583877995,0.502410708580776,1945.2567,1114.107535,0.5959732536764706,0.6068123828976035,1632.0,918.0,369.57803692679875,4525.49946,0.03857388715355598,13.0
979.06177,873.99695,3023.7659,1289.1978,415.20084999999995,2044.7041299999999,2086.433973333395,848962.8927745103,5992704,0.14166608141742196,4.924614508857581,1.0204087440921807,1836,3264,0.12720614276960782,1.1136732734204793,0.5571338268942896,2001.4138349999998,1081.5973749999998,0.6131782582720587,0.589105324074074,1632.0,918.0,404.01817112142083,4919.80996,0.035074545602963955,14.0
1155.1683,812.4045,2889.048,1217.0599,404.6554,1733.8796999999997,1780.4731974453448,701623.7835553798,5992704,0.11707966613324801,4.284830253099304,1.0268723934223032,1836,3264,0.12397530637254901,0.9443789215686273,0.4754340941787041,2022.10815,1014.7321999999999,0.6195184283088235,0.5526863834422657,1632.0,918.0,401.92224025707077,4277.070199999999,0.038354077846748845,13.5
1013.21735,957.54614,2607.986,1420.929,463.38286000000005,1594.76865,1660.7259623323175,738988.4580753391,5992704,0.12331469368007149,3.4415788490752544,1.041358545850721,1836,3264,0.1419677879901961,0.8686103758169934,0.4434583709057824,1810.601675,1189.23757,0.5547186504289215,0.6477328812636166,1632.0,918.0,324.7589532134726,4116.30302,0.04361370483154535,12.0
1374.1471,889.44745,2916.0642,1273.532,384.0845499999999,1541.9171,1589.0340728949498,592226.5354908048,5992704,0.09882459328723808,4.014525187227656,1.030557396954058,1836,3264,0.11767296262254899,0.839824128540305,0.42431471372323104,2145.10565,1081.489725,0.6572014859068628,0.5890466911764706,1632.0,918.0,538.5223284530532,3852.0032999999994,0.039913017416324165,11.0
960.6742,1006.1116,2642.113,1540.8789,534.7673,1681.4388,1764.4297955131935,899178.48719124,5992704,0.15004553657101033,3.1442438608344228,1.0493571312337944,1836,3264,0.16383802083333332,0.915816339869281,0.4711500755952728,1801.3935999999999,1273.49525,0.5518975490196079,0.6936248638344227,1632.0,918.0,393.7906353552893,4432.4122,0.045768388866224564,13.0
1018.1189,571.7366,1467.8524,2421.0842,449.73349999999994,1849.3475999999998,1903.2463757086232,831713.5688645998,5992704,0.13878769397997961,4.112096608324708,1.029144751213143,3264,1836,0.24495288671023963,0.5665893382352941,0.5082178254254274,1242.98565,1496.4103999999998,0.6770074346405229,0.4584590686274509,918.0,1632.0,352.1366387271887,4598.1622,0.03933736023857587,13.5
860.55054,775.86304,2789.8608,1399.2474,623.38436,1929.31026,2027.5221674827324,1202701.8416715336,5992704,0.20069435127640772,3.09489679850165,1.0509051911032352,1836,3264,0.19098785539215687,1.0508225816993464,0.5414027947780922,1825.2056699999998,1087.55522,0.5591929136029411,0.5923503376906318,1632.0,918.0,257.05525388405744,5105.38924,0.04614240837692744,14.0
1192.4353,1051.7303,3002.813,1451.5,399.76970000000006,1810.3777,1853.9911622484558,723734.1500156901,5992704,0.12076921369980732,4.52855156356272,1.02409080837024,1836,3264,0.12247846200980395,0.9860444989106754,0.495065362457373,2097.62415,1251.61515,0.6426544577205883,0.6817075980392158,1632.0,918.0,572.8044320470514,4420.2948,0.03704047921431195,13.5
904.7588,409.618,1452.865,2115.1162,548.1062000000001,1705.4982,1791.4085286951383,934794.1375088401,5992704,0.15598870518364333,3.111619974377228,1.0503725707216451,3264,1836,0.298532788671024,0.5225178308823529,0.47835412089674134,1178.8119,1262.3671,0.6420544117647058,0.3867546262254902,918.0,1632.0,452.38404917063554,4507.2088,0.046015126993718784,12.0
515.44183,679.4058,2504.7922,1437.8048,758.3989999999999,1989.3503699999999,2129.0100840109085,1508721.3312576297,5992704,0.2517596949987234,2.6230920267563644,1.0702036786063527,1836,3264,0.23235263480392154,1.0835241666666666,0.5685027902927051,1510.1170149999998,1058.6053,0.4626583992034313,0.5765824074074074,1632.0,918.0,186.0787801459378,5495.498739999999,0.049956822286615986,13.0
890.73926,776.3963,1369.6687,2519.1538,478.92944,1742.7575000000002,1807.367453592369,834657.8735308001,5992704,0.1392790088632444,3.6388606639007204,1.0370734044136196,3264,1836,0.2608548148148148,0.5339330575980392,0.48261558184626163,1130.20398,1647.77505,0.6155795098039216,0.5048330422794117,918.0,1632.0,212.78952354461182,4443.37388,0.04227491850572269,14.0
962.9649,366.6867,1428.9852,2058.0635,466.02030000000013,1691.3768000000002,1754.4031462552532,788215.9237490403,5992704,0.13152926020524963,3.62940584347935,1.0372633385152574,3264,1836,0.2538236928104576,0.5181914215686275,0.4684726913389772,1195.97505,1212.3751000000002,0.6514025326797386,0.37143844975490203,918.0,1632.0,503.34400276799994,4314.7942,0.042337482661674954,12.5
1236.9663,1009.0691,2928.761,1347.2736,338.20449999999994,1691.7947,1725.2685561292594,572172.5806161498,5992704,0.09547819825844056,5.002283233960519,1.019786003661827,1836,3264,0.10361657475490194,0.9214568082788671,0.46069297441558055,2082.8636500000002,1178.17135,0.6381322457107844,0.6417055283224401,1632.0,918.0,520.5450626527402,4059.9983999999995,0.034711654710735465,12.5
1244.0121,1002.8648,2776.6978,1320.0806,317.21580000000006,1532.6857,1565.168143923882,486192.12047406007,5992704,0.08113067497978543,4.831681461011714,1.0211931539022527,1836,3264,0.09718621323529414,0.8347961328976035,0.4179418706282756,2010.35495,1161.4727,0.6159175704656863,0.632610403050109,1632.0,918.0,449.92379780890946,3699.803,0.03551818097150148,12.0
1117.82,684.4882,1527.0725,2527.8413,409.25250000000005,1843.3531,1888.2368124882696,754396.8645577502,5992704,0.12588588799943234,4.504195087384927,1.0243489500130332,3264,1836,0.2229044117647059,0.5647527879901961,0.5042098695045375,1322.44625,1606.16475,0.720286628540305,0.49208478860294114,918.0,1632.0,405.2705630583413,4505.2112,0.03716803184061355,13.5
1063.2224,1029.3861,2912.033,1644.9596,615.5735,1848.8105999999998,1948.5972822968345,1138078.8118790998,5992704,0.18991073343170292,3.003395370333518,1.0539734477381484,1836,3264,0.18859482230392155,1.0069774509803922,0.520327733749173,1987.6277,1337.17285,0.6089545649509804,0.7283076525054466,1632.0,918.0,549.7062298941249,4928.7681999999995,0.046848484927600846,13.0
854.11206,379.3237,1450.0725,2177.9463,595.96044,1798.6226000000001,1894.7855032366472,1071907.916089944,5992704,0.17886882383811115,3.0180234782026814,1.053464747544397,3264,1836,0.3245971895424836,0.5510485906862745,0.505958545563508,1152.09228,1278.635,0.6275012418300654,0.39173866421568626,918.0,1632.0,423.87028532394015,4789.16608,0.04673450880235236,13.0
994.6206,564.355,1414.3197,2322.0237,419.69910000000004,1757.6687000000002,1807.0823427559965,737691.9714881701,5992704,0.12309834950769638,4.18792582590718,1.0281131721558199,3264,1836,0.22859428104575166,0.5385014399509804,0.48253944960657064,1204.47015,1443.18935,0.6560294934640524,0.442153599877451,918.0,1632.0,343.09562572910346,4354.7356,0.03890016768925158,13.0
1064.9556,650.02704,1420.3807,2258.5337,355.42509999999993,1608.50666,1647.3070985624888,571703.6404811658,5992704,0.09539994641503499,4.525585446835354,1.024122025433509,3264,1836,0.19358665577342044,0.4928022855392157,0.43987517439910667,1242.66815,1454.28037,0.6768345043572984,0.4455515839460784,918.0,1632.0,370.12656553098077,3927.86352,0.0370559694352719,12.0
1186.4908,697.0149,2701.7305,1214.9601,517.9452,1515.2397,1601.3177631747953,784811.12946444,5992704,0.13096110361273308,2.9254826572386423,1.0568082153436154,1836,3264,0.1586841911764706,0.825293954248366,0.42759478846389526,1944.11065,955.9875,0.5956221354166666,0.5206903594771242,1632.0,918.0,314.4139119054253,4066.3698000000004,0.04746258747605514,11.0
834.67487,1066.1217,2664.0493,1498.3553,432.2336,1829.37443,1879.7437831009804,790717.095626848,5992704,0.13194662970619742,4.232374415131077,1.0275336488118403,1836,3264,0.13242450980392156,0.9963913017429195,0.5019420028838142,1749.3620850000002,1282.2385,0.5359565211397059,0.6983869825708061,1632.0,918.0,382.6794270375626,4523.216060000001,0.03864794996626233,14.0
1153.6082,1008.7855,2754.8364,1447.0061,438.2206000000001,1601.2282000000002,1660.1111537302559,701691.1825409203,5992704,0.1170909129736627,3.6539318325062764,1.0367736177330973,1836,3264,0.134258762254902,0.8721286492374729,0.44329420052049723,1954.2223,1227.8958,0.5987200674019607,0.6687885620915033,1632.0,918.0,447.0599707812476,4078.8976000000007,0.04217551691000591,12.5
918.8731,387.64514,1435.0682,2480.5215,516.1950999999999,2092.8763599999997,2155.594776276575,1080332.5219378357,5992704,0.180274634278255,4.054428955253547,1.0299675687848924,3264,1836,0.2811520152505446,0.6411998651960783,0.5756016161017551,1176.97065,1434.08332,0.6410515522875817,0.4393637622549019,918.0,1632.0,325.9398867638708,5218.142919999999,0.03967578337919956,13.0
1102.6154,967.02026,2731.5876,1584.7478,617.7275400000001,1628.9722,1742.1646713348573,1006260.9898343881,5992704,0.16791434882056383,2.6370399480651288,1.0694870491558157,1836,3264,0.1892547610294118,0.8872397603485839,0.4652046903119155,1917.1014999999998,1275.8840300000002,0.5873472732843137,0.6949259422657953,1632.0,918.0,457.56294018559987,4493.39948,0.049837996483065555,12.0
1058.0841,916.8215,3043.7222,1374.5109,457.6894,1985.6381000000001,2037.704161806608,908805.51060614,5992704,0.1516519939256369,4.3383965195610825,1.026221324926535,1836,3264,0.1402234681372549,1.0815022331154684,0.5441216603331874,2050.90315,1145.6662000000001,0.6283404258578432,0.6240011982570807,1632.0,918.0,476.7722178382069,4886.655000000001,0.038058143060229435,13.0
555.6958,859.3091,2976.6238,1379.6246,520.3155000000002,2420.928,2476.210936233876,1259646.3627840003,5992704,0.21019665960207617,4.652807767594852,1.0228354317988293,1836,3264,0.15941038602941182,1.3185882352941176,0.6612147294061653,1766.1598,1119.46685,0.5411028799019607,0.6097313997821351,1632.0,918.0,242.04905202244126,5882.487,0.036402120656891385,13.5
917.17773,370.57565,1360.6796,2119.5298,443.50186999999994,1748.9541499999998,1804.3099865310612,775664.4360692604,5992704,0.12943479872679517,3.943510204365091,1.0316508220247291,3264,1836,0.2415587527233115,0.5358315410539215,0.481799156142769,1138.928665,1245.052725,0.6203315168845316,0.38144997702205885,918.0,1632.0,445.5756598475817,4384.912039999999,0.040341506070688524,13.0
1271.3169,903.8069,3038.2942,1461.2577,557.4508000000001,1766.9772999999998,1852.8249170215543,985002.90946684,5992704,0.16436702187640836,3.1697457425839186,1.0485844481542317,1836,3264,0.17078762254901964,0.962405936819172,0.49475394370429215,2154.80555,1182.5323,0.6601732689950981,0.6440807734204793,1632.0,918.0,585.9206267525428,4648.8562,0.045576953052851525,13.0
1063.5962,570.2173,3118.217,1252.8652,682.6478999999999,2054.6208,2165.0576867989107,1402582.57441632,5992704,0.23404836521482122,3.0097811770899763,1.0537504958573916,1836,3264,0.20914457720588234,1.1190745098039216,0.5781284669967509,2090.9066000000003,911.54125,0.6405963848039217,0.4964821623093682,1632.0,918.0,458.9520486664405,5474.5374,0.04679867798255487,14.0
602.5231,837.0006,2743.419,1560.0961,723.0955,2140.8959,2259.7128925500824,1548072.19125845,5992704,0.2583261564826913,2.960737412969656,1.0554987248796555,1836,3264,0.22153661151960785,1.1660653050108933,0.6034039454876248,1672.9710499999999,1198.54835,0.5125524050245097,0.6528041122004358,1632.0,918.0,283.5242557980269,5727.9828,0.0471832442338869,14.0
753.01105,401.0619,1290.0378,2218.6746,537.0267500000001,1817.6127,1895.2872229339944,976106.6410397252,5992704,0.162882505299732,3.3845850323098423,1.042734364110679,3264,1836,0.29249822984749463,0.5568666360294118,0.5060925181783062,1021.5244250000001,1309.86825,0.5563858523965142,0.40130767463235295,918.0,1632.0,338.3580513740484,4709.2789,0.04401375729153896,13.5
744.86273,484.24426,1194.7227,2518.8528,449.85997,2034.6085400000002,2083.7480422664667,915288.9367661438,5992704,0.15273388052641074,4.522759693421934,1.0241518214931244,3264,1836,0.24502177015250542,0.6233482046568628,0.5564166112655098,969.792715,1501.54853,0.5282095397603486,0.4600332506127451,918.0,1632.0,140.35694265775427,4968.93702,0.03707073770913084,13.0
542.37616,383.25702,1589.7002,2618.5857,1047.32404,2235.32868,2468.5181693462305,2341113.4638654673,5992704,0.3906606206255919,2.1343238526254016,1.1043200006480616,3264,1836,0.5704379302832244,0.6848433455882353,0.6591605543350644,1066.03818,1500.92136,0.5806308169934641,0.45984110294117647,918.0,1632.0,197.72939235723652,6565.30544,0.054314100451980596,13.5
927.8265,907.00745,2773.227,1315.9248,408.91735000000006,1845.4004999999997,1890.163062947552,754616.282148675,5992704,0.12592250212069125,4.512893620189995,1.0242562863441038,1836,3264,0.12528105085784316,1.0051200980392156,0.504724230037223,1850.52675,1111.466125,0.5669505974264706,0.6053737064270152,1632.0,918.0,291.86140887085105,4508.6357,0.03712238585911127,13.0
898.43823,813.2321,2802.9438,1342.904,529.6719,1904.50557,1976.788756496413,1008763.0838224831,5992704,0.16833187219366802,3.595632635977102,1.0379537805691021,1836,3264,0.16227693014705885,1.0373124019607842,0.5278556134268171,1850.6910149999999,1078.0680499999999,0.5670009237132353,0.5871830337690631,1632.0,918.0,271.0120673928241,4868.35494,0.04256226314829343,13.0
843.0136,666.6104,1455.075,2456.3506,612.0614,1789.7402000000002,1891.5044649341964,1095430.8924482802,5992704,0.1827940930251653,2.9241187240365103,1.056859797267892,3264,1836,0.3333667755991286,0.5483272671568628,0.5050824203426794,1149.0443,1561.4805000000001,0.6258411220043573,0.4783947610294118,918.0,1632.0,241.56669564064495,4803.6032000000005,0.04747344338154222,13.5
938.20233,905.41077,2654.9905,1412.5815,507.17073000000005,1716.7881699999998,1790.1351261903894,870704.7094342641,5992704,0.1452941292335253,3.3850300666996294,1.0427233583455957,1836,3264,0.1553831893382353,0.9350698093681916,0.47801408827662734,1796.596415,1158.9961349999999,0.5504278232230392,0.6312615114379084,1632.0,918.0,291.8409102846795,4447.917799999999,0.04401061001207174,13.0
1199.8138,940.451,2656.685,1391.7156,451.2646,1456.8712,1525.1601334294703,657434.39931952,5992704,0.10970580214199133,3.228418980793087,1.0468736930412725,1836,3264,0.13825508578431372,0.7935028322440087,0.40725865885255513,1928.2494,1166.0833,0.5907626838235294,0.6351216230936819,1632.0,918.0,386.4052674838297,3816.2716,0.04514128039944616,12.5
800.333,329.08167,1205.9031,2005.0757,405.5701,1675.99403,1724.3674476774522,679733.0663465031,5992704,0.11342677134503942,4.132439817432301,1.0288625238584246,3264,1836,0.22089874727668846,0.5134785631127451,0.4604523542921457,1003.11805,1167.078685,0.5463605936819173,0.35756087162990197,918.0,1632.0,472.6488247918657,4163.12826,0.03921920762056061,12.0
896.4518,906.1804,2726.733,1531.0702,624.8898000000002,1830.2812000000001,1934.0156496826703,1143724.0530117603,5992704,0.19085275244893796,2.9289663553477743,1.056676782607323,1836,3264,0.191449080882353,0.9968851851851852,0.5164340467767946,1811.5924,1218.6253000000002,0.555022181372549,0.6637392701525056,1632.0,918.0,350.184238848424,4910.342000000001,0.04743487625643549,13.5
644.7636,674.83496,3110.58,1262.2715,587.43654,2465.8163999999997,2534.8239005966725,1448510.6542912559,5992704,0.24171236461725054,4.197587708793191,1.0279856604882152,1836,3264,0.17997443014705883,1.3430372549019607,0.6768659628304811,1877.6718,968.55323,0.5752670955882353,0.5275344389978214,1632.0,918.0,250.81918263696048,6106.50588,0.038845090241011175,14.0
678.38965,778.6745,3007.109,1374.1748,595.5003,2328.71935,2403.6543882938977,1386753.071540805,5992704,0.2314069027171716,3.9105259056964368,1.0321786471581034,1836,3264,0.1824449448529412,1.2683656590413943,0.6418401852141647,1842.749325,1076.42465,0.5645678079044117,0.5862879357298475,1632.0,918.0,263.65440962665144,5848.4393,0.04054330634123946,14.0
840.0132,350.35278,1265.4303,2356.0918,425.4171,2005.7390200000002,2050.3581943950603,853275.677245242,5992704,0.14238575395101144,4.714758809648226,1.022245752787449,3264,1836,0.23170866013071895,0.6145033762254902,0.5475006264024497,1052.72175,1353.2222900000002,0.5733778594771242,0.41459016237745105,918.0,1632.0,309.62390333420075,4862.31224,0.03609139575379688,14.0
916.4182,344.16998,1314.4071,2059.6968,397.98889999999994,1715.52682,1761.0870037174548,682760.6320122979,5992704,0.11393197995634323,4.310489111631004,1.0265575467467507,3264,1836,0.2167695533769063,0.525590324754902,0.47025746053557105,1115.41265,1201.9333900000001,0.6075232298474945,0.36823939644607845,918.0,1632.0,473.2114151380062,4227.03144,0.038211801727931656,13.0
803.81635,396.18234,1249.2986,2557.9448,445.48225,2161.7624600000004,2207.186301273709,963026.8046463352,5992704,0.16069987849330372,4.852634330548524,1.021012410990664,3264,1836,0.24263739106753815,0.6623046752450982,0.5893779369076533,1026.557475,1477.06357,0.5591271650326798,0.45253173100490196,918.0,1632.0,189.1825116640556,5214.489420000001,0.035417246497472694,14.5
859.1375,247.63124,1325.6907,2136.5808,466.55320000000006,1888.9495600000002,1945.7138352425916,881295.4618565922,5992704,0.1470614036429285,4.048733477768452,1.0300507098996288,3264,1836,0.25411394335511983,0.5787222916666668,0.5195577760546044,1092.4141,1192.1060200000002,0.5949967864923748,0.36522856004901966,918.0,1632.0,473.20924749950757,4711.005520000001,0.03970948983656324,13.0
826.531,271.1465,1350.4547,2448.9285,523.9237,2177.782,2239.9175169960367,1140991.6032334003,5992704,0.19039678970184415,4.1566777757906355,1.0285315596308706,3264,1836,0.2853614923747277,0.6672126225490197,0.5981180493230722,1088.49285,1360.0375,0.5928610294117648,0.41667815563725485,918.0,1632.0,320.9850671096283,5403.411400000001,0.03907926428049395,13.5
902.8878,631.6844,1311.625,2666.51,408.73720000000003,2034.8256000000001,2075.4713491347457,831708.9182323201,5992704,0.13878691793092401,4.978322501597604,1.019975052965102,3264,1836,0.22262374727668846,0.6234147058823529,0.5542065122269391,1107.2564,1649.0972000000002,0.6030808278867102,0.5052381127450981,918.0,1632.0,190.02710119559262,4887.1256,0.03482285360824109,14.0
1050.3387,470.75204,1540.4785,2133.6926,490.1397999999999,1662.9405599999998,1733.6690369378905,815073.3534902878,5992704,0.13601094822809331,3.392788261634742,1.042532173812569,3264,1836,0.26696067538126356,0.509479338235294,0.4629361280837445,1295.4086,1302.2223199999999,0.7055602396514161,0.39896517156862743,918.0,1632.0,501.1891554893646,4306.16072,0.043955803696056034,12.5
670.80005,819.85785,2856.919,1376.6261,556.76825,2186.11895,2255.904906629968,1217161.6220833375,5992704,0.20310724876171718,3.9264432733008756,1.0319223053393174,1836,3264,0.17057850796568627,1.1906965958605664,0.6023871111206865,1763.8595249999998,1098.241975,0.5403981387867647,0.5981710103485838,1632.0,918.0,223.32510804906414,5485.7744,0.040445700665566124,13.0
1030.704,939.9237,1395.7225,2575.069,365.01850000000013,1635.1453,1675.3920906624633,596858.2846880502,5992704,0.09959749133079994,4.479623087596928,1.024613586732912,3264,1836,0.19881181917211335,0.5009636335784313,0.44737462050041604,1213.21325,1757.49635,0.6607915305010893,0.5384486366421568,918.0,1632.0,320.7806054593778,4000.3276,0.037297533206886536,13.0
803.8995,463.49924,1183.7069,2388.1665,379.8073999999999,1924.6672599999997,1961.7843211756654,731002.8678857237,5992704,0.12198214159847103,5.067482255480015,1.0192849236577473,3264,1836,0.2068667755991285,0.5896652144607842,0.523849026792647,993.8032,1425.83287,0.5412871459694989,0.4368360508578431,918.0,1632.0,219.66112679005565,4608.94932,0.03441242005672624,13.0
976.2924,600.13153,1597.729,2617.7605,621.4366,2017.6289699999998,2111.1632121659427,1253828.487178302,5992704,0.20922583314281865,3.2467173159739864,1.0463584948257076,3264,1836,0.3384730936819172,0.6181461305147058,0.5637371968753433,1287.0107,1608.946015,0.700986220043573,0.49293689185049017,918.0,1632.0,369.730148809737,5278.1311399999995,0.04500676314744721,13.0
1123.7366,893.7652,2842.913,1371.7347,477.9694999999999,1719.1764,1784.3829009624617,821713.8843198,5992704,0.137119050819096,3.5968328523054303,1.0379289181508433,1836,3264,0.14643673406862742,0.9363705882352942,0.4764780898720034,1983.3247999999999,1132.74995,0.6076362745098038,0.6169662037037037,1632.0,918.0,411.76043535051105,4394.2918,0.04255424014210759,11.5
764.83716,882.8902,2768.7788,1357.4541,474.5638999999999,2003.94164,2059.3671337838477,950998.3600507957,5992704,0.15869269699467814,4.222701389633726,1.027658237484325,1836,3264,0.14539335171568624,1.0914714814814814,0.549906254829749,1766.80798,1120.1721499999999,0.5413014644607843,0.6101155501089324,1632.0,918.0,242.99541087704284,4957.01108,0.03870258638975003,13.0
952.39624,794.04156,2599.3127,1156.4077,362.36614,1646.91646,1686.3104831665582,596786.7605126643,5992704,0.09958555612168803,4.544896109774495,1.0239198672934255,1836,3264,0.11101903799019607,0.8970133224400871,0.4502901241190721,1775.85447,975.2246299999999,0.5440730606617648,0.5311680991285402,1632.0,918.0,154.81849636790105,4018.5652,0.036955334861189994,12.5
1156.3353,947.4596,2920.568,1357.0692,409.6095999999999,1764.2327000000002,1811.1590333710208,722646.65055392,5992704,0.12058774312128881,4.307107792395493,1.0265987210026322,1836,3264,0.12549313725490194,0.9609110566448803,0.4836280353334335,2038.45165,1152.2644,0.6245256280637255,0.6275949891067538,1632.0,918.0,469.12978257096665,4347.6846000000005,0.038230495967416504,12.5
867.9167,1086.9374,2847.167,1481.5139,394.5764999999999,1979.2503,2018.1978011092817,780965.6559979498,5992704,0.1303194110701863,5.01613831538371,1.019677905876423,1836,3264,0.12088740808823527,1.0780230392156862,0.5389129388864603,1857.54185,1284.2256499999999,0.569099831495098,0.699469308278867,1632.0,918.0,430.1050485862087,4747.6536,0.03464765824986427,14.0
775.71594,370.8289,1361.9993,2767.73,586.2833599999999,2396.9011,2467.5621697120623,1405263.2304956957,5992704,0.23449568516911493,4.088298020261057,1.0294801774307927,3264,1836,0.3193264488017429,0.734344699754902,0.658905276793814,1068.85762,1569.27945,0.5821664596949891,0.4807841452205882,918.0,1632.0,163.37652494886436,5966.36892,0.03947639405379723,14.0
347.04413,801.50934,2922.674,1399.1885,597.67916,2575.6298699999998,2644.0668685822834,1539400.2971725091,5992704,0.2568790811581064,4.3093854401749585,1.0265709756589692,1836,3264,0.18311248774509806,1.4028485130718953,0.7060367650667367,1634.859065,1100.34892,0.5008759390318628,0.5993185838779956,1632.0,918.0,182.37133239037487,6346.61806,0.03821790175008373,16.5
808.87695,961.2622,1295.0115,2915.3403,486.1345500000001,1954.0780999999997,2013.640489661278,949944.877808355,5992704,0.1585169028552645,4.019623990930081,1.0304810691349944,3264,1836,0.26477916666666673,0.5986758884803921,0.5376960145074353,1051.944225,1938.30125,0.5729543709150327,0.5938422947303922,918.0,1632.0,334.30750988036914,4880.4253,0.03988256353066725,13.0
996.6662,372.96597,1414.4762,2358.4792,417.81000000000006,1985.5132300000002,2028.996792162332,829567.2826263002,5992704,0.1384295440966716,4.752191737871281,1.02190041421297,3264,1836,0.22756535947712422,0.6083067493872549,0.5417965591154632,1205.5712,1365.7225850000002,0.6566291938997821,0.4184199096200981,918.0,1632.0,391.91945193945423,4806.646460000001,0.035906018942851156,13.5
551.4878,1056.5585,2564.2146,1506.6348,450.07629999999995,2012.7268,2062.434931642676,905880.6310548398,5992704,0.15116392050313845,4.471967975207759,1.0246969095073788,1836,3264,0.1378910232843137,1.0962564270152504,0.550725439133241,1557.8511999999998,1281.59665,0.47728284313725483,0.6980373910675381,1632.0,918.0,371.08027222241617,4925.6062,0.037338047122713984,13.0
888.93176,1080.9657,2730.4717,1541.4927,460.52700000000004,1841.5399400000001,1898.250370300031,848078.8639483801,5992704,0.1415185638984305,3.9987665001183426,1.0307951128662627,1836,3264,0.14109283088235294,1.0030173965141613,0.5068837579936042,1809.70173,1311.2292,0.5544429319852942,0.7141771241830065,1632.0,918.0,431.5172170118278,4604.13388,0.040007402216657655,14.5
867.7763,695.78876,1330.3384,2515.9785,462.5621000000001,1820.1897400000003,1878.0453631256298,841950.7885328543,5992704,0.14049597452716742,3.935017027983918,1.031785490190506,3264,1836,0.25194014161220046,0.5576561703431373,0.5014884792005178,1099.05735,1605.88363,0.598615114379085,0.4919986611519608,918.0,1632.0,182.931213222346,4565.503680000001,0.04039329801034991,15.0
980.3696,846.3327,1323.0537,2479.9744,342.68409999999994,1633.6417000000001,1669.1966919364836,559823.03568697,5992704,0.09341743488197815,4.767194334373846,1.0217642534078821,3264,1836,0.18664711328976033,0.5005029718137255,0.4457202828863546,1151.71165,1663.15355,0.6272939270152506,0.5095445925245098,918.0,1632.0,235.77887739007704,3952.6516,0.035832218128217776,12.0
511.00824,1164.3177,2268.0242,1520.745,356.42729999999983,1757.0159599999997,1792.8038107612363,626248.4546797076,5992704,0.10450181665567124,4.929521279655067,1.0203685405118554,1836,3264,0.10919954044117641,0.9569803703703702,0.47872669862842016,1389.51622,1342.53135,0.4257096262254902,0.7312262254901961,1632.0,918.0,488.9020870234764,4226.886519999999,0.03505140980300245,12.5
591.13666,867.97723,2360.2031,1347.9628,479.98557000000005,1769.06644,1833.0254271401964,849126.363571271,5992704,0.1416933597206321,3.685665883663961,1.0361540899165982,1836,3264,0.14705440257352942,0.9635438126361656,0.4894669489040052,1475.6698800000001,1107.9700149999999,0.45210474264705885,0.60346950708061,1632.0,918.0,246.02380579593213,4498.104020000001,0.04196752291188864,12.0
863.3948,1055.4404,2611.4023,1452.2063,396.7659000000001,1748.0075000000002,1792.4713106376516,693549.7689442502,5992704,0.11573235870556099,4.405639446333467,1.0254368534675347,1836,3264,0.12155818014705885,0.9520738017429194,0.4786379121781116,1737.3985500000001,1253.8233500000001,0.5322912224264706,0.6829103213507626,1632.0,918.0,351.974681969208,4289.5468,0.03769248845558712,12.0
763.54913,934.70575,2555.4014,1297.6493,362.9435500000001,1791.8522700000003,1828.240295472878,650341.2239493588,5992704,0.10852216694656683,4.936999899846684,1.0203074919077328,1836,3264,0.11119594056372552,0.9759543954248368,0.4881891904165191,1659.475265,1116.177525,0.5084176669730393,0.6079398284313726,1632.0,918.0,200.07304066751692,4309.591640000001,0.035016202397467375,11.5
895.1798,871.7445,2835.561,1371.4769,499.73239999999987,1940.3812000000003,2003.6994966619125,969671.3539908798,5992704,0.1618086516522224,3.8828404962335856,1.032631885251162,1836,3264,0.15310428921568622,1.0568525054466233,0.535041502769392,1865.3704,1121.6107,0.5714982843137255,0.6108990740740741,1632.0,918.0,309.708025002017,4880.2272,0.04071406668177041,13.0
801.6357,977.5432,2682.1536,1389.0863,411.5431,1880.5179,1925.0234532020695,773914.16617149,5992704,0.1291427319239345,4.569431245475869,1.0236666469391593,1836,3264,0.12608550857843137,1.0242472222222223,0.5140328891550087,1741.8946500000002,1183.31475,0.5336687040441177,0.6445069444444445,1632.0,918.0,287.1737290668926,4584.122,0.036828197356534365,12.5
410.85825,1066.3494,2372.537,1490.851,424.50160000000005,1961.6787499999998,2007.0837368191994,832735.768061,5992704,0.13895826793063698,4.621133936833217,1.0231459849474331,1836,3264,0.130055637254902,1.0684524782135074,0.5359451856532296,1391.6976249999998,1278.6002,0.4263779488357842,0.6964053376906318,1632.0,918.0,433.3332847482187,4772.360699999999,0.03656290531127897,13.0
810.72284,945.2531,2620.2756,1353.5948,408.34170000000006,1809.55276,1855.0536744748135,738915.8502580922,5992704,0.12330257764409724,4.431466979737802,1.025144839918795,1836,3264,0.1251046875,0.9855951851851852,0.4953490817172961,1715.49922,1149.42395,0.525581868872549,0.626047903050109,1632.0,918.0,246.02675540316937,4435.78892,0.03755374379447038,13.0
984.0117,851.4041,2639.4888,1201.1918,349.7877000000001,1655.4771,1692.027146264415,579065.5272116702,5992704,0.09662842136232161,4.73280535593447,1.0220782554252275,1836,3264,0.1071653492647059,0.9016759803921569,0.4518166264812273,1811.75025,1026.2979500000001,0.5550705422794118,0.558985811546841,1632.0,918.0,209.85375467040146,4010.5296000000003,0.03600180367914939,12.0
1019.6283,942.4541,2749.4077,1324.9547,382.50059999999996,1729.7794000000004,1771.565263168343,661641.6583676401,5992704,0.11040786569262225,4.522291991175963,1.0241567584677809,1836,3264,0.1171876838235294,0.9421456427015252,0.47305543682510487,1884.518,1133.7044,0.5773645833333333,0.6174860566448802,1632.0,918.0,332.1049962035501,4224.56,0.03707318311180037,11.5
989.0674,602.66595,1432.0785,2631.91,443.01110000000006,2029.2440499999998,2077.0388174474765,898977.638758955,5992704,0.15001202107745604,4.580571570328598,1.0235529912961807,3264,1836,0.24129144880174294,0.6217046721813725,0.5546250683043269,1210.57295,1617.287975,0.6593534586056645,0.49549263939950977,918.0,1632.0,292.9426134096969,4944.5103,0.0367707355431016,13.0
511.30954,894.9799,2549.2925,1298.5668,403.5869,2037.98296,2077.560331519153,822503.2250792241,5992704,0.13725076778015802,5.049675695618466,1.0194198736181548,1836,3264,0.12364794730392158,1.1100125054466232,0.5547643265479358,1530.30102,1096.77335,0.4688422242647059,0.597371105664488,1632.0,918.0,205.67594220827786,4883.13972,0.03449366235288358,14.5
863.1843,487.8836,1557.7397,2989.3513,694.5554000000001,2501.4676999999997,2596.10243592437,1737407.89896058,5992704,0.2899205265203454,3.601538048656737,1.0378316841446207,3264,1836,0.3782981481481482,0.7663810355392155,0.6932289751902984,1210.462,1738.61745,0.6592930283224401,0.5326646599264706,918.0,1632.0,311.2897397739002,6392.0462,0.042522812464567274,13.5
723.8794,420.8225,1283.8649,2710.8625,559.9855,2290.04,2357.51287627666,1282389.19442,5992704,0.2139917463669155,4.089463030739188,1.0294636234636338,3264,1836,0.3050029956427015,0.7016053921568627,0.6295191640376443,1003.87215,1565.8425000000002,0.5467713235294118,0.47973115808823535,918.0,1632.0,108.40129589572479,5700.0509999999995,0.03946956745801231,14.0
791.2128,830.80835,2807.1184,1277.2968,446.48845000000006,2015.9055999999998,2064.758417852985,900078.56669032,5992704,0.15019573245905687,4.515022953001359,1.0242336832900236,1836,3264,0.13679180453431375,1.09798779956427,0.5513458722649051,1799.1655999999998,1054.0525750000002,0.5512149509803921,0.5741027096949892,1632.0,918.0,215.53338717584015,4924.7881,0.03711122777233079,13.0
288.29068,1012.68335,2634.3816,1513.1337,500.45035000000007,2346.09092,2398.873310060698,1174102.022045822,5992704,0.19592191138521478,4.687959394972947,1.0224980155759256,1836,3264,0.15332424938725492,1.2778272984749457,0.6405635091022972,1461.3361400000001,1262.908525,0.44771327818627454,0.6878586737472767,1632.0,918.0,384.8220936066109,5693.08254,0.03622520695023337,12.0
266.9366,825.3673,2428.9722,1321.704,496.33669999999995,2162.0356,2218.2759195903136,1073097.61498652,5992704,0.17906734839339972,4.355985765308107,1.0260126704621855,1836,3264,0.1520639399509804,1.177579302832244,0.5923391624103497,1347.9544,1073.53565,0.4129762254901961,0.5847144063180828,1632.0,918.0,323.84138293350105,5316.7446,0.037961873035064056,12.0
967.1281,757.2644,1527.0411,2677.8145,559.9129999999999,1920.5501,2000.5037501037107,1075340.9681412997,5992704,0.17944169579230004,3.4300866384599042,1.0416305984955616,3264,1836,0.3049635076252723,0.5884038296568628,0.5341881527317147,1247.0846,1717.53945,0.6792399782135076,0.5262069393382353,918.0,1632.0,340.0201044989288,4960.9262,0.0436938847652204,13.0
895.8699,668.23737,1358.9268,2802.912,463.0568999999999,2134.6746299999995,2184.320825474876,988475.8166764466,5992704,0.1649465444441185,4.6099618211066495,1.023257031669916,3264,1836,0.25220964052287576,0.6540057077205881,0.58327224164081,1127.39835,1735.574685,0.6140513888888889,0.531732440257353,918.0,1632.0,233.61375035637715,5195.463059999999,0.036619931367787344,14.5
990.70874,577.2191,1475.5817,2660.941,484.8729599999999,2083.7218999999996,2139.392143548903,1010340.4054698236,5992704,0.16859507919460456,4.297459482995298,1.0267167339119982,3264,1836,0.2640920261437908,0.6383951899509802,0.5712750786255134,1233.1452199999999,1619.08005,0.6716477233115468,0.49604168198529414,918.0,1632.0,315.40994720656926,5137.1897199999985,0.038283929867886354,14.0
662.27344,1126.2708,2692.4368,1577.9127,451.6419000000001,2030.16336,2079.7941422463186,916906.8372207842,5992704,0.15300385889588142,4.495073109912964,1.0244466939085723,1836,3264,0.13837068014705886,1.1057534640522877,0.5553608139205963,1677.35512,1352.09175,0.5138955637254902,0.7364334150326798,1632.0,918.0,436.4547334240711,4963.61052,0.03721601075129219,12.0
561.0987,854.7407,2695.5818,1346.8064,492.0657,2134.4831,2190.4672463431402,1050305.92073967,5992704,0.1752641079452064,4.337801029415381,1.0262284327025781,1836,3264,0.15075542279411763,1.1625724945533769,0.5849135008533256,1628.34025,1100.77355,0.4988787530637255,0.5995498638344225,1632.0,918.0,182.81018666820776,5253.0976,0.038061410096491506,13.0
925.8526,596.90576,1402.0857,2563.366,476.23310000000004,1966.4602399999999,2023.3051774352941,936493.456121944,5992704,0.15627226976702738,4.1291968995855175,1.0289072396578403,3264,1836,0.259386220043573,0.6024694362745098,0.5402767453400883,1163.9691500000001,1580.13588,0.6339701252723312,0.48411025735294116,918.0,1632.0,251.37762369609783,4885.38668,0.03923799966032961,12.5
947.8719,423.24646,1441.3658,2411.4224,493.49390000000005,1988.1759399999999,2048.5067238679235,981152.6985167661,5992704,0.16372453879196538,4.028775107453201,1.0303447912501766,3264,1836,0.2687875272331155,0.6091225306372549,0.547006234117168,1194.61885,1417.3344299999999,0.6506638616557735,0.4342323621323529,918.0,1632.0,350.14182143632524,4963.33968,0.03982800985471156,14.0
555.28503,787.2823,1111.1139,2796.8967,555.82887,2009.6144,2085.064931701849,1117001.7010877281,5992704,0.18639360480473058,3.615527203543781,1.0375447805817122,3264,1836,0.30273903594771245,0.6156906862745097,0.5567682560623778,833.199465,1792.0894999999998,0.4538123447712418,0.5490470281862745,918.0,1632.0,181.16229946248794,5130.8865399999995,0.04242960729637856,13.0
702.59283,853.3986,2681.8328,1415.4293,562.0307,1979.23997,2057.491036818409,1112393.625807079,5992704,0.1856246572176899,3.5215869346638895,1.0395359168188227,1836,3264,0.1721907781862745,1.0780174128540305,0.5494052866249849,1692.212815,1134.41395,0.5184475536151961,0.6178725217864924,1632.0,918.0,224.63432695121818,5082.54134,0.043062243472431025,12.5
780.61755,763.6506,2683.3135,1224.9452,461.29460000000006,1902.6959500000003,1957.8162799751062,877703.3671768702,5992704,0.14646199231212992,4.1246872389141345,1.0289695944194899,1836,3264,0.1413280024509804,1.0363267701525056,0.522789453373312,1731.965525,994.2979,0.5306266927083334,0.5415565904139433,1632.0,918.0,125.75561909090044,4727.981100000001,0.039264159104280334,13.0
456.55972,1057.0082,2513.308,1510.3673,453.3590999999999,2056.74828,2106.121544649256,932445.5491473477,5992704,0.15559679722998962,4.53668687801789,1.024005496992202,1836,3264,0.13889678308823528,1.120233267973856,0.5623909364360481,1484.93386,1283.68775,0.4549429718137255,0.699176334422658,1632.0,918.0,394.1522295187002,5020.214759999999,0.0369980544987778,12.5
759.9138,551.2261,1215.9236,2434.998,456.00980000000004,1883.7719000000002,1938.1799475089124,859018.4473646202,5992704,0.1433440475893053,4.130989948023047,1.0288825029765611,3264,1836,0.24837135076252725,0.5771359987745098,0.517546025978588,987.9187000000001,1493.11205,0.5380820806100218,0.45744854473039215,918.0,1632.0,155.49433193815304,4679.563400000001,0.039227607316351956,13.5
830.36523,677.3001,1553.8281,2833.647,723.46287,2156.3469,2274.4736704143766,1560036.9169896028,5992704,0.26032270524117374,2.980590973521558,1.054780967948328,3264,1836,0.39404295751633983,0.6606454963235294,0.6073454690462793,1192.096665,1755.47355,0.6492901225490196,0.53782890625,918.0,1632.0,300.62385020773837,5759.61954,0.047027000891777596,13.0
659.6849,813.5633,1317.217,2624.027,657.5321000000001,1810.4637,1926.169066190219,1190437.9986347703,5992704,0.19864788893874455,2.753422532527309,1.0639092439081872,3264,1836,0.35813295206971685,0.5546763786764706,0.5143387985470073,988.45095,1718.79515,0.538371977124183,0.5265916513480392,918.0,1632.0,111.7887938007428,4935.9916,0.048860505654672426,13.0
1078.8884,696.5612,2868.9937,1448.3052,751.744,1790.1053,1941.5447526709472,1345700.9186432,5992704,0.22455654720193088,2.381269820577218,1.0845980695498456,1836,3264,0.23031372549019608,0.9750028867102396,0.5184445191974666,1973.94105,1072.4332,0.6047613511029412,0.5841139433551198,1632.0,918.0,375.19767448285495,5083.6986,0.05207016574637593,13.0
1025.1671,1111.6903,3031.7744,1615.0836,503.39329999999995,2006.6073,2068.786521344863,1010112.6705510898,5992704,0.1685570771643468,3.9861621122092807,1.030987239678069,1836,3264,0.15422588848039215,1.092923366013072,0.5524214839268312,2028.47075,1363.38695,0.6214677542892156,0.7425854847494554,1632.0,918.0,596.2873391544256,5020.0012,0.04008318072843569,13.5
882.1089,711.60156,1466.8838,2699.7524,584.7749000000001,1988.1508399999998,2072.3671118464304,1162620.708645916,5992704,0.19400602943945106,3.3998566627945204,1.0423590957748612,3264,1836,0.31850484749455343,0.6091148406862744,0.553377597618506,1174.49635,1705.67698,0.6397038943355119,0.5225726041666666,918.0,1632.0,266.8682726463429,5145.851479999999,0.0439059683034092,12.5
1147.566,620.3454,1499.6545,2408.0364,352.08850000000007,1787.6909999999998,1822.0333211314357,629425.4426535,5992704,0.1050319593047646,5.077391053669744,1.019210434650863,3264,1836,0.1917693355119826,0.5476994485294117,0.4865317618026831,1323.6102500000002,1514.1909,0.7209206154684097,0.4639065257352941,918.0,1632.0,422.3726541194075,4279.558999999999,0.03436736676808865,13.0
897.38086,308.70377,1519.9624,2216.1504,622.5815399999999,1907.44663,2006.4796087294603,1187541.0603732099,5992704,0.19816447806753176,3.0637699762186976,1.0519191348118928,3264,1836,0.3390966993464052,0.5843892861519607,0.5357838672511749,1208.6716299999998,1262.427085,0.6583178812636165,0.38677300398284314,918.0,1632.0,470.18521455746986,5060.056339999999,0.04638076738156172,12.5
879.63074,492.53955,1497.8234,2283.5464,618.19266,1791.0068500000002,1894.6946196220642,1107187.2886797213,5992704,0.1847558779275134,2.8971661520536336,1.057893563959325,3264,1836,0.33670624183006537,0.5487153339460785,0.5059342772010093,1188.72707,1388.042975,0.647454831154684,0.4252582643995098,918.0,1632.0,364.42856155580813,4818.399020000001,0.04768870920019047,12.5
525.3843,761.89435,2514.5525,1417.8398,655.9454499999999,1989.1681999999996,2094.5296754323967,1304785.8300746896,5992704,0.2177290635537296,3.032520768304742,1.0529676049679444,1836,3264,0.2009636795343137,1.0834249455337688,0.5592955964731309,1519.9684,1089.867075,0.4656765931372549,0.5936095179738563,1632.0,918.0,205.1569420410035,5290.227299999999,0.046621964243309374,12.0
510.92697,1079.8002,2386.2559,1485.9265,406.1263000000001,1875.3289300000001,1918.8009712439264,761620.3996238593,5992704,0.12709127626257852,4.617600313006076,1.0231810220321862,1836,3264,0.124425949754902,1.02142098583878,0.5123713195916152,1448.591435,1282.86335,0.4438086504289216,0.6987273148148149,1632.0,918.0,408.3674397997247,4562.910460000001,0.036580924314410825,11.5
953.4759,888.9965,2542.6377,1328.7292,439.7327,1589.1618000000003,1648.8784291234242,698806.4090508602,5992704,0.11660953203276188,3.613926824182055,1.0375774380704494,1836,3264,0.13472202818627452,0.8655565359477125,0.4402947618003467,1748.0568,1108.86285,0.5355566176470589,0.6039558006535948,1632.0,918.0,223.37817336607108,4057.7890000000007,0.042440252433546974,12.0
1031.2257,393.1939,1562.5066,2543.246,531.2809,2150.0521,2214.7197175758424,1142281.61473489,5992704,0.190612053379391,4.046921506118514,1.0300772328148897,3264,1836,0.2893686819172113,0.6587169424019608,0.5913895610988036,1296.8661499999998,1468.2199500000002,0.7063541122004356,0.4498222886029412,918.0,1632.0,412.7510925410432,5362.665999999999,0.039720224001897245,15.0
821.82916,456.16797,1320.9875,2430.7415,499.15833999999995,1974.5735300000001,2036.6884086104621,985624.8454427401,5992704,0.16447080407154102,3.9558059472671543,1.0314573641683842,3264,1836,0.271872734204793,0.6049551256127451,0.5438504269883601,1071.40833,1443.454735,0.5835557352941176,0.44223490655637254,918.0,1632.0,243.07083878431223,4947.46374,0.0402667337125684,13.5
749.9016,756.103,2662.9607,1254.2949,498.19190000000015,1913.0591,1976.8637508231113,953070.5478412902,5992704,0.15903848210111665,3.8400044239980606,1.0333521587613845,1836,3264,0.15263232230392162,1.0419711873638344,0.5278756389233163,1706.4311500000001,1005.19895,0.5228036611519609,0.5474939814814814,1632.0,918.0,114.64577171193454,4822.502,0.04098077961825789,13.0
900.29254,532.50806,1368.597,2681.927,468.30445999999995,2149.41894,2199.8433687166494,1006582.4760104723,5992704,0.16796799508376725,4.589789599697599,1.0234595628512744,3264,1836,0.2550677886710239,0.6585229595588236,0.5874171769850158,1134.44477,1607.2175300000001,0.6178893082788671,0.4924073314950981,918.0,1632.0,217.85892058773683,5235.4468,0.03672331379013934,13.0
1025.7468,689.0231,1486.2391,2588.6008,460.4923000000001,1899.5777000000003,1954.5967862187283,874740.9041017103,5992704,0.14596764734278722,4.12510198324706,1.0289638513964068,3264,1836,0.2508127995642702,0.581978462009804,0.5219297621968462,1255.9929499999998,1638.81195,0.6840920206971677,0.5020869944852941,918.0,1632.0,338.0615874548673,4720.140000000001,0.03926175196606494,12.5
673.1511,741.668,1150.0728,2676.1387,476.9216999999999,1934.4706999999999,1992.3933339301705,922591.0548441897,5992704,0.15395238190375993,4.056159952461799,1.0299423681786293,3264,1836,0.25976127450980385,0.592668719362745,0.5320224541003553,911.61195,1708.90335,0.4965206699346405,0.5235610753676471,918.0,1632.0,77.16820863558391,4822.784799999999,0.03966554926917497,13.0
973.7745,488.50577,1516.8247,2289.81,543.0501999999999,1801.30423,1881.3825896759895,978198.6223623458,5992704,0.16323159334456463,3.317012368285658,1.044455766184477,3264,1836,0.2957789760348583,0.551870168504902,0.5023796081904491,1245.2995999999998,1389.157885,0.6782677559912853,0.4255998422181373,918.0,1632.0,407.55039072221865,4688.70886,0.044495953097207844,13.5
846.23016,965.80133,2568.047,1663.5979,697.79657,1721.81684,1857.8410275401257,1201477.8851202386,5992704,0.20049011016066182,2.467505450764827,1.0790003816783007,1836,3264,0.2137857138480392,0.9378087363834422,0.4960933797396782,1707.13858,1314.699615,0.5230203982843138,0.7160673284313726,1632.0,918.0,403.752883265946,4839.22682,0.051305488198481096,12.0
791.1823,478.9748,1261.4185,2532.72,470.23619999999994,2053.7452,2106.8914139825715,965745.3386162398,5992704,0.16115351911528417,4.367475749421248,1.025877705755598,3264,1836,0.25611993464052285,0.6292111519607843,0.5625965121951474,1026.3004,1505.8473999999999,0.5589871459694989,0.461350306372549,918.0,1632.0,166.2632103831754,5047.962799999999,0.03789922498456969,13.0
990.4078,435.77878,1428.1035,2346.2593,437.6957,1910.48052,1959.9778935227714,836209.108537764,5992704,0.13953786279745573,4.364860152841347,1.0259083371982098,3264,1836,0.23839635076252721,0.585318786764706,0.5233666621627917,1209.25565,1391.0190400000001,0.6586359749455338,0.42617004901960787,918.0,1632.0,378.02338120735874,4696.352440000001,0.03791346969998725,13.0
877.5161,724.9225,1386.1145,2915.074,508.59839999999986,2190.1515,2248.4296576577194,1113907.5486575996,5992704,0.18587728488802377,4.306249292172371,1.0266091901211947,3264,1836,0.27701437908496723,0.6710022977941176,0.6003910191666033,1131.8153,1819.99825,0.6164571350762527,0.5575975030637256,918.0,1632.0,284.71094906440203,5397.4998,0.03823524498806202,14.0
645.4753,759.67694,2665.7563,1221.3683,461.69136000000015,2020.281,2072.364405904437,932746.2824721603,5992704,0.15564698047361597,4.375825876403663,1.025780278042726,1836,3264,0.14144955882352947,1.1003709150326797,0.5533768750594231,1655.6158,990.52262,0.5072352328431373,0.5395003376906318,1632.0,918.0,76.27080975907097,4963.94472,0.03785381488380771,13.0
634.6046,899.8259,2591.563,1307.2646,407.4386999999999,1956.9584,1998.9228283223567,797340.5864500798,5992704,0.1330518888385076,4.803074425674342,1.021443699734423,1836,3264,0.12482803308823527,1.0658814814814814,0.5337660042173963,1613.0838,1103.5452500000001,0.4942045955882353,0.6010595043572985,1632.0,918.0,186.50700367547205,4728.7942,0.0356568557340943,12.5
571.08856,640.91046,2583.4656,1194.1885,553.27804,2012.3770399999999,2087.0500570579047,1113404.0244322016,5992704,0.1857932620119735,3.637189431917449,1.03710687191,1836,3264,0.16950920343137255,1.0960659259259258,0.5572983377714659,1577.27708,917.5494799999999,0.48323439950980396,0.4997546187363834,1632.0,918.0,54.72477447734977,5131.31016,0.04228596581203689,12.5
867.7714,761.70917,2539.7463,1137.3158,375.6066300000001,1671.9748999999997,1713.6453561720307,628004.8576335871,5992704,0.10479490687902941,4.451398794531394,1.0249228957755472,1836,3264,0.11507556066176473,0.9106617102396513,0.4575892683047265,1703.75885,949.512485,0.5219849417892156,0.5171636628540305,1632.0,918.0,78.37326881148773,4095.16306,0.037447308188955336,11.5
594.83545,829.247,2466.941,1240.3169,411.0699000000001,1872.1055499999998,1916.7048946112732,769566.2412279451,5992704,0.12841719551440303,4.554226787220371,1.023823092993487,1836,3264,0.12594053308823533,1.0196653322440086,0.5118116109160763,1530.888225,1034.78195,0.4690221277573529,0.5636067265795207,1632.0,918.0,154.47205213064646,4566.3508999999995,0.036906889519391584,12.0
813.7211,816.4373,2574.847,1331.9303,515.4929999999999,1761.1259000000002,1835.0197461334878,907848.0735687,5992704,0.15149222680925004,3.416391493191955,1.0419582984575309,1836,3264,0.1579329044117647,0.9592188997821351,0.48999948556079925,1694.2840500000002,1074.1838,0.5190821231617647,0.5850674291938998,1632.0,918.0,168.14482527524459,4553.237800000001,0.04378975457323879,11.0
946.9627,831.4251,2616.9692,1331.7426,500.3175,1670.0065,1743.3414211933643,835533.4770637499,5992704,0.13942512045710082,3.3378934376670815,1.043912955544403,1836,3264,0.15328354779411765,0.909589596949891,0.4655189140833584,1781.96595,1081.58385,0.5459454503676471,0.5890979575163399,1632.0,918.0,221.9221983944486,4340.648,0.04434602709787954,12.0
173.60014,708.9444,2736.8184,1239.3177,530.3733000000001,2563.21826,2617.5147918875873,1359462.5271764584,5992704,0.22685294103904655,4.832856895322596,1.0211829529833278,1836,3264,0.1624918198529412,1.3960883769063182,0.698946648489852,1455.20927,974.13105,0.44583617340686277,0.5305724673202614,1632.0,918.0,185.48761950069706,6187.183120000001,0.03551250445766167,13.0
408.28232,838.17053,2510.761,1400.008,561.83747,2102.47868,2176.253188981131,1181251.3023001398,5992704,0.19711490877909868,3.7421474932955254,1.0350893018240408,1836,3264,0.17213157781862748,1.1451408932461875,0.5811179663312631,1459.5216599999999,1119.089265,0.4471573713235294,0.6095257434640523,1632.0,918.0,264.9257825644682,5328.6323,0.041601672843391974,13.0
911.00757,591.8353,1304.2379,2586.4946,393.2303300000001,1994.6593,2033.0508639747306,784360.5347765692,5992704,0.13088591306638359,5.072496061023572,1.0192471786909827,3264,1836,0.21417773965141618,0.6111088541666667,0.542879105015412,1107.622735,1589.1649499999999,0.6032803567538126,0.4868765165441176,918.0,1632.0,194.40067679250168,4775.77926,0.03438960943940208,12.5
993.0043,841.42,1460.5667,2908.0745,467.56240000000014,2066.6545,2118.8854193334787,966289.9379908004,5992704,0.16124439618422676,4.420061365071271,1.025273174269564,3264,1836,0.2546636165577343,0.6331662071078432,0.565799233290733,1226.7855,1874.7472500000001,0.6681838235294117,0.5743710937500001,918.0,1632.0,392.7781974509437,5068.433800000001,0.03761489902759253,13.5
823.7821,450.6546,1298.4772,2661.7742,474.6951,2211.1196,2261.5006795197232,1049607.63963396,5992704,0.17514758607032152,4.657978563503183,1.0227853253707864,3264,1836,0.2585485294117647,0.6774263480392156,0.6038813325551274,1061.12965,1556.2143999999998,0.577957325708061,0.47678137254901953,918.0,1632.0,161.95540706158144,5371.6294,0.03637599644884166,13.0
677.9087,438.53058,1388.1924,2966.023,710.2837,2527.49242,2625.3991825326575,1795236.6677995538,5992704,0.2995703888928193,3.558426611789064,1.0387367185586485,3264,1836,0.38686476034858386,0.7743542953431373,0.7010519922433375,1033.05055,1702.2767900000001,0.5626636982570806,0.5215308792892157,918.0,1632.0,134.81637982087562,6475.55224,0.04281225342663978,18.0
932.91833,810.3149,1331.5016,2735.7341,398.5832700000001,1925.4192000000003,1966.2420295712666,767439.8808567843,5992704,0.1280623706521771,4.830657342943671,1.0212020476222874,3264,1836,0.21709328431372554,0.5898955882352942,0.5250393544854292,1132.209965,1773.0245,0.6166720942265795,0.5432060355392156,918.0,1632.0,256.46406903414606,4648.004940000001,0.03552312811398821,12.0
852.65704,693.59375,1433.3339,2553.652,580.67686,1860.05825,1948.5898257797926,1080092.7840270952,5992704,0.18023462931376139,3.2032587797626375,1.0475961308092328,3264,1836,0.3162727995642702,0.569870787377451,0.5203257426591467,1142.99547,1623.622875,0.6225465522875817,0.4974334788602941,918.0,1632.0,225.15136629340395,4881.47022,0.045327292268360096,12.0
487.5043,79.41599,2921.8564,787.65564,708.23965,2434.3521,2535.285693685533,1724104.679280765,7200000,0.23945898323343956,3.437186974776123,1.0414622000184495,1800,4000,0.1770599125,1.3524178333333334,0.5779953864586562,1704.68035,433.53581499999996,0.4261700875,0.24085323055555552,2000.0,900.0,552.0892423909713,6285.1835,0.04364431756348043,12.5
902.8148,560.1138,1323.9362,2254.8643,421.1214000000001,1694.7505,1746.2882038163718,713695.7032107002,5992704,0.11909410229684299,4.024375156427576,1.0304102012752743,3264,1836,0.22936895424836606,0.5192250306372549,0.46630578407338197,1113.3755,1407.4890500000001,0.6064136710239652,0.4312160079656863,918.0,1632.0,297.6184682948162,4231.7438,0.039854223221465986,12.0
726.9732,613.5534,2899.072,1114.4445,500.89110000000005,2172.0988,2229.1041005347083,1087984.9572406802,5992704,0.1815515929437997,4.336469144690333,1.0262443405128294,1836,3264,0.1534592830882353,1.1830603485838782,0.5952305771231844,1813.0226,863.99895,0.5554603553921569,0.47058766339869285,1632.0,918.0,188.90551900847817,5345.979800000001,0.03806871906096545,12.0
861.68365,607.2866,1316.1978,2274.11,454.51415,1666.8234000000002,1727.6814982333356,757594.82085111,5992704,0.12641952962320682,3.6672640444747437,1.036511425405556,3264,1836,0.2475567265795207,0.5106689338235295,0.46133729466999557,1088.940725,1440.6983,0.593104970043573,0.4413904105392157,918.0,1632.0,256.5483811806568,4242.6751,0.04208791838910301,12.5
616.9487,445.93756,3207.4053,1166.4503,720.5127399999999,2590.4566,2688.7922948762457,1866456.9827170838,7200000,0.25923013648848386,3.5952960387626183,1.0379607575267795,1800,4000,0.18012818499999997,1.4391425555555555,0.6129918791616936,1912.177,806.19393,0.47804425,0.4478855166666667,2000.0,900.0,128.50080971668976,6621.938679999999,0.04256451363987068,13.0
891.1045,267.48526,1388.4127,2495.7053,497.30820000000006,2228.22004,2283.041828886375,1108112.0972963283,5992704,0.1849102003530173,4.480561631599881,1.0246033999794628,3264,1836,0.2708650326797386,0.6826654534313726,0.6096333971475048,1139.7586000000001,1381.59528,0.6207835511982571,0.4232828676470588,918.0,1632.0,334.48378207655816,5451.05648,0.03729257160647323,13.0
795.139,446.16907,1289.4603,2429.0833,494.32129999999995,1982.9142299999999,2043.6003501590476,980196.7399620989,5992704,0.16356501838937795,4.011387391156319,1.0306045108965947,3264,1836,0.2692381808278867,0.6075104871323529,0.5456961007529991,1042.29965,1437.6261849999999,0.5677013344226579,0.44044919883578426,918.0,1632.0,230.7197064573739,4954.47106,0.03993177927307389,13.5
1054.6558,285.47485,1432.4294,2219.1643,377.7736,1933.6894499999999,1970.2456146121128,730496.8248085199,5992704,0.12189769840267764,5.118646326794672,1.0189048787601924,3264,1836,0.2057590413943355,0.5924293658088234,0.5261084190633701,1243.5426,1252.319575,0.6773107843137255,0.38367634037990195,918.0,1632.0,500.13519126626215,4622.9261,0.03418097372409965,13.0
961.5599,807.3044,2819.4993,1515.6003,708.2959000000001,1857.9394,1988.3716694896782,1315970.85946846,5992704,0.21959550471180625,2.623111894336816,1.0702026500378206,1836,3264,0.21700242034313727,1.0119495642701526,0.530948561837838,1890.5295999999998,1161.45235,0.5792063725490195,0.6325993191721133,1632.0,918.0,355.1149121012555,5132.470600000001,0.04995665277903613,13.5
717.89325,862.75366,2790.5613,1288.699,425.9453400000001,2072.6680499999998,2115.982579833425,882843.2972643871,5992704,0.14731969028745406,4.866042318951064,1.020897957988702,1836,3264,0.13049795955882357,1.1289041666666666,0.5650240972930475,1754.227275,1075.72633,0.5374470818014706,0.5859075871459695,1632.0,918.0,199.54223094170945,4997.22678,0.03535293760440178,14.5
856.46814,401.21075,1370.8634,2636.5925,514.39526,2235.38175,2293.803403028152,1149869.776490505,5992704,0.19187828674509955,4.345649977412311,1.0261349780761841,3264,1836,0.28017171023965143,0.6848596047794118,0.6125070260577147,1113.66577,1518.9016250000002,0.6065717701525055,0.4653497625612746,918.0,1632.0,226.00074331146237,5499.55402,0.038018389381255416,13.5
915.28436,766.8035,2837.7444,1254.4181,487.6146000000001,1922.46004,1983.3357263786586,937419.5834205842,5992704,0.1564268122404484,3.9425809645568437,1.031665514555329,1836,3264,0.1493917279411765,1.0470915250544661,0.5296038299683785,1876.51438,1010.6108,0.5749124938725491,0.5504416122004357,1632.0,918.0,261.4651837308831,4820.14928,0.04034716691171506,13.0
433.23666,898.6597,2951.8372,1494.0388,595.3791,2518.60054,2588.015639984639,1499522.1227647138,5992704,0.2502246269404786,4.230246812493082,1.027560980346903,1836,3264,0.1824078125,1.3717867864923747,0.6910695837948364,1692.53693,1196.34925,0.5185468535539216,0.6516063453159041,1632.0,918.0,284.8561476770115,6227.95928,0.03865995539628043,14.5
431.90997,832.07336,3071.404,1384.9285,552.85514,2639.49403,2696.771688562096,1459257.8414848142,5992704,0.24350574323123822,4.774295903263194,1.0217002417550822,1836,3264,0.16937963848039217,1.437632913943355,0.7201103654904372,1751.656985,1108.50093,0.536659615502451,0.6037586764705882,1632.0,918.0,224.96310450861742,6384.69834,0.03579738232015339,15.0
711.3128,597.18665,2876.6792,1169.417,572.2303499999999,2165.3664,2239.700698689466,1239088.3729502398,5992704,0.20676615647130908,3.7840817076549684,1.0343287393253475,1836,3264,0.17531567095588232,1.1793934640522876,0.5980601530203737,1793.996,883.301825,0.5496311274509804,0.48110121187363836,1632.0,918.0,165.67035753064172,5475.193499999999,0.04133360998199192,13.0
697.58435,801.2329,3007.7168,1303.5139,502.28099999999995,2310.13245,2364.106203093254,1160335.63711845,5992704,0.19362472051321905,4.5992829710859064,1.0233639214466919,1836,3264,0.15388511029411764,1.2582420751633987,0.6312797591239221,1852.6505750000001,1052.3734,0.5676012791053922,0.5731881263616557,1632.0,918.0,258.34644738294867,5624.8269,0.036674593349713264,13.5
902.1039,851.83417,2862.433,1311.8016,459.96743000000004,1960.3291,2013.5690246345205,901687.538081213,5992704,0.15046422083940955,4.261886760112558,1.027158666692506,1836,3264,0.14092139399509804,1.0677173747276687,0.5376769314286725,1882.26845,1081.817885,0.5766753829656863,0.5892254275599128,1632.0,918.0,299.1163594845252,4840.59306,0.038482113825336436,13.5
664.0453,804.6342,2875.072,1279.7164,475.08220000000006,2211.0267000000003,2261.4911374731787,1050419.4288947403,5992704,0.17528304900337816,4.653987667818328,1.0228239837507065,1836,3264,0.14555214460784316,1.2042629084967322,0.6038787845727922,1769.55865,1042.1752999999999,0.5421441942401961,0.567633605664488,1632.0,918.0,185.31564240482362,5372.2178,0.03639615643723656,14.5
592.9481,746.7307,2881.6833,1376.767,630.0363000000001,2288.7352,2373.869110763424,1441986.2570877604,5992704,0.24062364119565396,3.6327037029453697,1.0371969246435429,1836,3264,0.19302582720588238,1.2465877995642702,0.6338867173030047,1737.3157,1061.74885,0.5322658394607843,0.5782945806100218,1632.0,918.0,178.19968726912094,5837.543000000001,0.04231564217542028,14.5
661.5289,620.0554,3111.1765,1177.7167,557.6613,2449.6476000000002,2512.3215339011545,1366073.6651578802,5992704,0.22795613885783114,4.392715793618815,1.0255848775559204,1836,3264,0.17085211397058822,1.3342307189542486,0.6708572274324358,1886.3527,898.88605,0.5779266850490196,0.4895893518518518,1632.0,918.0,255.0698709802717,6014.6178,0.03776226614072353,15.0
903.16907,735.5818,3039.9492,1236.3611,500.77930000000003,2136.78013,2194.6774777336436,1070055.257755309,5992704,0.17855967151978624,4.266909854301086,1.0270956037641756,1836,3264,0.1534250306372549,1.163823600217865,0.5860377455486677,1971.559135,985.97145,0.6040315977328431,0.5370214869281046,1632.0,918.0,346.29542904440814,5275.1188600000005,0.038454016285847235,14.0
621.9349,831.28815,2986.4229,1334.4178,503.12964999999997,2364.4880000000003,2417.4248585743308,1189644.0198692002,5992704,0.19851539803554458,4.6995600438177325,1.022388296567515,1836,3264,0.15414511335784312,1.287847494553377,0.645517270088897,1804.1788999999999,1082.852975,0.5527508884803921,0.5897892020697167,1632.0,918.0,238.37381771402787,5735.2353,0.036167171450278694,15.0
701.841,667.82874,3186.915,1291.1537,623.32496,2485.074,2562.055188951831,1549008.6516470402,5992704,0.25848242323449316,3.986803287967162,1.0309774231881348,1836,3264,0.1909696568627451,1.3535261437908497,0.6841374471364677,1944.378,979.4912200000001,0.595704044117647,0.5334919498910676,1632.0,918.0,318.3727140021399,6216.79792,0.0400793197786225,13.0
321.413,834.7894,2960.6934,1346.7777,511.9883000000001,2639.2804,2688.481550831445,1351280.6852193202,5992704,0.22548764050741038,5.1549623301938725,1.0186418808821696,1836,3264,0.15685916053921573,1.4375165577342048,0.7178966763833817,1641.0532,1090.78355,0.5027736519607844,0.5941086873638345,1632.0,918.0,173.02056404035486,6302.5374,0.034018464442019995,14.5
396.68958,620.3474,2935.1946,1263.8099,643.4625,2538.5050199999996,2618.788216994923,1633432.7864317496,5992704,0.27257024315430056,3.9450706451424904,1.0316261722401177,1836,3264,0.19713924632352942,1.3826280065359475,0.6992866871454628,1665.94209,942.0786499999999,0.5103989246323529,0.5131147331154684,1632.0,918.0,41.6154641856918,6363.935039999999,0.04033200317350664,14.5
760.38916,572.42975,1186.4005,2505.3206,426.01134,1932.89085,1979.2808542049604,823433.421082239,5992704,0.13740598919656954,4.537181686290323,1.024000322731602,3264,1836,0.2320323202614379,0.5921846966911765,0.5285210703504979,973.39483,1538.8751750000001,0.5301714760348584,0.47146910998774516,918.0,1632.0,108.35506551153709,4717.80438,0.036995477015569773,15.0
935.72266,780.75757,2730.2283,1205.3729,424.6153300000001,1794.5056400000003,1844.0576646251654,761974.6045154615,5992704,0.12715038228410105,4.226191362426787,1.027613189683352,1836,3264,0.13009048100490198,0.977399586056645,0.49241285218576,1832.97548,993.065235,0.5615733700980392,0.5408852042483661,1632.0,918.0,214.53655415065205,4438.241940000001,0.03868285778375619,14.5
854.89124,765.2792,2843.3794,1187.4291,422.1499000000001,1988.4881599999999,2032.8048850123798,839440.0778951842,5992704,0.14007701329736696,4.7103840602591625,1.0222866426382846,1836,3264,0.12933514093137258,1.0830545533769063,0.5428134220355615,1849.1353199999999,976.35415,0.5665243014705882,0.5317833061002178,1632.0,918.0,224.83984080612768,4821.27612,0.036113176517544275,14.5
945.3898,926.69574,2964.0806,1402.6881,475.9923600000001,2018.6907999999999,2074.0494865800597,960881.3980022881,5992704,0.16034187538751923,4.241015128898287,1.0274230637896897,1836,3264,0.14583099264705884,1.0995047930283224,0.5538268367919459,1954.7351999999998,1164.69192,0.5988772058823529,0.6343637908496732,1632.0,918.0,406.22027609700416,4989.36632,0.03859926221645474,14.5
671.22754,463.2945,1134.5123,2536.834,463.2847600000001,2073.5395,2124.664403360801,960639.2496080202,5992704,0.16030146818665167,4.475734319428075,1.024655861805768,3264,1836,0.2523337472766885,0.6352755821078431,0.5673423770124387,902.8699200000001,1500.06425,0.49175921568627456,0.4595785079656862,918.0,1632.0,132.80045726152048,5073.64852,0.03731810403978684,14.0
805.4081,901.44867,2916.253,1402.3948,500.94613000000004,2110.8449,2169.4730274926183,1057419.5836852372,5992704,0.17645116189373566,4.2137163530936945,1.0277747206782546,1836,3264,0.15347614276960786,1.1496976579520697,0.5793074813768692,1860.8305500000001,1151.921735,0.5701073988970589,0.6274083523965142,1632.0,918.0,327.2350817359177,5223.582060000001,0.03875346202317712,14.0
715.0294,795.71,2748.4236,1361.2538,565.5437999999999,2033.3942000000002,2110.576168327521,1149973.48276596,5992704,0.19189559216773597,3.595467229947531,1.0379572088518403,1836,3264,0.17326709558823528,1.1075131808278869,0.5635804404265724,1731.7265,1078.4819,0.5305534620098039,0.5874084422657952,1632.0,918.0,188.943946793381,5197.876,0.04256336902896082,14.0
836.05853,382.79587,1336.1295,2518.4646,500.07097,2135.66873,2193.4338146697187,1067985.933409768,5992704,0.17821436423520468,4.270731272403195,1.0270477737760944,3264,1836,0.2723698093681917,0.6543102726715686,0.585705654156835,1086.0940150000001,1450.6302349999999,0.5915544744008715,0.4444332827818627,918.0,1632.0,247.2864523886732,5271.4794,0.038432665422365675,14.0
706.1349,836.6061,2749.1406,1413.2556,576.6495,2043.0057000000002,2122.827580394305,1178098.21540215,5992704,0.1965887544924879,3.5428899183993052,1.039070806505486,1836,3264,0.17666957720588236,1.1127482026143791,0.5668518960186807,1727.63775,1124.93085,0.52930078125,0.6127074346405229,1632.0,918.0,227.96261953834667,5239.3104,0.04291738386710469,13.0
901.90436,857.5111,2824.9893,1486.6571,629.1459999999998,1923.0849400000002,2023.38339811584,1209901.19766124,5992704,0.2018957047872279,3.056659249204478,1.0521549807965527,1836,3264,0.19275306372549014,1.0474318845315904,0.5402976323595923,1863.44683,1172.0841,0.5709089552696078,0.6383900326797386,1632.0,918.0,343.6951628839995,5104.46188,0.04643548403382501,12.0
953.46716,3.3238282,2106.1885,4078.0007,1152.72134,4074.6768718,4234.590664665621,4696966.9837283045,12582912,0.37328139811581806,3.5348325136411543,1.0392457605589174,4096,3072,0.3752348111979167,0.9947941581542968,0.8270684891925042,1529.8278300000002,2040.6622641000001,0.49799083007812506,0.4982085605712891,1536.0,2048.0,9.588433169556158,10454.7964236,0.04297207708959394,15.0
954.80585,64.84766,2004.6902,4085.5288,1049.88435,4020.68114,4155.494432426378,4221250.20522616,12582912,0.33547482532073336,3.8296419410385534,1.0335299636385435,4096,3072,0.341759228515625,0.9816116064453125,0.8116200063332769,1479.7480249999999,2075.18823,0.4816888102213541,0.5066377514648438,1536.0,2048.0,62.47787241842948,10141.13098,0.041045760884979764,13.0
6.169141,1035.0101,3993.4106,2144.857,1109.8469,3987.2414590000003,4138.822851223287,4425227.572822628,12582912,0.351685490037809,3.592604943078185,1.038016607166124,3072,4096,0.2709587158203125,1.297930162434896,0.8083638381295483,1999.7898705,1589.93355,0.48822994885253906,0.517556494140625,2048.0,1536.0,72.33978436523893,10194.176718,0.04258251361513352,14.0
3.4539063,1016.1061,3897.379,2121.2092,1105.1030999999998,3893.9250936999997,4047.703731373649,4303188.69221566,12582912,0.34198671120132285,3.5235853502718437,1.0394919352512582,3072,4096,0.26980056152343745,1.267553741438802,0.7905671350339158,1950.41645315,1568.6576499999999,0.47617589188232423,0.5106307454427083,2048.0,1536.0,102.90321044237943,9998.0563874,0.04304861926370177,13.5
987.9344,439.15,2014.1589,4078.101,1026.2244999999998,3638.951,3780.8862856215674,3734380.6704994994,12582912,0.2967819110949436,3.5459599726960334,1.0390044509040015,4096,3072,0.3340574544270833,0.888415771484375,0.7384543526604623,1501.04665,2258.6255,0.48862195638020833,0.5514222412109375,1536.0,2048.0,213.50606063171261,9330.350999999999,0.04289657545621136,12.0
828.3045,186.53867,1805.722,4041.9128,977.4175,3855.37413,3977.3426620772198,3768310.1437092754,12582912,0.29947838335905674,3.9444496645496936,1.031635978238309,4096,3072,0.31816975911458334,0.9412534497070313,0.776824738686957,1317.01325,2114.225735,0.42871525065104166,0.5161683923339844,1536.0,2048.0,228.78165278678432,9665.58326,0.04033578439634054,13.0
826.42737,528.0555,1969.9274,4092.3384,1143.5000300000002,3564.2829,3743.221194351519,4075757.603078488,12582912,0.32391211216278776,3.116994146471513,1.0502031683151523,4096,3072,0.3722330826822917,0.8701862548828125,0.731097889521781,1398.177385,2310.19695,0.4551358675130208,0.5640129272460938,1536.0,2048.0,296.213291050116,9415.56586,0.045974339262824925,11.5
955.8172,348.92072,1983.93,4085.7344,1028.1128,3736.8136799999997,3875.666705040435,3841865.9756231043,12582912,0.3053240756688996,3.6346339428903125,1.0371581344244156,4096,3072,0.3346721354166667,0.9123080273437499,0.7569661533282099,1469.8736,2217.3275599999997,0.47847447916666663,0.5413397363281249,1536.0,2048.0,181.7815264335557,9529.85296,0.04230286786391049,12.0
945.8781,2.4289062,2263.6074,4096.0,1317.7293,4093.5710938,4300.434258080621,5394218.571933309,12582912,0.42869397576119966,3.106534167374134,1.050533668413364,4096,3072,0.42894833984374997,0.9994070053222657,0.8399285660313712,1604.74275,2049.2144531,0.5223771972656249,0.5002964973388672,1536.0,2048.0,68.75347681313713,10822.6007876,0.04605377788221004,12.0
714.4072,145.9961,1879.3018,4080.379,1164.8946,3934.3829,4103.211941019081,4583141.39454234,12582912,0.3642353530361128,3.377458269615122,1.0429111871696781,4096,3072,0.3791974609375,0.9605427001953125,0.8014085822302892,1296.8545,2113.18755,0.4221531575520833,0.5159149291992188,1536.0,2048.0,247.87090762179523,10198.555,0.044064208258998754,11.0
0.46367186,594.68384,3817.993,1841.4014,1246.71756,3817.52932814,4015.9475650986024,4759380.8492071405,12582912,0.3782416064903848,3.062064296375195,1.0519755632251493,3072,4096,0.304374404296875,1.242685328170573,0.7843647588083208,1909.22833593,1218.04262,0.46612019920166015,0.39649824869791667,2048.0,1536.0,346.9214179684232,10128.49377628,0.046393883502584804,11.5
980.2445,208.08829,2123.392,4038.4546,1143.1474999999998,3830.36631,3997.310630353771,4378673.671360724,12582912,0.34798571835841524,3.3507192291458456,1.043584426877901,4096,3072,0.3721183268229166,0.9351480249023437,0.780724732490971,1551.8182499999998,2123.271445,0.505149169921875,0.5183768176269531,1536.0,2048.0,76.91558662228675,9947.027619999999,0.04425434651638285,12.5
789.2353,199.02383,1837.2244,4090.2554,1047.9891,3891.23157,4029.883904665676,4077968.270935887,12582912,0.32408780025926326,3.7130458417935834,1.0356319926407453,4096,3072,0.34114228515625,0.9500077075195312,0.7870867001300148,1313.2298500000002,2144.639615,0.4274836751302084,0.5235936560058594,1536.0,2048.0,242.82865341299956,9878.44134,0.041789482379249794,14.0
0.0,932.98944,4079.391,2191.1758,1258.1863600000001,4079.391,4269.012045821732,5132634.113306761,12582912,0.40790511078093533,3.242278830617747,1.046482684749202,3072,4096,0.30717440429687504,1.3279267578125,0.8337914151995569,2039.6955,1562.08262,0.4979725341796875,0.5084904361979167,2048.0,1536.0,27.372756279088783,10675.15472,0.04503933294263612,13.0
920.77405,281.72382,2124.868,3860.3105,1204.09395,3578.58668,3775.7283888939924,4308954.570938585,12582912,0.3424449420721201,2.9720161620278884,1.0550892647077064,4096,3072,0.391957666015625,0.873678388671875,0.7374469509558579,1522.821025,2071.01716,0.49570996907552084,0.505619423828125,1536.0,2048.0,26.523103825084654,9565.36126,0.04709438843759298,12.0
852.7988,156.17188,2015.2047,4088.521,1162.4059,3932.3491200000003,4100.555703550384,4570985.817947809,12582912,0.3632693146028367,3.382939745918358,1.0427750889906704,4096,3072,0.37838733723958334,0.9600461718750001,0.8008897858496844,1434.00175,2122.3464400000003,0.4667974446614583,0.5181509863281251,1536.0,2048.0,126.21820844765686,10189.510040000001,0.0440253959643969,13.0
1018.10254,1.0644531,2128.2695,4037.0715,1110.16696,4036.0070469,4185.907734494646,4480641.673795551,12582912,0.35608940710986065,3.635495553659785,1.037140838916469,4096,3072,0.36138247395833334,0.9853532829345704,0.8175601043934856,1573.1860199999999,2019.06797655,0.5121048242187499,0.4929365177124023,1536.0,2048.0,47.1154121742742,10292.348013800001,0.04229716786197058,12.0
794.8268,111.06016,2128.8247,4087.8633,1333.9979,3976.80314,4194.581458443532,5305047.037473407,12582912,0.42160725891378775,2.9811164920124686,1.0547621571339667,4096,3072,0.4342441080729167,0.9708992041015625,0.8192541911022524,1461.82575,2099.46173,0.47585473632812497,0.5125638989257812,1536.0,2048.0,90.2780649862158,10621.60208,0.04702287562768697,12.0
835.47363,133.97891,1940.0264,4096.0,1104.55277,3962.02109,4113.106847544744,4376261.36975792,12582912,0.34779400585158027,3.586991221795587,1.0381335066403554,4096,3072,0.35955493815104167,0.9672903051757813,0.8033411811610828,1387.750015,2114.989455,0.45174154134114586,0.5163548474121094,1536.0,2048.0,162.68265160642426,10133.14772,0.04262010393805139,14.0
835.47363,133.97891,1940.0264,4096.0,1104.55277,3962.02109,4113.106847544744,4376261.36975792,12582912,0.34779400585158027,3.586991221795587,1.0381335066403554,4096,3072,0.35955493815104167,0.9672903051757813,0.8033411811610828,1387.750015,2114.989455,0.45174154134114586,0.5163548474121094,1536.0,2048.0,162.68265160642426,10133.14772,0.04262010393805139,14.0
828.61896,72.3625,2073.501,4086.6985,1244.8820400000002,4014.336,4202.930503162116,4997374.78892544,12582912,0.3971556654711914,3.2246717929997604,1.0469802485796198,4096,3072,0.4052350390625001,0.9800625,0.8208848638988508,1451.05998,2079.5305,0.47235025390625,0.5076978759765625,1536.0,2048.0,90.60341841150581,10518.43608,0.04516890655274193,14.0
460.7063,380.2871,1671.7571,4089.9465,1211.0508,3709.6594,3902.334801652595,4492585.98409752,12582912,0.3570386556067085,3.0631740633836335,1.0519388388197026,4096,3072,0.394222265625,0.905678564453125,0.7621747659477724,1066.2317,2235.1168,0.3470806315104167,0.5456828125,1536.0,2048.0,505.66288426888707,9841.420399999999,0.046385349111761724,12.0
760.95685,220.01328,1912.0654,4053.5874,1151.10855,3833.5741199999998,4002.666789456359,4412859.946590725,12582912,0.35070259941345255,3.3303324173901756,1.0441083605438048,4096,3072,0.37470981445312496,0.9359311816406249,0.7817708573156951,1336.511125,2136.80034,0.43506221516927085,0.5216797705078124,1536.0,2048.0,218.36050840955923,9969.36534,0.04440021990580878,13.0
1034.5312,453.2465,2033.4714,4077.4167,998.9402,3624.1702,3759.320571824659,3620329.30442204,12582912,0.28771792288001696,3.6280151704776724,1.0372913975796885,4096,3072,0.3251758463541667,0.884807177734375,0.7342422991845037,1534.0013,2265.3316,0.49934938151041663,0.55305947265625,1536.0,2048.0,217.34079037366638,9246.2208,0.042346698349112984,12.0
819.91016,107.73672,2019.7582,4088.875,1199.8480399999999,3981.13828,4158.016032144801,4776760.962226971,12582912,0.37962285377398897,3.3180354072170677,1.044428939590815,4096,3072,0.3905755338541666,0.971957587890625,0.8121125062782815,1419.83418,2098.30586,0.46218560546875004,0.5122817041015625,1536.0,2048.0,126.59058924980158,10361.97264,0.04448858844669238,14.0
826.9725,252.20352,2235.1624,4093.3628,1408.1899000000003,3841.15928,4091.149399471025,5409081.702387273,12582912,0.42987519124247814,2.7277281849557355,1.065081945644031,4096,3072,0.45839514973958345,0.93778302734375,0.7990526170841845,1531.06745,2172.78316,0.49839435221354167,0.530464638671875,1536.0,2048.0,124.88061126166899,10498.69836,0.04907413181999448,12.0
673.591,54.909374,1984.1816,4094.4585,1310.5906,4039.5491260000003,4246.834687408462,5294195.112773816,12582912,0.4207448254246566,3.082235692824289,1.0513140340525373,4096,3072,0.42662454427083335,0.9862180483398438,0.8294598998844652,1328.8863,2074.6839370000002,0.43258017578124996,0.5065146330566407,1536.0,2048.0,208.8255664939282,10700.279452,0.046239135177923336,13.0
919.53064,204.46484,2080.6362,4089.6985,1161.10556,3885.23366,4055.022406135373,4511166.40452515,12582912,0.35851529475253024,3.3461502501116263,1.0437010385973473,4096,3072,0.3779640494791667,0.9485433740234375,0.7919965636983151,1500.08342,2147.08167,0.48830840494791666,0.5241898608398438,1536.0,2048.0,105.39059753547899,10092.67844,0.04428697063727823,13.0
994.3545,457.73477,2020.8044,3999.1118,1026.4499,3541.37703,3687.133122877669,3635046.098305797,12582912,0.28888750857558226,3.450121657179761,1.041158027412198,4096,3072,0.33413082682291667,0.8645940014648438,0.7201431880620447,1507.57945,2228.423285,0.4907485188802083,0.5440486535644531,1536.0,2048.0,182.64799323423642,9135.65386,0.04355426109440889,11.5
945.98083,371.65665,2064.9407,4085.9832,1118.9598700000001,3714.32655,3879.212924125888,4156182.353525549,12582912,0.33030369707151647,3.3194457188174225,1.0443919972857227,4096,3072,0.3642447493489584,0.9068180053710938,0.7576587742433375,1505.460765,2228.8199250000002,0.49005884277343753,0.5441454895019532,1536.0,2048.0,183.38072459064756,9666.57284,0.04447843915111403,12.0
945.98083,371.65665,2064.9407,4085.9832,1118.9598700000001,3714.32655,3879.212924125888,4156182.353525549,12582912,0.33030369707151647,3.3194457188174225,1.0443919972857227,4096,3072,0.3642447493489584,0.9068180053710938,0.7576587742433375,1505.460765,2228.8199250000002,0.49005884277343753,0.5441454895019532,1536.0,2048.0,183.38072459064756,9666.57284,0.04447843915111403,12.0
821.5498,242.03789,2041.0286,4092.8706,1219.4788,3850.83271,4039.311959239517,4696008.852191549,12582912,0.37320525266262283,3.157769294554362,1.0489450629080994,4096,3072,0.3969657552083334,0.9401447045898438,0.7889281170389681,1431.2892000000002,2167.454245,0.46591445312500007,0.5291636340332031,1536.0,2048.0,158.85108839778206,10140.62302,0.045666700150169624,12.0
0.0,608.56854,3986.6392,1863.3274,1254.75886,3986.6392,4179.439185790977,5002270.857823311,12582912,0.39754477006779604,3.1772154212961685,1.0483615336424166,3072,4096,0.3063376123046875,1.2977341145833334,0.8162967159748001,1993.3196,1235.94797,0.48665029296875,0.40232681315104163,2048.0,1536.0,304.99371608490713,10482.796119999999,0.045521118565676,12.0
59.465626,905.53186,4008.929,1992.3845,1086.8526399999998,3949.463374,4096.2799713450295,4292484.694615207,12582912,0.3411360339017873,3.633853595828778,1.0371738090575922,3072,4096,0.26534488281249996,1.2856326087239582,0.8000546819033261,2034.1973130000001,1448.95818,0.49663020336914065,0.47166607421875,2048.0,1536.0,88.12940824340278,10072.632028,0.04230803139916012,12.0
17.4375,961.5797,3711.2524,2126.0264,1164.4467000000002,3693.8149,3873.0097640727554,4301250.570715831,12582912,0.34183268314328435,3.1721631397984975,1.0485121395965877,3072,4096,0.28428874511718755,1.2024137044270833,0.75644721954546,1864.34495,1543.80305,0.45516234130859373,0.5025400553385416,2048.0,1536.0,183.82074142980989,9716.5232,0.04555887163843367,13.0
902.0283,274.19452,2132.6743,4019.386,1230.6460000000002,3745.19148,3942.2010094844977,4609004.914096081,12582912,0.3662908008969689,3.0432727851876162,1.0526033263016228,4096,3072,0.4006009114583334,0.914353388671875,0.769961134664941,1517.3513,2146.7902599999998,0.4939294596354167,0.5241187158203124,1536.0,2048.0,100.53501620111051,9951.67496,0.046538759802689206,11.5
0.0,855.6791,3912.8328,2078.0264,1222.3473000000004,3912.8328,4099.316216465026,4782840.608431442,12582912,0.38010602064382565,3.2010810675492953,1.0476594390808178,3072,4096,0.2984246337890626,1.2737085937500001,0.8006476985283253,1956.4164,1466.85275,0.47764072265625,0.47749112955729167,2048.0,1536.0,114.75581890049186,10270.360200000001,0.045343449631834815,12.0
829.7709,1.1140625,2044.6006,4089.4563,1214.8297,4088.3422375,4265.015058698925,4966639.573879453,12582912,0.39471305003797635,3.365362435162723,1.0432138042599288,4096,3072,0.39545237630208335,0.9981304290771484,0.8330107536521337,1437.18575,2045.2851812499998,0.4678339029947917,0.49933720245361324,1536.0,2048.0,98.85153637606162,10606.343875,0.04415005384218431,13.0
0.0,922.83185,3950.9673,2075.559,1152.7271500000002,3950.9673,4115.692224646592,4554387.275472196,12582912,0.36195018096543913,3.427495656712865,1.041692302704351,3072,4096,0.2814275268554688,1.28612216796875,0.8038461376262875,1975.48365,1499.1954250000001,0.4822958129882812,0.4880193440755209,2048.0,1536.0,81.32157006756037,10207.3889,0.04371199561961253,12.0
0.225,666.02344,4058.9578,2165.5388,1499.5153599999999,4058.7328,4326.876270090442,6086132.175735808,12582912,0.48368232852107745,2.7066963822231207,1.0660658100209113,3072,4096,0.36609261718749997,1.3212020833333333,0.8450930215020394,2029.5914,1415.7811199999999,0.495505712890625,0.46086625,2048.0,1536.0,121.62012852490508,11116.49632,0.04924991925593287,12.0
2.734375,1074.0764,4075.3938,2183.1177,1109.0412999999999,4072.659425,4220.962851903227,4516747.503159252,12582912,0.358958840621253,3.6722342305917737,1.0364143944845639,3072,4096,0.27076203613281247,1.325735489908854,0.8244068070123489,2039.0640875,1628.5970499999999,0.49781838073730467,0.5301422688802083,2048.0,1536.0,93.02722290227807,10363.40145,0.04205534203368372,13.0
803.93066,180.17383,1986.3754,4096.0,1182.44474,3915.82617,4090.4608733992964,4630248.057470845,12582912,0.3679790542499896,3.311635662568045,1.0445971541681833,4096,3072,0.38491039713541664,0.9560122485351562,0.7989181393358,1395.15303,2138.086915,0.45415137695312496,0.5219938757324218,1536.0,2048.0,167.19306568275528,10196.541819999999,0.04453469154232862,13.0
803.93066,180.17383,1986.3754,4096.0,1182.44474,3915.82617,4090.4608733992964,4630248.057470845,12582912,0.3679790542499896,3.311635662568045,1.0445971541681833,4096,3072,0.38491039713541664,0.9560122485351562,0.7989181393358,1395.15303,2138.086915,0.45415137695312496,0.5219938757324218,1536.0,2048.0,167.19306568275528,10196.541819999999,0.04453469154232862,13.0
826.43005,33.058205,2059.7449,4092.6555,1233.3148500000002,4059.597295,4242.8051707333725,5006761.628943332,12582912,0.39790166449096454,3.291614704063605,1.0451295688759623,4096,3072,0.4014696777343751,0.9911126208496094,0.8286728849088618,1443.087475,2062.8568525,0.46975503743489583,0.5036271612548828,1536.0,2048.0,94.09284440424986,10585.82429,0.04467942271640107,13.0
887.0541,208.5336,2198.9602,4096.0,1311.9061000000002,3887.4664,4102.86395416009,5099990.88370504,12582912,0.40531085997462596,2.963220004846383,1.0554082098716249,4096,3072,0.4270527669270834,0.9490884765625,0.8013406160468926,1543.00715,2152.2668,0.5022809733072916,0.52545576171875,1536.0,2048.0,104.50198913591298,10398.744999999999,0.04716366466090421,12.0
6.4664063,882.82385,3764.8398,1937.893,1055.06915,3758.3733937,3903.6574488233186,3965343.8218736746,12582912,0.31513721322009364,3.5622057508742437,1.0386560993026537,3072,4096,0.25758524169921876,1.223428839095052,0.7624330954733044,1885.65310315,1410.358425,0.4603645271362305,0.45910104980468747,2048.0,1536.0,205.2859476079772,9626.8850874,0.04278674746879927,12.0
6.7933593,866.25354,3749.9597,2049.121,1182.86746,3743.1663407,3925.6171084399307,4427669.661781304,12582912,0.35187956983099805,3.164485005530544,1.048742361715566,3072,4096,0.2887860009765625,1.2184786265299479,0.766722091492174,1878.3765296499998,1457.6872700000001,0.458588019934082,0.4745075748697917,2048.0,1536.0,186.82881301777374,9852.0676014,0.04561634088474448,11.0
4.438672,882.0291,3896.7258,2027.2043,1145.1752000000001,3892.287128,4057.2558861242073,4457350.690264826,12582912,0.3542384060434362,3.3988573346680924,1.0423835017045555,3072,4096,0.27958378906250003,1.2670205494791666,0.7924327902586342,1950.5822360000002,1454.6167,0.47621636621093755,0.4735080403645833,2048.0,1536.0,126.9388130622374,10074.924656,0.04391300834743709,12.0
0.0,878.4992,3982.4512,2292.5881,1414.0889,3982.4512,4226.057853068821,5631540.03671168,12582912,0.44755459123545327,2.816266502056554,1.0611700284158714,3072,4096,0.3452365478515625,1.2963708333333333,0.825401924427504,1991.2256,1585.54365,0.4861390625,0.516127490234375,2048.0,1536.0,75.35187954313089,10793.0802,0.048343308333321316,12.0
0.0,953.2951,4092.0461,2036.9011,1083.606,4092.0461,4233.089090458788,4434165.7062366,12582912,0.3523958290606022,3.7763228516637968,1.0344675956751288,3072,4096,0.26455224609375,1.3320462565104167,0.8267752129802319,2046.02305,1495.0981000000002,0.49951734619140625,0.4866855794270834,2048.0,1536.0,40.94964902062638,10351.3042,0.04138298137162237,13.0
24.426952,799.59753,3424.4558,1995.8909,1196.29337,3400.0288480000004,3604.3465419321387,4067431.9686711384,12582912,0.3232504501876146,2.842136329820168,1.060092929520973,3072,4096,0.2920638110351563,1.1067802239583335,0.7039739339711208,1724.441376,1397.7442150000002,0.4210061953125,0.4549948616536459,2048.0,1536.0,351.8591269965006,9192.644436,0.04813260569215042,13.0
557.4332,904.2785,4069.3352,2062.0303,1157.7518,3511.902,3697.8162323197243,4065910.8619236,12582912,0.323129563484478,3.033380729790271,1.052938331513728,3072,4096,0.282654248046875,1.143197265625,0.7222297328749462,2313.3842,1483.1544,0.564791064453125,0.48279765625,2048.0,1536.0,270.59458798911703,9339.3076,0.04661530113132619,12.0
934.9627,169.01602,2120.5632,4096.0,1185.6005,3926.98398,4102.054573598076,4655834.17017999,12582912,0.3700124557956052,3.312232054558007,1.044581438195242,4096,3072,0.3859376627604167,0.9587363232421875,0.8011825339058742,1527.76295,2132.50801,0.4973186686197917,0.5206318383789063,1536.0,2048.0,84.90849631728618,10225.168959999999,0.04453039191371307,14.0
667.2887,197.19336,1809.2672,4077.898,1141.9785000000002,3880.70464,4045.242069070747,4431681.263730241,12582912,0.3521983833098603,3.3982291610568844,1.0423988539026632,4096,3072,0.37173779296875004,0.94743765625,0.7900863416153803,1238.27795,2137.54568,0.4030852701822916,0.52186173828125,1536.0,2048.0,310.8968444080206,10045.36628,0.043917434645459066,12.0
7.335547,935.2897,3986.7207,1997.8851,1062.5954,3979.3851529999997,4118.812350668332,4228476.358406096,12582912,0.3360491083785769,3.7449674193959432,1.0350373719325008,3072,4096,0.259422705078125,1.295372771158854,0.8044555372399087,1997.0281235,1466.5874,0.4875556942138672,0.47740475260416665,2048.0,1536.0,86.11760117822179,10083.961105999999,0.04158355196232158,15.0
1.8714844,763.9779,4084.7253,2055.2065,1291.2286,4082.8538156,4282.168443326049,5271897.616321846,12582912,0.41897277961745627,3.1619914673513274,1.0488174783443132,3072,4096,0.315241357421875,1.3290539764322917,0.8363610240871189,2043.2983922,1409.5921999999998,0.49885214653320314,0.4588516276041666,2048.0,1536.0,126.49520550892458,10748.1648312,0.04563502904689915,14.0
0.0,910.967,3757.7554,2073.8696,1162.9026,3757.7554,3933.5820956624157,4369903.52482404,12582912,0.3472887297331524,3.2313586709669413,1.0467903514056331,3072,4096,0.283911767578125,1.2232276692708333,0.7682777530590655,1878.8777,1492.4183,0.4587103759765625,0.4858132486979167,2048.0,1536.0,174.64740745908594,9841.315999999999,0.04511962640968211,12.0
4.0683594,922.3201,3853.991,2046.4363,1124.1162,3849.9226406,4010.6784425713954,4327760.409045237,12582912,0.3439394958055208,3.4248440157699,1.041755592768571,3072,4096,0.274442431640625,1.253230026236979,0.7833356333147257,1929.0296797,1484.3782,0.47095451164550783,0.4831960286458334,2048.0,1536.0,129.68711326698795,9948.0776812,0.0437305433898803,12.0
0.0,710.5396,3911.1558,1908.8318,1198.2921999999999,3911.1558,4090.6043426924684,4686707.48812476,12582912,0.37246604666111943,3.2639416329339377,1.0458812054207782,3072,4096,0.29255180664062497,1.2731626953125,0.7989461606821228,1955.5779,1309.6857,0.4774360107421875,0.42632998046875,2048.0,1536.0,244.45859967057817,10218.896,0.044880727719656385,13.0
0.3125,921.85254,3844.3289,2043.2771,1121.42456,3844.0164,4004.2546281724085,4310774.400002784,12582912,0.34258956909201815,3.427797586312895,1.041685105238471,3072,4096,0.27378529296875,1.251307421875,0.7820809820649235,1922.3207,1482.56482,0.4693165771484375,0.48260573567708337,2048.0,1536.0,136.56721755283147,9930.88192,0.043709884502556785,12.0
6.1445312,863.4588,3653.8477,1951.0668,1087.6080000000002,3647.7031687999997,3806.3932494341097,3967271.1480122306,12582912,0.3152903833399002,3.3538767357356685,1.0435041102004785,3072,4096,0.26552929687500004,1.1874033752604165,0.7434361815300996,1829.9961156,1407.2628,0.44677639541015624,0.458093359375,2048.0,1536.0,253.17772468629346,9470.6223376,0.04423182380076918,13.0
638.4351,342.05273,1947.6586,4093.7944,1309.2235,3751.7416700000003,3973.616958309726,4911868.360293246,12582912,0.39036022506501245,2.8656235318110315,1.0591392765882321,4096,3072,0.42617952473958337,0.9159525561523438,0.7760970621698684,1293.04685,2217.923565,0.42091368815104163,0.5414852453613281,1536.0,2048.0,296.4797649709534,10121.93034,0.04794242867262051,12.0
827.2119,273.13007,1924.804,3899.6445,1097.5921,3626.5144299999997,3788.9728593618397,3980433.588904003,12582912,0.31633644015820844,3.3040638958680546,1.044797403263563,4096,3072,0.35728909505208334,0.8853794995117187,0.7400337615941093,1376.0079500000002,2086.387285,0.4479192545572917,0.5093718957519531,1536.0,2048.0,164.53279221138155,9448.21306,0.044589338144423014,13.0
7.2070312,916.1818,3572.9282,1996.3,1080.1182,3565.7211687999998,3725.7244637250988,3851400.3305461514,12582912,0.30608179812003383,3.3012323732717404,1.0448726323093138,3072,4096,0.263700732421875,1.1607165263020833,0.7276805593213084,1790.0676156,1456.2409,0.43702822646484374,0.47403675130208334,2048.0,1536.0,269.9826456553817,9291.6787376,0.044609801654570465,12.0
877.8688,137.04141,1988.7275,4095.2485,1110.8587,3958.2070900000003,4111.132498313811,4397008.782328184,12582912,0.3494428620599257,3.5631958321972004,1.038635019552201,4096,3072,0.3616076497395833,0.9663591528320313,0.8029555660769162,1433.29815,2116.144955,0.466568408203125,0.5166369519042969,1536.0,2048.0,123.25341733751051,10138.131580000001,0.04278006952421285,13.0
751.24695,164.66562,1941.5406,4096.0,1190.29365,3931.3343800000002,4107.577020653454,4679442.348540688,12582912,0.3718886652422498,3.3028273149235066,1.0448302341184863,4096,3072,0.38746538085937504,0.9597984326171876,0.8022611368463778,1346.393775,2130.33281,0.4382792236328125,0.5201007836914062,1536.0,2048.0,206.71045489100618,10243.25606,0.0445982730829097,13.0
1113.11,385.15976,2210.6787,3844.6245,1097.5687,3459.46474,3629.4012369153893,3797000.217377638,12582912,0.3017584655585001,3.151934580495963,1.0491221936591812,4096,3072,0.35728147786458336,0.8445958837890625,0.708867429085037,1661.89435,2114.89213,0.5409812337239583,0.5163310864257813,1536.0,2048.0,142.56207215756734,9114.06688,0.04571052398524956,13.0
1045.9277,351.21133,2112.6404,4072.9722,1066.7127000000003,3721.76087,3871.6120618941727,3970049.58639205,12582912,0.31551119378344616,3.4890002434582423,1.0402635196425645,4096,3072,0.3472372070312501,0.9086330249023438,0.7561742308387056,1579.2840500000002,2212.091765,0.5140898600260417,0.5400614660644532,1536.0,2048.0,169.70449706833872,9576.94714,0.043285431428486926,13.0
768.73346,183.21172,1799.7041,4070.4336,1030.97064,3887.22188,4021.6158947483714,4007611.629445603,12582912,0.3184963567611061,3.770448671554798,1.034573281098215,4096,3072,0.335602421875,0.949028779296875,0.7854718544430412,1284.21878,2126.82266,0.41803996744791666,0.5192438134765625,1536.0,2048.0,263.83099604512734,9836.385040000001,0.04142042845472252,13.0
904.4992,129.06953,2053.2568,3864.608,1148.7576000000001,3735.5384700000004,3908.182657503063,4291228.207504873,12582912,0.34103617727795227,3.2518074047997594,1.0462166803767552,4096,3072,0.37394453125000005,0.9119966967773439,0.763316925293567,1478.8780000000002,1996.838765,0.4814055989583334,0.4875094641113281,1536.0,2048.0,76.68373263427655,9768.59214,0.044969458334757254,13.0
823.1717,316.54376,1917.556,4090.3633,1094.3843000000002,3773.81954,3929.2990362878086,4130008.855609223,12582912,0.32822361434374037,3.448349487469803,1.0411995048093392,4096,3072,0.3562448893229167,0.9213426611328125,0.7674412180249626,1370.36385,2203.45353,0.44608198242187497,0.5379525219726562,1536.0,2048.0,227.15883028463443,9736.40768,0.043566581348850955,12.5
1008.7246,0.0,2325.1243,4087.4617,1316.3997,4087.4617,4294.211373363796,5380733.35564149,12582912,0.4276222670588088,3.105030865625387,1.0505814337939354,4096,3072,0.42851552734375,0.9979154541015625,0.8387131588601164,1666.92445,2043.73085,0.5426186360677083,0.49895772705078123,1536.0,2048.0,130.99403516773197,10807.7228,0.04606521224229106,13.0
922.2342,387.5547,1974.8308,4082.7617,1052.5965999999999,3695.207,3842.201761383772,3889562.3244961994,12582912,0.3091146409111181,3.510563306018659,1.0397798449136333,4096,3072,0.3426421223958333,0.902150146484375,0.750430031520268,1448.5325,2235.1582,0.4715275065104167,0.545692919921875,1536.0,2048.0,206.58837184965165,9495.607199999999,0.043137527847078395,13.0
629.4553,0.0,1879.613,4081.5073,1250.1577000000002,4081.5073,4268.676154830978,5102527.778701211,12582912,0.4055124742747316,3.2647939535948143,1.0458577777947322,4096,3072,0.4069523763020834,0.9964617431640626,0.8337258114904254,1254.53415,2040.75365,0.408377001953125,0.4982308715820313,1536.0,2048.0,281.55911333953486,10663.330000000002,0.04487450577662271,14.0
981.4219,209.83438,2128.0308,4096.0,1146.6089,3886.1656199999998,4051.7891351388453,4455912.086766018,12582912,0.3541240761094107,3.3892686686803146,1.0426187484873188,4096,3072,0.37324508463541667,0.9487709033203124,0.7913650654568057,1554.72635,2152.91719,0.5060958170572917,0.5256145483398438,1536.0,2048.0,106.5752923609343,10065.54904,0.04398065324149351,13.0
837.6945,134.69844,1948.6875,3771.354,1110.993,3636.6555599999997,3802.5740108678897,4040298.8705710797,12582912,0.3210941052890682,3.2733379598251293,1.0456239113466907,4096,3072,0.36165136718749996,0.8878553613281249,0.7426902364976347,1393.191,1953.02622,0.4535126953125,0.4768130419921875,1536.0,2048.0,171.50635372629318,9495.29712,0.04481221121375504,12.0
759.5615,368.67108,2175.9832,4089.1921,1416.4217,3720.52102,3981.020860595022,5269826.7080341345,12582912,0.4188081986136543,2.6267043352978847,1.070017032344309,4096,3072,0.4610747721354167,0.9083303271484375,0.7775431368349652,1467.7723500000002,2228.93159,0.47779047851562506,0.5441727514648438,1536.0,2048.0,193.3681785725113,10273.88544,0.049926014284354205,12.5
759.5615,368.67108,2175.9832,4089.1921,1416.4217,3720.52102,3981.020860595022,5269826.7080341345,12582912,0.4188081986136543,2.6267043352978847,1.070017032344309,4096,3072,0.4610747721354167,0.9083303271484375,0.7775431368349652,1467.7723500000002,2228.93159,0.47779047851562506,0.5441727514648438,1536.0,2048.0,193.3681785725113,10273.88544,0.049926014284354205,12.5
908.3629,635.2905,1886.1344,3871.8757,977.7715,3236.5852,3381.0532180182095,3164640.7658817996,12582912,0.25150305158947306,3.3101652073107064,1.0446359385250261,4096,3072,0.31828499348958333,0.79018193359375,0.6603619566441815,1397.24865,2253.5831,0.454833544921875,0.5501911865234375,1536.0,2048.0,248.02489417885542,8428.7134,0.04454529552676805,12.0
528.1963,1031.393,2334.0964,3739.2026,1805.9000999999998,2707.8096,3254.766965703101,4890033.62742096,12582912,0.38862495640285494,1.4994238053367406,1.2019925498835298,4096,3072,0.58785810546875,0.661086328125,0.6356966729888869,1431.14635,2385.2978000000003,0.46586795247395835,0.5823480957031251,1536.0,2048.0,353.21961129467695,9027.419399999999,0.060004608494170296,12.0
715.4728,311.9699,1803.4088,3997.8457,1087.936,3685.8758,3843.0827668841116,4009996.9743487993,12582912,0.31868592694193515,3.3879527839872936,1.0426511839829524,4096,3072,0.3541458333333333,0.899872021484375,0.7506021029070531,1259.4407999999999,2154.9078,0.40997421874999995,0.526100537109375,1536.0,2048.0,296.50340437418265,9547.623599999999,0.04398994979648881,13.0
736.71857,402.50665,1921.0549,4091.412,1184.33633,3688.90535,3874.3612665594947,4368904.623936366,12582912,0.34720934422305155,3.114744736404396,1.0502739699080363,4096,3072,0.3855261490885417,0.9006116577148437,0.7567111848749013,1328.886735,2246.959325,0.4325803173828125,0.5485740539550781,1536.0,2048.0,287.19456391689545,9746.48336,0.0459914045161974,12.0
796.50995,113.94961,1948.4746,4062.543,1151.96465,3948.59339,4113.199765924494,4548640.002503663,12582912,0.36149342874715035,3.4277036105231184,1.0416873452560012,4096,3072,0.37498849283854163,0.9640120581054687,0.8033593292821278,1372.492275,2088.246305,0.4467748291015625,0.5098257580566407,1536.0,2048.0,168.38806727564943,10201.11608,0.04371054157100227,12.5
792.99884,439.85547,1791.0309,3826.2593,998.03206,3386.40383,3530.4105841426594,3379739.59044679,12582912,0.2685975702958735,3.3930812102368737,1.0425249797046974,4096,3072,0.3248802278645833,0.8267587475585938,0.6895333172153632,1292.01487,2133.057385,0.42057775716145834,0.5207659631347656,1536.0,2048.0,258.38634330040577,8768.871780000001,0.043953736422071954,12.0
994.1838,356.26407,2114.8083,4084.4133,1120.6245000000001,3728.14923,3892.9289681613564,4177855.3667941354,12582912,0.33202611341429833,3.3268496539206485,1.0441988042848156,4096,3072,0.36478662109375004,0.9101926831054687,0.7603376890940149,1554.4960500000002,2220.338685,0.5060208496093751,0.5420748742675782,1536.0,2048.0,173.32837682598827,9697.54746,0.04442521861320349,12.0
1015.51483,370.98087,2285.6763,4056.31,1270.16147,3685.32913,3898.071440635628,4680963.065194622,12582912,0.3720095209435321,2.9014650633356087,1.0577268143851315,4096,3072,0.41346402018229167,0.8997385571289063,0.761342078249146,1650.595565,2213.645435,0.5373032438151042,0.5404407800292969,1536.0,2048.0,201.42133366157725,9910.9812,0.047654279720698474,13.0
623.8246,410.7172,1671.0684,4096.0,1047.2438000000002,3685.2828,3831.191576078424,3859389.563546641,12582912,0.3067167253133965,3.5190304301634434,1.039592287484267,4096,3072,0.34089967447916675,0.89972724609375,0.7482796047028172,1147.4465,2253.3586,0.37351774088541667,0.550136376953125,1536.0,2048.0,439.48376188001527,9465.0532,0.04307968305294508,12.5
943.6457,447.45068,1914.3435,3633.4546,970.6977999999999,3186.00392,3330.5968229703526,3092646.995935376,12582912,0.24578150081120934,3.2821789850559053,1.045383780623331,4096,3072,0.3159823567708333,0.77783298828125,0.650507191986397,1428.9946,2040.45264,0.4651675130208333,0.4981573828125,1536.0,2048.0,107.27123692830992,8313.40344,0.04474789779659008,13.0
1068.3154,365.13593,2192.8076,3981.4578,1124.4922000000001,3616.32187,3787.118505579293,4066525.735504415,12582912,0.32317842924629964,3.215959941740814,1.0472293788327234,4096,3072,0.3660456380208334,0.8828910815429688,0.7396715831209557,1630.5615,2173.2968650000003,0.53078173828125,0.5305900549316407,1536.0,2048.0,156.97509885672406,9481.62814,0.04523323904833533,13.5
721.21466,277.40704,2120.6658,4096.0,1399.4511400000001,3818.59296,4066.9541044138746,5343934.271067975,12582912,0.42469773857339027,2.728636142309334,1.065039962890906,4096,3072,0.45555050130208335,0.932273671875,0.7943269735183349,1420.9402300000002,2186.70352,0.4625456477864584,0.5338631640625,1536.0,2048.0,180.2149192848452,10436.0882,0.04906656168536088,13.0
928.0223,517.34296,2011.5403,4080.603,1083.518,3563.26004,3724.356772515867,3860856.39202072,12582912,0.30683329836692175,3.288602533598888,1.0452104900308838,4096,3072,0.35270768229166666,0.869936533203125,0.7274134321320053,1469.7812999999999,2298.97298,0.47844443359374994,0.5612727001953125,1536.0,2048.0,259.56184796647295,9293.55608,0.04470126362887978,12.5
767.14124,549.80743,1787.3965,3987.8562,1020.25526,3438.0487700000003,3586.2376023426255,3507687.3417290305,12582912,0.27876594398252413,3.369792741867364,1.0431025975069648,4096,3072,0.33211434244791666,0.8393673754882813,0.700437031707544,1277.26887,2268.831815,0.41577762695312503,0.5539140173339844,1536.0,2048.0,340.1595039790467,8916.60806,0.044118579536910396,12.0
1039.5599,131.6707,2150.955,4096.0,1111.3951,3964.3293,4117.172071597506,4405936.158806429,12582912,0.350152346198275,3.566984684384518,1.038554509484746,4096,3072,0.36178225911458334,0.9678538330078125,0.8041351702338879,1595.25745,2113.83535,0.5192895345052083,0.5160730834960937,1536.0,2048.0,88.57617450604302,10151.4488,0.042754530621517385,12.0
573.0461,409.86954,1724.1289,4069.518,1151.0828,3659.64846,3836.4069730981632,4212558.396352488,12582912,0.3347840624135723,3.1793094814725755,1.0482993148194795,4096,3072,0.37470143229166664,0.8934688623046875,0.749298236933235,1148.5875,2239.69377,0.37388916015625,0.5468002368164062,1536.0,2048.0,432.24408221867276,9621.46252,0.04550548520938906,13.0
699.60315,523.36365,1751.9443,3894.8855,1052.3411500000002,3371.52185,3531.9373551934277,3547991.180879128,12582912,0.28196900533669217,3.2038297181479596,1.0475795537832353,4096,3072,0.3425589680989584,0.8231254516601563,0.6898315146862164,1225.773725,2209.124575,0.3990148844401042,0.5393370544433593,1536.0,2048.0,349.57326895703306,8847.726,0.0453230577486664,12.0
636.63165,264.72345,1781.8961,4084.8813,1145.26445,3820.15785,3988.136991046123,4375090.978993433,12582912,0.3477009915505594,3.335612006467153,1.0439717801310548,4096,3072,0.3728074381510416,0.9326557250976563,0.7789330060636959,1209.263875,2174.802375,0.39364058430989585,0.5309576110839844,1536.0,2048.0,350.47872643807676,9930.8446,0.04436236762896554,12.0
884.1842,464.33243,2005.2742,4087.0269,1121.0900000000001,3622.69447,3792.196990013649,4061366.5433723005,12582912,0.3227684134938161,3.2314037856015125,1.0467890741041845,4096,3072,0.3649381510416667,0.8844468920898437,0.7406634746120409,1444.7292,2275.679665,0.470289453125,0.5555858557128907,1536.0,2048.0,245.29245562624277,9487.568940000001,0.04511929422105278,12.0
588.42615,223.50156,1729.6494,4094.1218,1141.22325,3870.6202399999997,4035.3551948543786,4417241.809808579,12582912,0.35105083861419195,3.3916415915991895,1.0425603507034777,4096,3072,0.371491943359375,0.9449756445312499,0.7881553114949958,1159.037775,2158.81168,0.3772909423828125,0.5270536328125,1536.0,2048.0,392.91188261666633,10023.686979999999,0.043963897038545495,12.0
597.49243,298.12305,2118.6287,3988.3677,1521.1362700000002,3690.2446499999996,3991.461026837558,5613364.982288456,12582912,0.44611016768522704,2.425979001868123,1.0816250426208351,4096,3072,0.4951615462239584,0.9009386352539062,0.7795822318042106,1358.0605650000002,2143.245375,0.4420770068359376,0.5232532653808594,1536.0,2048.0,201.8269654605394,10422.76184,0.0516722832925077,12.0
921.1242,303.56406,2170.3052,4087.4993,1249.1809999999998,3783.93524,3984.7984982022435,4726820.007038439,12582912,0.37565390324898074,3.0291328798628863,1.053083164869979,4096,3072,0.4066344401041666,0.923812314453125,0.7782809566801256,1545.7147,2195.53168,0.5031623372395834,0.5360184765625,1536.0,2048.0,147.85118193545975,10066.232479999999,0.04664822816544322,11.5
875.509,71.25234,1939.6041,4089.108,1064.0951,4017.85566,4156.376124274371,4275380.520313266,12582912,0.3397767162571959,3.77584264789867,1.0344762171656439,4096,3072,0.3463851236979167,0.9809217919921875,0.8117922117723382,1407.55655,2080.18017,0.45818898111979167,0.5078564868164063,1536.0,2048.0,132.41330442644878,10163.90152,0.041386040392557624,13.5
973.55,184.2203,2085.4602,4088.0796,1111.9102,3903.8593,4059.120807152767,4340740.97503486,12582912,0.34497109850524743,3.5109483661540293,1.0397712866221298,4096,3072,0.3619499348958333,0.9530906494140625,0.7927970326470248,1529.5050999999999,2136.14995,0.4978857747395833,0.5215209838867187,1536.0,2048.0,88.38889868650078,10031.539,0.0431348943970011,12.5
931.41956,484.81952,2197.246,4027.939,1265.82644,3543.11948,3762.4476376101957,4484974.317863051,12582912,0.3564337347239694,2.7990563066450087,1.0619025575762395,4096,3072,0.4120528776041667,0.865019404296875,0.7348530542207413,1564.3327800000002,2256.3792599999997,0.5092229101562501,0.5508738427734374,1536.0,2048.0,210.29660582300392,9617.89184,0.04848419428630741,13.0
726.4605,64.18359,1896.0032,4092.2915,1169.5427,4028.1079099999997,4194.458661344495,4711044.200952756,12582912,0.37440015482527067,3.4441734448857657,1.0412974912939945,4096,3072,0.38071051432291664,0.9834247827148437,0.8192302072938468,1311.2318500000001,2078.237545,0.42683328450520835,0.5073822131347656,1536.0,2048.0,226.79292401230128,10395.30122,0.04359563647896032,13.5
869.7135,280.3742,2035.4857,4090.2476,1165.7721999999999,3809.8734000000004,3984.2389670199755,4441444.49523948,12582912,0.3529742952378178,3.268111385740714,1.045766761441463,4096,3072,0.3794831380208333,0.9301448730468751,0.7781716732460889,1452.5996,2185.3109,0.47285143229166665,0.5335231689453125,1536.0,2048.0,160.65462949747194,9951.2912,0.04485030173323071,13.0
865.6852,296.22266,2049.263,4096.0,1183.5778,3799.77734,3979.8447510211145,4497332.104567052,12582912,0.3574158433729054,3.2104161973974166,1.0473889375373544,4096,3072,0.38527923177083334,0.9276800146484375,0.7773134279338114,1457.4741,2196.11133,0.47443818359374995,0.5361599926757813,1536.0,2048.0,167.64033835917584,9966.71028,0.045274252753404604,12.0
1084.0935,624.08044,2158.136,3992.3289,1074.0425,3368.24846,3535.345100566368,3617641.99659955,12582912,0.2875043548424681,3.136047651745624,1.0496093570740823,4096,3072,0.34962320963541665,0.8223262841796875,0.6904970899543688,1621.11475,2308.20467,0.5277066243489583,0.5635265307617188,1536.0,2048.0,273.7717862698263,8884.58192,0.045830183323857666,12.0
972.7025,317.39374,2219.92,4050.714,1247.2175000000002,3733.32026,3936.1442626042963,4656262.361376551,12582912,0.37004648537449447,2.993319336843814,1.0543280480856192,4096,3072,0.40599527994791673,0.9114551416015625,0.7687781762899016,1596.31125,2184.0538699999997,0.519632568359375,0.5332162768554687,1536.0,2048.0,148.8223854752346,9961.07552,0.04692723626600077,12.0
1149.6787,178.08829,2254.81,4096.0,1105.1313,3917.91171,4070.7919816166996,4329806.861357523,12582912,0.3441021332230189,3.545200203812886,1.039020856755524,4096,3072,0.35974326171875,0.9565214135742187,0.7950765589095117,1702.24435,2137.044145,0.5541159993489583,0.5217392932128906,1536.0,2048.0,188.5896170675986,10046.086019999999,0.04290172347751438,13.0
697.28986,245.37578,1877.5574,4096.0,1180.2675399999998,3850.62422,4027.4481188003233,4544766.775603819,12582912,0.36118561232915075,3.2625011613892227,1.045920840024302,4096,3072,0.38420167317708326,0.9400938037109375,0.7866109607031881,1287.42363,2170.68789,0.419083212890625,0.5299530981445313,1536.0,2048.0,277.20485218521884,10061.78352,0.04489124632287965,12.5
1081.8857,430.72577,2168.2544,4042.729,1086.3686999999998,3612.00323,3771.8383165069686,3923967.2533708997,12582912,0.3118488989965836,3.3248410323309208,1.0442510917984336,4096,3072,0.3536356445312499,0.8818367260742187,0.7366871711927673,1625.0700499999998,2236.727385,0.5289941569010416,0.5460760217285157,1536.0,2048.0,208.68996060170394,9396.743859999999,0.04443964660895163,12.5
1006.0078,196.91446,2283.0222,4090.1023,1277.0144,3893.18784,4097.276819465732,4971656.933584896,12582912,0.39511179396191404,3.048664008800527,1.05242207359451,4096,3072,0.4156947916666667,0.9504853125,0.8002493788019007,1644.5149999999999,2143.50838,0.5353238932291666,0.5233174755859376,1536.0,2048.0,144.55917776199618,10340.404480000001,0.046497124778520506,12.0
