date,filename,filename_id,actual_class,predicted_class,reason
2024-12-03,2024-12-03_10_14_57_(17680)_sardine_input.jpeg,(17680)_(1),Bad,Bad,Softness
2024-12-03,2024-12-03_10_14_57_(17680)_sardine_input.jpeg,(17680)_(2),Bad,Good,
2024-12-03,2024-12-03_10_15_09_(17681)_sardine_input.jpeg,(17681)_(1),Bad,Bad,Softness
2024-12-03,2024-12-03_10_15_09_(17681)_sardine_input.jpeg,(17681)_(2),Bad,Bad,Softness
2024-12-03,2024-12-03_10_15_20_(17682)_sardine_input.jpeg,(17682)_(1),Bad,Bad,Softness
2024-12-03,2024-12-03_10_15_20_(17682)_sardine_input.jpeg,(17682)_(2),Bad,Good,
2024-12-03,2024-12-03_10_15_33_(17683)_sardine_input.jpeg,(17683)_(1),Bad,Bad,Softness
2024-12-03,2024-12-03_10_15_33_(17683)_sardine_input.jpeg,(17683)_(2),Bad,Bad,Softness
2024-12-03,2024-12-03_10_15_45_(17684)_sardine_input.jpeg,(17684)_(1),Bad,Bad,Softness
2024-12-03,2024-12-03_10_15_45_(17684)_sardine_input.jpeg,(17684)_(2),Bad,Bad,Softness
2024-12-03,2024-12-03_10_15_56_(17685)_sardine_input.jpeg,(17685)_(1),Bad,Bad,Softness
2024-12-03,2024-12-03_10_15_56_(17685)_sardine_input.jpeg,(17685)_(2),Bad,Bad,Softness
2024-12-03,2024-12-03_10_16_10_(17686)_sardine_input.jpeg,(17686)_(1),Bad,Good,
2024-12-03,2024-12-03_10_16_10_(17686)_sardine_input.jpeg,(17686)_(2),Bad,Bad,Softness
2024-12-03,2024-12-03_10_16_23_(17687)_sardine_input.jpeg,(17687)_(1),Bad,Bad,Damaged
2024-12-03,2024-12-03_10_16_23_(17687)_sardine_input.jpeg,(17687)_(2),Bad,Bad,Softness
2024-12-03,2024-12-03_10_16_34_(17688)_sardine_input.jpeg,(17688)_(1),Bad,Bad,Softness
2024-12-03,2024-12-03_10_16_34_(17688)_sardine_input.jpeg,(17688)_(2),Bad,Bad,Softness
2024-12-03,2024-12-03_10_16_45_(17689)_sardine_input.jpeg,(17689)_(1),Bad,Bad,Softness
2024-12-03,2024-12-03_10_16_45_(17689)_sardine_input.jpeg,(17689)_(2),Bad,Bad,Softness
2024-12-03,2024-12-03_10_16_56_(17690)_sardine_input.jpeg,(17690)_(1),Bad,Good,
2024-12-03,2024-12-03_10_16_56_(17690)_sardine_input.jpeg,(17690)_(2),Bad,Good,
2024-12-03,2024-12-03_10_17_08_(17691)_sardine_input.jpeg,(17691)_(1),Bad,Good,
2024-12-03,2024-12-03_10_17_08_(17691)_sardine_input.jpeg,(17691)_(2),Bad,Good,
2024-12-03,2024-12-03_10_17_23_(17692)_sardine_input.jpeg,(17692)_(1),Bad,Bad,Softness
2024-12-03,2024-12-03_10_17_23_(17692)_sardine_input.jpeg,(17692)_(2),Bad,Bad,Softness
2024-12-03,2024-12-03_10_17_36_(17693)_sardine_input.jpeg,(17693)_(1),Bad,Bad,Softness
2024-12-03,2024-12-03_10_17_36_(17693)_sardine_input.jpeg,(17693)_(2),Bad,Bad,Softness
2024-12-03,2024-12-03_10_17_49_(17694)_sardine_input.jpeg,(17694)_(1),Bad,Bad,Softness
2024-12-03,2024-12-03_10_17_49_(17694)_sardine_input.jpeg,(17694)_(2),Bad,Bad,Softness
2024-12-03,2024-12-03_10_18_00_(17695)_sardine_input.jpeg,(17695)_(1),Bad,Good,
2024-12-03,2024-12-03_10_18_00_(17695)_sardine_input.jpeg,(17695)_(2),Bad,Good,
2024-12-03,2024-12-03_10_18_12_(17696)_sardine_input.jpeg,(17696)_(1),Bad,Good,
2024-12-03,2024-12-03_10_18_12_(17696)_sardine_input.jpeg,(17696)_(2),Bad,Bad,Softness
2024-12-03,2024-12-03_10_18_22_(17697)_sardine_input.jpeg,(17697)_(1),Bad,Bad,Softness
2024-12-03,2024-12-03_10_18_22_(17697)_sardine_input.jpeg,(17697)_(2),Bad,Bad,Softness
2024-12-03,2024-12-03_10_18_34_(17698)_sardine_input.jpeg,(17698)_(1),Bad,Good,
2024-12-03,2024-12-03_10_18_34_(17698)_sardine_input.jpeg,(17698)_(2),Bad,Good,
2024-12-03,2024-12-03_10_18_47_(17699)_sardine_input.jpeg,(17699)_(1),Bad,Good,
2024-12-03,2024-12-03_10_18_47_(17699)_sardine_input.jpeg,(17699)_(2),Bad,Good,
2024-12-03,2024-12-03_10_19_03_(17700)_sardine_input.jpeg,(17700)_(1),Bad,Bad,Softness
2024-12-03,2024-12-03_10_19_03_(17700)_sardine_input.jpeg,(17700)_(2),Bad,Bad,Softness
2024-12-03,2024-12-03_10_19_16_(17701)_sardine_input.jpeg,(17701)_(1),Bad,Bad,Softness
2024-12-03,2024-12-03_10_19_16_(17701)_sardine_input.jpeg,(17701)_(2),Bad,Bad,Damaged
2024-12-03,2024-12-03_10_19_29_(17702)_sardine_input.jpeg,(17702)_(1),Bad,Bad,Softness
2024-12-03,2024-12-03_10_19_29_(17702)_sardine_input.jpeg,(17702)_(2),Bad,Bad,Softness
2024-12-03,2024-12-03_10_19_42_(17703)_sardine_input.jpeg,(17703)_(1),Bad,Bad,Softness
2024-12-03,2024-12-03_10_19_42_(17703)_sardine_input.jpeg,(17703)_(2),Bad,Bad,Softness
2024-12-03,2024-12-03_10_19_55_(17704)_sardine_input.jpeg,(17704)_(1),Bad,Bad,Softness
2024-12-03,2024-12-03_10_19_55_(17704)_sardine_input.jpeg,(17704)_(2),Bad,Bad,Softness
2024-12-03,2024-12-03_10_20_06_(17705)_sardine_input.jpeg,(17705)_(1),Bad,Bad,Softness
2024-12-03,2024-12-03_10_20_06_(17705)_sardine_input.jpeg,(17705)_(2),Bad,Good,
2024-12-03,2024-12-03_10_20_26_(17706)_sardine_input.jpeg,(17706)_(1),Bad,Bad,Softness
2024-12-03,2024-12-03_10_20_26_(17706)_sardine_input.jpeg,(17706)_(2),Bad,Bad,Softness
2024-12-03,2024-12-03_10_20_39_(17707)_sardine_input.jpeg,(17707)_(1),Bad,Bad,Softness
2024-12-03,2024-12-03_10_20_39_(17707)_sardine_input.jpeg,(17707)_(2),Bad,Bad,Softness
2024-12-03,2024-12-03_10_20_50_(17708)_sardine_input.jpeg,(17708)_(1),Bad,Good,
2024-12-03,2024-12-03_10_20_50_(17708)_sardine_input.jpeg,(17708)_(2),Bad,Bad,Softness
2024-12-03,2024-12-03_10_04_32_(17678)_sardine_input.jpeg,(17678)_(1),Good,Good,
2024-12-03,2024-12-03_10_04_32_(17678)_sardine_input.jpeg,(17678)_(2),Good,Good,
2024-12-03,2024-12-03_10_04_44_(17679)_sardine_input.jpeg,(17679)_(1),Good,Good,
2024-12-03,2024-12-03_10_04_44_(17679)_sardine_input.jpeg,(17679)_(2),Good,Bad,Softness
2024-12-10,2024-12-10_10_34_03_(17764)_sardine_input.jpeg,(17764)_(1),Bad,Bad,Softness
2024-12-10,2024-12-10_10_34_03_(17764)_sardine_input.jpeg,(17764)_(2),Bad,Bad,Softness
2024-12-10,2024-12-10_10_34_14_(17765)_sardine_input.jpeg,(17765)_(1),Bad,Good,
2024-12-10,2024-12-10_10_34_14_(17765)_sardine_input.jpeg,(17765)_(2),Bad,Bad,Softness
2024-12-10,2024-12-10_10_34_27_(17766)_sardine_input.jpeg,(17766)_(1),Bad,Bad,Softness
2024-12-10,2024-12-10_10_34_27_(17766)_sardine_input.jpeg,(17766)_(2),Bad,Bad,Softness
2024-12-10,2024-12-10_10_34_36_(17767)_sardine_input.jpeg,(17767)_(1),Bad,Bad,Softness
2024-12-10,2024-12-10_10_34_36_(17767)_sardine_input.jpeg,(17767)_(2),Bad,Bad,Softness
2024-12-10,2024-12-10_10_34_49_(17768)_sardine_input.jpeg,(17768)_(1),Bad,Bad,Softness
2024-12-10,2024-12-10_10_34_49_(17768)_sardine_input.jpeg,(17768)_(2),Bad,Bad,Softness
2024-12-10,2024-12-10_10_35_00_(17769)_sardine_input.jpeg,(17769)_(1),Bad,Bad,Softness
2024-12-10,2024-12-10_10_35_00_(17769)_sardine_input.jpeg,(17769)_(2),Bad,Bad,Softness
2024-12-10,2024-12-10_10_35_15_(17770)_sardine_input.jpeg,(17770)_(1),Bad,Bad,Softness
2024-12-10,2024-12-10_10_35_15_(17770)_sardine_input.jpeg,(17770)_(2),Bad,Bad,Softness
2024-12-10,2024-12-10_10_35_25_(17771)_sardine_input.jpeg,(17771)_(1),Bad,Bad,Softness
2024-12-10,2024-12-10_10_35_25_(17771)_sardine_input.jpeg,(17771)_(2),Bad,Good,
2024-12-10,2024-12-10_10_35_46_(17772)_sardine_input.jpeg,(17772)_(1),Bad,Bad,Softness
2024-12-10,2024-12-10_10_35_46_(17772)_sardine_input.jpeg,(17772)_(2),Bad,Bad,Softness
2024-12-10,2024-12-10_10_35_58_(17773)_sardine_input.jpeg,(17773)_(1),Bad,Bad,Softness
2024-12-10,2024-12-10_10_35_58_(17773)_sardine_input.jpeg,(17773)_(2),Bad,Bad,Softness
2024-12-10,2024-12-10_10_36_15_(17774)_sardine_input.jpeg,(17774)_(1),Bad,Bad,Softness
2024-12-10,2024-12-10_10_36_15_(17774)_sardine_input.jpeg,(17774)_(2),Bad,Good,
2024-12-10,2024-12-10_10_36_31_(17775)_sardine_input.jpeg,(17775)_(1),Bad,Bad,Softness
2024-12-10,2024-12-10_10_36_31_(17775)_sardine_input.jpeg,(17775)_(2),Bad,Good,
2024-12-10,2024-12-10_10_36_44_(17776)_sardine_input.jpeg,(17776)_(1),Bad,Good,
2024-12-10,2024-12-10_10_36_44_(17776)_sardine_input.jpeg,(17776)_(2),Bad,Good,
2024-12-10,2024-12-10_10_36_59_(17777)_sardine_input.jpeg,(17777)_(1),Bad,Bad,Softness
2024-12-10,2024-12-10_10_36_59_(17777)_sardine_input.jpeg,(17777)_(2),Bad,Good,
2024-12-10,2024-12-10_10_37_09_(17778)_sardine_input.jpeg,(17778)_(1),Bad,Bad,Softness
2024-12-10,2024-12-10_10_37_09_(17778)_sardine_input.jpeg,(17778)_(2),Bad,Bad,Softness
2024-12-10,2024-12-10_10_37_21_(17779)_sardine_input.jpeg,(17779)_(1),Bad,Bad,Softness
2024-12-10,2024-12-10_10_37_21_(17779)_sardine_input.jpeg,(17779)_(2),Bad,Bad,Softness
2024-12-10,2024-12-10_10_37_39_(17780)_sardine_input.jpeg,(17780)_(1),Bad,Bad,Softness
2024-12-10,2024-12-10_10_37_39_(17780)_sardine_input.jpeg,(17780)_(2),Bad,Bad,Softness
2024-12-10,2024-12-10_10_37_58_(17781)_sardine_input.jpeg,(17781)_(1),Bad,Good,
2024-12-10,2024-12-10_10_37_58_(17781)_sardine_input.jpeg,(17781)_(2),Bad,Bad,Softness
2024-12-10,2024-12-10_10_38_12_(17782)_sardine_input.jpeg,(17782)_(1),Bad,Bad,Softness
2024-12-10,2024-12-10_10_38_12_(17782)_sardine_input.jpeg,(17782)_(2),Bad,Bad,Softness
2024-12-10,2024-12-10_10_38_22_(17783)_sardine_input.jpeg,(17783)_(1),Bad,Bad,Softness
2024-12-10,2024-12-10_10_38_22_(17783)_sardine_input.jpeg,(17783)_(2),Bad,Bad,Softness
2024-12-10,2024-12-10_10_38_33_(17784)_sardine_input.jpeg,(17784)_(1),Bad,Bad,Softness
2024-12-10,2024-12-10_10_38_33_(17784)_sardine_input.jpeg,(17784)_(2),Bad,Bad,Softness
2024-12-10,2024-12-10_10_38_43_(17785)_sardine_input.jpeg,(17785)_(1),Bad,Good,
2024-12-10,2024-12-10_10_38_43_(17785)_sardine_input.jpeg,(17785)_(2),Bad,Bad,Softness
2024-12-10,2024-12-10_10_38_58_(17786)_sardine_input.jpeg,(17786)_(1),Bad,Bad,Softness
2024-12-10,2024-12-10_10_38_58_(17786)_sardine_input.jpeg,(17786)_(2),Bad,Bad,Softness
2024-12-10,2024-12-10_10_39_09_(17787)_sardine_input.jpeg,(17787)_(1),Bad,Bad,Softness
2024-12-10,2024-12-10_10_39_09_(17787)_sardine_input.jpeg,(17787)_(2),Bad,Good,
2024-12-10,2024-12-10_10_39_23_(17788)_sardine_input.jpeg,(17788)_(1),Bad,Good,
2024-12-10,2024-12-10_10_39_23_(17788)_sardine_input.jpeg,(17788)_(2),Bad,Bad,Softness
2024-12-10,2024-12-10_10_39_36_(17789)_sardine_input.jpeg,(17789)_(1),Bad,Good,
2024-12-10,2024-12-10_10_39_36_(17789)_sardine_input.jpeg,(17789)_(2),Bad,Good,
2024-12-10,2024-12-10_10_39_50_(17790)_sardine_input.jpeg,(17790)_(1),Bad,Bad,Softness
2024-12-10,2024-12-10_10_39_50_(17790)_sardine_input.jpeg,(17790)_(2),Bad,Bad,Softness
2024-12-10,2024-12-10_10_40_02_(17791)_sardine_input.jpeg,(17791)_(1),Bad,Bad,Softness
2024-12-10,2024-12-10_10_40_02_(17791)_sardine_input.jpeg,(17791)_(2),Bad,Bad,Softness
2024-12-10,2024-12-10_10_40_02_(17791)_sardine_input.jpeg,(17791)_(3),Bad,Bad,Softness
2024-12-10,2024-12-10_10_40_12_(17792)_sardine_input.jpeg,(17792)_(1),Bad,Bad,Softness
2024-12-10,2024-12-10_10_40_12_(17792)_sardine_input.jpeg,(17792)_(2),Bad,Bad,Softness
2024-12-10,2024-12-10_10_40_24_(17793)_sardine_input.jpeg,(17793)_(1),Bad,Bad,Softness
2024-12-10,2024-12-10_10_40_24_(17793)_sardine_input.jpeg,(17793)_(2),Bad,Bad,Softness
2024-12-10,2024-12-10_10_40_36_(17794)_sardine_input.jpeg,(17794)_(1),Bad,Bad,Softness
2024-12-10,2024-12-10_10_40_36_(17794)_sardine_input.jpeg,(17794)_(2),Bad,Bad,Softness
2024-12-10,2024-12-10_10_40_46_(17795)_sardine_input.jpeg,(17795)_(1),Bad,Good,
2024-12-10,2024-12-10_10_40_46_(17795)_sardine_input.jpeg,(17795)_(2),Bad,Bad,Softness
2024-12-10,2024-12-10_10_40_59_(17796)_sardine_input.jpeg,(17796)_(1),Bad,Bad,Softness
2024-12-10,2024-12-10_10_40_59_(17796)_sardine_input.jpeg,(17796)_(2),Bad,Good,
2024-12-10,2024-12-10_10_41_11_(17797)_sardine_input.jpeg,(17797)_(1),Bad,Bad,Softness
2024-12-10,2024-12-10_10_41_11_(17797)_sardine_input.jpeg,(17797)_(2),Bad,Bad,Softness
2024-12-10,2024-12-10_10_41_23_(17798)_sardine_input.jpeg,(17798)_(1),Bad,Bad,Softness
2024-12-10,2024-12-10_10_41_23_(17798)_sardine_input.jpeg,(17798)_(2),Bad,Bad,Softness
2024-12-10,2024-12-10_10_41_35_(17799)_sardine_input.jpeg,(17799)_(1),Bad,Good,
2024-12-10,2024-12-10_10_41_35_(17799)_sardine_input.jpeg,(17799)_(2),Bad,Good,
2024-12-10,2024-12-10_10_41_47_(17800)_sardine_input.jpeg,(17800)_(1),Bad,Bad,Softness
2024-12-10,2024-12-10_10_41_47_(17800)_sardine_input.jpeg,(17800)_(2),Bad,Bad,Softness
2024-12-10,2024-12-10_10_41_57_(17801)_sardine_input.jpeg,(17801)_(1),Bad,Bad,Softness
2024-12-10,2024-12-10_10_41_57_(17801)_sardine_input.jpeg,(17801)_(2),Bad,Bad,Softness
2024-12-10,2024-12-10_10_42_10_(17802)_sardine_input.jpeg,(17802)_(1),Bad,Bad,Softness
2024-12-10,2024-12-10_10_42_10_(17802)_sardine_input.jpeg,(17802)_(2),Bad,Bad,Softness
2024-12-10,2024-12-10_10_42_20_(17803)_sardine_input.jpeg,(17803)_(1),Bad,Good,
2024-12-10,2024-12-10_10_42_20_(17803)_sardine_input.jpeg,(17803)_(2),Bad,Bad,Softness
2024-12-10,2024-12-10_10_42_33_(17804)_sardine_input.jpeg,(17804)_(1),Bad,Good,
2024-12-10,2024-12-10_10_42_33_(17804)_sardine_input.jpeg,(17804)_(2),Bad,Bad,Softness
2024-12-10,2024-12-10_10_42_46_(17805)_sardine_input.jpeg,(17805)_(1),Bad,Bad,Softness
2024-12-10,2024-12-10_10_42_46_(17805)_sardine_input.jpeg,(17805)_(2),Bad,Bad,Softness
2024-12-10,2024-12-10_10_42_58_(17806)_sardine_input.jpeg,(17806)_(1),Bad,Bad,Softness
2024-12-10,2024-12-10_10_42_58_(17806)_sardine_input.jpeg,(17806)_(2),Bad,Bad,Softness
2024-12-10,2024-12-10_10_43_10_(17807)_sardine_input.jpeg,(17807)_(1),Bad,Bad,Softness
2024-12-10,2024-12-10_10_43_10_(17807)_sardine_input.jpeg,(17807)_(2),Bad,Bad,Softness
2024-12-10,2024-12-10_10_43_20_(17808)_sardine_input.jpeg,(17808)_(1),Bad,Bad,Softness
2024-12-10,2024-12-10_10_43_20_(17808)_sardine_input.jpeg,(17808)_(2),Bad,Bad,Softness
2024-12-10,2024-12-10_10_43_32_(17809)_sardine_input.jpeg,(17809)_(1),Bad,Bad,Softness
2024-12-10,2024-12-10_10_43_32_(17809)_sardine_input.jpeg,(17809)_(2),Bad,Bad,Softness
2024-12-10,2024-12-10_10_43_41_(17810)_sardine_input.jpeg,(17810)_(1),Bad,Bad,Softness
2024-12-10,2024-12-10_10_43_41_(17810)_sardine_input.jpeg,(17810)_(2),Bad,Bad,Softness
2024-12-10,2024-12-10_10_43_50_(17811)_sardine_input.jpeg,(17811)_(1),Bad,Good,
2024-12-10,2024-12-10_10_43_50_(17811)_sardine_input.jpeg,(17811)_(2),Bad,Good,
2024-12-10,2024-12-10_10_44_14_(17813)_sardine_input.jpeg,(17813)_(1),Bad,Bad,Softness
2024-12-10,2024-12-10_10_44_14_(17813)_sardine_input.jpeg,(17813)_(2),Bad,Bad,Softness
2024-12-10,2024-12-10_10_44_03_(17812)_sardine_input.jpeg,(17812)_(1),Good,Good,
2024-12-10,2024-12-10_10_44_03_(17812)_sardine_input.jpeg,(17812)_(2),Good,Bad,Softness
2024-12-17,2024-12-17_10_25_18_(17890)_sardine_input.jpeg,(17890)_(1),Bad,Good,
2024-12-17,2024-12-17_10_25_18_(17890)_sardine_input.jpeg,(17890)_(2),Bad,Bad,Softness
2024-12-17,2024-12-17_10_26_06_(17891)_sardine_input.jpeg,(17891)_(1),Bad,Bad,Softness
2024-12-17,2024-12-17_10_26_06_(17891)_sardine_input.jpeg,(17891)_(2),Bad,Bad,Softness
2024-12-17,2024-12-17_10_29_28_(17897)_sardine_input.jpeg,(17897)_(1),Bad,Bad,Softness
2024-12-17,2024-12-17_10_29_28_(17897)_sardine_input.jpeg,(17897)_(2),Bad,Bad,Softness
2024-12-17,2024-12-17_10_29_36_(17898)_sardine_input.jpeg,(17898)_(1),Bad,Bad,Softness
2024-12-17,2024-12-17_10_29_36_(17898)_sardine_input.jpeg,(17898)_(2),Bad,Bad,Softness
2024-12-17,2024-12-17_10_29_36_(17898)_sardine_input.jpeg,(17898)_(3),Bad,Bad,Softness
2024-12-17,2024-12-17_10_29_44_(17899)_sardine_input.jpeg,(17899)_(1),Bad,Bad,Softness
2024-12-17,2024-12-17_10_29_44_(17899)_sardine_input.jpeg,(17899)_(2),Bad,Good,
2024-12-17,2024-12-17_10_30_40_(17902)_sardine_input.jpeg,(17902)_(1),Bad,Bad,Softness
2024-12-17,2024-12-17_10_30_40_(17902)_sardine_input.jpeg,(17902)_(2),Bad,Good,
2024-12-17,2024-12-17_10_30_51_(17903)_sardine_input.jpeg,(17903)_(1),Bad,Bad,Softness
2024-12-17,2024-12-17_10_30_51_(17903)_sardine_input.jpeg,(17903)_(2),Bad,Good,
2024-12-17,2024-12-17_10_31_14_(17904)_sardine_input.jpeg,(17904)_(1),Bad,Bad,Softness
2024-12-17,2024-12-17_10_31_14_(17904)_sardine_input.jpeg,(17904)_(2),Bad,Bad,Softness
2024-12-17,2024-12-17_10_31_28_(17905)_sardine_input.jpeg,(17905)_(1),Bad,Bad,Softness
2024-12-17,2024-12-17_10_31_28_(17905)_sardine_input.jpeg,(17905)_(2),Bad,Good,
2024-12-17,2024-12-17_10_31_46_(17906)_sardine_input.jpeg,(17906)_(1),Bad,Bad,Softness
2024-12-17,2024-12-17_10_31_46_(17906)_sardine_input.jpeg,(17906)_(2),Bad,Bad,Softness
2024-12-17,2024-12-17_10_32_00_(17907)_sardine_input.jpeg,(17907)_(1),Bad,Bad,Softness
2024-12-17,2024-12-17_10_32_00_(17907)_sardine_input.jpeg,(17907)_(2),Bad,Bad,Softness
2024-12-17,2024-12-17_10_32_45_(17910)_sardine_input.jpeg,(17910)_(1),Bad,Good,
2024-12-17,2024-12-17_10_32_45_(17910)_sardine_input.jpeg,(17910)_(2),Bad,Bad,Softness
2024-12-17,2024-12-17_10_33_14_(17911)_sardine_input.jpeg,(17911)_(1),Bad,Good,
2024-12-17,2024-12-17_10_33_14_(17911)_sardine_input.jpeg,(17911)_(2),Bad,Bad,Softness
2024-12-17,2024-12-17_10_33_45_(17912)_sardine_input.jpeg,(17912)_(1),Bad,Good,
2024-12-17,2024-12-17_10_33_45_(17912)_sardine_input.jpeg,(17912)_(2),Bad,Bad,Softness
2024-12-17,2024-12-17_10_34_45_(17915)_sardine_input.jpeg,(17915)_(1),Bad,Bad,Softness
2024-12-17,2024-12-17_10_34_45_(17915)_sardine_input.jpeg,(17915)_(2),Bad,Bad,Softness
2024-12-17,2024-12-17_10_35_17_(17916)_sardine_input.jpeg,(17916)_(1),Bad,Good,
2024-12-17,2024-12-17_10_35_17_(17916)_sardine_input.jpeg,(17916)_(2),Bad,Bad,Softness
2024-12-17,2024-12-17_10_36_02_(17918)_sardine_input.jpeg,(17918)_(1),Bad,Bad,Softness
2024-12-17,2024-12-17_10_36_02_(17918)_sardine_input.jpeg,(17918)_(2),Bad,Bad,Softness
2024-12-17,2024-12-17_10_21_28_(17878)_sardine_input.jpeg,(17878)_(1),Good,Good,
2024-12-17,2024-12-17_10_21_28_(17878)_sardine_input.jpeg,(17878)_(2),Good,Good,
2024-12-17,2024-12-17_10_21_53_(17879)_sardine_input.jpeg,(17879)_(1),Good,Bad,Softness
2024-12-17,2024-12-17_10_21_53_(17879)_sardine_input.jpeg,(17879)_(2),Good,Good,
2024-12-17,2024-12-17_10_22_04_(17880)_sardine_input.jpeg,(17880)_(1),Good,Good,
2024-12-17,2024-12-17_10_22_04_(17880)_sardine_input.jpeg,(17880)_(2),Good,Good,
2024-12-17,2024-12-17_10_22_17_(17881)_sardine_input.jpeg,(17881)_(1),Good,Bad,Softness
2024-12-17,2024-12-17_10_22_17_(17881)_sardine_input.jpeg,(17881)_(2),Good,Bad,Softness
2024-12-17,2024-12-17_10_22_32_(17882)_sardine_input.jpeg,(17882)_(1),Good,Good,
2024-12-17,2024-12-17_10_22_32_(17882)_sardine_input.jpeg,(17882)_(2),Good,Bad,Softness
2024-12-17,2024-12-17_10_23_00_(17883)_sardine_input.jpeg,(17883)_(1),Good,Bad,Softness
2024-12-17,2024-12-17_10_23_00_(17883)_sardine_input.jpeg,(17883)_(2),Good,Good,
2024-12-17,2024-12-17_10_23_21_(17884)_sardine_input.jpeg,(17884)_(1),Good,Bad,Softness
2024-12-17,2024-12-17_10_23_21_(17884)_sardine_input.jpeg,(17884)_(2),Good,Bad,Softness
2024-12-17,2024-12-17_10_23_44_(17885)_sardine_input.jpeg,(17885)_(1),Good,Bad,Softness
2024-12-17,2024-12-17_10_23_44_(17885)_sardine_input.jpeg,(17885)_(2),Good,Good,
2024-12-17,2024-12-17_10_23_55_(17886)_sardine_input.jpeg,(17886)_(1),Good,Bad,Softness
2024-12-17,2024-12-17_10_23_55_(17886)_sardine_input.jpeg,(17886)_(2),Good,Bad,Softness
2024-12-17,2024-12-17_10_24_19_(17887)_sardine_input.jpeg,(17887)_(1),Good,Good,
2024-12-17,2024-12-17_10_24_19_(17887)_sardine_input.jpeg,(17887)_(2),Good,Good,
2024-12-17,2024-12-17_10_24_33_(17888)_sardine_input.jpeg,(17888)_(1),Good,Bad,Softness
2024-12-17,2024-12-17_10_24_33_(17888)_sardine_input.jpeg,(17888)_(2),Good,Bad,Softness
2024-12-17,2024-12-17_10_24_50_(17889)_sardine_input.jpeg,(17889)_(1),Good,Good,
2024-12-17,2024-12-17_10_24_50_(17889)_sardine_input.jpeg,(17889)_(2),Good,Bad,Softness
2024-12-17,2024-12-17_10_26_23_(17892)_sardine_input.jpeg,(17892)_(1),Good,Bad,Softness
2024-12-17,2024-12-17_10_26_23_(17892)_sardine_input.jpeg,(17892)_(2),Good,Bad,Softness
2024-12-17,2024-12-17_10_27_31_(17893)_sardine_input.jpeg,(17893)_(1),Good,Bad,Softness
2024-12-17,2024-12-17_10_27_31_(17893)_sardine_input.jpeg,(17893)_(2),Good,Bad,Softness
2024-12-17,2024-12-17_10_27_42_(17894)_sardine_input.jpeg,(17894)_(1),Good,Bad,Softness
2024-12-17,2024-12-17_10_27_42_(17894)_sardine_input.jpeg,(17894)_(2),Good,Bad,Softness
2024-12-17,2024-12-17_10_27_50_(17895)_sardine_input.jpeg,(17895)_(1),Good,Bad,Softness
2024-12-17,2024-12-17_10_27_50_(17895)_sardine_input.jpeg,(17895)_(2),Good,Good,
2024-12-17,2024-12-17_10_28_00_(17896)_sardine_input.jpeg,(17896)_(1),Good,Bad,Softness
2024-12-17,2024-12-17_10_28_00_(17896)_sardine_input.jpeg,(17896)_(2),Good,Good,
2024-12-17,2024-12-17_10_29_53_(17900)_sardine_input.jpeg,(17900)_(1),Good,Good,
2024-12-17,2024-12-17_10_29_53_(17900)_sardine_input.jpeg,(17900)_(2),Good,Bad,Softness
2024-12-17,2024-12-17_10_30_12_(17901)_sardine_input.jpeg,(17901)_(1),Good,Bad,Softness
2024-12-17,2024-12-17_10_30_12_(17901)_sardine_input.jpeg,(17901)_(2),Good,Bad,Softness
2024-12-17,2024-12-17_10_32_19_(17908)_sardine_input.jpeg,(17908)_(1),Good,Bad,Softness
2024-12-17,2024-12-17_10_32_19_(17908)_sardine_input.jpeg,(17908)_(2),Good,Bad,Softness
2024-12-17,2024-12-17_10_32_30_(17909)_sardine_input.jpeg,(17909)_(1),Good,Good,
2024-12-17,2024-12-17_10_32_30_(17909)_sardine_input.jpeg,(17909)_(2),Good,Good,
2024-12-17,2024-12-17_10_34_01_(17913)_sardine_input.jpeg,(17913)_(1),Good,Good,
2024-12-17,2024-12-17_10_34_01_(17913)_sardine_input.jpeg,(17913)_(2),Good,Bad,Softness
2024-12-17,2024-12-17_10_34_22_(17914)_sardine_input.jpeg,(17914)_(1),Good,Bad,Softness
2024-12-17,2024-12-17_10_34_22_(17914)_sardine_input.jpeg,(17914)_(2),Good,Good,
2024-12-17,2024-12-17_10_35_31_(17917)_sardine_input.jpeg,(17917)_(1),Good,Good,
2024-12-17,2024-12-17_10_35_31_(17917)_sardine_input.jpeg,(17917)_(2),Good,Good,
2024-12-17,2024-12-17_10_36_12_(17919)_sardine_input.jpeg,(17919)_(1),Good,Good,
2024-12-17,2024-12-17_10_36_12_(17919)_sardine_input.jpeg,(17919)_(2),Good,Bad,Softness
2024-12-17,2024-12-17_10_36_27_(17920)_sardine_input.jpeg,(17920)_(1),Good,Bad,Softness
2024-12-17,2024-12-17_10_36_27_(17920)_sardine_input.jpeg,(17920)_(2),Good,Bad,Softness
2024-12-19,2024-12-19_10_04_59_(17997)_sardine_input.jpeg,(17997)_(1),Bad,Bad,Softness
2024-12-19,2024-12-19_10_04_59_(17997)_sardine_input.jpeg,(17997)_(2),Bad,Good,
2024-12-19,2024-12-19_10_06_53_(18008)_sardine_input.jpeg,(18008)_(1),Bad,Bad,Damaged
2024-12-19,2024-12-19_10_06_53_(18008)_sardine_input.jpeg,(18008)_(2),Bad,Good,
2024-12-19,2024-12-19_10_07_04_(18009)_sardine_input.jpeg,(18009)_(1),Bad,Good,
2024-12-19,2024-12-19_10_07_04_(18009)_sardine_input.jpeg,(18009)_(2),Bad,Bad,Softness
2024-12-19,2024-12-19_09_54_44_(17953)_sardine_input.jpeg,(17953)_(1),Good,Good,
2024-12-19,2024-12-19_09_54_44_(17953)_sardine_input.jpeg,(17953)_(2),Good,Good,
2024-12-19,2024-12-19_09_54_53_(17954)_sardine_input.jpeg,(17954)_(1),Good,Good,
2024-12-19,2024-12-19_09_54_53_(17954)_sardine_input.jpeg,(17954)_(2),Good,Good,
2024-12-19,2024-12-19_09_55_04_(17955)_sardine_input.jpeg,(17955)_(1),Good,Good,
2024-12-19,2024-12-19_09_55_04_(17955)_sardine_input.jpeg,(17955)_(2),Good,Good,
2024-12-19,2024-12-19_09_55_11_(17956)_sardine_input.jpeg,(17956)_(1),Good,Good,
2024-12-19,2024-12-19_09_55_11_(17956)_sardine_input.jpeg,(17956)_(2),Good,Good,
2024-12-19,2024-12-19_09_55_19_(17957)_sardine_input.jpeg,(17957)_(1),Good,Good,
2024-12-19,2024-12-19_09_55_19_(17957)_sardine_input.jpeg,(17957)_(2),Good,Bad,Softness
2024-12-19,2024-12-19_09_55_34_(17958)_sardine_input.jpeg,(17958)_(1),Good,Good,
2024-12-19,2024-12-19_09_55_34_(17958)_sardine_input.jpeg,(17958)_(2),Good,Good,
2024-12-19,2024-12-19_09_57_21_(17959)_sardine_input.jpeg,(17959)_(1),Good,Good,
2024-12-19,2024-12-19_09_57_21_(17959)_sardine_input.jpeg,(17959)_(2),Good,Good,
2024-12-19,2024-12-19_09_57_28_(17960)_sardine_input.jpeg,(17960)_(1),Good,Good,
2024-12-19,2024-12-19_09_57_28_(17960)_sardine_input.jpeg,(17960)_(2),Good,Good,
2024-12-19,2024-12-19_09_57_35_(17961)_sardine_input.jpeg,(17961)_(1),Good,Bad,Softness
2024-12-19,2024-12-19_09_57_35_(17961)_sardine_input.jpeg,(17961)_(2),Good,Good,
2024-12-19,2024-12-19_09_57_45_(17962)_sardine_input.jpeg,(17962)_(1),Good,Good,
2024-12-19,2024-12-19_09_57_45_(17962)_sardine_input.jpeg,(17962)_(2),Good,Good,
2024-12-19,2024-12-19_09_57_53_(17963)_sardine_input.jpeg,(17963)_(1),Good,Bad,Softness
2024-12-19,2024-12-19_09_57_53_(17963)_sardine_input.jpeg,(17963)_(2),Good,Good,
2024-12-19,2024-12-19_09_57_53_(17963)_sardine_input.jpeg,(17963)_(3),Good,Bad,Softness
2024-12-19,2024-12-19_09_58_05_(17964)_sardine_input.jpeg,(17964)_(1),Good,Bad,Softness
2024-12-19,2024-12-19_09_58_05_(17964)_sardine_input.jpeg,(17964)_(2),Good,Good,
2024-12-19,2024-12-19_09_58_14_(17965)_sardine_input.jpeg,(17965)_(1),Good,Good,
2024-12-19,2024-12-19_09_58_14_(17965)_sardine_input.jpeg,(17965)_(2),Good,Bad,Softness
2024-12-19,2024-12-19_09_58_23_(17966)_sardine_input.jpeg,(17966)_(1),Good,Bad,Softness
2024-12-19,2024-12-19_09_58_23_(17966)_sardine_input.jpeg,(17966)_(2),Good,Good,
2024-12-19,2024-12-19_09_58_33_(17967)_sardine_input.jpeg,(17967)_(1),Good,Good,
2024-12-19,2024-12-19_09_58_33_(17967)_sardine_input.jpeg,(17967)_(2),Good,Bad,Softness
2024-12-19,2024-12-19_09_58_43_(17968)_sardine_input.jpeg,(17968)_(1),Good,Good,
2024-12-19,2024-12-19_09_58_43_(17968)_sardine_input.jpeg,(17968)_(2),Good,Good,
2024-12-19,2024-12-19_09_58_51_(17969)_sardine_input.jpeg,(17969)_(1),Good,Good,
2024-12-19,2024-12-19_09_58_51_(17969)_sardine_input.jpeg,(17969)_(2),Good,Good,
2024-12-19,2024-12-19_09_59_00_(17970)_sardine_input.jpeg,(17970)_(1),Good,Bad,Softness
2024-12-19,2024-12-19_09_59_00_(17970)_sardine_input.jpeg,(17970)_(2),Good,Bad,Softness
2024-12-19,2024-12-19_09_59_09_(17971)_sardine_input.jpeg,(17971)_(1),Good,Good,
2024-12-19,2024-12-19_09_59_09_(17971)_sardine_input.jpeg,(17971)_(2),Good,Good,
2024-12-19,2024-12-19_09_59_18_(17972)_sardine_input.jpeg,(17972)_(1),Good,Good,
2024-12-19,2024-12-19_09_59_18_(17972)_sardine_input.jpeg,(17972)_(2),Good,Good,
2024-12-19,2024-12-19_09_59_58_(17973)_sardine_input.jpeg,(17973)_(1),Good,Good,
2024-12-19,2024-12-19_09_59_58_(17973)_sardine_input.jpeg,(17973)_(2),Good,Good,
2024-12-19,2024-12-19_10_00_07_(17974)_sardine_input.jpeg,(17974)_(1),Good,Good,
2024-12-19,2024-12-19_10_00_07_(17974)_sardine_input.jpeg,(17974)_(2),Good,Good,
2024-12-19,2024-12-19_10_00_17_(17975)_sardine_input.jpeg,(17975)_(1),Good,Good,
2024-12-19,2024-12-19_10_00_17_(17975)_sardine_input.jpeg,(17975)_(2),Good,Good,
2024-12-19,2024-12-19_10_00_25_(17976)_sardine_input.jpeg,(17976)_(1),Good,Good,
2024-12-19,2024-12-19_10_00_25_(17976)_sardine_input.jpeg,(17976)_(2),Good,Bad,Damaged
2024-12-19,2024-12-19_10_00_35_(17977)_sardine_input.jpeg,(17977)_(1),Good,Good,
2024-12-19,2024-12-19_10_00_35_(17977)_sardine_input.jpeg,(17977)_(2),Good,Good,
2024-12-19,2024-12-19_10_00_44_(17978)_sardine_input.jpeg,(17978)_(1),Good,Bad,Softness
2024-12-19,2024-12-19_10_00_44_(17978)_sardine_input.jpeg,(17978)_(2),Good,Bad,Softness
2024-12-19,2024-12-19_10_00_54_(17979)_sardine_input.jpeg,(17979)_(1),Good,Good,
2024-12-19,2024-12-19_10_00_54_(17979)_sardine_input.jpeg,(17979)_(2),Good,Bad,Softness
2024-12-19,2024-12-19_10_01_04_(17980)_sardine_input.jpeg,(17980)_(1),Good,Good,
2024-12-19,2024-12-19_10_01_04_(17980)_sardine_input.jpeg,(17980)_(2),Good,Bad,Softness
2024-12-19,2024-12-19_10_01_14_(17981)_sardine_input.jpeg,(17981)_(1),Good,Bad,Softness
2024-12-19,2024-12-19_10_01_14_(17981)_sardine_input.jpeg,(17981)_(2),Good,Bad,Softness
2024-12-19,2024-12-19_10_01_25_(17982)_sardine_input.jpeg,(17982)_(1),Good,Good,
2024-12-19,2024-12-19_10_01_25_(17982)_sardine_input.jpeg,(17982)_(2),Good,Bad,Softness
2024-12-19,2024-12-19_10_01_35_(17983)_sardine_input.jpeg,(17983)_(1),Good,Bad,Softness
2024-12-19,2024-12-19_10_01_35_(17983)_sardine_input.jpeg,(17983)_(2),Good,Good,
2024-12-19,2024-12-19_10_02_56_(17984)_sardine_input.jpeg,(17984)_(1),Good,Good,
2024-12-19,2024-12-19_10_02_56_(17984)_sardine_input.jpeg,(17984)_(2),Good,Good,
2024-12-19,2024-12-19_10_03_07_(17985)_sardine_input.jpeg,(17985)_(1),Good,Bad,Softness
2024-12-19,2024-12-19_10_03_07_(17985)_sardine_input.jpeg,(17985)_(2),Good,Good,
2024-12-19,2024-12-19_10_03_16_(17986)_sardine_input.jpeg,(17986)_(1),Good,Good,
2024-12-19,2024-12-19_10_03_16_(17986)_sardine_input.jpeg,(17986)_(2),Good,Good,
2024-12-19,2024-12-19_10_03_25_(17987)_sardine_input.jpeg,(17987)_(1),Good,Bad,Softness
2024-12-19,2024-12-19_10_03_25_(17987)_sardine_input.jpeg,(17987)_(2),Good,Good,
2024-12-19,2024-12-19_10_03_33_(17988)_sardine_input.jpeg,(17988)_(1),Good,Good,
2024-12-19,2024-12-19_10_03_33_(17988)_sardine_input.jpeg,(17988)_(2),Good,Good,
2024-12-19,2024-12-19_10_03_41_(17989)_sardine_input.jpeg,(17989)_(1),Good,Good,
2024-12-19,2024-12-19_10_03_41_(17989)_sardine_input.jpeg,(17989)_(2),Good,Good,
2024-12-19,2024-12-19_10_03_49_(17990)_sardine_input.jpeg,(17990)_(1),Good,Good,
2024-12-19,2024-12-19_10_03_49_(17990)_sardine_input.jpeg,(17990)_(2),Good,Good,
2024-12-19,2024-12-19_10_03_58_(17991)_sardine_input.jpeg,(17991)_(1),Good,Bad,Softness
2024-12-19,2024-12-19_10_03_58_(17991)_sardine_input.jpeg,(17991)_(2),Good,Good,
2024-12-19,2024-12-19_10_04_06_(17992)_sardine_input.jpeg,(17992)_(1),Good,Bad,Softness
2024-12-19,2024-12-19_10_04_06_(17992)_sardine_input.jpeg,(17992)_(2),Good,Bad,Softness
2024-12-19,2024-12-19_10_04_16_(17993)_sardine_input.jpeg,(17993)_(1),Good,Good,
2024-12-19,2024-12-19_10_04_16_(17993)_sardine_input.jpeg,(17993)_(2),Good,Good,
2024-12-19,2024-12-19_10_04_29_(17994)_sardine_input.jpeg,(17994)_(1),Good,Bad,Softness
2024-12-19,2024-12-19_10_04_29_(17994)_sardine_input.jpeg,(17994)_(2),Good,Good,
2024-12-19,2024-12-19_10_04_40_(17995)_sardine_input.jpeg,(17995)_(1),Good,Good,
2024-12-19,2024-12-19_10_04_40_(17995)_sardine_input.jpeg,(17995)_(2),Good,Good,
2024-12-19,2024-12-19_10_04_49_(17996)_sardine_input.jpeg,(17996)_(1),Good,Bad,Softness
2024-12-19,2024-12-19_10_04_49_(17996)_sardine_input.jpeg,(17996)_(2),Good,Good,
2024-12-19,2024-12-19_10_05_10_(17998)_sardine_input.jpeg,(17998)_(1),Good,Good,
2024-12-19,2024-12-19_10_05_10_(17998)_sardine_input.jpeg,(17998)_(2),Good,Good,
2024-12-19,2024-12-19_10_05_32_(17999)_sardine_input.jpeg,(17999)_(1),Good,Good,
2024-12-19,2024-12-19_10_05_32_(17999)_sardine_input.jpeg,(17999)_(2),Good,Good,
2024-12-19,2024-12-19_10_05_32_(17999)_sardine_input.jpeg,(17999)_(3),Good,Good,
2024-12-19,2024-12-19_10_05_40_(18000)_sardine_input.jpeg,(18000)_(1),Good,Good,
2024-12-19,2024-12-19_10_05_40_(18000)_sardine_input.jpeg,(18000)_(2),Good,Good,
2024-12-19,2024-12-19_10_05_49_(18001)_sardine_input.jpeg,(18001)_(1),Good,Good,
2024-12-19,2024-12-19_10_05_49_(18001)_sardine_input.jpeg,(18001)_(2),Good,Good,
2024-12-19,2024-12-19_10_05_57_(18002)_sardine_input.jpeg,(18002)_(1),Good,Good,
2024-12-19,2024-12-19_10_05_57_(18002)_sardine_input.jpeg,(18002)_(2),Good,Good,
2024-12-19,2024-12-19_10_06_08_(18003)_sardine_input.jpeg,(18003)_(1),Good,Good,
2024-12-19,2024-12-19_10_06_08_(18003)_sardine_input.jpeg,(18003)_(2),Good,Good,
2024-12-19,2024-12-19_10_06_17_(18004)_sardine_input.jpeg,(18004)_(1),Good,Good,
2024-12-19,2024-12-19_10_06_17_(18004)_sardine_input.jpeg,(18004)_(2),Good,Good,
2024-12-19,2024-12-19_10_06_26_(18005)_sardine_input.jpeg,(18005)_(1),Good,Bad,Softness
2024-12-19,2024-12-19_10_06_26_(18005)_sardine_input.jpeg,(18005)_(2),Good,Good,
2024-12-19,2024-12-19_10_06_35_(18006)_sardine_input.jpeg,(18006)_(1),Good,Good,
2024-12-19,2024-12-19_10_06_35_(18006)_sardine_input.jpeg,(18006)_(2),Good,Good,
2024-12-19,2024-12-19_10_06_43_(18007)_sardine_input.jpeg,(18007)_(1),Good,Good,
2024-12-19,2024-12-19_10_06_43_(18007)_sardine_input.jpeg,(18007)_(2),Good,Good,
2024-12-24,2024-12-24_10_08_53_(18119)_sardine_input.jpeg,(18119)_(1),Bad,Bad,Softness
2024-12-24,2024-12-24_10_08_53_(18119)_sardine_input.jpeg,(18119)_(2),Bad,Good,
2024-12-24,2024-12-24_10_09_03_(18120)_sardine_input.jpeg,(18120)_(1),Bad,Bad,Damaged
2024-12-24,2024-12-24_10_09_03_(18120)_sardine_input.jpeg,(18120)_(2),Bad,Bad,Softness
2024-12-24,2024-12-24_10_09_11_(18121)_sardine_input.jpeg,(18121)_(1),Bad,Bad,Softness
2024-12-24,2024-12-24_10_09_11_(18121)_sardine_input.jpeg,(18121)_(2),Bad,Good,
2024-12-24,2024-12-24_10_09_21_(18122)_sardine_input.jpeg,(18122)_(1),Bad,Bad,Softness
2024-12-24,2024-12-24_10_09_21_(18122)_sardine_input.jpeg,(18122)_(2),Bad,Good,
2024-12-24,2024-12-24_10_09_31_(18123)_sardine_input.jpeg,(18123)_(1),Bad,Good,
2024-12-24,2024-12-24_10_09_31_(18123)_sardine_input.jpeg,(18123)_(2),Bad,Good,
2024-12-24,2024-12-24_10_09_41_(18124)_sardine_input.jpeg,(18124)_(1),Bad,Good,
2024-12-24,2024-12-24_10_09_41_(18124)_sardine_input.jpeg,(18124)_(2),Bad,Good,
2024-12-24,2024-12-24_10_09_51_(18125)_sardine_input.jpeg,(18125)_(1),Bad,Bad,Softness
2024-12-24,2024-12-24_10_09_51_(18125)_sardine_input.jpeg,(18125)_(2),Bad,Bad,Damaged
2024-12-24,2024-12-24_10_09_59_(18126)_sardine_input.jpeg,(18126)_(1),Bad,Good,
2024-12-24,2024-12-24_10_09_59_(18126)_sardine_input.jpeg,(18126)_(2),Bad,Good,
2024-12-24,2024-12-24_10_10_08_(18127)_sardine_input.jpeg,(18127)_(1),Bad,Bad,Softness
2024-12-24,2024-12-24_10_10_08_(18127)_sardine_input.jpeg,(18127)_(2),Bad,Good,
2024-12-24,2024-12-24_10_10_16_(18128)_sardine_input.jpeg,(18128)_(1),Bad,Good,
2024-12-24,2024-12-24_10_10_16_(18128)_sardine_input.jpeg,(18128)_(2),Bad,Bad,Softness
2024-12-24,2024-12-24_10_10_27_(18129)_sardine_input.jpeg,(18129)_(1),Bad,Good,
2024-12-24,2024-12-24_10_10_27_(18129)_sardine_input.jpeg,(18129)_(2),Bad,Bad,Softness
2024-12-24,2024-12-24_10_10_40_(18130)_sardine_input.jpeg,(18130)_(1),Bad,Bad,Damaged
2024-12-24,2024-12-24_10_10_40_(18130)_sardine_input.jpeg,(18130)_(2),Bad,Good,
2024-12-24,2024-12-24_10_10_51_(18131)_sardine_input.jpeg,(18131)_(1),Bad,Bad,Softness
2024-12-24,2024-12-24_10_10_51_(18131)_sardine_input.jpeg,(18131)_(2),Bad,Bad,Softness
2024-12-24,2024-12-24_10_03_38_(18087)_sardine_input.jpeg,(18087)_(1),Good,Good,
2024-12-24,2024-12-24_10_03_38_(18087)_sardine_input.jpeg,(18087)_(2),Good,Good,
2024-12-24,2024-12-24_10_03_47_(18088)_sardine_input.jpeg,(18088)_(1),Good,Good,
2024-12-24,2024-12-24_10_03_47_(18088)_sardine_input.jpeg,(18088)_(2),Good,Good,
2024-12-24,2024-12-24_10_03_55_(18089)_sardine_input.jpeg,(18089)_(1),Good,Good,
2024-12-24,2024-12-24_10_03_55_(18089)_sardine_input.jpeg,(18089)_(2),Good,Good,
2024-12-24,2024-12-24_10_04_04_(18090)_sardine_input.jpeg,(18090)_(1),Good,Good,
2024-12-24,2024-12-24_10_04_04_(18090)_sardine_input.jpeg,(18090)_(2),Good,Good,
2024-12-24,2024-12-24_10_04_11_(18091)_sardine_input.jpeg,(18091)_(1),Good,Good,
2024-12-24,2024-12-24_10_04_11_(18091)_sardine_input.jpeg,(18091)_(2),Good,Good,
2024-12-24,2024-12-24_10_04_19_(18092)_sardine_input.jpeg,(18092)_(1),Good,Good,
2024-12-24,2024-12-24_10_04_19_(18092)_sardine_input.jpeg,(18092)_(2),Good,Good,
2024-12-24,2024-12-24_10_04_27_(18093)_sardine_input.jpeg,(18093)_(1),Good,Good,
2024-12-24,2024-12-24_10_04_27_(18093)_sardine_input.jpeg,(18093)_(2),Good,Good,
2024-12-24,2024-12-24_10_04_34_(18094)_sardine_input.jpeg,(18094)_(1),Good,Bad,Softness
2024-12-24,2024-12-24_10_04_34_(18094)_sardine_input.jpeg,(18094)_(2),Good,Good,
2024-12-24,2024-12-24_10_04_47_(18095)_sardine_input.jpeg,(18095)_(1),Good,Good,
2024-12-24,2024-12-24_10_04_47_(18095)_sardine_input.jpeg,(18095)_(2),Good,Good,
2024-12-24,2024-12-24_10_05_05_(18096)_sardine_input.jpeg,(18096)_(1),Good,Bad,Softness
2024-12-24,2024-12-24_10_05_05_(18096)_sardine_input.jpeg,(18096)_(2),Good,Good,
2024-12-24,2024-12-24_10_05_14_(18097)_sardine_input.jpeg,(18097)_(1),Good,Bad,Softness
2024-12-24,2024-12-24_10_05_14_(18097)_sardine_input.jpeg,(18097)_(2),Good,Bad,Softness
2024-12-24,2024-12-24_10_05_29_(18098)_sardine_input.jpeg,(18098)_(1),Good,Good,
2024-12-24,2024-12-24_10_05_29_(18098)_sardine_input.jpeg,(18098)_(2),Good,Good,
2024-12-24,2024-12-24_10_05_41_(18099)_sardine_input.jpeg,(18099)_(1),Good,Good,
2024-12-24,2024-12-24_10_05_41_(18099)_sardine_input.jpeg,(18099)_(2),Good,Good,
2024-12-24,2024-12-24_10_05_56_(18100)_sardine_input.jpeg,(18100)_(1),Good,Bad,Softness
2024-12-24,2024-12-24_10_05_56_(18100)_sardine_input.jpeg,(18100)_(2),Good,Bad,Softness
2024-12-24,2024-12-24_10_06_07_(18101)_sardine_input.jpeg,(18101)_(1),Good,Good,
2024-12-24,2024-12-24_10_06_07_(18101)_sardine_input.jpeg,(18101)_(2),Good,Bad,Softness
2024-12-24,2024-12-24_10_06_18_(18102)_sardine_input.jpeg,(18102)_(1),Good,Good,
2024-12-24,2024-12-24_10_06_18_(18102)_sardine_input.jpeg,(18102)_(2),Good,Good,
2024-12-24,2024-12-24_10_06_27_(18103)_sardine_input.jpeg,(18103)_(1),Good,Good,
2024-12-24,2024-12-24_10_06_27_(18103)_sardine_input.jpeg,(18103)_(2),Good,Good,
2024-12-24,2024-12-24_10_06_35_(18104)_sardine_input.jpeg,(18104)_(1),Good,Good,
2024-12-24,2024-12-24_10_06_35_(18104)_sardine_input.jpeg,(18104)_(2),Good,Good,
2024-12-24,2024-12-24_10_06_43_(18105)_sardine_input.jpeg,(18105)_(1),Good,Good,
2024-12-24,2024-12-24_10_06_43_(18105)_sardine_input.jpeg,(18105)_(2),Good,Good,
2024-12-24,2024-12-24_10_06_51_(18106)_sardine_input.jpeg,(18106)_(1),Good,Bad,Softness
2024-12-24,2024-12-24_10_06_51_(18106)_sardine_input.jpeg,(18106)_(2),Good,Good,
2024-12-24,2024-12-24_10_07_01_(18107)_sardine_input.jpeg,(18107)_(1),Good,Good,
2024-12-24,2024-12-24_10_07_01_(18107)_sardine_input.jpeg,(18107)_(2),Good,Good,
2024-12-24,2024-12-24_10_07_07_(18108)_sardine_input.jpeg,(18108)_(1),Good,Good,
2024-12-24,2024-12-24_10_07_07_(18108)_sardine_input.jpeg,(18108)_(2),Good,Bad,Softness
2024-12-24,2024-12-24_10_07_17_(18109)_sardine_input.jpeg,(18109)_(1),Good,Bad,Softness
2024-12-24,2024-12-24_10_07_17_(18109)_sardine_input.jpeg,(18109)_(2),Good,Good,
2024-12-24,2024-12-24_10_07_26_(18110)_sardine_input.jpeg,(18110)_(1),Good,Bad,Softness
2024-12-24,2024-12-24_10_07_26_(18110)_sardine_input.jpeg,(18110)_(2),Good,Good,
2024-12-24,2024-12-24_10_07_33_(18111)_sardine_input.jpeg,(18111)_(1),Good,Good,
2024-12-24,2024-12-24_10_07_33_(18111)_sardine_input.jpeg,(18111)_(2),Good,Good,
2024-12-24,2024-12-24_10_07_41_(18112)_sardine_input.jpeg,(18112)_(1),Good,Good,
2024-12-24,2024-12-24_10_07_41_(18112)_sardine_input.jpeg,(18112)_(2),Good,Good,
2024-12-24,2024-12-24_10_07_49_(18113)_sardine_input.jpeg,(18113)_(1),Good,Good,
2024-12-24,2024-12-24_10_07_49_(18113)_sardine_input.jpeg,(18113)_(2),Good,Good,
2024-12-24,2024-12-24_10_07_57_(18114)_sardine_input.jpeg,(18114)_(1),Good,Good,
2024-12-24,2024-12-24_10_07_57_(18114)_sardine_input.jpeg,(18114)_(2),Good,Bad,Softness
2024-12-24,2024-12-24_10_08_06_(18115)_sardine_input.jpeg,(18115)_(1),Good,Good,
2024-12-24,2024-12-24_10_08_06_(18115)_sardine_input.jpeg,(18115)_(2),Good,Good,
2024-12-24,2024-12-24_10_08_16_(18116)_sardine_input.jpeg,(18116)_(1),Good,Good,
2024-12-24,2024-12-24_10_08_16_(18116)_sardine_input.jpeg,(18116)_(2),Good,Good,
2024-12-24,2024-12-24_10_08_24_(18117)_sardine_input.jpeg,(18117)_(1),Good,Good,
2024-12-24,2024-12-24_10_08_24_(18117)_sardine_input.jpeg,(18117)_(2),Good,Good,
2024-12-24,2024-12-24_10_08_41_(18118)_sardine_input.jpeg,(18118)_(1),Good,Good,
2024-12-24,2024-12-24_10_08_41_(18118)_sardine_input.jpeg,(18118)_(2),Good,Good,
2024-12-26,2024-12-26_09_36_33_(18212)_sardine_input.jpeg,(18212)_(1),Bad,Bad,Softness
2024-12-26,2024-12-26_09_36_33_(18212)_sardine_input.jpeg,(18212)_(2),Bad,Good,
2024-12-26,2024-12-26_09_36_45_(18213)_sardine_input.jpeg,(18213)_(1),Bad,Bad,Softness
2024-12-26,2024-12-26_09_36_45_(18213)_sardine_input.jpeg,(18213)_(2),Bad,Good,
2024-12-26,2024-12-26_09_36_55_(18214)_sardine_input.jpeg,(18214)_(1),Bad,Bad,Damaged
2024-12-26,2024-12-26_09_36_55_(18214)_sardine_input.jpeg,(18214)_(2),Bad,Bad,Softness
2024-12-26,2024-12-26_09_37_05_(18215)_sardine_input.jpeg,(18215)_(1),Bad,Bad,Softness
2024-12-26,2024-12-26_09_37_05_(18215)_sardine_input.jpeg,(18215)_(2),Bad,Bad,Softness
2024-12-26,2024-12-26_09_37_16_(18216)_sardine_input.jpeg,(18216)_(1),Bad,Bad,Softness
2024-12-26,2024-12-26_09_37_16_(18216)_sardine_input.jpeg,(18216)_(2),Bad,Bad,Softness
2024-12-26,2024-12-26_09_37_36_(18217)_sardine_input.jpeg,(18217)_(1),Bad,Bad,Softness
2024-12-26,2024-12-26_09_37_36_(18217)_sardine_input.jpeg,(18217)_(2),Bad,Bad,Softness
2024-12-26,2024-12-26_09_37_47_(18218)_sardine_input.jpeg,(18218)_(1),Bad,Bad,Softness
2024-12-26,2024-12-26_09_37_47_(18218)_sardine_input.jpeg,(18218)_(2),Bad,Bad,Softness
2024-12-26,2024-12-26_09_37_57_(18219)_sardine_input.jpeg,(18219)_(1),Bad,Bad,Softness
2024-12-26,2024-12-26_09_37_57_(18219)_sardine_input.jpeg,(18219)_(2),Bad,Bad,Softness
2024-12-26,2024-12-26_09_38_08_(18220)_sardine_input.jpeg,(18220)_(1),Bad,Good,
2024-12-26,2024-12-26_09_38_08_(18220)_sardine_input.jpeg,(18220)_(2),Bad,Bad,Softness
2024-12-26,2024-12-26_09_38_16_(18221)_sardine_input.jpeg,(18221)_(1),Bad,Bad,Softness
2024-12-26,2024-12-26_09_38_16_(18221)_sardine_input.jpeg,(18221)_(2),Bad,Bad,Softness
2024-12-26,2024-12-26_09_38_29_(18222)_sardine_input.jpeg,(18222)_(1),Bad,Good,
2024-12-26,2024-12-26_09_38_29_(18222)_sardine_input.jpeg,(18222)_(2),Bad,Good,
2024-12-26,2024-12-26_09_38_42_(18223)_sardine_input.jpeg,(18223)_(1),Bad,Bad,Softness
2024-12-26,2024-12-26_09_38_42_(18223)_sardine_input.jpeg,(18223)_(2),Bad,Bad,Softness
2024-12-26,2024-12-26_09_38_53_(18224)_sardine_input.jpeg,(18224)_(1),Bad,Bad,Softness
2024-12-26,2024-12-26_09_38_53_(18224)_sardine_input.jpeg,(18224)_(2),Bad,Bad,Softness
2024-12-26,2024-12-26_09_39_03_(18225)_sardine_input.jpeg,(18225)_(1),Bad,Bad,Softness
2024-12-26,2024-12-26_09_39_03_(18225)_sardine_input.jpeg,(18225)_(2),Bad,Bad,Softness
2024-12-26,2024-12-26_09_39_14_(18226)_sardine_input.jpeg,(18226)_(1),Bad,Bad,Damaged
2024-12-26,2024-12-26_09_39_14_(18226)_sardine_input.jpeg,(18226)_(2),Bad,Bad,Softness
2024-12-26,2024-12-26_09_39_23_(18227)_sardine_input.jpeg,(18227)_(1),Bad,Bad,Softness
2024-12-26,2024-12-26_09_39_23_(18227)_sardine_input.jpeg,(18227)_(2),Bad,Good,
2024-12-26,2024-12-26_09_39_35_(18228)_sardine_input.jpeg,(18228)_(1),Bad,Bad,Softness
2024-12-26,2024-12-26_09_39_35_(18228)_sardine_input.jpeg,(18228)_(2),Bad,Good,
2024-12-26,2024-12-26_09_39_47_(18229)_sardine_input.jpeg,(18229)_(1),Bad,Bad,Softness
2024-12-26,2024-12-26_09_39_47_(18229)_sardine_input.jpeg,(18229)_(2),Bad,Good,
2024-12-26,2024-12-26_09_39_58_(18230)_sardine_input.jpeg,(18230)_(1),Bad,Bad,Softness
2024-12-26,2024-12-26_09_39_58_(18230)_sardine_input.jpeg,(18230)_(2),Bad,Bad,Softness
2024-12-26,2024-12-26_09_40_09_(18231)_sardine_input.jpeg,(18231)_(1),Bad,Bad,Softness
2024-12-26,2024-12-26_09_40_09_(18231)_sardine_input.jpeg,(18231)_(2),Bad,Bad,Softness
2024-12-26,2024-12-26_09_40_24_(18232)_sardine_input.jpeg,(18232)_(1),Bad,Bad,Softness
2024-12-26,2024-12-26_09_40_24_(18232)_sardine_input.jpeg,(18232)_(2),Bad,Bad,Softness
2024-12-26,2024-12-26_09_43_57_(18233)_sardine_input.jpeg,(18233)_(1),Bad,Bad,Softness
2024-12-26,2024-12-26_09_43_57_(18233)_sardine_input.jpeg,(18233)_(2),Bad,Bad,Softness
2024-12-26,2024-12-26_09_44_07_(18234)_sardine_input.jpeg,(18234)_(1),Bad,Bad,Softness
2024-12-26,2024-12-26_09_44_07_(18234)_sardine_input.jpeg,(18234)_(2),Bad,Bad,Softness
2024-12-26,2024-12-26_09_44_17_(18235)_sardine_input.jpeg,(18235)_(1),Bad,Good,
2024-12-26,2024-12-26_09_44_17_(18235)_sardine_input.jpeg,(18235)_(2),Bad,Good,
2024-12-26,2024-12-26_09_44_29_(18236)_sardine_input.jpeg,(18236)_(1),Bad,Bad,Softness
2024-12-26,2024-12-26_09_44_29_(18236)_sardine_input.jpeg,(18236)_(2),Bad,Bad,Softness
2024-12-26,2024-12-26_09_44_40_(18237)_sardine_input.jpeg,(18237)_(1),Bad,Bad,Softness
2024-12-26,2024-12-26_09_44_40_(18237)_sardine_input.jpeg,(18237)_(2),Bad,Bad,Softness
2024-12-26,2024-12-26_09_44_50_(18238)_sardine_input.jpeg,(18238)_(1),Bad,Good,
2024-12-26,2024-12-26_09_44_50_(18238)_sardine_input.jpeg,(18238)_(2),Bad,Bad,Softness
2024-12-26,2024-12-26_09_45_03_(18239)_sardine_input.jpeg,(18239)_(1),Bad,Bad,Softness
2024-12-26,2024-12-26_09_45_03_(18239)_sardine_input.jpeg,(18239)_(2),Bad,Bad,Softness
2024-12-26,2024-12-26_09_45_13_(18240)_sardine_input.jpeg,(18240)_(1),Bad,Bad,Softness
2024-12-26,2024-12-26_09_45_13_(18240)_sardine_input.jpeg,(18240)_(2),Bad,Bad,Softness
2024-12-26,2024-12-26_09_27_05_(18158)_sardine_input.jpeg,(18158)_(1),Good,Bad,Softness
2024-12-26,2024-12-26_09_27_05_(18158)_sardine_input.jpeg,(18158)_(2),Good,Good,
2024-12-26,2024-12-26_09_27_12_(18159)_sardine_input.jpeg,(18159)_(1),Good,Good,
2024-12-26,2024-12-26_09_27_12_(18159)_sardine_input.jpeg,(18159)_(2),Good,Good,
2024-12-26,2024-12-26_09_27_20_(18160)_sardine_input.jpeg,(18160)_(1),Good,Good,
2024-12-26,2024-12-26_09_27_20_(18160)_sardine_input.jpeg,(18160)_(2),Good,Good,
2024-12-26,2024-12-26_09_27_30_(18161)_sardine_input.jpeg,(18161)_(1),Good,Bad,Softness
2024-12-26,2024-12-26_09_27_30_(18161)_sardine_input.jpeg,(18161)_(2),Good,Good,
2024-12-26,2024-12-26_09_27_45_(18162)_sardine_input.jpeg,(18162)_(1),Good,Bad,Softness
2024-12-26,2024-12-26_09_27_45_(18162)_sardine_input.jpeg,(18162)_(2),Good,Good,
2024-12-26,2024-12-26_09_27_50_(18163)_sardine_input.jpeg,(18163)_(1),Good,Good,
2024-12-26,2024-12-26_09_27_50_(18163)_sardine_input.jpeg,(18163)_(2),Good,Bad,Softness
2024-12-26,2024-12-26_09_28_01_(18164)_sardine_input.jpeg,(18164)_(1),Good,Good,
2024-12-26,2024-12-26_09_28_01_(18164)_sardine_input.jpeg,(18164)_(2),Good,Good,
2024-12-26,2024-12-26_09_28_10_(18165)_sardine_input.jpeg,(18165)_(1),Good,Bad,Softness
2024-12-26,2024-12-26_09_28_10_(18165)_sardine_input.jpeg,(18165)_(2),Good,Bad,Softness
2024-12-26,2024-12-26_09_28_24_(18166)_sardine_input.jpeg,(18166)_(1),Good,Good,
2024-12-26,2024-12-26_09_28_24_(18166)_sardine_input.jpeg,(18166)_(2),Good,Bad,Softness
2024-12-26,2024-12-26_09_28_32_(18167)_sardine_input.jpeg,(18167)_(1),Good,Good,
2024-12-26,2024-12-26_09_28_32_(18167)_sardine_input.jpeg,(18167)_(2),Good,Good,
2024-12-26,2024-12-26_09_28_43_(18168)_sardine_input.jpeg,(18168)_(1),Good,Good,
2024-12-26,2024-12-26_09_28_43_(18168)_sardine_input.jpeg,(18168)_(2),Good,Good,
2024-12-26,2024-12-26_09_28_50_(18169)_sardine_input.jpeg,(18169)_(1),Good,Bad,Softness
2024-12-26,2024-12-26_09_28_50_(18169)_sardine_input.jpeg,(18169)_(2),Good,Good,
2024-12-26,2024-12-26_09_29_03_(18170)_sardine_input.jpeg,(18170)_(1),Good,Good,
2024-12-26,2024-12-26_09_29_03_(18170)_sardine_input.jpeg,(18170)_(2),Good,Bad,Softness
2024-12-26,2024-12-26_09_29_11_(18171)_sardine_input.jpeg,(18171)_(1),Good,Bad,Softness
2024-12-26,2024-12-26_09_29_11_(18171)_sardine_input.jpeg,(18171)_(2),Good,Bad,Softness
2024-12-26,2024-12-26_09_29_23_(18172)_sardine_input.jpeg,(18172)_(1),Good,Good,
2024-12-26,2024-12-26_09_29_23_(18172)_sardine_input.jpeg,(18172)_(2),Good,Bad,Softness
2024-12-26,2024-12-26_09_30_27_(18173)_sardine_input.jpeg,(18173)_(1),Good,Bad,Softness
2024-12-26,2024-12-26_09_30_27_(18173)_sardine_input.jpeg,(18173)_(2),Good,Bad,Softness
2024-12-26,2024-12-26_09_30_39_(18174)_sardine_input.jpeg,(18174)_(1),Good,Bad,Softness
2024-12-26,2024-12-26_09_30_39_(18174)_sardine_input.jpeg,(18174)_(2),Good,Bad,Softness
2024-12-26,2024-12-26_09_30_47_(18175)_sardine_input.jpeg,(18175)_(1),Good,Bad,Softness
2024-12-26,2024-12-26_09_30_47_(18175)_sardine_input.jpeg,(18175)_(2),Good,Good,
2024-12-26,2024-12-26_09_31_00_(18176)_sardine_input.jpeg,(18176)_(1),Good,Bad,Softness
2024-12-26,2024-12-26_09_31_00_(18176)_sardine_input.jpeg,(18176)_(2),Good,Bad,Softness
2024-12-26,2024-12-26_09_31_08_(18177)_sardine_input.jpeg,(18177)_(1),Good,Good,
2024-12-26,2024-12-26_09_31_08_(18177)_sardine_input.jpeg,(18177)_(2),Good,Good,
2024-12-26,2024-12-26_09_31_15_(18178)_sardine_input.jpeg,(18178)_(1),Good,Good,
2024-12-26,2024-12-26_09_31_15_(18178)_sardine_input.jpeg,(18178)_(2),Good,Good,
2024-12-26,2024-12-26_09_31_22_(18179)_sardine_input.jpeg,(18179)_(1),Good,Good,
2024-12-26,2024-12-26_09_31_22_(18179)_sardine_input.jpeg,(18179)_(2),Good,Good,
2024-12-26,2024-12-26_09_31_28_(18180)_sardine_input.jpeg,(18180)_(1),Good,Good,
2024-12-26,2024-12-26_09_31_28_(18180)_sardine_input.jpeg,(18180)_(2),Good,Good,
2024-12-26,2024-12-26_09_31_38_(18181)_sardine_input.jpeg,(18181)_(1),Good,Bad,Softness
2024-12-26,2024-12-26_09_31_38_(18181)_sardine_input.jpeg,(18181)_(2),Good,Good,
2024-12-26,2024-12-26_09_31_46_(18182)_sardine_input.jpeg,(18182)_(1),Good,Good,
2024-12-26,2024-12-26_09_31_46_(18182)_sardine_input.jpeg,(18182)_(2),Good,Good,
2024-12-26,2024-12-26_09_31_52_(18183)_sardine_input.jpeg,(18183)_(1),Good,Good,
2024-12-26,2024-12-26_09_31_52_(18183)_sardine_input.jpeg,(18183)_(2),Good,Bad,Softness
2024-12-26,2024-12-26_09_32_00_(18184)_sardine_input.jpeg,(18184)_(1),Good,Good,
2024-12-26,2024-12-26_09_32_00_(18184)_sardine_input.jpeg,(18184)_(2),Good,Good,
2024-12-26,2024-12-26_09_32_08_(18185)_sardine_input.jpeg,(18185)_(1),Good,Bad,Softness
2024-12-26,2024-12-26_09_32_08_(18185)_sardine_input.jpeg,(18185)_(2),Good,Bad,Softness
2024-12-26,2024-12-26_09_32_18_(18186)_sardine_input.jpeg,(18186)_(1),Good,Good,
2024-12-26,2024-12-26_09_32_18_(18186)_sardine_input.jpeg,(18186)_(2),Good,Bad,Softness
2024-12-26,2024-12-26_09_32_26_(18187)_sardine_input.jpeg,(18187)_(1),Good,Bad,Softness
2024-12-26,2024-12-26_09_32_26_(18187)_sardine_input.jpeg,(18187)_(2),Good,Good,
2024-12-26,2024-12-26_09_32_34_(18188)_sardine_input.jpeg,(18188)_(1),Good,Good,
2024-12-26,2024-12-26_09_32_34_(18188)_sardine_input.jpeg,(18188)_(2),Good,Good,
2024-12-26,2024-12-26_09_32_41_(18189)_sardine_input.jpeg,(18189)_(1),Good,Good,
2024-12-26,2024-12-26_09_32_41_(18189)_sardine_input.jpeg,(18189)_(2),Good,Good,
2024-12-26,2024-12-26_09_32_49_(18190)_sardine_input.jpeg,(18190)_(1),Good,Good,
2024-12-26,2024-12-26_09_32_49_(18190)_sardine_input.jpeg,(18190)_(2),Good,Good,
2024-12-26,2024-12-26_09_32_56_(18191)_sardine_input.jpeg,(18191)_(1),Good,Bad,Softness
2024-12-26,2024-12-26_09_32_56_(18191)_sardine_input.jpeg,(18191)_(2),Good,Bad,Softness
2024-12-26,2024-12-26_09_33_05_(18192)_sardine_input.jpeg,(18192)_(1),Good,Good,
2024-12-26,2024-12-26_09_33_05_(18192)_sardine_input.jpeg,(18192)_(2),Good,Bad,Softness
2024-12-26,2024-12-26_09_33_14_(18193)_sardine_input.jpeg,(18193)_(1),Good,Good,
2024-12-26,2024-12-26_09_33_14_(18193)_sardine_input.jpeg,(18193)_(2),Good,Bad,Softness
2024-12-26,2024-12-26_09_33_23_(18194)_sardine_input.jpeg,(18194)_(1),Good,Good,
2024-12-26,2024-12-26_09_33_23_(18194)_sardine_input.jpeg,(18194)_(2),Good,Bad,Softness
2024-12-26,2024-12-26_09_33_30_(18195)_sardine_input.jpeg,(18195)_(1),Good,Bad,Softness
2024-12-26,2024-12-26_09_33_30_(18195)_sardine_input.jpeg,(18195)_(2),Good,Good,
2024-12-26,2024-12-26_09_33_37_(18196)_sardine_input.jpeg,(18196)_(1),Good,Good,
2024-12-26,2024-12-26_09_33_37_(18196)_sardine_input.jpeg,(18196)_(2),Good,Good,
2024-12-26,2024-12-26_09_33_48_(18197)_sardine_input.jpeg,(18197)_(1),Good,Good,
2024-12-26,2024-12-26_09_33_48_(18197)_sardine_input.jpeg,(18197)_(2),Good,Bad,Softness
2024-12-26,2024-12-26_09_33_59_(18198)_sardine_input.jpeg,(18198)_(1),Good,Bad,Softness
2024-12-26,2024-12-26_09_33_59_(18198)_sardine_input.jpeg,(18198)_(2),Good,Bad,Softness
2024-12-26,2024-12-26_09_34_09_(18199)_sardine_input.jpeg,(18199)_(1),Good,Good,
2024-12-26,2024-12-26_09_34_09_(18199)_sardine_input.jpeg,(18199)_(2),Good,Good,
2024-12-26,2024-12-26_09_34_18_(18200)_sardine_input.jpeg,(18200)_(1),Good,Good,
2024-12-26,2024-12-26_09_34_18_(18200)_sardine_input.jpeg,(18200)_(2),Good,Bad,Softness
2024-12-26,2024-12-26_09_34_57_(18201)_sardine_input.jpeg,(18201)_(1),Good,Good,
2024-12-26,2024-12-26_09_34_57_(18201)_sardine_input.jpeg,(18201)_(2),Good,Good,
2024-12-26,2024-12-26_09_35_05_(18202)_sardine_input.jpeg,(18202)_(1),Good,Good,
2024-12-26,2024-12-26_09_35_05_(18202)_sardine_input.jpeg,(18202)_(2),Good,Bad,Softness
2024-12-26,2024-12-26_09_35_14_(18203)_sardine_input.jpeg,(18203)_(1),Good,Good,
2024-12-26,2024-12-26_09_35_14_(18203)_sardine_input.jpeg,(18203)_(2),Good,Good,
2024-12-26,2024-12-26_09_35_23_(18204)_sardine_input.jpeg,(18204)_(1),Good,Good,
2024-12-26,2024-12-26_09_35_23_(18204)_sardine_input.jpeg,(18204)_(2),Good,Good,
2024-12-26,2024-12-26_09_35_31_(18205)_sardine_input.jpeg,(18205)_(1),Good,Bad,Softness
2024-12-26,2024-12-26_09_35_31_(18205)_sardine_input.jpeg,(18205)_(2),Good,Bad,Softness
2024-12-26,2024-12-26_09_35_40_(18206)_sardine_input.jpeg,(18206)_(1),Good,Good,
2024-12-26,2024-12-26_09_35_40_(18206)_sardine_input.jpeg,(18206)_(2),Good,Good,
2024-12-26,2024-12-26_09_35_47_(18207)_sardine_input.jpeg,(18207)_(1),Good,Good,
2024-12-26,2024-12-26_09_35_47_(18207)_sardine_input.jpeg,(18207)_(2),Good,Good,
2024-12-26,2024-12-26_09_35_55_(18208)_sardine_input.jpeg,(18208)_(1),Good,Good,
2024-12-26,2024-12-26_09_35_55_(18208)_sardine_input.jpeg,(18208)_(2),Good,Good,
2024-12-26,2024-12-26_09_36_02_(18209)_sardine_input.jpeg,(18209)_(1),Good,Good,
2024-12-26,2024-12-26_09_36_02_(18209)_sardine_input.jpeg,(18209)_(2),Good,Good,
2024-12-26,2024-12-26_09_36_10_(18210)_sardine_input.jpeg,(18210)_(1),Good,Bad,Softness
2024-12-26,2024-12-26_09_36_10_(18210)_sardine_input.jpeg,(18210)_(2),Good,Good,
2024-12-26,2024-12-26_09_36_19_(18211)_sardine_input.jpeg,(18211)_(1),Good,Bad,Softness
2024-12-26,2024-12-26_09_36_19_(18211)_sardine_input.jpeg,(18211)_(2),Good,Good,
2025-01-02,2025-01-02_10_58_48_(18489)_sardine_input.jpeg,(18489)_(1),Bad,Good,
2025-01-02,2025-01-02_10_58_48_(18489)_sardine_input.jpeg,(18489)_(2),Bad,Bad,Softness
2025-01-02,2025-01-02_11_00_55_(18502)_sardine_input.jpeg,(18502)_(1),Bad,Bad,Softness
2025-01-02,2025-01-02_11_00_55_(18502)_sardine_input.jpeg,(18502)_(2),Bad,Good,
2025-01-02,2025-01-02_11_01_26_(18505)_sardine_input.jpeg,(18505)_(1),Bad,Good,
2025-01-02,2025-01-02_11_01_26_(18505)_sardine_input.jpeg,(18505)_(2),Bad,Bad,Damaged
2025-01-02,2025-01-02_11_02_25_(18511)_sardine_input.jpeg,(18511)_(1),Bad,Bad,Softness
2025-01-02,2025-01-02_11_02_25_(18511)_sardine_input.jpeg,(18511)_(2),Bad,Good,
2025-01-02,2025-01-02_11_02_36_(18512)_sardine_input.jpeg,(18512)_(1),Bad,Bad,Softness
2025-01-02,2025-01-02_11_02_36_(18512)_sardine_input.jpeg,(18512)_(2),Bad,Bad,Softness
2025-01-02,2025-01-02_11_03_00_(18514)_sardine_input.jpeg,(18514)_(1),Bad,Bad,Softness
2025-01-02,2025-01-02_11_03_00_(18514)_sardine_input.jpeg,(18514)_(2),Bad,Bad,Softness
2025-01-02,2025-01-02_11_04_40_(18524)_sardine_input.jpeg,(18524)_(1),Bad,Bad,Softness
2025-01-02,2025-01-02_11_04_40_(18524)_sardine_input.jpeg,(18524)_(2),Bad,Bad,Softness
2025-01-02,2025-01-02_11_05_59_(18532)_sardine_input.jpeg,(18532)_(1),Bad,Bad,Softness
2025-01-02,2025-01-02_11_05_59_(18532)_sardine_input.jpeg,(18532)_(2),Bad,Good,
2025-01-02,2025-01-02_10_57_48_(18482)_sardine_input.jpeg,(18482)_(1),Good,Good,
2025-01-02,2025-01-02_10_57_48_(18482)_sardine_input.jpeg,(18482)_(2),Good,Bad,Softness
2025-01-02,2025-01-02_10_58_01_(18483)_sardine_input.jpeg,(18483)_(1),Good,Good,
2025-01-02,2025-01-02_10_58_01_(18483)_sardine_input.jpeg,(18483)_(2),Good,Good,
2025-01-02,2025-01-02_10_58_09_(18484)_sardine_input.jpeg,(18484)_(1),Good,Good,
2025-01-02,2025-01-02_10_58_09_(18484)_sardine_input.jpeg,(18484)_(2),Good,Bad,Softness
2025-01-02,2025-01-02_10_58_18_(18485)_sardine_input.jpeg,(18485)_(1),Good,Bad,Damaged
2025-01-02,2025-01-02_10_58_18_(18485)_sardine_input.jpeg,(18485)_(2),Good,Bad,Damaged
2025-01-02,2025-01-02_10_58_25_(18486)_sardine_input.jpeg,(18486)_(1),Good,Good,
2025-01-02,2025-01-02_10_58_25_(18486)_sardine_input.jpeg,(18486)_(2),Good,Good,
2025-01-02,2025-01-02_10_58_33_(18487)_sardine_input.jpeg,(18487)_(1),Good,Good,
2025-01-02,2025-01-02_10_58_33_(18487)_sardine_input.jpeg,(18487)_(2),Good,Good,
2025-01-02,2025-01-02_10_58_43_(18488)_sardine_input.jpeg,(18488)_(1),Good,Good,
2025-01-02,2025-01-02_10_58_43_(18488)_sardine_input.jpeg,(18488)_(2),Good,Good,
2025-01-02,2025-01-02_10_58_57_(18490)_sardine_input.jpeg,(18490)_(1),Good,Good,
2025-01-02,2025-01-02_10_58_57_(18490)_sardine_input.jpeg,(18490)_(2),Good,Good,
2025-01-02,2025-01-02_10_59_06_(18491)_sardine_input.jpeg,(18491)_(1),Good,Good,
2025-01-02,2025-01-02_10_59_06_(18491)_sardine_input.jpeg,(18491)_(2),Good,Good,
2025-01-02,2025-01-02_10_59_13_(18492)_sardine_input.jpeg,(18492)_(1),Good,Bad,Softness
2025-01-02,2025-01-02_10_59_13_(18492)_sardine_input.jpeg,(18492)_(2),Good,Good,
2025-01-02,2025-01-02_10_59_26_(18493)_sardine_input.jpeg,(18493)_(1),Good,Good,
2025-01-02,2025-01-02_10_59_26_(18493)_sardine_input.jpeg,(18493)_(2),Good,Bad,Damaged
2025-01-02,2025-01-02_10_59_36_(18494)_sardine_input.jpeg,(18494)_(1),Good,Good,
2025-01-02,2025-01-02_10_59_36_(18494)_sardine_input.jpeg,(18494)_(2),Good,Bad,Softness
2025-01-02,2025-01-02_10_59_45_(18495)_sardine_input.jpeg,(18495)_(1),Good,Bad,Softness
2025-01-02,2025-01-02_10_59_45_(18495)_sardine_input.jpeg,(18495)_(2),Good,Good,
2025-01-02,2025-01-02_10_59_52_(18496)_sardine_input.jpeg,(18496)_(1),Good,Good,
2025-01-02,2025-01-02_10_59_52_(18496)_sardine_input.jpeg,(18496)_(2),Good,Good,
2025-01-02,2025-01-02_11_00_01_(18497)_sardine_input.jpeg,(18497)_(1),Good,Bad,Softness
2025-01-02,2025-01-02_11_00_01_(18497)_sardine_input.jpeg,(18497)_(2),Good,Good,
2025-01-02,2025-01-02_11_00_18_(18498)_sardine_input.jpeg,(18498)_(1),Good,Good,
2025-01-02,2025-01-02_11_00_18_(18498)_sardine_input.jpeg,(18498)_(2),Good,Good,
2025-01-02,2025-01-02_11_00_25_(18499)_sardine_input.jpeg,(18499)_(1),Good,Good,
2025-01-02,2025-01-02_11_00_25_(18499)_sardine_input.jpeg,(18499)_(2),Good,Good,
2025-01-02,2025-01-02_11_00_38_(18500)_sardine_input.jpeg,(18500)_(1),Good,Good,
2025-01-02,2025-01-02_11_00_38_(18500)_sardine_input.jpeg,(18500)_(2),Good,Good,
2025-01-02,2025-01-02_11_00_48_(18501)_sardine_input.jpeg,(18501)_(1),Good,Good,
2025-01-02,2025-01-02_11_00_48_(18501)_sardine_input.jpeg,(18501)_(2),Good,Good,
2025-01-02,2025-01-02_11_01_04_(18503)_sardine_input.jpeg,(18503)_(1),Good,Good,
2025-01-02,2025-01-02_11_01_04_(18503)_sardine_input.jpeg,(18503)_(2),Good,Good,
2025-01-02,2025-01-02_11_01_13_(18504)_sardine_input.jpeg,(18504)_(1),Good,Good,
2025-01-02,2025-01-02_11_01_13_(18504)_sardine_input.jpeg,(18504)_(2),Good,Good,
2025-01-02,2025-01-02_11_01_36_(18506)_sardine_input.jpeg,(18506)_(1),Good,Bad,Softness
2025-01-02,2025-01-02_11_01_36_(18506)_sardine_input.jpeg,(18506)_(2),Good,Good,
2025-01-02,2025-01-02_11_01_46_(18507)_sardine_input.jpeg,(18507)_(1),Good,Good,
2025-01-02,2025-01-02_11_01_46_(18507)_sardine_input.jpeg,(18507)_(2),Good,Good,
2025-01-02,2025-01-02_11_01_53_(18508)_sardine_input.jpeg,(18508)_(1),Good,Good,
2025-01-02,2025-01-02_11_01_53_(18508)_sardine_input.jpeg,(18508)_(2),Good,Good,
2025-01-02,2025-01-02_11_02_00_(18509)_sardine_input.jpeg,(18509)_(1),Good,Good,
2025-01-02,2025-01-02_11_02_00_(18509)_sardine_input.jpeg,(18509)_(2),Good,Bad,Damaged
2025-01-02,2025-01-02_11_02_11_(18510)_sardine_input.jpeg,(18510)_(1),Good,Good,
2025-01-02,2025-01-02_11_02_11_(18510)_sardine_input.jpeg,(18510)_(2),Good,Good,
2025-01-02,2025-01-02_11_02_48_(18513)_sardine_input.jpeg,(18513)_(1),Good,Bad,Softness
2025-01-02,2025-01-02_11_02_48_(18513)_sardine_input.jpeg,(18513)_(2),Good,Good,
2025-01-02,2025-01-02_11_03_10_(18515)_sardine_input.jpeg,(18515)_(1),Good,Good,
2025-01-02,2025-01-02_11_03_10_(18515)_sardine_input.jpeg,(18515)_(2),Good,Bad,Softness
2025-01-02,2025-01-02_11_03_21_(18516)_sardine_input.jpeg,(18516)_(1),Good,Good,
2025-01-02,2025-01-02_11_03_21_(18516)_sardine_input.jpeg,(18516)_(2),Good,Good,
2025-01-02,2025-01-02_11_03_27_(18517)_sardine_input.jpeg,(18517)_(1),Good,Good,
2025-01-02,2025-01-02_11_03_27_(18517)_sardine_input.jpeg,(18517)_(2),Good,Good,
2025-01-02,2025-01-02_11_03_39_(18518)_sardine_input.jpeg,(18518)_(1),Good,Good,
2025-01-02,2025-01-02_11_03_39_(18518)_sardine_input.jpeg,(18518)_(2),Good,Good,
2025-01-02,2025-01-02_11_03_49_(18519)_sardine_input.jpeg,(18519)_(1),Good,Good,
2025-01-02,2025-01-02_11_03_49_(18519)_sardine_input.jpeg,(18519)_(2),Good,Good,
2025-01-02,2025-01-02_11_03_58_(18520)_sardine_input.jpeg,(18520)_(1),Good,Good,
2025-01-02,2025-01-02_11_03_58_(18520)_sardine_input.jpeg,(18520)_(2),Good,Bad,Softness
2025-01-02,2025-01-02_11_04_11_(18521)_sardine_input.jpeg,(18521)_(1),Good,Good,
2025-01-02,2025-01-02_11_04_11_(18521)_sardine_input.jpeg,(18521)_(2),Good,Good,
2025-01-02,2025-01-02_11_04_19_(18522)_sardine_input.jpeg,(18522)_(1),Good,Good,
2025-01-02,2025-01-02_11_04_19_(18522)_sardine_input.jpeg,(18522)_(2),Good,Good,
2025-01-02,2025-01-02_11_04_29_(18523)_sardine_input.jpeg,(18523)_(1),Good,Good,
2025-01-02,2025-01-02_11_04_29_(18523)_sardine_input.jpeg,(18523)_(2),Good,Good,
2025-01-02,2025-01-02_11_04_52_(18525)_sardine_input.jpeg,(18525)_(1),Good,Good,
2025-01-02,2025-01-02_11_04_52_(18525)_sardine_input.jpeg,(18525)_(2),Good,Good,
2025-01-02,2025-01-02_11_05_02_(18526)_sardine_input.jpeg,(18526)_(1),Good,Good,
2025-01-02,2025-01-02_11_05_02_(18526)_sardine_input.jpeg,(18526)_(2),Good,Good,
2025-01-02,2025-01-02_11_05_10_(18527)_sardine_input.jpeg,(18527)_(1),Good,Good,
2025-01-02,2025-01-02_11_05_10_(18527)_sardine_input.jpeg,(18527)_(2),Good,Good,
2025-01-02,2025-01-02_11_05_22_(18528)_sardine_input.jpeg,(18528)_(1),Good,Good,
2025-01-02,2025-01-02_11_05_22_(18528)_sardine_input.jpeg,(18528)_(2),Good,Bad,Damaged
2025-01-02,2025-01-02_11_05_31_(18529)_sardine_input.jpeg,(18529)_(1),Good,Bad,Softness
2025-01-02,2025-01-02_11_05_31_(18529)_sardine_input.jpeg,(18529)_(2),Good,Good,
2025-01-02,2025-01-02_11_05_42_(18530)_sardine_input.jpeg,(18530)_(1),Good,Good,
2025-01-02,2025-01-02_11_05_42_(18530)_sardine_input.jpeg,(18530)_(2),Good,Good,
2025-01-02,2025-01-02_11_05_42_(18530)_sardine_input.jpeg,(18530)_(3),Good,Bad,Softness
2025-01-02,2025-01-02_11_05_50_(18531)_sardine_input.jpeg,(18531)_(1),Good,Good,
2025-01-02,2025-01-02_11_05_50_(18531)_sardine_input.jpeg,(18531)_(2),Good,Good,
2025-01-02,2025-01-02_11_06_10_(18533)_sardine_input.jpeg,(18533)_(1),Good,Bad,Softness
2025-01-02,2025-01-02_11_06_10_(18533)_sardine_input.jpeg,(18533)_(2),Good,Good,
2025-01-02,2025-01-02_11_06_20_(18534)_sardine_input.jpeg,(18534)_(1),Good,Good,
2025-01-02,2025-01-02_11_06_20_(18534)_sardine_input.jpeg,(18534)_(2),Good,Bad,Softness
2025-01-02,2025-01-02_11_06_32_(18535)_sardine_input.jpeg,(18535)_(1),Good,Good,
2025-01-02,2025-01-02_11_06_32_(18535)_sardine_input.jpeg,(18535)_(2),Good,Good,
2025-01-02,2025-01-02_11_06_43_(18536)_sardine_input.jpeg,(18536)_(1),Good,Good,
2025-01-02,2025-01-02_11_06_43_(18536)_sardine_input.jpeg,(18536)_(2),Good,Good,
2025-01-21,2025-01-21_10_19_45_(18782)_sardine_input.jpeg,(18782)_(1),Bad,Bad,Softness
2025-01-21,2025-01-21_10_19_45_(18782)_sardine_input.jpeg,(18782)_(2),Bad,Bad,Softness
2025-01-21,2025-01-21_10_19_56_(18783)_sardine_input.jpeg,(18783)_(1),Bad,Good,
2025-01-21,2025-01-21_10_19_56_(18783)_sardine_input.jpeg,(18783)_(2),Bad,Bad,Softness
2025-01-21,2025-01-21_10_20_13_(18784)_sardine_input.jpeg,(18784)_(1),Bad,Bad,Softness
2025-01-21,2025-01-21_10_20_13_(18784)_sardine_input.jpeg,(18784)_(2),Bad,Good,
2025-01-21,2025-01-21_10_20_28_(18785)_sardine_input.jpeg,(18785)_(1),Bad,Bad,Softness
2025-01-21,2025-01-21_10_20_28_(18785)_sardine_input.jpeg,(18785)_(2),Bad,Bad,Softness
2025-01-21,2025-01-21_10_20_44_(18786)_sardine_input.jpeg,(18786)_(1),Bad,Good,
2025-01-21,2025-01-21_10_20_44_(18786)_sardine_input.jpeg,(18786)_(2),Bad,Good,
2025-01-21,2025-01-21_10_21_03_(18787)_sardine_input.jpeg,(18787)_(1),Bad,Bad,Softness
2025-01-21,2025-01-21_10_21_03_(18787)_sardine_input.jpeg,(18787)_(2),Bad,Bad,Softness
2025-01-21,2025-01-21_10_21_13_(18788)_sardine_input.jpeg,(18788)_(1),Bad,Bad,Damaged
2025-01-21,2025-01-21_10_21_13_(18788)_sardine_input.jpeg,(18788)_(2),Bad,Bad,Softness
2025-01-21,2025-01-21_10_21_25_(18789)_sardine_input.jpeg,(18789)_(1),Bad,Bad,Softness
2025-01-21,2025-01-21_10_21_25_(18789)_sardine_input.jpeg,(18789)_(2),Bad,Bad,Softness
2025-01-21,2025-01-21_10_21_44_(18790)_sardine_input.jpeg,(18790)_(1),Bad,Bad,Softness
2025-01-21,2025-01-21_10_21_44_(18790)_sardine_input.jpeg,(18790)_(2),Bad,Bad,Softness
2025-01-21,2025-01-21_10_30_00_(18831)_sardine_input.jpeg,(18831)_(1),Bad,Good,
2025-01-21,2025-01-21_10_30_00_(18831)_sardine_input.jpeg,(18831)_(2),Bad,Bad,Softness
2025-01-21,2025-01-21_10_30_13_(18832)_sardine_input.jpeg,(18832)_(1),Bad,Bad,Softness
2025-01-21,2025-01-21_10_30_13_(18832)_sardine_input.jpeg,(18832)_(2),Bad,Bad,Softness
2025-01-21,2025-01-21_10_30_24_(18833)_sardine_input.jpeg,(18833)_(1),Bad,Good,
2025-01-21,2025-01-21_10_30_24_(18833)_sardine_input.jpeg,(18833)_(2),Bad,Bad,Softness
2025-01-21,2025-01-21_10_39_47_(18854)_sardine_input.jpeg,(18854)_(1),Bad,Good,
2025-01-21,2025-01-21_10_39_47_(18854)_sardine_input.jpeg,(18854)_(2),Bad,Bad,Softness
2025-01-21,2025-01-21_10_39_58_(18855)_sardine_input.jpeg,(18855)_(1),Bad,Good,
2025-01-21,2025-01-21_10_39_58_(18855)_sardine_input.jpeg,(18855)_(2),Bad,Bad,Softness
2025-01-21,2025-01-21_10_40_11_(18856)_sardine_input.jpeg,(18856)_(1),Bad,Good,
2025-01-21,2025-01-21_10_40_11_(18856)_sardine_input.jpeg,(18856)_(2),Bad,Good,
2025-01-21,2025-01-21_10_40_22_(18857)_sardine_input.jpeg,(18857)_(1),Bad,Good,
2025-01-21,2025-01-21_10_40_22_(18857)_sardine_input.jpeg,(18857)_(2),Bad,Good,
2025-01-21,2025-01-21_10_40_34_(18858)_sardine_input.jpeg,(18858)_(1),Bad,Bad,Softness
2025-01-21,2025-01-21_10_40_34_(18858)_sardine_input.jpeg,(18858)_(2),Bad,Bad,Softness
2025-01-21,2025-01-21_10_40_47_(18859)_sardine_input.jpeg,(18859)_(1),Bad,Good,
2025-01-21,2025-01-21_10_40_47_(18859)_sardine_input.jpeg,(18859)_(2),Bad,Good,
2025-01-21,2025-01-21_10_40_58_(18860)_sardine_input.jpeg,(18860)_(1),Bad,Bad,Softness
2025-01-21,2025-01-21_10_40_58_(18860)_sardine_input.jpeg,(18860)_(2),Bad,Bad,Softness
2025-01-21,2025-01-21_10_41_08_(18861)_sardine_input.jpeg,(18861)_(1),Bad,Good,
2025-01-21,2025-01-21_10_41_08_(18861)_sardine_input.jpeg,(18861)_(2),Bad,Good,
2025-01-21,2025-01-21_10_41_20_(18862)_sardine_input.jpeg,(18862)_(1),Bad,Good,
2025-01-21,2025-01-21_10_41_20_(18862)_sardine_input.jpeg,(18862)_(2),Bad,Good,
2025-01-21,2025-01-21_10_41_29_(18863)_sardine_input.jpeg,(18863)_(1),Bad,Bad,Softness
2025-01-21,2025-01-21_10_41_29_(18863)_sardine_input.jpeg,(18863)_(2),Bad,Good,
2025-01-21,2025-01-21_10_41_40_(18864)_sardine_input.jpeg,(18864)_(1),Bad,Bad,Softness
2025-01-21,2025-01-21_10_41_40_(18864)_sardine_input.jpeg,(18864)_(2),Bad,Good,
2025-01-21,2025-01-21_10_41_50_(18865)_sardine_input.jpeg,(18865)_(1),Bad,Good,
2025-01-21,2025-01-21_10_41_50_(18865)_sardine_input.jpeg,(18865)_(2),Bad,Good,
2025-01-21,2025-01-21_10_42_02_(18866)_sardine_input.jpeg,(18866)_(1),Bad,Good,
2025-01-21,2025-01-21_10_42_02_(18866)_sardine_input.jpeg,(18866)_(2),Bad,Good,
2025-01-21,2025-01-21_10_42_14_(18867)_sardine_input.jpeg,(18867)_(1),Bad,Bad,Softness
2025-01-21,2025-01-21_10_42_14_(18867)_sardine_input.jpeg,(18867)_(2),Bad,Good,
2025-01-21,2025-01-21_10_42_26_(18868)_sardine_input.jpeg,(18868)_(1),Bad,Bad,Softness
2025-01-21,2025-01-21_10_42_26_(18868)_sardine_input.jpeg,(18868)_(2),Bad,Good,
2025-01-21,2025-01-21_10_51_19_(18871)_sardine_input.jpeg,(18871)_(1),Bad,Bad,Softness
2025-01-21,2025-01-21_10_51_19_(18871)_sardine_input.jpeg,(18871)_(2),Bad,Good,
2025-01-21,2025-01-21_10_59_43_(18919)_sardine_input.jpeg,(18919)_(1),Bad,Good,
2025-01-21,2025-01-21_10_59_43_(18919)_sardine_input.jpeg,(18919)_(2),Bad,Bad,Softness
2025-01-21,2025-01-21_10_59_55_(18920)_sardine_input.jpeg,(18920)_(1),Bad,Bad,Softness
2025-01-21,2025-01-21_10_59_55_(18920)_sardine_input.jpeg,(18920)_(2),Bad,Bad,Softness
2025-01-21,2025-01-21_11_00_05_(18921)_sardine_input.jpeg,(18921)_(1),Bad,Good,
2025-01-21,2025-01-21_11_00_05_(18921)_sardine_input.jpeg,(18921)_(2),Bad,Good,
2025-01-21,2025-01-21_11_00_14_(18922)_sardine_input.jpeg,(18922)_(1),Bad,Bad,Softness
2025-01-21,2025-01-21_11_00_14_(18922)_sardine_input.jpeg,(18922)_(2),Bad,Good,
2025-01-21,2025-01-21_11_00_24_(18923)_sardine_input.jpeg,(18923)_(1),Bad,Bad,Softness
2025-01-21,2025-01-21_11_00_24_(18923)_sardine_input.jpeg,(18923)_(2),Bad,Bad,Softness
2025-01-21,2025-01-21_11_00_35_(18924)_sardine_input.jpeg,(18924)_(1),Bad,Bad,Softness
2025-01-21,2025-01-21_11_00_35_(18924)_sardine_input.jpeg,(18924)_(2),Bad,Bad,Softness
2025-01-21,2025-01-21_11_00_48_(18925)_sardine_input.jpeg,(18925)_(1),Bad,Bad,Softness
2025-01-21,2025-01-21_11_00_48_(18925)_sardine_input.jpeg,(18925)_(2),Bad,Bad,Softness
2025-01-21,2025-01-21_11_00_57_(18926)_sardine_input.jpeg,(18926)_(1),Bad,Bad,Softness
2025-01-21,2025-01-21_11_00_57_(18926)_sardine_input.jpeg,(18926)_(2),Bad,Bad,Softness
2025-01-21,2025-01-21_11_01_06_(18927)_sardine_input.jpeg,(18927)_(1),Bad,Bad,Softness
2025-01-21,2025-01-21_11_01_06_(18927)_sardine_input.jpeg,(18927)_(2),Bad,Good,
2025-01-21,2025-01-21_11_01_18_(18928)_sardine_input.jpeg,(18928)_(1),Bad,Good,
2025-01-21,2025-01-21_11_01_18_(18928)_sardine_input.jpeg,(18928)_(2),Bad,Bad,Softness
2025-01-21,2025-01-21_11_01_29_(18929)_sardine_input.jpeg,(18929)_(1),Bad,Bad,Softness
2025-01-21,2025-01-21_11_01_29_(18929)_sardine_input.jpeg,(18929)_(2),Bad,Bad,Softness
2025-01-21,2025-01-21_11_01_38_(18930)_sardine_input.jpeg,(18930)_(1),Bad,Bad,Softness
2025-01-21,2025-01-21_11_01_38_(18930)_sardine_input.jpeg,(18930)_(2),Bad,Bad,Softness
2025-01-21,2025-01-21_10_13_40_(18754)_sardine_input.jpeg,(18754)_(1),Good,Good,
2025-01-21,2025-01-21_10_13_40_(18754)_sardine_input.jpeg,(18754)_(2),Good,Good,
2025-01-21,2025-01-21_10_13_52_(18755)_sardine_input.jpeg,(18755)_(1),Good,Good,
2025-01-21,2025-01-21_10_13_52_(18755)_sardine_input.jpeg,(18755)_(2),Good,Bad,Softness
2025-01-21,2025-01-21_10_14_01_(18756)_sardine_input.jpeg,(18756)_(1),Good,Bad,Softness
2025-01-21,2025-01-21_10_14_01_(18756)_sardine_input.jpeg,(18756)_(2),Good,Bad,Softness
2025-01-21,2025-01-21_10_14_13_(18757)_sardine_input.jpeg,(18757)_(1),Good,Good,
2025-01-21,2025-01-21_10_14_13_(18757)_sardine_input.jpeg,(18757)_(2),Good,Good,
2025-01-21,2025-01-21_10_14_23_(18758)_sardine_input.jpeg,(18758)_(1),Good,Good,
2025-01-21,2025-01-21_10_14_23_(18758)_sardine_input.jpeg,(18758)_(2),Good,Good,
2025-01-21,2025-01-21_10_14_35_(18759)_sardine_input.jpeg,(18759)_(1),Good,Bad,Softness
2025-01-21,2025-01-21_10_14_35_(18759)_sardine_input.jpeg,(18759)_(2),Good,Good,
2025-01-21,2025-01-21_10_14_44_(18760)_sardine_input.jpeg,(18760)_(1),Good,Good,
2025-01-21,2025-01-21_10_14_44_(18760)_sardine_input.jpeg,(18760)_(2),Good,Bad,Softness
2025-01-21,2025-01-21_10_15_14_(18761)_sardine_input.jpeg,(18761)_(1),Good,Good,
2025-01-21,2025-01-21_10_15_14_(18761)_sardine_input.jpeg,(18761)_(2),Good,Bad,Softness
2025-01-21,2025-01-21_10_15_27_(18762)_sardine_input.jpeg,(18762)_(1),Good,Good,
2025-01-21,2025-01-21_10_15_27_(18762)_sardine_input.jpeg,(18762)_(2),Good,Bad,Softness
2025-01-21,2025-01-21_10_15_37_(18763)_sardine_input.jpeg,(18763)_(1),Good,Good,
2025-01-21,2025-01-21_10_15_37_(18763)_sardine_input.jpeg,(18763)_(2),Good,Good,
2025-01-21,2025-01-21_10_15_46_(18764)_sardine_input.jpeg,(18764)_(1),Good,Good,
2025-01-21,2025-01-21_10_15_46_(18764)_sardine_input.jpeg,(18764)_(2),Good,Good,
2025-01-21,2025-01-21_10_15_55_(18765)_sardine_input.jpeg,(18765)_(1),Good,Good,
2025-01-21,2025-01-21_10_15_55_(18765)_sardine_input.jpeg,(18765)_(2),Good,Good,
2025-01-21,2025-01-21_10_16_08_(18766)_sardine_input.jpeg,(18766)_(1),Good,Good,
2025-01-21,2025-01-21_10_16_08_(18766)_sardine_input.jpeg,(18766)_(2),Good,Bad,Softness
2025-01-21,2025-01-21_10_16_18_(18767)_sardine_input.jpeg,(18767)_(1),Good,Good,
2025-01-21,2025-01-21_10_16_18_(18767)_sardine_input.jpeg,(18767)_(2),Good,Bad,Softness
2025-01-21,2025-01-21_10_16_27_(18768)_sardine_input.jpeg,(18768)_(1),Good,Bad,Softness
2025-01-21,2025-01-21_10_16_27_(18768)_sardine_input.jpeg,(18768)_(2),Good,Good,
2025-01-21,2025-01-21_10_16_36_(18769)_sardine_input.jpeg,(18769)_(1),Good,Good,
2025-01-21,2025-01-21_10_16_36_(18769)_sardine_input.jpeg,(18769)_(2),Good,Good,
2025-01-21,2025-01-21_10_16_46_(18770)_sardine_input.jpeg,(18770)_(1),Good,Good,
2025-01-21,2025-01-21_10_16_46_(18770)_sardine_input.jpeg,(18770)_(2),Good,Good,
2025-01-21,2025-01-21_10_16_54_(18771)_sardine_input.jpeg,(18771)_(1),Good,Good,
2025-01-21,2025-01-21_10_16_54_(18771)_sardine_input.jpeg,(18771)_(2),Good,Good,
2025-01-21,2025-01-21_10_17_31_(18773)_sardine_input.jpeg,(18773)_(1),Good,Good,
2025-01-21,2025-01-21_10_17_31_(18773)_sardine_input.jpeg,(18773)_(2),Good,Bad,Softness
2025-01-21,2025-01-21_10_17_41_(18774)_sardine_input.jpeg,(18774)_(1),Good,Good,
2025-01-21,2025-01-21_10_17_41_(18774)_sardine_input.jpeg,(18774)_(2),Good,Bad,Softness
2025-01-21,2025-01-21_10_17_51_(18775)_sardine_input.jpeg,(18775)_(1),Good,Bad,Softness
2025-01-21,2025-01-21_10_17_51_(18775)_sardine_input.jpeg,(18775)_(2),Good,Good,
2025-01-21,2025-01-21_10_18_01_(18776)_sardine_input.jpeg,(18776)_(1),Good,Good,
2025-01-21,2025-01-21_10_18_01_(18776)_sardine_input.jpeg,(18776)_(2),Good,Bad,Softness
2025-01-21,2025-01-21_10_18_12_(18777)_sardine_input.jpeg,(18777)_(1),Good,Bad,Softness
2025-01-21,2025-01-21_10_18_12_(18777)_sardine_input.jpeg,(18777)_(2),Good,Bad,Softness
2025-01-21,2025-01-21_10_18_22_(18778)_sardine_input.jpeg,(18778)_(1),Good,Good,
2025-01-21,2025-01-21_10_18_22_(18778)_sardine_input.jpeg,(18778)_(2),Good,Good,
2025-01-21,2025-01-21_10_18_32_(18779)_sardine_input.jpeg,(18779)_(1),Good,Good,
2025-01-21,2025-01-21_10_18_32_(18779)_sardine_input.jpeg,(18779)_(2),Good,Bad,Softness
2025-01-21,2025-01-21_10_19_23_(18780)_sardine_input.jpeg,(18780)_(1),Good,Good,
2025-01-21,2025-01-21_10_19_23_(18780)_sardine_input.jpeg,(18780)_(2),Good,Bad,Softness
2025-01-21,2025-01-21_10_19_34_(18781)_sardine_input.jpeg,(18781)_(1),Good,Bad,Softness
2025-01-21,2025-01-21_10_19_34_(18781)_sardine_input.jpeg,(18781)_(2),Good,Good,
2025-01-21,2025-01-21_10_21_59_(18791)_sardine_input.jpeg,(18791)_(1),Good,Good,
2025-01-21,2025-01-21_10_21_59_(18791)_sardine_input.jpeg,(18791)_(2),Good,Good,
2025-01-21,2025-01-21_10_22_04_(18792)_sardine_input.jpeg,(18792)_(1),Good,Good,
2025-01-21,2025-01-21_10_22_04_(18792)_sardine_input.jpeg,(18792)_(2),Good,Good,
2025-01-21,2025-01-21_10_22_12_(18793)_sardine_input.jpeg,(18793)_(1),Good,Good,
2025-01-21,2025-01-21_10_22_12_(18793)_sardine_input.jpeg,(18793)_(2),Good,Good,
2025-01-21,2025-01-21_10_22_22_(18794)_sardine_input.jpeg,(18794)_(1),Good,Good,
2025-01-21,2025-01-21_10_22_22_(18794)_sardine_input.jpeg,(18794)_(2),Good,Bad,Softness
2025-01-21,2025-01-21_10_22_30_(18795)_sardine_input.jpeg,(18795)_(1),Good,Good,
2025-01-21,2025-01-21_10_22_30_(18795)_sardine_input.jpeg,(18795)_(2),Good,Good,
2025-01-21,2025-01-21_10_22_38_(18796)_sardine_input.jpeg,(18796)_(1),Good,Good,
2025-01-21,2025-01-21_10_22_38_(18796)_sardine_input.jpeg,(18796)_(2),Good,Good,
2025-01-21,2025-01-21_10_22_49_(18797)_sardine_input.jpeg,(18797)_(1),Good,Good,
2025-01-21,2025-01-21_10_22_49_(18797)_sardine_input.jpeg,(18797)_(2),Good,Good,
2025-01-21,2025-01-21_10_23_01_(18798)_sardine_input.jpeg,(18798)_(1),Good,Bad,Softness
2025-01-21,2025-01-21_10_23_01_(18798)_sardine_input.jpeg,(18798)_(2),Good,Good,
2025-01-21,2025-01-21_10_23_11_(18799)_sardine_input.jpeg,(18799)_(1),Good,Good,
2025-01-21,2025-01-21_10_23_11_(18799)_sardine_input.jpeg,(18799)_(2),Good,Good,
2025-01-21,2025-01-21_10_23_19_(18800)_sardine_input.jpeg,(18800)_(1),Good,Good,
2025-01-21,2025-01-21_10_23_19_(18800)_sardine_input.jpeg,(18800)_(2),Good,Good,
2025-01-21,2025-01-21_10_23_27_(18801)_sardine_input.jpeg,(18801)_(1),Good,Bad,Softness
2025-01-21,2025-01-21_10_23_27_(18801)_sardine_input.jpeg,(18801)_(2),Good,Good,
2025-01-21,2025-01-21_10_23_36_(18802)_sardine_input.jpeg,(18802)_(1),Good,Good,
2025-01-21,2025-01-21_10_23_36_(18802)_sardine_input.jpeg,(18802)_(2),Good,Bad,Softness
2025-01-21,2025-01-21_10_23_46_(18803)_sardine_input.jpeg,(18803)_(1),Good,Bad,Softness
2025-01-21,2025-01-21_10_23_46_(18803)_sardine_input.jpeg,(18803)_(2),Good,Good,
2025-01-21,2025-01-21_10_23_57_(18804)_sardine_input.jpeg,(18804)_(1),Good,Good,
2025-01-21,2025-01-21_10_23_57_(18804)_sardine_input.jpeg,(18804)_(2),Good,Good,
2025-01-21,2025-01-21_10_24_05_(18805)_sardine_input.jpeg,(18805)_(1),Good,Good,
2025-01-21,2025-01-21_10_24_05_(18805)_sardine_input.jpeg,(18805)_(2),Good,Bad,Softness
2025-01-21,2025-01-21_10_24_13_(18806)_sardine_input.jpeg,(18806)_(1),Good,Bad,Softness
2025-01-21,2025-01-21_10_24_13_(18806)_sardine_input.jpeg,(18806)_(2),Good,Good,
2025-01-21,2025-01-21_10_24_25_(18807)_sardine_input.jpeg,(18807)_(1),Good,Good,
2025-01-21,2025-01-21_10_24_25_(18807)_sardine_input.jpeg,(18807)_(2),Good,Good,
2025-01-21,2025-01-21_10_24_33_(18808)_sardine_input.jpeg,(18808)_(1),Good,Good,
2025-01-21,2025-01-21_10_24_33_(18808)_sardine_input.jpeg,(18808)_(2),Good,Bad,Softness
2025-01-21,2025-01-21_10_25_04_(18809)_sardine_input.jpeg,(18809)_(1),Good,Good,
2025-01-21,2025-01-21_10_25_04_(18809)_sardine_input.jpeg,(18809)_(2),Good,Good,
2025-01-21,2025-01-21_10_25_13_(18810)_sardine_input.jpeg,(18810)_(1),Good,Bad,Softness
2025-01-21,2025-01-21_10_25_13_(18810)_sardine_input.jpeg,(18810)_(2),Good,Good,
2025-01-21,2025-01-21_10_26_11_(18811)_sardine_input.jpeg,(18811)_(1),Good,Bad,Softness
2025-01-21,2025-01-21_10_26_11_(18811)_sardine_input.jpeg,(18811)_(2),Good,Good,
2025-01-21,2025-01-21_10_26_21_(18812)_sardine_input.jpeg,(18812)_(1),Good,Good,
2025-01-21,2025-01-21_10_26_21_(18812)_sardine_input.jpeg,(18812)_(2),Good,Good,
2025-01-21,2025-01-21_10_26_59_(18813)_sardine_input.jpeg,(18813)_(1),Good,Good,
2025-01-21,2025-01-21_10_26_59_(18813)_sardine_input.jpeg,(18813)_(2),Good,Good,
2025-01-21,2025-01-21_10_27_13_(18814)_sardine_input.jpeg,(18814)_(1),Good,Good,
2025-01-21,2025-01-21_10_27_13_(18814)_sardine_input.jpeg,(18814)_(2),Good,Good,
2025-01-21,2025-01-21_10_27_24_(18815)_sardine_input.jpeg,(18815)_(1),Good,Good,
2025-01-21,2025-01-21_10_27_24_(18815)_sardine_input.jpeg,(18815)_(2),Good,Good,
2025-01-21,2025-01-21_10_27_32_(18816)_sardine_input.jpeg,(18816)_(1),Good,Good,
2025-01-21,2025-01-21_10_27_32_(18816)_sardine_input.jpeg,(18816)_(2),Good,Good,
2025-01-21,2025-01-21_10_27_41_(18817)_sardine_input.jpeg,(18817)_(1),Good,Good,
2025-01-21,2025-01-21_10_27_41_(18817)_sardine_input.jpeg,(18817)_(2),Good,Good,
2025-01-21,2025-01-21_10_27_54_(18818)_sardine_input.jpeg,(18818)_(1),Good,Good,
2025-01-21,2025-01-21_10_27_54_(18818)_sardine_input.jpeg,(18818)_(2),Good,Good,
2025-01-21,2025-01-21_10_28_03_(18819)_sardine_input.jpeg,(18819)_(1),Good,Good,
2025-01-21,2025-01-21_10_28_03_(18819)_sardine_input.jpeg,(18819)_(2),Good,Bad,Softness
2025-01-21,2025-01-21_10_28_12_(18820)_sardine_input.jpeg,(18820)_(1),Good,Bad,Softness
2025-01-21,2025-01-21_10_28_12_(18820)_sardine_input.jpeg,(18820)_(2),Good,Good,
2025-01-21,2025-01-21_10_28_22_(18821)_sardine_input.jpeg,(18821)_(1),Good,Good,
2025-01-21,2025-01-21_10_28_22_(18821)_sardine_input.jpeg,(18821)_(2),Good,Good,
2025-01-21,2025-01-21_10_28_30_(18822)_sardine_input.jpeg,(18822)_(1),Good,Bad,Softness
2025-01-21,2025-01-21_10_28_30_(18822)_sardine_input.jpeg,(18822)_(2),Good,Good,
2025-01-21,2025-01-21_10_28_38_(18823)_sardine_input.jpeg,(18823)_(1),Good,Bad,Softness
2025-01-21,2025-01-21_10_28_38_(18823)_sardine_input.jpeg,(18823)_(2),Good,Good,
2025-01-21,2025-01-21_10_28_47_(18824)_sardine_input.jpeg,(18824)_(1),Good,Good,
2025-01-21,2025-01-21_10_28_47_(18824)_sardine_input.jpeg,(18824)_(2),Good,Bad,Softness
2025-01-21,2025-01-21_10_28_56_(18825)_sardine_input.jpeg,(18825)_(1),Good,Good,
2025-01-21,2025-01-21_10_28_56_(18825)_sardine_input.jpeg,(18825)_(2),Good,Good,
2025-01-21,2025-01-21_10_29_04_(18826)_sardine_input.jpeg,(18826)_(1),Good,Good,
2025-01-21,2025-01-21_10_29_04_(18826)_sardine_input.jpeg,(18826)_(2),Good,Good,
2025-01-21,2025-01-21_10_29_13_(18827)_sardine_input.jpeg,(18827)_(1),Good,Bad,Softness
2025-01-21,2025-01-21_10_29_13_(18827)_sardine_input.jpeg,(18827)_(2),Good,Good,
2025-01-21,2025-01-21_10_29_24_(18828)_sardine_input.jpeg,(18828)_(1),Good,Good,
2025-01-21,2025-01-21_10_29_24_(18828)_sardine_input.jpeg,(18828)_(2),Good,Good,
2025-01-21,2025-01-21_10_29_33_(18829)_sardine_input.jpeg,(18829)_(1),Good,Good,
2025-01-21,2025-01-21_10_29_33_(18829)_sardine_input.jpeg,(18829)_(2),Good,Good,
2025-01-21,2025-01-21_10_29_49_(18830)_sardine_input.jpeg,(18830)_(1),Good,Bad,Softness
2025-01-21,2025-01-21_10_29_49_(18830)_sardine_input.jpeg,(18830)_(2),Good,Good,
2025-01-21,2025-01-21_10_30_41_(18834)_sardine_input.jpeg,(18834)_(1),Good,Good,
2025-01-21,2025-01-21_10_30_41_(18834)_sardine_input.jpeg,(18834)_(2),Good,Good,
2025-01-21,2025-01-21_10_30_50_(18835)_sardine_input.jpeg,(18835)_(1),Good,Good,
2025-01-21,2025-01-21_10_30_50_(18835)_sardine_input.jpeg,(18835)_(2),Good,Good,
2025-01-21,2025-01-21_10_30_59_(18836)_sardine_input.jpeg,(18836)_(1),Good,Good,
2025-01-21,2025-01-21_10_30_59_(18836)_sardine_input.jpeg,(18836)_(2),Good,Good,
2025-01-21,2025-01-21_10_31_06_(18837)_sardine_input.jpeg,(18837)_(1),Good,Good,
2025-01-21,2025-01-21_10_31_06_(18837)_sardine_input.jpeg,(18837)_(2),Good,Bad,Softness
2025-01-21,2025-01-21_10_31_16_(18838)_sardine_input.jpeg,(18838)_(1),Good,Good,
2025-01-21,2025-01-21_10_31_16_(18838)_sardine_input.jpeg,(18838)_(2),Good,Bad,Softness
2025-01-21,2025-01-21_10_31_23_(18839)_sardine_input.jpeg,(18839)_(1),Good,Bad,Softness
2025-01-21,2025-01-21_10_31_23_(18839)_sardine_input.jpeg,(18839)_(2),Good,Good,
2025-01-21,2025-01-21_10_33_45_(18840)_sardine_input.jpeg,(18840)_(1),Good,Bad,Softness
2025-01-21,2025-01-21_10_33_45_(18840)_sardine_input.jpeg,(18840)_(2),Good,Good,
2025-01-21,2025-01-21_10_33_54_(18841)_sardine_input.jpeg,(18841)_(1),Good,Good,
2025-01-21,2025-01-21_10_33_54_(18841)_sardine_input.jpeg,(18841)_(2),Good,Good,
2025-01-21,2025-01-21_10_34_04_(18842)_sardine_input.jpeg,(18842)_(1),Good,Good,
2025-01-21,2025-01-21_10_34_04_(18842)_sardine_input.jpeg,(18842)_(2),Good,Bad,Softness
2025-01-21,2025-01-21_10_34_14_(18843)_sardine_input.jpeg,(18843)_(1),Good,Bad,Softness
2025-01-21,2025-01-21_10_34_14_(18843)_sardine_input.jpeg,(18843)_(2),Good,Good,
2025-01-21,2025-01-21_10_34_24_(18844)_sardine_input.jpeg,(18844)_(1),Good,Good,
2025-01-21,2025-01-21_10_34_24_(18844)_sardine_input.jpeg,(18844)_(2),Good,Good,
2025-01-21,2025-01-21_10_34_34_(18845)_sardine_input.jpeg,(18845)_(1),Good,Good,
2025-01-21,2025-01-21_10_34_34_(18845)_sardine_input.jpeg,(18845)_(2),Good,Bad,Softness
2025-01-21,2025-01-21_10_34_44_(18846)_sardine_input.jpeg,(18846)_(1),Good,Good,
2025-01-21,2025-01-21_10_34_44_(18846)_sardine_input.jpeg,(18846)_(2),Good,Good,
2025-01-21,2025-01-21_10_34_52_(18847)_sardine_input.jpeg,(18847)_(1),Good,Good,
2025-01-21,2025-01-21_10_34_52_(18847)_sardine_input.jpeg,(18847)_(2),Good,Good,
2025-01-21,2025-01-21_10_35_00_(18848)_sardine_input.jpeg,(18848)_(1),Good,Good,
2025-01-21,2025-01-21_10_35_00_(18848)_sardine_input.jpeg,(18848)_(2),Good,Good,
2025-01-21,2025-01-21_10_35_11_(18849)_sardine_input.jpeg,(18849)_(1),Good,Good,
2025-01-21,2025-01-21_10_35_11_(18849)_sardine_input.jpeg,(18849)_(2),Good,Good,
2025-01-21,2025-01-21_10_35_22_(18850)_sardine_input.jpeg,(18850)_(1),Good,Good,
2025-01-21,2025-01-21_10_35_22_(18850)_sardine_input.jpeg,(18850)_(2),Good,Bad,Softness
2025-01-21,2025-01-21_10_35_32_(18851)_sardine_input.jpeg,(18851)_(1),Good,Bad,Softness
2025-01-21,2025-01-21_10_35_32_(18851)_sardine_input.jpeg,(18851)_(2),Good,Good,
2025-01-21,2025-01-21_10_35_40_(18852)_sardine_input.jpeg,(18852)_(1),Good,Bad,Softness
2025-01-21,2025-01-21_10_35_40_(18852)_sardine_input.jpeg,(18852)_(2),Good,Bad,Softness
2025-01-21,2025-01-21_10_35_52_(18853)_sardine_input.jpeg,(18853)_(1),Good,Bad,Softness
2025-01-21,2025-01-21_10_35_52_(18853)_sardine_input.jpeg,(18853)_(2),Good,Good,
2025-01-21,2025-01-21_10_51_00_(18869)_sardine_input.jpeg,(18869)_(1),Good,Good,
2025-01-21,2025-01-21_10_51_00_(18869)_sardine_input.jpeg,(18869)_(2),Good,Good,
2025-01-21,2025-01-21_10_51_08_(18870)_sardine_input.jpeg,(18870)_(1),Good,Good,
2025-01-21,2025-01-21_10_51_08_(18870)_sardine_input.jpeg,(18870)_(2),Good,Bad,Softness
2025-01-21,2025-01-21_10_51_27_(18872)_sardine_input.jpeg,(18872)_(1),Good,Good,
2025-01-21,2025-01-21_10_51_27_(18872)_sardine_input.jpeg,(18872)_(2),Good,Good,
2025-01-21,2025-01-21_10_52_43_(18873)_sardine_input.jpeg,(18873)_(1),Good,Good,
2025-01-21,2025-01-21_10_52_43_(18873)_sardine_input.jpeg,(18873)_(2),Good,Good,
2025-01-21,2025-01-21_10_52_52_(18874)_sardine_input.jpeg,(18874)_(1),Good,Good,
2025-01-21,2025-01-21_10_52_52_(18874)_sardine_input.jpeg,(18874)_(2),Good,Good,
2025-01-21,2025-01-21_10_53_00_(18875)_sardine_input.jpeg,(18875)_(1),Good,Good,
2025-01-21,2025-01-21_10_53_00_(18875)_sardine_input.jpeg,(18875)_(2),Good,Good,
2025-01-21,2025-01-21_10_53_08_(18876)_sardine_input.jpeg,(18876)_(1),Good,Good,
2025-01-21,2025-01-21_10_53_08_(18876)_sardine_input.jpeg,(18876)_(2),Good,Bad,Softness
2025-01-21,2025-01-21_10_53_18_(18877)_sardine_input.jpeg,(18877)_(1),Good,Good,
2025-01-21,2025-01-21_10_53_18_(18877)_sardine_input.jpeg,(18877)_(2),Good,Bad,Softness
2025-01-21,2025-01-21_10_53_28_(18878)_sardine_input.jpeg,(18878)_(1),Good,Good,
2025-01-21,2025-01-21_10_53_28_(18878)_sardine_input.jpeg,(18878)_(2),Good,Bad,Softness
2025-01-21,2025-01-21_10_53_36_(18879)_sardine_input.jpeg,(18879)_(1),Good,Good,
2025-01-21,2025-01-21_10_53_36_(18879)_sardine_input.jpeg,(18879)_(2),Good,Bad,Softness
2025-01-21,2025-01-21_10_53_46_(18880)_sardine_input.jpeg,(18880)_(1),Good,Good,
2025-01-21,2025-01-21_10_53_46_(18880)_sardine_input.jpeg,(18880)_(2),Good,Good,
2025-01-21,2025-01-21_10_53_54_(18881)_sardine_input.jpeg,(18881)_(1),Good,Good,
2025-01-21,2025-01-21_10_53_54_(18881)_sardine_input.jpeg,(18881)_(2),Good,Good,
2025-01-21,2025-01-21_10_54_12_(18882)_sardine_input.jpeg,(18882)_(1),Good,Good,
2025-01-21,2025-01-21_10_54_12_(18882)_sardine_input.jpeg,(18882)_(2),Good,Bad,Softness
2025-01-21,2025-01-21_10_54_27_(18883)_sardine_input.jpeg,(18883)_(1),Good,Good,
2025-01-21,2025-01-21_10_54_27_(18883)_sardine_input.jpeg,(18883)_(2),Good,Bad,Softness
2025-01-21,2025-01-21_10_54_37_(18884)_sardine_input.jpeg,(18884)_(1),Good,Good,
2025-01-21,2025-01-21_10_54_37_(18884)_sardine_input.jpeg,(18884)_(2),Good,Good,
2025-01-21,2025-01-21_10_54_45_(18885)_sardine_input.jpeg,(18885)_(1),Good,Good,
2025-01-21,2025-01-21_10_54_45_(18885)_sardine_input.jpeg,(18885)_(2),Good,Bad,Softness
2025-01-21,2025-01-21_10_54_56_(18886)_sardine_input.jpeg,(18886)_(1),Good,Good,
2025-01-21,2025-01-21_10_54_56_(18886)_sardine_input.jpeg,(18886)_(2),Good,Good,
2025-01-21,2025-01-21_10_55_04_(18887)_sardine_input.jpeg,(18887)_(1),Good,Good,
2025-01-21,2025-01-21_10_55_04_(18887)_sardine_input.jpeg,(18887)_(2),Good,Bad,Softness
2025-01-21,2025-01-21_10_55_12_(18888)_sardine_input.jpeg,(18888)_(1),Good,Good,
2025-01-21,2025-01-21_10_55_12_(18888)_sardine_input.jpeg,(18888)_(2),Good,Good,
2025-01-21,2025-01-21_10_55_21_(18889)_sardine_input.jpeg,(18889)_(1),Good,Good,
2025-01-21,2025-01-21_10_55_21_(18889)_sardine_input.jpeg,(18889)_(2),Good,Good,
2025-01-21,2025-01-21_10_55_29_(18890)_sardine_input.jpeg,(18890)_(1),Good,Good,
2025-01-21,2025-01-21_10_55_29_(18890)_sardine_input.jpeg,(18890)_(2),Good,Bad,Softness
2025-01-21,2025-01-21_10_55_37_(18891)_sardine_input.jpeg,(18891)_(1),Good,Good,
2025-01-21,2025-01-21_10_55_37_(18891)_sardine_input.jpeg,(18891)_(2),Good,Good,
2025-01-21,2025-01-21_10_55_46_(18892)_sardine_input.jpeg,(18892)_(1),Good,Good,
2025-01-21,2025-01-21_10_55_46_(18892)_sardine_input.jpeg,(18892)_(2),Good,Good,
2025-01-21,2025-01-21_10_55_53_(18893)_sardine_input.jpeg,(18893)_(1),Good,Good,
2025-01-21,2025-01-21_10_55_53_(18893)_sardine_input.jpeg,(18893)_(2),Good,Good,
2025-01-21,2025-01-21_10_56_01_(18894)_sardine_input.jpeg,(18894)_(1),Good,Good,
2025-01-21,2025-01-21_10_56_01_(18894)_sardine_input.jpeg,(18894)_(2),Good,Good,
2025-01-21,2025-01-21_10_56_12_(18895)_sardine_input.jpeg,(18895)_(1),Good,Good,
2025-01-21,2025-01-21_10_56_12_(18895)_sardine_input.jpeg,(18895)_(2),Good,Good,
2025-01-21,2025-01-21_10_56_25_(18896)_sardine_input.jpeg,(18896)_(1),Good,Bad,Softness
2025-01-21,2025-01-21_10_56_25_(18896)_sardine_input.jpeg,(18896)_(2),Good,Good,
2025-01-21,2025-01-21_10_56_36_(18897)_sardine_input.jpeg,(18897)_(1),Good,Good,
2025-01-21,2025-01-21_10_56_36_(18897)_sardine_input.jpeg,(18897)_(2),Good,Good,
2025-01-21,2025-01-21_10_56_46_(18898)_sardine_input.jpeg,(18898)_(1),Good,Bad,Softness
2025-01-21,2025-01-21_10_56_46_(18898)_sardine_input.jpeg,(18898)_(2),Good,Good,
2025-01-21,2025-01-21_10_56_55_(18899)_sardine_input.jpeg,(18899)_(1),Good,Good,
2025-01-21,2025-01-21_10_56_55_(18899)_sardine_input.jpeg,(18899)_(2),Good,Good,
2025-01-21,2025-01-21_10_57_03_(18900)_sardine_input.jpeg,(18900)_(1),Good,Good,
2025-01-21,2025-01-21_10_57_03_(18900)_sardine_input.jpeg,(18900)_(2),Good,Good,
2025-01-21,2025-01-21_10_57_10_(18901)_sardine_input.jpeg,(18901)_(1),Good,Good,
2025-01-21,2025-01-21_10_57_10_(18901)_sardine_input.jpeg,(18901)_(2),Good,Bad,Softness
2025-01-21,2025-01-21_10_57_18_(18902)_sardine_input.jpeg,(18902)_(1),Good,Good,
2025-01-21,2025-01-21_10_57_18_(18902)_sardine_input.jpeg,(18902)_(2),Good,Good,
2025-01-21,2025-01-21_10_57_25_(18903)_sardine_input.jpeg,(18903)_(1),Good,Bad,Softness
2025-01-21,2025-01-21_10_57_25_(18903)_sardine_input.jpeg,(18903)_(2),Good,Good,
2025-01-21,2025-01-21_10_57_32_(18904)_sardine_input.jpeg,(18904)_(1),Good,Good,
2025-01-21,2025-01-21_10_57_32_(18904)_sardine_input.jpeg,(18904)_(2),Good,Good,
2025-01-21,2025-01-21_10_57_41_(18905)_sardine_input.jpeg,(18905)_(1),Good,Good,
2025-01-21,2025-01-21_10_57_41_(18905)_sardine_input.jpeg,(18905)_(2),Good,Good,
2025-01-21,2025-01-21_10_57_49_(18906)_sardine_input.jpeg,(18906)_(1),Good,Bad,Softness
2025-01-21,2025-01-21_10_57_49_(18906)_sardine_input.jpeg,(18906)_(2),Good,Good,
2025-01-21,2025-01-21_10_57_57_(18907)_sardine_input.jpeg,(18907)_(1),Good,Good,
2025-01-21,2025-01-21_10_57_57_(18907)_sardine_input.jpeg,(18907)_(2),Good,Bad,Softness
2025-01-21,2025-01-21_10_58_06_(18908)_sardine_input.jpeg,(18908)_(1),Good,Bad,Softness
2025-01-21,2025-01-21_10_58_06_(18908)_sardine_input.jpeg,(18908)_(2),Good,Bad,Softness
2025-01-21,2025-01-21_10_58_16_(18909)_sardine_input.jpeg,(18909)_(1),Good,Bad,Softness
2025-01-21,2025-01-21_10_58_16_(18909)_sardine_input.jpeg,(18909)_(2),Good,Good,
2025-01-21,2025-01-21_10_58_25_(18910)_sardine_input.jpeg,(18910)_(1),Good,Good,
2025-01-21,2025-01-21_10_58_25_(18910)_sardine_input.jpeg,(18910)_(2),Good,Good,
2025-01-21,2025-01-21_10_58_32_(18911)_sardine_input.jpeg,(18911)_(1),Good,Good,
2025-01-21,2025-01-21_10_58_32_(18911)_sardine_input.jpeg,(18911)_(2),Good,Good,
2025-01-21,2025-01-21_10_58_40_(18912)_sardine_input.jpeg,(18912)_(1),Good,Good,
2025-01-21,2025-01-21_10_58_40_(18912)_sardine_input.jpeg,(18912)_(2),Good,Good,
2025-01-21,2025-01-21_10_58_49_(18913)_sardine_input.jpeg,(18913)_(1),Good,Good,
2025-01-21,2025-01-21_10_58_49_(18913)_sardine_input.jpeg,(18913)_(2),Good,Bad,Softness
2025-01-21,2025-01-21_10_58_58_(18914)_sardine_input.jpeg,(18914)_(1),Good,Bad,Softness
2025-01-21,2025-01-21_10_58_58_(18914)_sardine_input.jpeg,(18914)_(2),Good,Good,
2025-01-21,2025-01-21_10_59_06_(18915)_sardine_input.jpeg,(18915)_(1),Good,Good,
2025-01-21,2025-01-21_10_59_06_(18915)_sardine_input.jpeg,(18915)_(2),Good,Bad,Softness
2025-01-21,2025-01-21_10_59_15_(18916)_sardine_input.jpeg,(18916)_(1),Good,Good,
2025-01-21,2025-01-21_10_59_15_(18916)_sardine_input.jpeg,(18916)_(2),Good,Good,
2025-01-21,2025-01-21_10_59_25_(18917)_sardine_input.jpeg,(18917)_(1),Good,Good,
2025-01-21,2025-01-21_10_59_25_(18917)_sardine_input.jpeg,(18917)_(2),Good,Bad,Softness
2025-01-21,2025-01-21_10_59_34_(18918)_sardine_input.jpeg,(18918)_(1),Good,Good,
2025-01-21,2025-01-21_10_59_34_(18918)_sardine_input.jpeg,(18918)_(2),Good,Good,
2025-01-23,2025-01-23_10_21_35_(18936)_sardine_input.jpeg,(18936)_(1),Bad,Bad,Softness
2025-01-23,2025-01-23_10_21_35_(18936)_sardine_input.jpeg,(18936)_(2),Bad,Bad,Softness
2025-01-23,2025-01-23_10_21_52_(18937)_sardine_input.jpeg,(18937)_(1),Bad,Bad,Softness
2025-01-23,2025-01-23_10_21_52_(18937)_sardine_input.jpeg,(18937)_(2),Bad,Bad,Softness
2025-01-23,2025-01-23_10_22_06_(18938)_sardine_input.jpeg,(18938)_(1),Bad,Bad,Softness
2025-01-23,2025-01-23_10_22_06_(18938)_sardine_input.jpeg,(18938)_(2),Bad,Good,
2025-01-23,2025-01-23_10_22_17_(18939)_sardine_input.jpeg,(18939)_(1),Bad,Good,
2025-01-23,2025-01-23_10_22_17_(18939)_sardine_input.jpeg,(18939)_(2),Bad,Bad,Softness
2025-01-23,2025-01-23_10_22_25_(18940)_sardine_input.jpeg,(18940)_(1),Bad,Bad,Softness
2025-01-23,2025-01-23_10_22_25_(18940)_sardine_input.jpeg,(18940)_(2),Bad,Bad,Softness
2025-01-23,2025-01-23_10_22_36_(18941)_sardine_input.jpeg,(18941)_(1),Bad,Bad,Softness
2025-01-23,2025-01-23_10_22_36_(18941)_sardine_input.jpeg,(18941)_(2),Bad,Bad,Softness
2025-01-23,2025-01-23_10_22_49_(18942)_sardine_input.jpeg,(18942)_(1),Bad,Bad,Softness
2025-01-23,2025-01-23_10_22_49_(18942)_sardine_input.jpeg,(18942)_(2),Bad,Bad,Softness
2025-01-23,2025-01-23_10_23_02_(18943)_sardine_input.jpeg,(18943)_(1),Bad,Bad,Softness
2025-01-23,2025-01-23_10_23_02_(18943)_sardine_input.jpeg,(18943)_(2),Bad,Bad,Softness
2025-01-23,2025-01-23_10_23_13_(18944)_sardine_input.jpeg,(18944)_(1),Bad,Bad,Softness
2025-01-23,2025-01-23_10_23_13_(18944)_sardine_input.jpeg,(18944)_(2),Bad,Bad,Softness
2025-01-23,2025-01-23_10_23_25_(18945)_sardine_input.jpeg,(18945)_(1),Bad,Bad,Softness
2025-01-23,2025-01-23_10_23_25_(18945)_sardine_input.jpeg,(18945)_(2),Bad,Bad,Softness
2025-01-23,2025-01-23_10_23_36_(18946)_sardine_input.jpeg,(18946)_(1),Bad,Bad,Softness
2025-01-23,2025-01-23_10_23_36_(18946)_sardine_input.jpeg,(18946)_(2),Bad,Bad,Softness
2025-01-23,2025-01-23_10_25_12_(18955)_sardine_input.jpeg,(18955)_(1),Bad,Bad,Softness
2025-01-23,2025-01-23_10_25_12_(18955)_sardine_input.jpeg,(18955)_(2),Bad,Good,
2025-01-23,2025-01-23_10_25_25_(18956)_sardine_input.jpeg,(18956)_(1),Bad,Bad,Softness
2025-01-23,2025-01-23_10_25_25_(18956)_sardine_input.jpeg,(18956)_(2),Bad,Bad,Softness
2025-01-23,2025-01-23_10_25_36_(18957)_sardine_input.jpeg,(18957)_(1),Bad,Bad,Softness
2025-01-23,2025-01-23_10_25_36_(18957)_sardine_input.jpeg,(18957)_(2),Bad,Good,
2025-01-23,2025-01-23_10_25_53_(18958)_sardine_input.jpeg,(18958)_(1),Bad,Bad,Softness
2025-01-23,2025-01-23_10_25_53_(18958)_sardine_input.jpeg,(18958)_(2),Bad,Bad,Softness
2025-01-23,2025-01-23_10_26_37_(18961)_sardine_input.jpeg,(18961)_(1),Bad,Bad,Softness
2025-01-23,2025-01-23_10_26_37_(18961)_sardine_input.jpeg,(18961)_(2),Bad,Bad,Softness
2025-01-23,2025-01-23_10_26_46_(18962)_sardine_input.jpeg,(18962)_(1),Bad,Bad,Softness
2025-01-23,2025-01-23_10_26_46_(18962)_sardine_input.jpeg,(18962)_(2),Bad,Bad,Softness
2025-01-23,2025-01-23_10_27_40_(18964)_sardine_input.jpeg,(18964)_(1),Bad,Bad,Damaged
2025-01-23,2025-01-23_10_27_40_(18964)_sardine_input.jpeg,(18964)_(2),Bad,Good,
2025-01-23,2025-01-23_10_27_51_(18965)_sardine_input.jpeg,(18965)_(1),Bad,Bad,Softness
2025-01-23,2025-01-23_10_27_51_(18965)_sardine_input.jpeg,(18965)_(2),Bad,Bad,Softness
2025-01-23,2025-01-23_10_28_01_(18966)_sardine_input.jpeg,(18966)_(1),Bad,Bad,Softness
2025-01-23,2025-01-23_10_28_01_(18966)_sardine_input.jpeg,(18966)_(2),Bad,Bad,Softness
2025-01-23,2025-01-23_10_28_09_(18967)_sardine_input.jpeg,(18967)_(1),Bad,Bad,Softness
2025-01-23,2025-01-23_10_28_09_(18967)_sardine_input.jpeg,(18967)_(2),Bad,Good,
2025-01-23,2025-01-23_10_28_19_(18968)_sardine_input.jpeg,(18968)_(1),Bad,Bad,Softness
2025-01-23,2025-01-23_10_28_19_(18968)_sardine_input.jpeg,(18968)_(2),Bad,Bad,Softness
2025-01-23,2025-01-23_10_28_29_(18969)_sardine_input.jpeg,(18969)_(1),Bad,Bad,Softness
2025-01-23,2025-01-23_10_28_29_(18969)_sardine_input.jpeg,(18969)_(2),Bad,Bad,Softness
2025-01-23,2025-01-23_10_28_39_(18970)_sardine_input.jpeg,(18970)_(1),Bad,Bad,Softness
2025-01-23,2025-01-23_10_28_39_(18970)_sardine_input.jpeg,(18970)_(2),Bad,Bad,Softness
2025-01-23,2025-01-23_10_28_48_(18971)_sardine_input.jpeg,(18971)_(1),Bad,Bad,Softness
2025-01-23,2025-01-23_10_28_48_(18971)_sardine_input.jpeg,(18971)_(2),Bad,Good,
2025-01-23,2025-01-23_10_28_56_(18972)_sardine_input.jpeg,(18972)_(1),Bad,Bad,Softness
2025-01-23,2025-01-23_10_28_56_(18972)_sardine_input.jpeg,(18972)_(2),Bad,Bad,Softness
2025-01-23,2025-01-23_10_29_05_(18973)_sardine_input.jpeg,(18973)_(1),Bad,Bad,Softness
2025-01-23,2025-01-23_10_29_05_(18973)_sardine_input.jpeg,(18973)_(2),Bad,Bad,Softness
2025-01-23,2025-01-23_10_31_50_(18991)_sardine_input.jpeg,(18991)_(1),Bad,Bad,Softness
2025-01-23,2025-01-23_10_31_50_(18991)_sardine_input.jpeg,(18991)_(2),Bad,Bad,Softness
2025-01-23,2025-01-23_10_31_58_(18992)_sardine_input.jpeg,(18992)_(1),Bad,Bad,Softness
2025-01-23,2025-01-23_10_31_58_(18992)_sardine_input.jpeg,(18992)_(2),Bad,Bad,Softness
2025-01-23,2025-01-23_10_32_17_(18993)_sardine_input.jpeg,(18993)_(1),Bad,Bad,Softness
2025-01-23,2025-01-23_10_32_17_(18993)_sardine_input.jpeg,(18993)_(2),Bad,Bad,Softness
2025-01-23,2025-01-23_10_32_27_(18994)_sardine_input.jpeg,(18994)_(1),Bad,Good,
2025-01-23,2025-01-23_10_32_27_(18994)_sardine_input.jpeg,(18994)_(2),Bad,Bad,Softness
2025-01-23,2025-01-23_10_32_38_(18995)_sardine_input.jpeg,(18995)_(1),Bad,Bad,Softness
2025-01-23,2025-01-23_10_32_38_(18995)_sardine_input.jpeg,(18995)_(2),Bad,Bad,Softness
2025-01-23,2025-01-23_10_32_47_(18996)_sardine_input.jpeg,(18996)_(1),Bad,Bad,Softness
2025-01-23,2025-01-23_10_32_47_(18996)_sardine_input.jpeg,(18996)_(2),Bad,Bad,Softness
2025-01-23,2025-01-23_10_32_55_(18997)_sardine_input.jpeg,(18997)_(1),Bad,Bad,Softness
2025-01-23,2025-01-23_10_32_55_(18997)_sardine_input.jpeg,(18997)_(2),Bad,Bad,Softness
2025-01-23,2025-01-23_10_33_05_(18998)_sardine_input.jpeg,(18998)_(1),Bad,Bad,Softness
2025-01-23,2025-01-23_10_33_05_(18998)_sardine_input.jpeg,(18998)_(2),Bad,Bad,Softness
2025-01-23,2025-01-23_10_33_15_(18999)_sardine_input.jpeg,(18999)_(1),Bad,Bad,Softness
2025-01-23,2025-01-23_10_33_15_(18999)_sardine_input.jpeg,(18999)_(2),Bad,Bad,Softness
2025-01-23,2025-01-23_10_33_26_(19000)_sardine_input.jpeg,(19000)_(1),Bad,Bad,Softness
2025-01-23,2025-01-23_10_33_26_(19000)_sardine_input.jpeg,(19000)_(2),Bad,Bad,Softness
2025-01-23,2025-01-23_10_33_35_(19001)_sardine_input.jpeg,(19001)_(1),Bad,Bad,Softness
2025-01-23,2025-01-23_10_33_35_(19001)_sardine_input.jpeg,(19001)_(2),Bad,Bad,Softness
2025-01-23,2025-01-23_10_33_45_(19002)_sardine_input.jpeg,(19002)_(1),Bad,Bad,Softness
2025-01-23,2025-01-23_10_33_45_(19002)_sardine_input.jpeg,(19002)_(2),Bad,Bad,Softness
2025-01-23,2025-01-23_10_33_54_(19003)_sardine_input.jpeg,(19003)_(1),Bad,Bad,Softness
2025-01-23,2025-01-23_10_33_54_(19003)_sardine_input.jpeg,(19003)_(2),Bad,Bad,Softness
2025-01-23,2025-01-23_10_34_02_(19004)_sardine_input.jpeg,(19004)_(1),Bad,Bad,Softness
2025-01-23,2025-01-23_10_34_02_(19004)_sardine_input.jpeg,(19004)_(2),Bad,Bad,Softness
2025-01-23,2025-01-23_10_34_10_(19005)_sardine_input.jpeg,(19005)_(1),Bad,Bad,Softness
2025-01-23,2025-01-23_10_34_10_(19005)_sardine_input.jpeg,(19005)_(2),Bad,Bad,Softness
2025-01-23,2025-01-23_10_41_29_(19036)_sardine_input.jpeg,(19036)_(1),Bad,Bad,Softness
2025-01-23,2025-01-23_10_41_29_(19036)_sardine_input.jpeg,(19036)_(2),Bad,Bad,Softness
2025-01-23,2025-01-23_10_41_38_(19037)_sardine_input.jpeg,(19037)_(1),Bad,Bad,Softness
2025-01-23,2025-01-23_10_41_38_(19037)_sardine_input.jpeg,(19037)_(2),Bad,Bad,Softness
2025-01-23,2025-01-23_10_41_46_(19038)_sardine_input.jpeg,(19038)_(1),Bad,Bad,Softness
2025-01-23,2025-01-23_10_41_46_(19038)_sardine_input.jpeg,(19038)_(2),Bad,Bad,Softness
2025-01-23,2025-01-23_10_41_56_(19039)_sardine_input.jpeg,(19039)_(1),Bad,Bad,Softness
2025-01-23,2025-01-23_10_41_56_(19039)_sardine_input.jpeg,(19039)_(2),Bad,Bad,Softness
2025-01-23,2025-01-23_10_42_07_(19040)_sardine_input.jpeg,(19040)_(1),Bad,Bad,Softness
2025-01-23,2025-01-23_10_42_07_(19040)_sardine_input.jpeg,(19040)_(2),Bad,Bad,Softness
2025-01-23,2025-01-23_10_42_16_(19041)_sardine_input.jpeg,(19041)_(1),Bad,Bad,Softness
2025-01-23,2025-01-23_10_42_16_(19041)_sardine_input.jpeg,(19041)_(2),Bad,Bad,Softness
2025-01-23,2025-01-23_10_42_30_(19042)_sardine_input.jpeg,(19042)_(1),Bad,Bad,Softness
2025-01-23,2025-01-23_10_42_30_(19042)_sardine_input.jpeg,(19042)_(2),Bad,Bad,Softness
2025-01-23,2025-01-23_10_19_57_(18931)_sardine_input.jpeg,(18931)_(1),Good,Bad,Softness
2025-01-23,2025-01-23_10_19_57_(18931)_sardine_input.jpeg,(18931)_(2),Good,Bad,Softness
2025-01-23,2025-01-23_10_20_13_(18932)_sardine_input.jpeg,(18932)_(1),Good,Bad,Softness
2025-01-23,2025-01-23_10_20_13_(18932)_sardine_input.jpeg,(18932)_(2),Good,Good,
2025-01-23,2025-01-23_10_20_23_(18933)_sardine_input.jpeg,(18933)_(1),Good,Good,
2025-01-23,2025-01-23_10_20_23_(18933)_sardine_input.jpeg,(18933)_(2),Good,Bad,Softness
2025-01-23,2025-01-23_10_20_39_(18934)_sardine_input.jpeg,(18934)_(1),Good,Bad,Softness
2025-01-23,2025-01-23_10_20_39_(18934)_sardine_input.jpeg,(18934)_(2),Good,Bad,Softness
2025-01-23,2025-01-23_10_21_12_(18935)_sardine_input.jpeg,(18935)_(1),Good,Bad,Softness
2025-01-23,2025-01-23_10_21_12_(18935)_sardine_input.jpeg,(18935)_(2),Good,Good,
2025-01-23,2025-01-23_10_23_44_(18947)_sardine_input.jpeg,(18947)_(1),Good,Good,
2025-01-23,2025-01-23_10_23_44_(18947)_sardine_input.jpeg,(18947)_(2),Good,Bad,Softness
2025-01-23,2025-01-23_10_23_52_(18948)_sardine_input.jpeg,(18948)_(1),Good,Good,
2025-01-23,2025-01-23_10_23_52_(18948)_sardine_input.jpeg,(18948)_(2),Good,Good,
2025-01-23,2025-01-23_10_24_00_(18949)_sardine_input.jpeg,(18949)_(1),Good,Bad,Softness
2025-01-23,2025-01-23_10_24_00_(18949)_sardine_input.jpeg,(18949)_(2),Good,Good,
2025-01-23,2025-01-23_10_24_10_(18950)_sardine_input.jpeg,(18950)_(1),Good,Bad,Softness
2025-01-23,2025-01-23_10_24_10_(18950)_sardine_input.jpeg,(18950)_(2),Good,Good,
2025-01-23,2025-01-23_10_24_20_(18951)_sardine_input.jpeg,(18951)_(1),Good,Good,
2025-01-23,2025-01-23_10_24_20_(18951)_sardine_input.jpeg,(18951)_(2),Good,Good,
2025-01-23,2025-01-23_10_24_28_(18952)_sardine_input.jpeg,(18952)_(1),Good,Good,
2025-01-23,2025-01-23_10_24_28_(18952)_sardine_input.jpeg,(18952)_(2),Good,Good,
2025-01-23,2025-01-23_10_24_36_(18953)_sardine_input.jpeg,(18953)_(1),Good,Bad,Softness
2025-01-23,2025-01-23_10_24_36_(18953)_sardine_input.jpeg,(18953)_(2),Good,Good,
2025-01-23,2025-01-23_10_24_45_(18954)_sardine_input.jpeg,(18954)_(1),Good,Good,
2025-01-23,2025-01-23_10_24_45_(18954)_sardine_input.jpeg,(18954)_(2),Good,Good,
2025-01-23,2025-01-23_10_29_13_(18974)_sardine_input.jpeg,(18974)_(1),Good,Good,
2025-01-23,2025-01-23_10_29_13_(18974)_sardine_input.jpeg,(18974)_(2),Good,Good,
2025-01-23,2025-01-23_10_29_20_(18975)_sardine_input.jpeg,(18975)_(1),Good,Bad,Softness
2025-01-23,2025-01-23_10_29_20_(18975)_sardine_input.jpeg,(18975)_(2),Good,Bad,Softness
2025-01-23,2025-01-23_10_29_29_(18976)_sardine_input.jpeg,(18976)_(1),Good,Bad,Softness
2025-01-23,2025-01-23_10_29_29_(18976)_sardine_input.jpeg,(18976)_(2),Good,Bad,Softness
2025-01-23,2025-01-23_10_29_38_(18977)_sardine_input.jpeg,(18977)_(1),Good,Good,
2025-01-23,2025-01-23_10_29_38_(18977)_sardine_input.jpeg,(18977)_(2),Good,Good,
2025-01-23,2025-01-23_10_29_46_(18978)_sardine_input.jpeg,(18978)_(1),Good,Good,
2025-01-23,2025-01-23_10_29_46_(18978)_sardine_input.jpeg,(18978)_(2),Good,Good,
2025-01-23,2025-01-23_10_30_00_(18979)_sardine_input.jpeg,(18979)_(1),Good,Bad,Softness
2025-01-23,2025-01-23_10_30_00_(18979)_sardine_input.jpeg,(18979)_(2),Good,Good,
2025-01-23,2025-01-23_10_30_07_(18980)_sardine_input.jpeg,(18980)_(1),Good,Good,
2025-01-23,2025-01-23_10_30_07_(18980)_sardine_input.jpeg,(18980)_(2),Good,Good,
2025-01-23,2025-01-23_10_30_15_(18981)_sardine_input.jpeg,(18981)_(1),Good,Good,
2025-01-23,2025-01-23_10_30_15_(18981)_sardine_input.jpeg,(18981)_(2),Good,Good,
2025-01-23,2025-01-23_10_30_24_(18982)_sardine_input.jpeg,(18982)_(1),Good,Good,
2025-01-23,2025-01-23_10_30_24_(18982)_sardine_input.jpeg,(18982)_(2),Good,Good,
2025-01-23,2025-01-23_10_30_31_(18983)_sardine_input.jpeg,(18983)_(1),Good,Good,
2025-01-23,2025-01-23_10_30_31_(18983)_sardine_input.jpeg,(18983)_(2),Good,Good,
2025-01-23,2025-01-23_10_30_40_(18984)_sardine_input.jpeg,(18984)_(1),Good,Good,
2025-01-23,2025-01-23_10_30_40_(18984)_sardine_input.jpeg,(18984)_(2),Good,Good,
2025-01-23,2025-01-23_10_30_50_(18985)_sardine_input.jpeg,(18985)_(1),Good,Good,
2025-01-23,2025-01-23_10_30_50_(18985)_sardine_input.jpeg,(18985)_(2),Good,Good,
2025-01-23,2025-01-23_10_30_57_(18986)_sardine_input.jpeg,(18986)_(1),Good,Good,
2025-01-23,2025-01-23_10_30_57_(18986)_sardine_input.jpeg,(18986)_(2),Good,Bad,Softness
2025-01-23,2025-01-23_10_31_05_(18987)_sardine_input.jpeg,(18987)_(1),Good,Good,
2025-01-23,2025-01-23_10_31_05_(18987)_sardine_input.jpeg,(18987)_(2),Good,Good,
2025-01-23,2025-01-23_10_31_12_(18988)_sardine_input.jpeg,(18988)_(1),Good,Good,
2025-01-23,2025-01-23_10_31_12_(18988)_sardine_input.jpeg,(18988)_(2),Good,Good,
2025-01-23,2025-01-23_10_31_18_(18989)_sardine_input.jpeg,(18989)_(1),Good,Good,
2025-01-23,2025-01-23_10_31_18_(18989)_sardine_input.jpeg,(18989)_(2),Good,Good,
2025-01-23,2025-01-23_10_31_29_(18990)_sardine_input.jpeg,(18990)_(1),Good,Bad,Softness
2025-01-23,2025-01-23_10_31_29_(18990)_sardine_input.jpeg,(18990)_(2),Good,Good,
2025-01-23,2025-01-23_10_34_21_(19006)_sardine_input.jpeg,(19006)_(1),Good,Good,
2025-01-23,2025-01-23_10_34_21_(19006)_sardine_input.jpeg,(19006)_(2),Good,Bad,Softness
2025-01-23,2025-01-23_10_34_28_(19007)_sardine_input.jpeg,(19007)_(1),Good,Good,
2025-01-23,2025-01-23_10_34_28_(19007)_sardine_input.jpeg,(19007)_(2),Good,Good,
2025-01-23,2025-01-23_10_34_36_(19008)_sardine_input.jpeg,(19008)_(1),Good,Bad,Softness
2025-01-23,2025-01-23_10_34_36_(19008)_sardine_input.jpeg,(19008)_(2),Good,Good,
2025-01-23,2025-01-23_10_34_45_(19009)_sardine_input.jpeg,(19009)_(1),Good,Bad,Softness
2025-01-23,2025-01-23_10_34_45_(19009)_sardine_input.jpeg,(19009)_(2),Good,Bad,Softness
2025-01-23,2025-01-23_10_34_55_(19010)_sardine_input.jpeg,(19010)_(1),Good,Good,
2025-01-23,2025-01-23_10_34_55_(19010)_sardine_input.jpeg,(19010)_(2),Good,Bad,Softness
2025-01-23,2025-01-23_10_35_04_(19011)_sardine_input.jpeg,(19011)_(1),Good,Bad,Softness
2025-01-23,2025-01-23_10_35_04_(19011)_sardine_input.jpeg,(19011)_(2),Good,Good,
2025-01-23,2025-01-23_10_35_14_(19012)_sardine_input.jpeg,(19012)_(1),Good,Bad,Softness
2025-01-23,2025-01-23_10_35_14_(19012)_sardine_input.jpeg,(19012)_(2),Good,Good,
2025-01-23,2025-01-23_10_35_23_(19013)_sardine_input.jpeg,(19013)_(1),Good,Bad,Softness
2025-01-23,2025-01-23_10_35_23_(19013)_sardine_input.jpeg,(19013)_(2),Good,Good,
2025-01-23,2025-01-23_10_35_32_(19014)_sardine_input.jpeg,(19014)_(1),Good,Good,
2025-01-23,2025-01-23_10_35_32_(19014)_sardine_input.jpeg,(19014)_(2),Good,Bad,Softness
2025-01-23,2025-01-23_10_35_42_(19015)_sardine_input.jpeg,(19015)_(1),Good,Good,
2025-01-23,2025-01-23_10_35_42_(19015)_sardine_input.jpeg,(19015)_(2),Good,Good,
2025-01-23,2025-01-23_10_36_04_(19016)_sardine_input.jpeg,(19016)_(1),Good,Bad,Softness
2025-01-23,2025-01-23_10_36_04_(19016)_sardine_input.jpeg,(19016)_(2),Good,Good,
2025-01-23,2025-01-23_10_36_13_(19017)_sardine_input.jpeg,(19017)_(1),Good,Good,
2025-01-23,2025-01-23_10_36_13_(19017)_sardine_input.jpeg,(19017)_(2),Good,Good,
2025-01-23,2025-01-23_10_36_23_(19018)_sardine_input.jpeg,(19018)_(1),Good,Good,
2025-01-23,2025-01-23_10_36_23_(19018)_sardine_input.jpeg,(19018)_(2),Good,Good,
2025-01-23,2025-01-23_10_36_31_(19019)_sardine_input.jpeg,(19019)_(1),Good,Bad,Softness
2025-01-23,2025-01-23_10_36_31_(19019)_sardine_input.jpeg,(19019)_(2),Good,Good,
2025-01-23,2025-01-23_10_36_39_(19020)_sardine_input.jpeg,(19020)_(1),Good,Bad,Softness
2025-01-23,2025-01-23_10_36_39_(19020)_sardine_input.jpeg,(19020)_(2),Good,Good,
2025-01-23,2025-01-23_10_36_48_(19021)_sardine_input.jpeg,(19021)_(1),Good,Good,
2025-01-23,2025-01-23_10_36_48_(19021)_sardine_input.jpeg,(19021)_(2),Good,Good,
2025-01-23,2025-01-23_10_36_54_(19022)_sardine_input.jpeg,(19022)_(1),Good,Good,
2025-01-23,2025-01-23_10_36_54_(19022)_sardine_input.jpeg,(19022)_(2),Good,Good,
2025-01-23,2025-01-23_10_39_03_(19023)_sardine_input.jpeg,(19023)_(1),Good,Good,
2025-01-23,2025-01-23_10_39_03_(19023)_sardine_input.jpeg,(19023)_(2),Good,Good,
2025-01-23,2025-01-23_10_39_12_(19024)_sardine_input.jpeg,(19024)_(1),Good,Good,
2025-01-23,2025-01-23_10_39_12_(19024)_sardine_input.jpeg,(19024)_(2),Good,Good,
2025-01-23,2025-01-23_10_39_20_(19025)_sardine_input.jpeg,(19025)_(1),Good,Good,
2025-01-23,2025-01-23_10_39_20_(19025)_sardine_input.jpeg,(19025)_(2),Good,Good,
2025-01-23,2025-01-23_10_39_27_(19026)_sardine_input.jpeg,(19026)_(1),Good,Bad,Softness
2025-01-23,2025-01-23_10_39_27_(19026)_sardine_input.jpeg,(19026)_(2),Good,Good,
2025-01-23,2025-01-23_10_39_34_(19027)_sardine_input.jpeg,(19027)_(1),Good,Good,
2025-01-23,2025-01-23_10_39_34_(19027)_sardine_input.jpeg,(19027)_(2),Good,Good,
2025-01-23,2025-01-23_10_39_40_(19028)_sardine_input.jpeg,(19028)_(1),Good,Good,
2025-01-23,2025-01-23_10_39_40_(19028)_sardine_input.jpeg,(19028)_(2),Good,Good,
2025-01-23,2025-01-23_10_39_48_(19029)_sardine_input.jpeg,(19029)_(1),Good,Good,
2025-01-23,2025-01-23_10_39_48_(19029)_sardine_input.jpeg,(19029)_(2),Good,Good,
2025-01-23,2025-01-23_10_39_57_(19030)_sardine_input.jpeg,(19030)_(1),Good,Good,
2025-01-23,2025-01-23_10_39_57_(19030)_sardine_input.jpeg,(19030)_(2),Good,Good,
2025-01-23,2025-01-23_10_40_06_(19031)_sardine_input.jpeg,(19031)_(1),Good,Good,
2025-01-23,2025-01-23_10_40_06_(19031)_sardine_input.jpeg,(19031)_(2),Good,Bad,Softness
2025-01-23,2025-01-23_10_40_39_(19032)_sardine_input.jpeg,(19032)_(1),Good,Bad,Damaged
2025-01-23,2025-01-23_10_40_39_(19032)_sardine_input.jpeg,(19032)_(2),Good,Good,
2025-01-23,2025-01-23_10_40_47_(19033)_sardine_input.jpeg,(19033)_(1),Good,Bad,Softness
2025-01-23,2025-01-23_10_40_47_(19033)_sardine_input.jpeg,(19033)_(2),Good,Good,
2025-01-23,2025-01-23_10_40_55_(19034)_sardine_input.jpeg,(19034)_(1),Good,Good,
2025-01-23,2025-01-23_10_40_55_(19034)_sardine_input.jpeg,(19034)_(2),Good,Good,
2025-01-23,2025-01-23_10_41_01_(19035)_sardine_input.jpeg,(19035)_(1),Good,Good,
2025-01-23,2025-01-23_10_41_01_(19035)_sardine_input.jpeg,(19035)_(2),Good,Good,
2025-01-23,2025-01-23_10_42_38_(19043)_sardine_input.jpeg,(19043)_(1),Good,Good,
2025-01-23,2025-01-23_10_42_38_(19043)_sardine_input.jpeg,(19043)_(2),Good,Good,
2025-01-23,2025-01-23_10_42_46_(19044)_sardine_input.jpeg,(19044)_(1),Good,Bad,Softness
2025-01-23,2025-01-23_10_42_46_(19044)_sardine_input.jpeg,(19044)_(2),Good,Good,
2025-01-23,2025-01-23_10_42_54_(19045)_sardine_input.jpeg,(19045)_(1),Good,Good,
2025-01-23,2025-01-23_10_42_54_(19045)_sardine_input.jpeg,(19045)_(2),Good,Good,
2025-01-23,2025-01-23_10_43_01_(19046)_sardine_input.jpeg,(19046)_(1),Good,Bad,Softness
2025-01-23,2025-01-23_10_43_01_(19046)_sardine_input.jpeg,(19046)_(2),Good,Bad,Softness
