Filename,FishHeight(cm),FishWidth(cm),FishDiagonal(cm),ScaleDiagonal(cm),ScaleWidth(cm),one_pixel_value,Scale Detected,Fish Detected,Circumference(cm),Area(cm),Label
IMG20230523095949.jpg,0,0,0,0,0,0.0,False,True,6249.313216209412,852393.5,0
IMG20230523095943.jpg,17,4,18,11,5,0.005952380952380952,True,True,44.0,38.0,0
IMG20230523095932.jpg,14,5,15,11,5,0.0059412132582864294,True,True,36.0,24.0,0
IMG20230523095950.jpg,18,4,18,10,4,0.00721336370539104,True,True,43.0,42.0,0
IMG20230523095936.jpg,15,5,16,10,3,0.005775075987841946,True,True,40.0,35.0,0
IMG20230523095729.jpg,14,3,15,11,5,0.006140917905623788,True,True,36.0,32.0,0
IMG20230523095612.jpg,15,4,16,11,5,0.006440677966101695,True,True,38.0,35.0,0
IMG20230523095618.jpg,13,4,14,11,5,0.006180871828236825,True,True,33.0,26.0,0
IMG20230523095606.jpg,14,3,14,11,5,0.006371562709590879,True,True,35.0,29.0,0
IMG20230523095632.jpg,14,3,14,10,4,0.007207890743550834,True,True,35.0,30.0,0
IMG20230523095627.jpg,13,3,14,10,5,0.005919003115264798,True,True,33.0,28.0,0
IMG20230523095642.jpg,10,5,12,10,5,0.0067043048694424845,True,True,30.0,16.0,0
IMG20230523095622.jpg,12,3,13,11,5,0.005900621118012423,True,True,29.0,26.0,0
IMG20230523095637.jpg,0,0,0,0,0,0.0,False,True,4105.628994941711,486439.0,0
IMG20230523095602.jpg,14,5,15,10,5,0.006097560975609756,True,True,37.0,31.0,0
IMG20230608074944.jpg,13,3,13,11,5,0.00510204081632653,True,True,31.0,24.0,0
IMG20230608074953.jpg,14,3,14,11,5,0.005634638196915777,True,True,34.0,28.0,0
IMG20230608074958.jpg,14,3,14,11,6,0.005702280912364946,True,True,35.0,28.0,0
IMG20230608075003.jpg,16,4,17,10,4,0.005831798649478207,True,True,39.0,35.0,0
IMG20230608075022.jpg,15,3,15,10,5,0.0058823529411764705,True,True,37.0,32.0,0
IMG20230608075017.jpg,16,3,16,10,5,0.005611340815121087,True,True,39.0,38.0,0
IMG20230608075010.jpg,14,3,15,11,5,0.00657439446366782,True,True,37.0,31.0,0
IMG20230608075034.jpg,15,5,16,11,5,0.006229508196721312,True,True,38.0,32.0,0
IMG20230608075050.jpg,15,3,15,11,5,0.006489071038251366,True,True,37.0,33.0,0
IMG20230608075044.jpg,14,4,15,11,5,0.006533700137551582,True,True,35.0,30.0,0
IMG20230608075029.jpg,15,3,16,11,5,0.00623768877216021,True,True,37.0,29.0,0
IMG20230608075106.jpg,10,5,11,10,4,0.004547630445189086,True,True,26.0,22.0,0
IMG20230608075101.jpg,13,3,14,11,5,0.005050505050505051,True,True,33.0,26.0,0
IMG20230608075302.jpg,13,3,14,11,5,0.0051295896328293735,True,True,32.0,25.0,0
IMG20230608075258.jpg,13,3,13,11,6,0.005271920088790233,True,True,33.0,24.0,0
IMG20230608075323.jpg,13,3,14,11,6,0.005743651753325272,True,True,34.0,26.0,0
IMG20230608075318.jpg,14,2,14,11,5,0.0052807115063924406,True,True,32.0,25.0,0
IMG20230608075311.jpg,13,4,14,11,5,0.006140917905623788,True,True,34.0,28.0,0
IMG20230608075334.jpg,13,3,13,11,6,0.0058714462299134735,True,True,32.0,25.0,0
IMG20230608075329.jpg,14,4,14,11,6,0.005400795906765207,True,True,35.0,30.0,0
IMG20230608075339.jpg,15,3,15,10,5,0.006062539885130823,True,True,37.0,30.0,0
IMG20230608075352.jpg,14,3,14,10,5,0.005469199769717904,True,True,34.0,28.0,0
IMG20230608075345.jpg,14,3,14,11,5,0.005967336683417085,True,True,35.0,29.0,0
IMG20230608075406.jpg,15,3,15,11,5,0.004960835509138381,True,True,38.0,33.0,0
IMG20230608075359.jpg,14,3,14,11,5,0.005904288377874456,True,True,34.0,27.0,0
IMG20230608075436.jpg,12,5,13,11,5,0.006184895833333333,True,True,31.0,25.0,0
IMG20230608075412.jpg,14,3,14,11,5,0.005397727272727273,True,True,33.0,26.0,0
IMG20230608075431.jpg,13,4,14,11,5,0.006245890861275477,True,True,32.0,26.0,0
IMG20230608075423.jpg,12,4,13,11,6,0.006132989025177534,True,True,29.0,21.0,0
IMG20230608075456.jpg,14,3,14,10,5,0.005627962085308057,True,True,34.0,28.0,0
IMG20230608075449.jpg,14,4,15,11,5,0.005349099099099099,True,True,36.0,30.0,0
IMG20230608075442.jpg,16,3,16,11,5,0.00572289156626506,True,True,38.0,33.0,0
IMG20230608075509.jpg,14,3,15,10,5,0.005695443645083933,True,True,35.0,30.0,0
IMG20230608075504.jpg,15,3,15,10,5,0.005989911727616645,True,True,37.0,26.0,0
IMG20230608075513.jpg,14,3,14,10,4,0.005319148936170213,True,True,35.0,28.0,0
IMG20230608075120.jpg,14,4,15,10,4,0.008085106382978723,True,True,36.0,26.0,0
IMG20230608075141.jpg,12,3,13,11,5,0.008289703315881327,True,True,29.0,25.0,0
IMG20230609085726.jpg,14,2,14,10,5,0.006245890861275477,True,True,35.0,26.0,0
IMG20230609085738.jpg,14,4,15,10,4,0.006312292358803987,True,True,35.0,28.0,0
IMG20230609085746.jpg,15,5,16,11,6,0.0055072463768115944,True,True,38.0,34.0,0
IMG20230609085803.jpg,14,3,15,11,5,0.0056146572104018916,True,True,35.0,26.0,0
IMG20230609085812.jpg,11,5,13,10,5,0.006384408602150538,True,True,30.0,24.0,0
IMG20230609085824.jpg,15,3,16,11,6,0.005904288377874456,True,True,38.0,32.0,0
IMG20230609085831.jpg,14,3,14,11,6,0.005885997521685254,True,True,35.0,31.0,0
IMG20230609085900.jpg,15,5,16,10,5,0.00662020905923345,True,True,39.0,33.0,0
IMG20230609085929.jpg,15,3,16,10,5,0.0059412132582864294,True,True,38.0,33.0,0
IMG20230609085913.jpg,15,5,16,10,5,0.0056413301662707836,True,True,38.0,32.0,0
IMG20230609085908.jpg,15,4,16,11,5,0.006329113924050633,True,True,38.0,31.0,0
IMG20230609085922.jpg,16,3,16,10,4,0.0055620608899297425,True,True,39.0,36.0,0
IMG20230609085934.jpg,15,3,15,10,4,0.005911636589919104,True,True,36.0,31.0,0
IMG20230609085940.jpg,14,3,14,10,5,0.006058673469387755,True,True,35.0,28.0,0
IMG20230609085946.jpg,14,4,15,10,5,0.006291390728476821,True,True,34.0,29.0,0
IMG20230609085951.jpg,16,3,16,10,5,0.00639300134589502,True,True,40.0,39.0,0
IMG20230609090042.jpg,15,3,16,11,5,0.006401617250673854,True,True,38.0,35.0,0
IMG20230609090026.jpg,16,4,16,10,4,0.00645819170632223,True,True,39.0,35.0,0
IMG20230609090021.jpg,16,3,16,10,5,0.006723283793347488,True,True,39.0,37.0,0
IMG20230609090036.jpg,15,3,16,10,5,0.0065653075328265375,True,True,38.0,34.0,0
IMG20230609090050.jpg,14,3,14,11,6,0.006643356643356644,True,True,36.0,29.0,0
IMG20230609090046.jpg,14,2,14,10,5,0.0068149210903873745,True,True,34.0,28.0,0
IMG20230609090105.jpg,14,3,15,11,6,0.006016466117796073,True,True,35.0,32.0,0
IMG20230609090358.jpg,17,5,18,10,5,0.006810035842293907,True,True,42.0,38.0,0
IMG20230609090704.jpg,16,3,16,11,6,0.006475800954328562,True,True,39.0,35.0,0
IMG20230609090429.jpg,15,3,15,11,5,0.006839452843772498,True,True,36.0,32.0,0
IMG20230609090436.jpg,14,3,15,11,5,0.006209150326797385,True,True,36.0,33.0,0
IMG20230609090415.jpg,16,3,16,11,5,0.006027918781725888,True,True,38.0,36.0,0
IMG20230609090724.jpg,16,3,16,11,6,0.006136950904392765,True,True,39.0,34.0,0
IMG20230609090718.jpg,14,4,15,11,6,0.006533700137551582,True,True,36.0,28.0,0
IMG20230609090706.jpg,15,3,16,11,6,0.00674237047551455,True,True,38.0,34.0,0
IMG20230609090733.jpg,17,5,18,11,6,0.006854256854256854,True,True,44.0,40.0,0
IMG20230609090752.jpg,15,3,16,10,5,0.006148867313915857,True,True,38.0,34.0,0
IMG20230609090747.jpg,15,3,16,10,4,0.006780870806566738,True,True,38.0,34.0,0
IMG20230609090740.jpg,17,5,18,11,6,0.006401617250673854,True,True,43.0,43.0,0
IMG20230609090758.jpg,15,3,15,10,5,0.0067857142857142855,True,True,36.0,32.0,0
IMG20230609090807.jpg,14,4,15,11,5,0.006254114549045424,True,True,35.0,31.0,0
IMG20230609090803.jpg,16,4,16,11,5,0.0063801208865010076,True,True,39.0,34.0,0
IMG20230609090830.jpg,14,3,15,10,4,0.006196999347684279,True,True,35.0,29.0,0
IMG20230609090851.jpg,16,3,16,11,6,0.006440677966101695,True,True,38.0,34.0,0
IMG20230609090841.jpg,16,4,17,11,6,0.005907960199004975,True,True,39.0,39.0,0
IMG20230609090822.jpg,15,3,15,11,6,0.006350267379679145,True,True,38.0,35.0,0
IMG20230609090906.jpg,15,4,15,11,6,0.006384408602150538,True,True,36.0,31.0,0
IMG20230609090856.jpg,16,4,16,10,5,0.007246376811594203,True,True,39.0,35.0,0
IMG20230609090859.jpg,14,4,15,11,5,0.006329113924050633,True,True,36.0,31.0,0
IMG20230609090910.jpg,15,4,16,11,6,0.006583506583506584,True,True,37.0,35.0,0
IMG20230609091015.jpg,17,4,18,11,6,0.007427677873338546,True,True,44.0,42.0,0
IMG20230609091011.jpg,17,4,18,11,6,0.006884057971014493,True,True,42.0,39.0,0
IMG20230609091006.jpg,17,6,18,11,5,0.007370054305663305,True,True,43.0,39.0,0
IMG20230609090920.jpg,15,4,16,11,6,0.006515775034293553,True,True,37.0,31.0,0
IMG20230609091036.jpg,15,3,16,11,6,0.007068452380952381,True,True,38.0,31.0,0
IMG20230609091020.jpg,15,5,16,11,5,0.0078125,True,True,38.0,31.0,0
IMG20230609091026.jpg,15,3,15,11,6,0.006884057971014493,True,True,37.0,32.0,0
IMG20230609091031.jpg,14,4,15,11,5,0.006358768406961178,True,True,37.0,30.0,0
IMG20230609091527.jpg,15,3,15,11,5,0.006140917905623788,True,True,38.0,32.0,0
IMG20230609091054.jpg,14,4,15,11,6,0.006560773480662983,True,True,34.0,26.0,0
IMG20230609091058.jpg,15,4,15,11,5,0.006520247083047358,True,True,36.0,33.0,0
IMG20230609091105.jpg,15,3,15,11,5,0.005733252866626433,True,True,36.0,29.0,0
IMG20230609091545.jpg,17,4,17,11,5,0.005842558425584256,True,True,42.0,40.0,0
IMG20230609091556.jpg,15,3,15,10,4,0.005257332595462092,True,True,37.0,32.0,0
IMG20230609091551.jpg,14,5,15,10,5,0.004945340968245705,True,True,36.0,30.0,0
IMG20230609091537.jpg,13,3,14,11,6,0.006320691949434464,True,True,33.0,28.0,0
IMG20230609091616.jpg,17,4,17,11,5,0.006884057971014493,True,True,42.0,36.0,0
IMG20230609091604.jpg,12,4,13,10,5,0.0060471037555697,True,True,30.0,29.0,0
IMG20230609091610.jpg,15,3,15,10,4,0.00586781964175417,True,True,37.0,31.0,0
IMG20230609091620.jpg,15,3,16,10,5,0.005821078431372549,True,True,38.0,32.0,0
IMG20230609091650.jpg,15,4,16,11,5,0.006829618979151689,True,True,38.0,36.0,0
IMG20230609091644.jpg,15,3,16,11,5,0.006121134020618557,True,True,37.0,35.0,0
IMG20230609091634.jpg,15,3,15,11,5,0.00657439446366782,True,True,37.0,32.0,0
IMG20230609091655.jpg,16,3,16,11,6,0.006780870806566738,True,True,39.0,35.0,0
IMG20230609091707.jpg,14,4,14,11,5,0.006113256113256113,True,True,34.0,24.0,0
IMG20230609091701 (1).jpg,18,3,18,10,5,0.006221349050425672,True,True,45.0,39.0,0
IMG20230609091755.jpg,16,3,16,11,6,0.007780507780507781,True,True,39.0,37.0,0
IMG20230609091713.jpg,14,3,14,11,6,0.006471389645776567,True,True,34.0,25.0,0
IMG20230609091751.jpg,15,3,16,11,5,0.007169811320754717,True,True,37.0,34.0,0
IMG20230609091815.jpg,16,4,17,11,5,0.006713780918727915,True,True,41.0,33.0,0
IMG20230609091801.jpg,17,4,17,11,5,0.006829618979151689,True,True,42.0,37.0,0
IMG20230609091852.jpg,14,2,14,11,6,0.0067857142857142855,True,True,35.0,29.0,0
IMG20230609091821.jpg,15,3,15,11,6,0.007110778443113772,True,True,37.0,33.0,0
IMG20230609091903.jpg,14,3,14,11,6,0.006985294117647059,True,True,34.0,28.0,0
IMG20230609091859.jpg,14,4,14,11,6,0.006919155134741442,True,True,35.0,29.0,0
IMG20230609091907.jpg,15,4,15,11,5,0.007159005275056519,True,True,37.0,33.0,0
IMG20230609091912.jpg,15,3,16,10,5,0.00741608118657299,True,True,38.0,36.0,0
IMG20230609092134.jpg,15,4,16,10,5,0.005889646621202728,True,True,36.0,32.0,0
IMG20230609092129.jpg,15,3,15,11,5,0.005695443645083933,True,True,37.0,33.0,0
IMG20230609092116.jpg,14,3,14,11,5,0.005370265686828717,True,True,36.0,31.0,0
IMG20230609092121.jpg,15,3,15,11,5,0.005188421627525942,True,True,37.0,31.0,0
IMG20230609092152.jpg,14,3,14,10,4,0.005199781061850027,True,True,34.0,28.0,0
IMG20230609092157.jpg,16,3,16,10,5,0.005978602894902455,True,True,39.0,37.0,0
IMG20230609092141.jpg,14,4,14,11,6,0.005993690851735016,True,True,34.0,28.0,0
IMG20230609092148.jpg,15,4,16,11,5,0.006371562709590879,True,True,38.0,33.0,0
IMG20230609092203.jpg,14,3,15,11,6,0.005933791380387258,True,True,36.0,27.0,0
IMG20230609092217.jpg,15,2,15,11,5,0.006551724137931035,True,True,35.0,26.0,0
IMG20230609093625.jpg,16,4,16,10,5,0.0055200464846019755,True,True,39.0,34.0,0
IMG20230609092208.jpg,14,2,14,10,5,0.006213211249182472,True,True,34.0,27.0,0
IMG20230609093631.jpg,14,3,15,10,4,0.005245720596355604,True,True,36.0,29.0,0
IMG20230609093719.jpg,14,3,15,10,5,0.007057949479940565,True,True,36.0,31.0,0
IMG20230609093637.jpg,15,3,16,11,5,0.005821078431372549,True,True,38.0,34.0,0
IMG20230609093659.jpg,15,4,16,11,5,0.007057949479940565,True,True,39.0,35.0,0
IMG20230609093707.jpg,14,3,15,10,5,0.006449422946367957,True,True,35.0,32.0,0
IMG20230609093724.jpg,16,3,16,11,5,0.0072852760736196315,True,True,39.0,36.0,0
IMG20230609094259.jpg,14,4,15,11,6,0.007137490608564989,True,True,36.0,33.0,0
IMG20230609093737.jpg,15,3,16,10,5,0.0059226932668329174,True,True,39.0,33.0,0
IMG20230609093732.jpg,15,4,15,11,5,0.005481823427582228,True,True,37.0,33.0,0
IMG20230609093728.jpg,15,4,16,11,6,0.006085842408712364,True,True,38.0,33.0,0
IMG20230609094305.jpg,16,3,17,11,5,0.007052709725315516,True,True,39.0,37.0,0
IMG20230609094321.jpg,16,4,17,11,5,0.005948653725735754,True,True,39.0,36.0,0
IMG20230609094313.jpg,15,3,15,10,5,0.006241787122207621,True,True,38.0,33.0,0
IMG20230609094335.jpg,13,3,14,11,6,0.006634078212290503,True,True,35.0,29.0,0
IMG20230609094622.jpg,10,6,12,10,5,0.007527733755942948,True,True,32.0,21.0,0
IMG20230609094614.jpg,15,3,15,11,5,0.005211190345584202,True,True,37.0,35.0,0
IMG20230609094603.jpg,14,3,15,11,5,0.00572289156626506,True,True,36.0,32.0,0
IMG20230609090011.jpg,12,6,14,11,7,0.007387247278382581,True,True,32.0,23.0,0
IMG20230609090012.jpg,10,5,11,11,6,0.007375776397515528,True,True,26.0,20.0,0
IMG20230609090714.jpg,12,4,13,11,6,0.007105459985041137,True,True,29.0,28.0,0
IMG20230609091628.jpg,13,4,14,11,6,0.00818260120585702,True,True,32.0,29.0,0
IMG20230609091701.jpg,18,3,19,11,5,0.006156837329876863,True,True,45.0,38.0,0
IMG20230609091738.jpg,0,0,0,0,0,0.0,False,True,3773.949499130249,454252.0,0
IMG20230519074108.jpg,16,4,16,10,4,0.005007907221929362,True,True,40.0,37.0,0
IMG20230519074119.jpg,16,3,16,11,5,0.005376344086021506,True,True,40.0,36.0,0
IMG20230519074128.jpg,17,3,17,10,5,0.0056413301662707836,True,True,40.0,40.0,0
IMG20230519074049.jpg,16,4,17,11,6,0.0056146572104018916,True,True,40.0,37.0,0
IMG20230519074139.jpg,16,3,17,11,6,0.0059226932668329174,True,True,40.0,38.0,0
IMG20230519074646.jpg,17,3,17,11,5,0.005459770114942529,True,True,44.0,43.0,0
IMG20230519074150.jpg,16,4,17,11,5,0.005497685185185185,True,True,41.0,39.0,0
IMG20230519074627.jpg,15,4,16,11,5,0.005835380835380835,True,True,38.0,33.0,0
IMG20230519074632.jpg,16,4,17,11,6,0.005191256830601093,True,True,40.0,36.0,0
IMG20230519074158.jpg,16,5,17,10,5,0.006266490765171504,True,True,41.0,37.0,0
IMG20230519074655.jpg,16,3,16,10,5,0.005191256830601093,True,True,40.0,40.0,0
IMG20230519074618.jpg,15,4,15,10,5,0.005864197530864198,True,True,36.0,30.0,0
IMG20230519074639.jpg,16,3,16,11,6,0.005266075388026608,True,True,40.0,36.0,0
IMG20230519074729.jpg,13,3,14,10,5,0.005021141649048625,True,True,32.0,18.0,0
IMG20230519074904.jpg,17,3,17,10,5,0.006756756756756757,True,True,41.0,40.0,0
IMG20230519074707.jpg,14,3,14,10,4,0.0044959772834831995,True,True,35.0,29.0,0
IMG20230519074736.jpg,16,3,16,10,4,0.0049868766404199474,True,True,38.0,33.0,0
IMG20230519074912.jpg,13,5,14,10,5,0.006751954513148543,True,True,33.0,27.0,0
IMG20230519074714.jpg,16,5,17,10,5,0.005058572949946752,True,True,41.0,39.0,0
IMG20230519074743.jpg,13,6,15,10,3,0.004602713178294574,True,True,34.0,32.0,0
IMG20230519075009.jpg,16,3,16,10,5,0.0063375583722481655,True,True,39.0,35.0,0
IMG20230519074918.jpg,14,4,15,11,5,0.006176853055916775,True,True,38.0,27.0,0
IMG20230519074925.jpg,13,3,14,10,5,0.006440677966101695,True,True,33.0,25.0,0
IMG20230519074953.jpg,16,4,17,11,5,0.006129032258064516,True,True,41.0,37.0,0
IMG20230519074937.jpg,16,3,16,10,5,0.006156837329876863,True,True,35.0,33.0,0
IMG20230519074959.jpg,15,3,16,11,5,0.005441008018327606,True,True,38.0,36.0,0
IMG20230519074930.jpg,14,3,15,10,5,0.006606397774687065,True,True,35.0,30.0,0
IMG20230519074948.jpg,15,4,16,11,5,0.006188925081433224,True,True,38.0,35.0,0
IMG20230519075024.jpg,15,5,16,11,5,0.006709039548022599,True,True,38.0,32.0,0
IMG20230519075036.jpg,15,3,16,10,4,0.006414584740040513,True,True,38.0,33.0,0
IMG20230519075042.jpg,16,3,16,11,5,0.006136950904392765,True,True,40.0,36.0,0
IMG20230519075047.jpg,15,3,15,11,5,0.0063375583722481655,True,True,36.0,29.0,0
IMG20230519075013.jpg,13,3,13,10,4,0.005621301775147929,True,True,30.0,29.0,0
IMG20230519075032.jpg,16,3,16,10,5,0.006728045325779037,True,True,40.0,38.0,0
IMG20230519075143.jpg,14,3,14,11,5,0.005462909718228867,True,True,34.0,29.0,0
IMG20230519075113.jpg,14,4,15,11,6,0.005263157894736842,True,True,33.0,31.0,0
IMG20230519075106.jpg,0,0,0,0,0,0.0,False,False,0.0,0.0,0
IMG20230519075135.jpg,17,4,17,10,5,0.005944931163954944,True,True,43.0,39.0,0
IMG20230519075129.jpg,15,5,16,11,5,0.006213211249182472,True,True,38.0,31.0,0
IMG20230519075100.jpg,19,4,20,11,5,0.0060702875399361025,True,True,49.0,51.0,0
IMG20230519075053.jpg,14,4,15,10,4,0.0059375,True,True,36.0,26.0,0
IMG20230519075121.jpg,14,5,15,10,5,0.006184895833333333,True,True,36.0,25.0,0
IMG20230519075216.jpg,17,4,18,11,5,0.0064276048714479025,True,True,44.0,42.0,0
IMG20230519075210.jpg,15,2,15,11,6,0.00659264399722415,True,True,37.0,23.0,0
IMG20230519075156.jpg,16,3,16,11,5,0.005849753694581281,True,True,35.0,32.0,0
IMG20230519075201.jpg,15,4,15,11,5,0.006113256113256113,True,True,35.0,31.0,0
IMG20230519075150.jpg,15,4,16,10,5,0.006414584740040513,True,True,40.0,38.0,0
IMG20230520093229.jpg,15,3,16,11,5,0.005771567436208992,True,True,36.0,30.0,0
IMG20230520093243.jpg,15,3,15,10,5,0.0048742945100051305,True,True,38.0,32.0,0
IMG20230520093220.jpg,15,2,15,11,5,0.0063758389261744965,True,True,36.0,28.0,0
IMG20230520093249.jpg,14,3,14,10,5,0.006436314363143632,True,True,34.0,31.0,0
IMG20230520093239.jpg,15,3,15,10,4,0.004483246814535158,True,True,37.0,30.0,0
IMG20230520093224.jpg,15,3,15,11,5,0.00645819170632223,True,True,36.0,30.0,0
IMG20230520093234.jpg,15,4,16,10,4,0.004714640198511167,True,True,37.0,29.0,0
IMG20230520093318.jpg,15,3,15,10,4,0.005523255813953488,True,True,39.0,28.0,0
IMG20230520093259.jpg,13,3,14,11,5,0.005634638196915777,True,True,33.0,25.0,0
IMG20230520093324.jpg,14,2,15,10,4,0.005313199105145414,True,True,36.0,28.0,0
IMG20230520093305.jpg,14,3,14,10,5,0.005695443645083933,True,True,35.0,26.0,0
IMG20230520093328.jpg,14,2,14,11,5,0.005140692640692641,True,True,33.0,27.0,0
IMG20230520093310.jpg,14,2,14,11,5,0.005842558425584256,True,True,30.0,17.0,0
IMG20230520093255.jpg,13,4,14,11,6,0.005900621118012423,True,True,34.0,24.0,0
IMG20230520093314.jpg,14,4,14,11,5,0.0059412132582864294,True,True,36.0,26.0,0
IMG20230520093341.jpg,15,4,16,10,5,0.005705705705705706,True,True,36.0,34.0,0
IMG20230520093441.jpg,14,4,15,10,5,0.0063249001331557924,True,True,34.0,28.0,0
IMG20230520093337.jpg,13,3,14,10,5,0.005160239000543183,True,True,33.0,25.0,0
IMG20230520093402.jpg,15,2,15,10,5,0.0055620608899297425,True,True,38.0,27.0,0
IMG20230520093446.jpg,13,3,14,10,5,0.006105398457583547,True,True,33.0,26.0,0
IMG20230520093352.jpg,15,5,16,10,5,0.006445047489823609,True,True,38.0,27.0,0
IMG20230520093345.jpg,13,2,14,10,5,0.005757575757575757,True,True,33.0,24.0,0
IMG20230520093509.jpg,14,2,14,10,5,0.004670599803343166,True,True,34.0,28.0,0
IMG20230520093513.jpg,14,3,14,10,5,0.005274847307051638,True,True,33.0,26.0,0
IMG20230520093503.jpg,17,3,17,10,4,0.004881808838643371,True,True,41.0,39.0,0
IMG20230520093451.jpg,14,3,14,11,5,0.00547550432276657,True,True,35.0,25.0,0
IMG20230520093459.jpg,14,3,15,11,5,0.005237045203969129,True,True,35.0,23.0,0
IMG20230520093455.jpg,15,3,15,10,5,0.005364201016374929,True,True,36.0,24.0,0
IMG20230520093520.jpg,15,3,16,10,5,0.006283068783068783,True,True,38.0,36.0,0
IMG20230520093608.jpg,15,4,16,11,6,0.006578947368421052,True,True,39.0,32.0,0
IMG20230520093544.jpg,14,3,14,11,5,0.0062997347480106105,True,True,33.0,26.0,0
IMG20230520093549.jpg,13,2,14,10,5,0.006423258958755916,True,True,31.0,23.0,0
IMG20230520093524.jpg,13,3,14,10,5,0.005740181268882176,True,True,33.0,25.0,0
IMG20230520093538.jpg,13,2,13,10,5,0.006283068783068783,True,True,32.0,24.0,0
IMG20230520093534.jpg,14,3,15,11,6,0.006648005598320504,True,True,34.0,28.0,0
IMG20230520093529.jpg,15,3,15,11,6,0.006524725274725275,True,True,35.0,31.0,0
IMG20230520093612.jpg,16,3,16,11,5,0.005926388022457892,True,True,38.0,36.0,0
IMG20230520093617.jpg,16,3,16,11,5,0.006012658227848101,True,True,38.0,28.0,0
IMG20230520093621.jpg,14,4,15,10,4,0.005685218432076601,True,True,35.0,31.0,0
IMG_20240227_094647360.jpg,0,0,0,0,0,0.0,False,True,5795.891839623451,725836.5,0
IMG_20240227_094649800.jpg,0,0,0,0,0,0.0,False,True,4985.298914194107,635004.5,0
IMG_20240227_094701671.jpg,0,0,0,0,0,0.0,False,True,5577.718174695969,673697.0,0
IMG_20240227_094653674.jpg,0,0,0,0,0,0.0,False,True,4862.005404949188,497840.5,0
IMG_20240227_094639638.jpg,0,0,0,0,0,0.0,False,True,5209.929285764694,577359.0,0
IMG20230523095725.jpg,14,3,15,11,6,0.006502395619438741,True,True,35.0,28.0,0
IMG20230523095709.jpg,15,4,16,11,7,0.007094846900672144,True,True,37.0,28.0,0
IMG20230523095721.jpg,14,3,14,11,5,0.006810035842293907,True,True,35.0,30.0,0
IMG20230523095705.jpg,14,2,14,10,4,0.0067043048694424845,True,True,34.0,27.0,0
IMG20230523095700.jpg,14,3,15,11,5,0.006829618979151689,True,True,36.0,30.0,0
IMG20230523095721 (1).jpg,14,4,15,11,5,0.006795422031473534,True,True,35.0,28.0,0
IMG20230523095657.jpg,14,3,15,10,5,0.005959849435382685,True,True,35.0,28.0,0
IMG20230523095652.jpg,14,4,15,10,5,0.006766381766381766,True,True,34.0,28.0,0
IMG20230523095646.jpg,14,3,14,10,4,0.006520247083047358,True,True,33.0,24.0,0
IMG_20240227_095301029.jpg,0,0,0,0,0,0.0,False,True,4836.02979016304,497554.5,0
IMG_20240227_100105833.jpg,0,0,0,0,0,0.0,False,True,5990.560887813568,738246.0,0
IMG_20240227_095729930.jpg,0,0,0,0,0,0.0,False,True,4716.0125505924225,555739.0,0
IMG_20240227_095711091.jpg,0,0,0,0,0,0.0,False,True,4696.782100200653,514981.0,0
IMG_20240227_095644467.jpg,0,0,0,0,0,0.0,False,False,0.0,0.0,0
IMG_20240227_095634127.jpg,0,0,0,0,0,0.0,False,True,5303.007495880127,627468.0,0
IMG_20240227_095551538.jpg,0,0,0,0,0,0.0,False,True,5183.662259101868,626341.5,0
IMG_20240227_100506443.jpg,0,0,0,0,0,0.0,False,False,0.0,0.0,0
IMG_20240227_101140323.jpg,0,0,0,0,0,0.0,False,True,5443.835924386978,620099.0,0
20240704095302994_sardine_bad.jpeg,0,0,0,0,0,0.0,False,True,6509.798472881317,906191.5,0
20240704095606058_sardine_bad.jpeg,0,0,0,0,0,0.0,False,True,6661.036069869995,1129993.0,0
20240704100125915_sardine_bad.jpeg,0,0,0,0,0,0.0,False,True,5614.845160007477,710353.0,0
20240704100601135_sardine_bad.jpeg,0,0,0,0,0,0.0,False,True,5600.585273504257,848760.0,0
20240704101058501_sardine_bad.jpeg,0,0,0,0,0,0.0,False,True,7011.359009981155,1087467.0,0
20240709122535778_sardine_bad.jpeg,0,0,0,0,0,0.0,False,True,7313.012903094292,1207291.5,0
20240709122624031_sardine_bad.jpeg,0,0,0,0,0,0.0,False,True,6885.33043885231,934861.0,0
20240709122927485_sardine_bad.jpeg,0,0,0,0,0,0.0,False,True,6178.3741582632065,822224.0,0
20240709123142418_sardine_bad.jpeg,0,0,0,0,0,0.0,False,True,6291.195448637009,874337.5,0
20240709123202419_sardine_bad.jpeg,0,0,0,0,0,0.0,False,True,5782.051222085953,823107.0,0
20240709123310738_sardine_bad.jpeg,0,0,0,0,0,0.0,False,True,6245.27156496048,801328.0,0
20240709123401147_sardine_bad.jpeg,0,0,0,0,0,0.0,False,True,6200.703022003174,865538.0,0
20240709123528279_sardine_bad.jpeg,0,0,0,0,0,0.0,False,True,5858.47762799263,727453.0,0
20240711095903461_sardine_bad.jpeg,0,0,0,0,0,0.0,False,True,7118.447322130203,1142744.0,0
20240711095904263_sardine_bad.jpeg,0,0,0,0,0,0.0,False,True,7118.447322130203,1142744.0,0
20240711095904507_sardine_bad.jpeg,0,0,0,0,0,0.0,False,True,7118.447322130203,1142744.0,0
20240711095904706_sardine_bad.jpeg,0,0,0,0,0,0.0,False,True,7118.447322130203,1142744.0,0
20240711095904854_sardine_bad.jpeg,0,0,0,0,0,0.0,False,True,7118.447322130203,1142744.0,0
20240711095905493_sardine_bad.jpeg,0,0,0,0,0,0.0,False,True,7118.447322130203,1142744.0,0
20240711095905556_sardine_bad.jpeg,0,0,0,0,0,0.0,False,True,7118.447322130203,1142744.0,0
20240711095905719_sardine_bad.jpeg,0,0,0,0,0,0.0,False,True,7118.447322130203,1142744.0,0
20240711095906029_sardine_bad.jpeg,0,0,0,0,0,0.0,False,True,7118.447322130203,1142744.0,0
20240711095906108_sardine_bad.jpeg,0,0,0,0,0,0.0,False,True,7118.447322130203,1142744.0,0
20240711095906359_sardine_bad.jpeg,0,0,0,0,0,0.0,False,True,7118.447322130203,1142744.0,0
20240711095906644_sardine_bad.jpeg,0,0,0,0,0,0.0,False,True,7118.447322130203,1142744.0,0
20240711095906845_sardine_bad.jpeg,0,0,0,0,0,0.0,False,True,7118.447322130203,1142744.0,0
20240711095907026_sardine_bad.jpeg,0,0,0,0,0,0.0,False,True,7118.447322130203,1142744.0,0
20240711095907312_sardine_bad.jpeg,0,0,0,0,0,0.0,False,True,7118.447322130203,1142744.0,0
20240711095907436_sardine_bad.jpeg,0,0,0,0,0,0.0,False,True,7118.447322130203,1142744.0,0
20240713112339105_sardine_bad.jpeg,0,0,0,0,0,0.0,False,True,6382.242127895355,986498.0,0
20240713112509746_sardine_bad.jpeg,0,0,0,0,0,0.0,False,True,5448.970055580139,642767.5,0
20240713112556422_sardine_bad.jpeg,0,0,0,0,0,0.0,False,True,5134.6958792209625,587245.5,0
20240713112745513_sardine_bad.jpeg,0,0,0,0,0,0.0,False,True,7000.901071548462,1050072.5,0
20240713112832617_sardine_bad.jpeg,0,0,0,0,0,0.0,False,True,6622.623941898346,1097417.0,0
20240713113250714_sardine_bad.jpeg,0,0,0,0,0,0.0,False,True,6244.051216363907,845972.0,0
IMG_20240711_100834103.jpg,0,0,0,0,0,0.0,False,True,6207.972141265869,881451.0,0
IMG_20240711_101115299.jpg,0,0,0,0,0,0.0,False,True,5941.105040192604,811161.0,0
IMG_20240711_094713262.jpg,0,0,0,0,0,0.0,False,True,5514.83801484108,801452.5,0
IMG_20240711_094750339.jpg,0,0,0,0,0,0.0,False,True,7491.334621429443,1174984.0,0
IMG_20240711_095253125.jpg,0,0,0,0,0,0.0,False,True,5785.891842365265,860747.5,0
IMG_20240711_095329753.jpg,0,0,0,0,0,0.0,False,True,6673.920408010483,992821.5,0
IMG_20240711_095604206.jpg,0,0,0,0,0,0.0,False,True,6022.40864944458,949132.0,0
20240725121746230_sardine_bad.jpeg,0,0,0,0,0,0.0,False,True,7367.99652671814,1131602.0,0
20240725121911589_sardine_bad.jpeg,0,0,0,0,0,0.0,False,True,5944.36701798439,748055.5,0
20240725121945751_sardine_bad.jpeg,0,0,0,0,0,0.0,False,True,6970.623946905136,1105187.0,0
20240725121945771_sardine_bad.jpeg,0,0,0,0,0,0.0,False,True,6970.623946905136,1105187.0,0
20240725121948725_sardine_bad.jpeg,0,0,0,0,0,0.0,False,True,6970.623946905136,1105187.0,0
20240725122046715_sardine_bad.jpeg,0,0,0,0,0,0.0,False,True,5625.774092674255,675243.5,0
20240725122118795_sardine_bad.jpeg,0,0,0,0,0,0.0,False,True,5652.044073581696,675074.5,0
20240725122127428_sardine_bad.jpeg,0,0,0,0,0,0.0,False,True,5800.9111795425415,687801.5,0
20240725122312682_sardine_bad.jpeg,0,0,0,0,0,0.0,False,True,5420.092853546143,736768.5,0
20240725122349580_sardine_bad.jpeg,0,0,0,0,0,0.0,False,True,6199.6390961408615,868509.0,0
20240725122423934_sardine_bad.jpeg,0,0,0,0,0,0.0,False,True,6020.928419828415,842503.0,0
20240725122529138_sardine_bad.jpeg,0,0,0,0,0,0.0,False,True,5615.063410043716,804069.5,0
20240725122538905_sardine_bad.jpeg,0,0,0,0,0,0.0,False,True,6436.790465831757,1012028.0,0
20240725122551165_sardine_bad.jpeg,0,0,0,0,0,0.0,False,True,5553.766948461533,775447.0,0
20240725122601666_sardine_bad.jpeg,0,0,0,0,0,0.0,False,True,6479.947757124901,869196.0,0
20240725122624540_sardine_bad.jpeg,0,0,0,0,0,0.0,False,True,5371.458291769028,725541.0,0
20240801113105156_sardine_bad.jpeg,0,0,0,0,0,0.0,False,True,7850.707173347473,1245583.0,0
20240801113245212_sardine_bad.jpeg,0,0,0,0,0,0.0,False,True,6992.148741722107,1066889.0,0
20240801113901431_sardine_bad.jpeg,0,0,0,0,0,0.0,False,True,7598.797576904297,1456291.5,0
20240801114029302_sardine_bad.jpeg,0,0,0,0,0,0.0,False,True,8039.917417526245,1372485.0,0
20240801114040074_sardine_bad.jpeg,0,0,0,0,0,0.0,False,True,8054.811873435974,1388742.5,0
20240801114113022_sardine_bad.jpeg,0,0,0,0,0,0.0,False,True,8351.300109863281,1455954.0,0
20240801114152348_sardine_bad.jpeg,0,0,0,0,0,0.0,False,True,7176.145765304565,1312818.5,0
20240801114302835_sardine_bad.jpeg,0,0,0,0,0,0.0,False,True,8220.586444854736,1468228.5,0
20240801114443199_sardine_bad.jpeg,0,0,0,0,0,0.0,False,True,7586.422904014587,1245140.0,0
20240803092822000_sardine_bad.jpeg,12,3,12,10,3,0.0030585962652929814,True,True,28.0,28.0,0
20240803095956899_sardine_bad.jpeg,0,0,0,0,0,0.0,False,True,9321.213892936707,2447346.5,0
20240803100007369_sardine_bad.jpeg,0,0,0,0,0,0.0,False,True,9761.623071670532,2415984.0,0
20240803100020248_sardine_bad.jpeg,0,0,0,0,0,0.0,False,True,8441.990588188171,1968762.0,0
20240803100109599_sardine_bad.jpeg,0,0,0,0,0,0.0,False,True,8783.501128196716,2280593.0,0
20240803100133244_sardine_bad.jpeg,0,0,0,0,0,0.0,False,True,8947.878763198853,2274665.0,0
20240803101225159_sardine_bad.jpeg,0,0,0,0,0,0.0,False,True,7980.98135471344,1581341.0,0
20240525103631218_sardine_bad.jpeg,8,1,9,9,2,0.0037653586999603647,True,True,22.0,10.0,0
20240525103738055_sardine_bad.jpeg,0,0,0,0,0,0.0,False,True,6396.987293720245,834278.0,0
20240525103941900_sardine_bad.jpeg,0,0,0,0,0,0.0,False,True,6898.92546415329,1038972.5,0
20240525104103893_sardine_bad.jpeg,0,0,0,0,0,0.0,False,True,5325.967958450317,587220.0,0
20240528100128962_sardine_bad.jpeg,0,0,0,0,0,0.0,False,True,5708.380078554153,765418.0,0
20240528100450158_sardine_bad.jpeg,0,0,0,0,0,0.0,False,True,6156.048259735107,805195.5,0
20240528100539355_sardine_bad.jpeg,0,0,0,0,0,0.0,False,True,6643.119329452515,875041.0,0
20240528100557796_sardine_bad.jpeg,0,0,0,0,0,0.0,False,True,6430.668532848358,954410.0,0
20240604103942743_sardine_bad.jpeg,0,0,0,0,0,0.0,False,True,5836.761897087097,703475.0,0
20240604104035518_sardine_bad.jpeg,0,0,0,0,0,0.0,False,True,5997.357787847519,753291.5,0
20240604104141480_sardine_bad.jpeg,0,0,0,0,0,0.0,False,True,6120.879645109177,787875.0,0
20240604104239357_sardine_bad.jpeg,0,0,0,0,0,0.0,False,True,6246.4776265621185,782529.0,0
20240604104249074_sardine_bad.jpeg,0,0,0,0,0,0.0,False,True,5647.759806632996,732690.5,0
20240604104256987_sardine_bad.jpeg,0,0,0,0,0,0.0,False,True,4907.014641046524,578835.5,0
20240604104305775_sardine_bad.jpeg,8,2,8,9,2,0.003956684714702207,True,True,20.0,8.0,0
20240604104321127_sardine_bad.jpeg,0,0,0,0,0,0.0,False,True,5607.583181619644,671119.5,0
20240604104611894_sardine_bad.jpeg,0,0,0,0,0,0.0,False,True,5379.7669488191605,608684.0,0
20240604104851436_sardine_bad.jpeg,0,0,0,0,0,0.0,False,True,5451.340547084808,618605.0,0
20240604104901314_sardine_bad.jpeg,8,2,9,9,2,0.0037549407114624506,True,True,22.0,10.0,0
20240604104910139_sardine_bad.jpeg,0,0,0,0,0,0.0,False,True,6817.3863615989685,899241.5,0
20240604104943533_sardine_bad.jpeg,0,0,0,0,0,0.0,False,True,5699.472576856613,638875.0,0
20240604105010041_sardine_bad.jpeg,0,0,0,0,0,0.0,False,True,5987.590325593948,748964.0,0
20240604105037592_sardine_bad.jpeg,0,0,0,0,0,0.0,False,True,5994.737515449524,830521.0,0
20240604105053737_sardine_bad.jpeg,0,0,0,0,0,0.0,False,True,4999.235853075981,540043.5,0
20240604111420671_sardine_bad.jpeg,0,0,0,0,0,0.0,False,True,7119.143709897995,1004521.0,0
20240604111503484_sardine_bad.jpeg,0,0,0,0,0,0.0,False,True,6127.947756767273,701389.0,0
20240604111523809_sardine_bad.jpeg,0,0,0,0,0,0.0,False,True,7353.185340642929,1003715.5,0
20240604111958732_sardine_bad.jpeg,0,0,0,0,0,0.0,False,True,6543.295952320099,837958.0,0
20240604112028569_sardine_bad.jpeg,0,0,0,0,0,0.0,False,True,6276.38426399231,895331.0,0
20240604112101180_sardine_bad.jpeg,0,0,0,0,0,0.0,False,True,5543.617672204971,676987.5,0
20240604112236166_sardine_bad.jpeg,0,0,0,0,0,0.0,False,True,6257.313199043274,818869.5,0
20240604112259155_sardine_bad.jpeg,0,0,0,0,0,0.0,False,True,5835.909083485603,723638.0,0
20240611095014141_sardine_bad.jpeg,0,0,0,0,0,0.0,False,True,6888.207639694214,945889.0,0
20240611095037757_sardine_bad.jpeg,0,0,0,0,0,0.0,False,True,6428.006629228592,961332.0,0
20240611095552293_sardine_bad.jpeg,0,0,0,0,0,0.0,False,True,7062.079789161682,1129023.0,0
20240611095627453_sardine_bad.jpeg,0,0,0,0,0,0.0,False,True,6349.825824737549,859696.0,0
20240611095636106_sardine_bad.jpeg,0,0,0,0,0,0.0,False,True,6728.394366264343,1000857.0,0
20240611095644209_sardine_bad.jpeg,0,0,0,0,0,0.0,False,True,6542.308147549629,946208.5,0
20240611095741528_sardine_bad.jpeg,0,0,0,0,0,0.0,False,True,6342.661391496658,924255.5,0
20240611095810084_sardine_bad.jpeg,0,0,0,0,0,0.0,False,True,6850.425892353058,968782.5,0
20240611095911674_sardine_bad.jpeg,0,0,0,0,0,0.0,False,True,6220.418747544289,866586.0,0
20240611095920852_sardine_bad.jpeg,0,0,0,0,0,0.0,False,True,5241.18412232399,642300.0,0
IMG_20240613_092203505.jpg,0,0,0,0,0,0.0,False,True,7635.206777095795,1166524.0,0
IMG_20240613_094312761.jpg,0,0,0,0,0,0.0,False,True,6695.1609580516815,956158.5,0
IMG_20240613_094214944.jpg,0,0,0,0,0,0.0,False,True,6216.987296104431,927264.0,0
IMG_20240613_094214684.jpg,0,0,0,0,0,0.0,False,True,6234.6857788562775,923777.5,0
20240620092807310_sardine_bad.jpeg,0,0,0,0,0,0.0,False,True,8736.60789680481,1649538.0,0
20240620092818031_sardine_bad.jpeg,0,0,0,0,0,0.0,False,True,9130.603714942932,1855867.0,0
20240620092831159_sardine_bad.jpeg,0,0,0,0,0,0.0,False,True,7893.719358444214,1317198.5,0
20240620092844616_sardine_bad.jpeg,0,0,0,0,0,0.0,False,True,8943.571321487427,1567741.5,0
20240620092918826_sardine_bad.jpeg,0,0,0,0,0,0.0,False,True,7928.807682991028,1269399.5,0
20240620092929906_sardine_bad.jpeg,0,0,0,0,0,0.0,False,True,8445.96912765503,1439784.5,0
20240620092951947_sardine_bad.jpeg,0,0,0,0,0,0.0,False,True,8077.903134346008,1337506.0,0
20240620093013089_sardine_bad.jpeg,0,0,0,0,0,0.0,False,True,8552.610844612122,1539987.5,0
20240620093035394_sardine_bad.jpeg,0,0,0,0,0,0.0,False,True,7970.308109283447,1376044.5,0
20240620093044726_sardine_bad.jpeg,0,0,0,0,0,0.0,False,True,6605.7639899253845,1025811.5,0
20240620093057810_sardine_bad.jpeg,0,0,0,0,0,0.0,False,True,8795.081835746765,1689673.5,0
20240620093120443_sardine_bad.jpeg,0,0,0,0,0,0.0,False,True,8422.079768180847,1549763.0,0
20240620093204613_sardine_bad.jpeg,0,0,0,0,0,0.0,False,True,8653.85140132904,1643273.5,0
20240620093228954_sardine_bad.jpeg,0,0,0,0,0,0.0,False,True,9433.179390907288,1957838.5,0
20240620093251821_sardine_bad.jpeg,0,0,0,0,0,0.0,False,True,9371.162149429321,1909632.0,0
20240620093300940_sardine_bad.jpeg,0,0,0,0,0,0.0,False,True,9242.493103027344,1845571.5,0
20240620093340564_sardine_bad.jpeg,0,0,0,0,0,0.0,False,True,7987.04735660553,1801332.5,0
20240620093359773_sardine_bad.jpeg,0,0,0,0,0,0.0,False,True,8845.962008476257,1740124.0,0
20240620093427853_sardine_bad.jpeg,0,0,0,0,0,0.0,False,True,7949.232865333557,2069749.0,0
20240620093455997_sardine_bad.jpeg,0,0,0,0,0,0.0,False,True,9239.14787197113,1857388.0,0
20240620093533772_sardine_bad.jpeg,0,0,0,0,0,0.0,False,True,9114.676869392395,1706690.0,0
20240620093551241_sardine_bad.jpeg,0,0,0,0,0,0.0,False,True,6420.83506155014,917282.0,0
20240620093555532_sardine_bad.jpeg,0,0,0,0,0,0.0,False,True,8797.819869995117,1516615.0,0
20240620093607079_sardine_bad.jpeg,0,0,0,0,0,0.0,False,True,8676.35095500946,1636610.5,0
20240620093618678_sardine_bad.jpeg,0,0,0,0,0,0.0,False,True,6555.05330991745,893183.5,0
20240620093625613_sardine_bad.jpeg,0,0,0,0,0,0.0,False,True,9190.430046081543,1839996.5,0
20240620093636244_sardine_bad.jpeg,0,0,0,0,0,0.0,False,True,9188.84338092804,1821961.0,0
20240620093649143_sardine_bad.jpeg,0,0,0,0,0,0.0,False,True,8656.211789131165,1452211.0,0
20240620093650284_sardine_bad.jpeg,0,0,0,0,0,0.0,False,True,6466.9528028965,869752.0,0
20240620093701279_sardine_bad.jpeg,0,0,0,0,0,0.0,False,True,5836.082748174667,690047.5,0
20240620093711231_sardine_bad.jpeg,0,0,0,0,0,0.0,False,True,7942.283720970154,1563269.5,0
20240620093746955_sardine_bad.jpeg,0,0,0,0,0,0.0,False,True,8388.783297538757,1363623.5,0
20240620093838988_sardine_bad.jpeg,0,0,0,0,0,0.0,False,True,8483.018792152405,2043307.5,0
20240620093910485_sardine_bad.jpeg,0,0,0,0,0,0.0,False,True,8699.140703201294,1491177.5,0
20240620093921940_sardine_bad.jpeg,0,0,0,0,0,0.0,False,True,8963.18529510498,1802708.5,0
20240620093932847_sardine_bad.jpeg,0,0,0,0,0,0.0,False,True,8959.221020698547,1533992.0,0
20240620093945489_sardine_bad.jpeg,0,0,0,0,0,0.0,False,True,8810.72442150116,1581601.5,0
20240620093955539_sardine_bad.jpeg,0,0,0,0,0,0.0,False,True,8411.893028259277,1401810.0,0
20240620094006738_sardine_bad.jpeg,0,0,0,0,0,0.0,False,True,8603.383359909058,1520120.0,0
20240620094017534_sardine_bad.jpeg,0,0,0,0,0,0.0,False,True,8586.540651321411,1706697.0,0
20240620094030860_sardine_bad.jpeg,0,0,0,0,0,0.0,False,True,7911.702121734619,1311798.0,0
20240620094051636_sardine_bad.jpeg,0,0,0,0,0,0.0,False,True,7958.731560707092,1380468.0,0
20240620094111945_sardine_bad.jpeg,0,0,0,0,0,0.0,False,True,8561.653349876404,1501800.0,0
20240620094123086_sardine_bad.jpeg,0,0,0,0,0,0.0,False,True,8974.988483428955,1587639.5,0
20240620094133723_sardine_bad.jpeg,0,0,0,0,0,0.0,False,True,8408.589425086975,1590394.0,0
20240620094144037_sardine_bad.jpeg,0,0,0,0,0,0.0,False,True,9411.726495742798,1932038.0,0
20240620094157376_sardine_bad.jpeg,0,0,0,0,0,0.0,False,True,7850.880843162537,1275591.5,0
20240620094253362_sardine_bad.jpeg,0,0,0,0,0,0.0,False,True,8150.6726932525635,1446782.0,0
20240620094313428_sardine_bad.jpeg,0,0,0,0,0,0.0,False,True,8528.849305152893,1790056.0,0
20240620094323569_sardine_bad.jpeg,0,0,0,0,0,0.0,False,True,8805.750889778137,1587941.0,0
20240620094333969_sardine_bad.jpeg,0,0,0,0,0,0.0,False,True,9179.567140579224,1633238.5,0
20240620094356605_sardine_bad.jpeg,0,0,0,0,0,0.0,False,True,8077.126435279846,1356586.5,0
20240620094418289_sardine_bad.jpeg,0,0,0,0,0,0.0,False,True,7568.151691436768,1203462.5,0
20240620094429762_sardine_bad.jpeg,0,0,0,0,0,0.0,False,True,8166.052421569824,1362704.5,0
20240620094439299_sardine_bad.jpeg,0,0,0,0,0,0.0,False,True,7482.585246801376,1176640.0,0
20240620094448736_sardine_bad.jpeg,0,0,0,0,0,0.0,False,True,8128.094042778015,1299087.0,0
20240620094459423_sardine_bad.jpeg,0,0,0,0,0,0.0,False,True,8595.528460502625,1633129.5,0
20240620094513467_sardine_bad.jpeg,0,0,0,0,0,0.0,False,True,8877.564149856567,1635276.0,0
20240620094523377_sardine_bad.jpeg,0,0,0,0,0,0.0,False,True,8457.324481010437,1403881.0,0
20240620094532628_sardine_bad.jpeg,0,0,0,0,0,0.0,False,True,8441.449375152588,1402365.5,0
20240620094543939_sardine_bad.jpeg,0,0,0,0,0,0.0,False,True,8184.214747428894,1659515.5,0
20240620094607791_sardine_bad.jpeg,0,0,0,0,0,0.0,False,True,8222.613819122314,1529558.0,0
20240620094631995_sardine_bad.jpeg,0,0,0,0,0,0.0,False,True,7832.89094543457,1453014.5,0
20240620094643020_sardine_bad.jpeg,0,0,0,0,0,0.0,False,True,7772.454432487488,1185449.5,0
20240620094712944_sardine_bad.jpeg,0,0,0,0,0,0.0,False,True,7929.015836715698,1330718.0,0
20240620094724491_sardine_bad.jpeg,0,0,0,0,0,0.0,False,True,8365.95486831665,1416707.5,0
20240620094744890_sardine_bad.jpeg,0,0,0,0,0,0.0,False,True,8292.059558868408,1319588.0,0
20240622094056267_sardine_bad.jpeg,0,0,0,0,0,0.0,False,True,6228.883830547333,863301.0,0
20240622094114764_sardine_bad.jpeg,0,0,0,0,0,0.0,False,True,4883.96795964241,635008.0,0
20240622094125403_sardine_bad.jpeg,0,0,0,0,0,0.0,False,True,5997.077697992325,847595.5,0
20240622094133757_sardine_bad.jpeg,0,0,0,0,0,0.0,False,True,5793.822866201401,754646.5,0
20240622094257411_sardine_bad.jpeg,0,0,0,0,0,0.0,False,True,6006.744651794434,917035.5,0
20240622094258041_sardine_bad.jpeg,0,0,0,0,0,0.0,False,True,6006.744651794434,917035.5,0
20240622094258536_sardine_bad.jpeg,0,0,0,0,0,0.0,False,True,6006.744651794434,917035.5,0
20240622094259991_sardine_bad.jpeg,0,0,0,0,0,0.0,False,True,6006.744651794434,917035.5,0
20240622094300484_sardine_bad.jpeg,0,0,0,0,0,0.0,False,True,6006.744651794434,917035.5,0
20240622094306222_sardine_bad.jpeg,0,0,0,0,0,0.0,False,True,6006.744651794434,917035.5,0
20240622094344685_sardine_bad.jpeg,0,0,0,0,0,0.0,False,True,6006.744651794434,917035.5,0
20240622094345976_sardine_bad.jpeg,0,0,0,0,0,0.0,False,True,6006.744651794434,917035.5,0
20240622094348226_sardine_bad.jpeg,0,0,0,0,0,0.0,False,True,6006.744651794434,917035.5,0
20240622095120706_sardine_bad.jpeg,0,0,0,0,0,0.0,False,True,4993.919184446335,632869.0,0
20240622095137525_sardine_bad.jpeg,8,2,8,9,2,0.0038823048630976706,True,True,20.0,9.0,0
20240622095245357_sardine_bad.jpeg,0,0,0,0,0,0.0,False,True,5547.070556044579,685959.0,0
20240430094203300_sardine_bad.jpeg,0,0,0,0,0,0.0,False,True,6970.717303991318,778021.0,0
20240430094651546_sardine_bad.jpeg,0,0,0,0,0,0.0,False,True,5942.682820558548,707257.0,0
20240430094850887_sardine_bad.jpeg,0,0,0,0,0,0.0,False,True,5477.860310077667,604914.0,0
20240430094910519_sardine_bad.jpeg,0,0,0,0,0,0.0,False,True,5829.367884635925,737195.5,0
20240430095041563_sardine_bad.jpeg,0,0,0,0,0,0.0,False,True,5544.033975362778,693006.5,0
20240430095134728_sardine_bad.jpeg,0,0,0,0,0,0.0,False,True,5287.191265821457,585473.5,0
20240430095145119_sardine_bad.jpeg,0,0,0,0,0,0.0,False,True,5394.54660320282,620945.0,0
20240430095228726_sardine_bad.jpeg,0,0,0,0,0,0.0,False,True,5472.487727642059,735874.0,0
20240430095243247_sardine_bad.jpeg,0,0,0,0,0,0.0,False,True,5969.021785020828,854261.0,0
20240430095339823_sardine_bad.jpeg,0,0,0,0,0,0.0,False,True,6037.205546617508,799097.5,0
20240430095433912_sardine_bad.jpeg,0,0,0,0,0,0.0,False,True,6379.372069239616,792202.5,0
20240430095441403_sardine_bad.jpeg,0,0,0,0,0,0.0,False,True,5557.759808301926,693331.5,0
20240430095508138_sardine_bad.jpeg,0,0,0,0,0,0.0,False,True,6019.843066215515,802215.5,0
20240430095648042_sardine_bad.jpeg,0,0,0,0,0,0.0,False,True,5716.536503076553,643883.0,0
20240430095707343_sardine_bad.jpeg,0,0,0,0,0,0.0,False,True,5233.108003139496,583488.5,0
20240430095759075_sardine_bad.jpeg,8,2,8,9,2,0.0038445973290165926,True,True,20.0,9.0,0
20240430100314290_sardine_bad.jpeg,7,1,8,9,2,0.003815261044176707,True,True,19.0,8.0,0
20240430100405950_sardine_bad.jpeg,0,0,0,0,0,0.0,False,True,5578.252231836319,685336.0,0
20240430100424345_sardine_bad.jpeg,0,0,0,0,0,0.0,False,True,5737.132388591766,654522.5,0
20240430100435792_sardine_bad.jpeg,0,0,0,0,0,0.0,False,True,6446.619758367538,878803.0,0
20240430100443993_sardine_bad.jpeg,0,0,0,0,0,0.0,False,True,5027.6105279922485,560087.0,0
20240430100510765_sardine_bad.jpeg,0,0,0,0,0,0.0,False,True,4776.89688873291,522593.5,0
20240430100534804_sardine_bad.jpeg,0,0,0,0,0,0.0,False,True,5325.317380905151,449532.5,0
20240430100604019_sardine_bad.jpeg,0,0,0,0,0,0.0,False,True,6032.05836224556,777155.5,0
20240430101437029_sardine_bad.jpeg,0,0,0,0,0,0.0,False,True,5758.713126182556,816734.0,0
20240430101743205_sardine_bad.jpeg,0,0,0,0,0,0.0,False,True,5600.539457917213,623256.5,0
20240430101926453_sardine_bad.jpeg,0,0,0,0,0,0.0,False,True,5089.568897008896,605903.5,0
20240430101950178_sardine_bad.jpeg,0,0,0,0,0,0.0,False,True,4999.202589035034,616449.0,0
20240430102451359_sardine_bad.jpeg,0,0,0,0,0,0.0,False,True,5396.480585336685,733247.5,0
20240509094929723_sardine_bad.jpeg,0,0,0,0,0,0.0,False,True,7936.890951156616,1255507.5,0
20240509095054387_sardine_bad.jpeg,0,0,0,0,0,0.0,False,True,8054.939722061157,1365954.5,0
20240509095106381_sardine_bad.jpeg,0,0,0,0,0,0.0,False,True,7564.859409332275,1247931.0,0
20240509095133916_sardine_bad.jpeg,0,0,0,0,0,0.0,False,True,6856.619738578796,1153454.0,0
20240509095144023_sardine_bad.jpeg,0,0,0,0,0,0.0,False,True,8260.596575737,1478646.5,0
20240509095205496_sardine_bad.jpeg,0,0,0,0,0,0.0,False,True,7821.306032180786,1475585.0,0
20240509095229588_sardine_bad.jpeg,0,0,0,0,0,0.0,False,True,8639.182346343994,1470497.0,0
20240509095305916_sardine_bad.jpeg,0,0,0,0,0,0.0,False,True,7495.077669143677,1297172.5,0
20240509095318846_sardine_bad.jpeg,0,0,0,0,0,0.0,False,True,6839.690809249878,1062434.5,0
20240509095407115_sardine_bad.jpeg,0,0,0,0,0,0.0,False,True,8788.638204574585,1641348.0,0
20240509095442106_sardine_bad.jpeg,0,0,0,0,0,0.0,False,True,7963.7853927612305,1284006.0,0
20240509095503520_sardine_bad.jpeg,0,0,0,0,0,0.0,False,True,8264.312295913696,1427670.5,0
20240509095601059_sardine_bad.jpeg,0,0,0,0,0,0.0,False,True,8687.671798706055,1536443.0,0
20240509095610484_sardine_bad.jpeg,0,0,0,0,0,0.0,False,True,7090.578105926514,1115411.5,0
20240509095801257_sardine_bad.jpeg,0,0,0,0,0,0.0,False,True,8058.118426322937,1378253.0,0
20240509095824668_sardine_bad.jpeg,0,0,0,0,0,0.0,False,True,8849.400594711304,1615249.5,0
20240509095848067_sardine_bad.jpeg,0,0,0,0,0,0.0,False,True,7949.785387039185,1439454.0,0
20240509095933979_sardine_bad.jpeg,0,0,0,0,0,0.0,False,True,8071.8341588974,1320271.0,0
20240509095937835_sardine_bad.jpeg,0,0,0,0,0,0.0,False,True,8071.8341588974,1320271.0,0
20240509095953030_sardine_bad.jpeg,0,0,0,0,0,0.0,False,True,7317.297150611877,1207198.5,0
20240509100054494_sardine_bad.jpeg,0,0,0,0,0,0.0,False,True,7209.626009941101,1236987.5,0
20240509100124042_sardine_bad.jpeg,0,0,0,0,0,0.0,False,True,7786.398511886597,1208207.0,0
20240509100152693_sardine_bad.jpeg,0,0,0,0,0,0.0,False,True,8157.172260284424,1472618.0,0
20240509100202041_sardine_bad.jpeg,0,0,0,0,0,0.0,False,True,8107.317343711853,1440338.5,0
20240509100213962_sardine_bad.jpeg,0,0,0,0,0,0.0,False,True,7945.417866706848,1416213.0,0
20240509100218435_sardine_bad.jpeg,0,0,0,0,0,0.0,False,True,7945.417866706848,1416213.0,0
20240509100300258_sardine_bad.jpeg,0,0,0,0,0,0.0,False,True,8963.900171279907,1940955.5,0
20240509100426805_sardine_bad.jpeg,0,0,0,0,0,0.0,False,True,8803.868659973145,1681405.0,0
20240509100440244_sardine_bad.jpeg,0,0,0,0,0,0.0,False,True,8893.075930595398,1746453.5,0
20240509100452277_sardine_bad.jpeg,0,0,0,0,0,0.0,False,True,8208.152913093567,1388929.0,0
20240509100539892_sardine_bad.jpeg,0,0,0,0,0,0.0,False,True,8991.660489082336,1775581.5,0
20240509100552826_sardine_bad.jpeg,0,0,0,0,0,0.0,False,True,8153.809782028198,1374553.0,0
20240509100602534_sardine_bad.jpeg,0,0,0,0,0,0.0,False,True,5795.094935417175,1082834.0,0
20240509100626226_sardine_bad.jpeg,0,0,0,0,0,0.0,False,True,8090.371168136597,1420087.5,0
20240509100824768_sardine_bad.jpeg,0,0,0,0,0,0.0,False,True,8330.361067771912,1544083.5,0
20240509100838262_sardine_bad.jpeg,0,0,0,0,0,0.0,False,True,8209.532643318176,1438809.5,0
20240509100851664_sardine_bad.jpeg,0,0,0,0,0,0.0,False,True,8202.430038452148,1432508.5,0
20240509100905181_sardine_bad.jpeg,0,0,0,0,0,0.0,False,True,8940.33667087555,1624568.5,0
20240509100918407_sardine_bad.jpeg,0,0,0,0,0,0.0,False,True,9162.517468452454,1766528.5,0
20240509100934378_sardine_bad.jpeg,0,0,0,0,0,0.0,False,True,8127.903129577637,1370788.0,0
20240509100949834_sardine_bad.jpeg,0,0,0,0,0,0.0,False,True,8248.312294006348,1332613.5,0
20240509100955324_sardine_bad.jpeg,0,0,0,0,0,0.0,False,True,8248.312294006348,1332613.5,0
20240509101008388_sardine_bad.jpeg,0,0,0,0,0,0.0,False,True,8314.368215560913,1338540.0,0
20240509101045067_sardine_bad.jpeg,0,0,0,0,0,0.0,False,True,7671.6462116241455,1283355.5,0
20240509101240984_sardine_bad.jpeg,0,0,0,0,0,0.0,False,True,8590.863584518433,1592539.0,0
20240509101321691_sardine_bad.jpeg,0,0,0,0,0,0.0,False,True,8355.206733703613,1540551.0,0
20240509101344068_sardine_bad.jpeg,0,0,0,0,0,0.0,False,True,7250.9010553359985,1206042.5,0
20240509101435822_sardine_bad.jpeg,0,0,0,0,0,0.0,False,True,8162.430051803589,1430247.5,0
20240509101524123_sardine_bad.jpeg,0,0,0,0,0,0.0,False,True,8854.905236244202,1694921.5,0
20240509101534372_sardine_bad.jpeg,0,0,0,0,0,0.0,False,True,8976.427083015442,1731899.0,0
20240509101543628_sardine_bad.jpeg,0,0,0,0,0,0.0,False,True,8235.21683883667,1458997.0,0
20240509101555323_sardine_bad.jpeg,0,0,0,0,0,0.0,False,True,7892.284942626953,1399951.0,0
20240509101604481_sardine_bad.jpeg,0,0,0,0,0,0.0,False,True,8376.55790233612,1528829.5,0
20240509101625821_sardine_bad.jpeg,0,0,0,0,0,0.0,False,True,7867.8615074157715,1230640.5,0
20240509101750388_sardine_bad.jpeg,0,0,0,0,0,0.0,False,True,8058.287902832031,1538693.5,0
20240509101912411_sardine_bad.jpeg,0,0,0,0,0,0.0,False,True,5645.080657958984,695471.0,0
20240509101948709_sardine_bad.jpeg,0,0,0,0,0,0.0,False,True,6417.715214252472,816558.5,0
20240509102253041_sardine_bad.jpeg,0,0,0,0,0,0.0,False,True,4965.558797359467,511863.5,0
20240509102334821_sardine_bad.jpeg,8,2,8,9,2,0.003979891076665271,True,True,20.0,9.0,0
20240509102356055_sardine_bad.jpeg,0,0,0,0,0,0.0,False,True,5687.031882762909,680481.0,0
20240509102422023_sardine_bad.jpeg,8,2,9,9,3,0.004152097902097902,True,True,22.0,8.0,0
20240509102531671_sardine_bad.jpeg,0,0,0,0,0,0.0,False,True,5400.237944364548,709232.0,0
20240509102608166_sardine_bad.jpeg,0,0,0,0,0,0.0,False,True,4786.990252017975,586384.5,0
20240509102803581_sardine_bad.jpeg,0,0,0,0,0,0.0,False,True,4299.67950463295,486301.0,0
20240509102907111_sardine_bad.jpeg,0,0,0,0,0,0.0,False,True,5390.654249668121,732437.0,0
20240509102915121_sardine_bad.jpeg,0,0,0,0,0,0.0,False,True,5599.864494085312,778825.0,0
20240509103241109_sardine_bad.jpeg,0,0,0,0,0,0.0,False,True,5447.306054353714,665723.0,0
20240509103343979_sardine_bad.jpeg,0,0,0,0,0,0.0,False,True,5265.985203266144,714193.5,0
20240509103354656_sardine_bad.jpeg,0,0,0,0,0,0.0,False,True,5134.144582033157,668459.0,0
20240509103402230_sardine_bad.jpeg,0,0,0,0,0,0.0,False,True,4653.367887496948,554564.5,0
20240509103451712_sardine_bad.jpeg,0,0,0,0,0,0.0,False,True,6550.315288066864,918396.0,0
20240509105750463_sardine_bad.jpeg,0,0,0,0,0,0.0,False,True,5563.021783828735,783175.0,0
20240509105811418_sardine_bad.jpeg,0,0,0,0,0,0.0,False,True,5242.553749799728,666721.5,0
20240509110419234_sardine_bad.jpeg,0,0,0,0,0,0.0,False,True,5385.55165553093,684674.0,0
20240509110443716_sardine_bad.jpeg,0,0,0,0,0,0.0,False,True,5294.730367422104,700344.5,0
20240509110624686_sardine_bad.jpeg,0,0,0,0,0,0.0,False,True,5401.281669616699,597048.0,0
20240509110942363_sardine_bad.jpeg,0,0,0,0,0,0.0,False,True,4919.943573474884,624597.0,0
20240511102405664_sardine_bad.jpeg,0,0,0,0,0,0.0,False,True,6465.3762583732605,912095.5,0
20240511102659536_sardine_bad.jpeg,0,0,0,0,0,0.0,False,True,6662.731592535973,1036716.0,0
20240511103338258_sardine_bad.jpeg,0,0,0,0,0,0.0,False,True,6184.2076416015625,742596.0,0
20240514092408668_sardine_bad.jpeg,0,0,0,0,0,0.0,False,True,7048.845155954361,1007564.0,0
20240514093745259_sardine_bad.jpeg,0,0,0,0,0,0.0,False,True,5441.018821954727,571689.5,0
20240514093850787_sardine_bad.jpeg,0,0,0,0,0,0.0,False,True,6459.077696323395,891470.5,0
20240514094002766_sardine_bad.jpeg,0,0,0,0,0,0.0,False,True,4983.416661500931,686939.5,0
20240514094113322_sardine_bad.jpeg,0,0,0,0,0,0.0,False,True,5069.725317955017,664089.5,0
20240514094530675_sardine_bad.jpeg,0,0,0,0,0,0.0,False,True,5397.725317835808,772499.5,0
20240514095001008_sardine_bad.jpeg,0,0,0,0,0,0.0,False,True,4902.556704521179,652094.0,0
20240514095416480_sardine_bad.jpeg,0,0,0,0,0,0.0,False,True,5853.957857608795,918917.0,0
20240514095516490_sardine_bad.jpeg,0,0,0,0,0,0.0,False,True,6590.148765325546,961290.0,0
20240514095730974_sardine_bad.jpeg,0,0,0,0,0,0.0,False,True,6195.136571407318,1027748.5,0
20240514095808112_sardine_bad.jpeg,0,0,0,0,0,0.0,False,True,6911.018821954727,1071631.5,0
20240514095827526_sardine_bad.jpeg,0,0,0,0,0,0.0,False,True,5385.624812364578,793413.0,0
20240516100959247_sardine_bad.jpeg,0,0,0,0,0,0.0,False,True,6232.5537486076355,760008.5,0
20240516101127921_sardine_bad.jpeg,0,0,0,0,0,0.0,False,True,6217.614711284637,723644.0,0
20240516101142567_sardine_bad.jpeg,0,0,0,0,0,0.0,False,True,4773.100859642029,582557.0,0
20240518093529736_sardine_bad.jpeg,0,0,0,0,0,0.0,False,True,6857.607570171356,972743.5,0
20240518093540521_sardine_bad.jpeg,0,0,0,0,0,0.0,False,True,7191.165139198303,1145238.5,0
20240518093559985_sardine_bad.jpeg,0,0,0,0,0,0.0,False,True,6817.1466727256775,1074411.5,0
20240518093815273_sardine_bad.jpeg,0,0,0,0,0,0.0,False,True,6507.056269168854,907388.0,0
20240518093846671_sardine_bad.jpeg,0,0,0,0,0,0.0,False,True,6710.16600728035,960670.5,0
20240518093856845_sardine_bad.jpeg,0,0,0,0,0,0.0,False,True,7824.298043727875,1256575.5,0
20240518094155168_sardine_bad.jpeg,0,0,0,0,0,0.0,False,True,5606.12019944191,764793.0,0
20240518094313807_sardine_bad.jpeg,0,0,0,0,0,0.0,False,True,6434.928421020508,963506.0,0
20240518094338977_sardine_bad.jpeg,0,0,0,0,0,0.0,False,True,6232.710162639618,814435.5,0
20240518094353927_sardine_bad.jpeg,0,0,0,0,0,0.0,False,True,6846.942702770233,898144.0,0
20240518094623056_sardine_bad.jpeg,0,0,0,0,0,0.0,False,True,6728.03101170063,958606.0,0
20240518094641894_sardine_bad.jpeg,0,0,0,0,0,0.0,False,True,7477.795517683029,1146842.0,0
20240518094652599_sardine_bad.jpeg,0,0,0,0,0,0.0,False,True,5804.588234782219,683632.5,0
20240518094832975_sardine_bad.jpeg,0,0,0,0,0,0.0,False,True,6449.496961593628,950811.0,0
20240518094847964_sardine_bad.jpeg,0,0,0,0,0,0.0,False,True,6965.361967086792,1046454.5,0
20240518094932931_sardine_bad.jpeg,0,0,0,0,0,0.0,False,True,5829.843067169189,736092.5,0
20240518095024816_sardine_bad.jpeg,0,0,0,0,0,0.0,False,True,5730.859441757202,732657.0,0
20240518095306765_sardine_bad.jpeg,0,0,0,0,0,0.0,False,True,5749.039024353027,745489.5,0
20240521122408311_sardine_bad.jpeg,9,2,10,9,2,0.004003371260008428,True,True,24.0,12.0,0
20240525101724461_sardine_bad.jpeg,0,0,0,0,0,0.0,False,True,5412.234982967377,745615.5,0
20240525101733172_sardine_bad.jpeg,0,0,0,0,0,0.0,False,True,4286.951583862305,477764.5,0
20240525101741882_sardine_bad.jpeg,0,0,0,0,0,0.0,False,True,5980.477629184723,854101.0,0
20240525101817992_sardine_bad.jpeg,0,0,0,0,0,0.0,False,True,4677.963774204254,471538.0,0
20240525101825677_sardine_bad.jpeg,0,0,0,0,0,0.0,False,True,5226.487727403641,582276.0,0
20240525101836179_sardine_bad.jpeg,0,0,0,0,0,0.0,False,True,5636.882603406906,638628.5,0
20240525101926680_sardine_bad.jpeg,0,0,0,0,0,0.0,False,True,5501.326254367828,706784.0,0
20240525101934635_sardine_bad.jpeg,0,0,0,0,0,0.0,False,True,5166.095810890198,635043.0,0
20240525101942640_sardine_bad.jpeg,0,0,0,0,0,0.0,False,True,5571.926326990128,756353.5,0
20240525102344538_sardine_bad.jpeg,0,0,0,0,0,0.0,False,True,4871.000355243683,505466.5,0
20240525102417934_sardine_bad.jpeg,0,0,0,0,0,0.0,False,True,6024.7030284404755,715146.0,0
20240525102705585_sardine_bad.jpeg,0,0,0,0,0,0.0,False,True,6379.60756611824,895892.5,0
20240525102725854_sardine_bad.jpeg,0,0,0,0,0,0.0,False,True,7081.292990446091,1072076.5,0
20240525102820857_sardine_bad.jpeg,0,0,0,0,0,0.0,False,True,6731.0057644844055,850484.0,0
20240525102837905_sardine_bad.jpeg,0,0,0,0,0,0.0,False,True,7002.707211732864,1038043.0,0
20240525102859293_sardine_bad.jpeg,0,0,0,0,0,0.0,False,True,6750.526398658752,978756.0,0
20240525102955871_sardine_bad.jpeg,0,0,0,0,0,0.0,False,True,6967.001580476761,1079347.0,0
20240525103024674_sardine_bad.jpeg,0,0,0,0,0,0.0,False,True,6550.092848539352,936936.5,0
20240525103428699_sardine_bad.jpeg,0,0,0,0,0,0.0,False,True,5360.085709095001,678882.0,0
20240525103515965_sardine_bad.jpeg,0,0,0,0,0,0.0,False,True,5466.179068207741,692928.0,0
20240525103606214_sardine_bad.jpeg,0,0,0,0,0,0.0,False,True,5643.105044126511,671304.0,0
20240405095536606_sardine_bad.jpeg,0,0,0,0,0,0.0,False,True,6597.897226333618,684853.0,0
20240405095546517_sardine_bad.jpeg,0,0,0,0,0,0.0,False,True,8025.403569221497,1286986.0,0
20240405095556281_sardine_bad.jpeg,0,0,0,0,0,0.0,False,True,7816.942670822144,1252562.0,0
20240405095605406_sardine_bad.jpeg,0,0,0,0,0,0.0,False,True,7211.8400802612305,1073717.0,0
20240405095615509_sardine_bad.jpeg,0,0,0,0,0,0.0,False,True,6535.024722099304,1103169.5,0
20240405095624074_sardine_bad.jpeg,0,0,0,0,0,0.0,False,True,8201.559998512268,1343783.0,0
20240405095633531_sardine_bad.jpeg,0,0,0,0,0,0.0,False,True,8363.921613693237,1349337.0,0
20240405095642908_sardine_bad.jpeg,0,0,0,0,0,0.0,False,True,7290.030992507935,1196119.0,0
20240405095713786_sardine_bad.jpeg,0,0,0,0,0,0.0,False,True,7819.962017059326,1289102.0,0
20240405095723591_sardine_bad.jpeg,0,0,0,0,0,0.0,False,True,7326.991460800171,1098110.0,0
20240405095756469_sardine_bad.jpeg,0,0,0,0,0,0.0,False,True,6790.051210403442,1028362.0,0
20240405095815674_sardine_bad.jpeg,0,0,0,0,0,0.0,False,True,8010.101189613342,1384251.5,0
20240405095824154_sardine_bad.jpeg,0,0,0,0,0,0.0,False,True,6938.72739315033,1135538.0,0
20240405095912576_sardine_bad.jpeg,0,0,0,0,0,0.0,False,True,8397.025946617126,1446068.0,0
20240405095930960_sardine_bad.jpeg,0,0,0,0,0,0.0,False,True,8002.239134788513,1414918.5,0
20240405095959586_sardine_bad.jpeg,0,0,0,0,0,0.0,False,True,7621.837125778198,1214298.5,0
20240405100119238_sardine_bad.jpeg,0,0,0,0,0,0.0,False,True,5571.690833806992,817288.5,0
20240405100147338_sardine_bad.jpeg,0,0,0,0,0,0.0,False,True,6943.303063392639,1129199.5,0
20240405100156592_sardine_bad.jpeg,0,0,0,0,0,0.0,False,True,7230.658410072327,1109582.0,0
20240405100220925_sardine_bad.jpeg,0,0,0,0,0,0.0,False,True,7349.577235221863,1220136.5,0
20240405100253965_sardine_bad.jpeg,0,0,0,0,0,0.0,False,True,8189.01286315918,1405379.5,0
20240405100315952_sardine_bad.jpeg,0,0,0,0,0,0.0,False,True,8732.946852684021,1765075.0,0
20240405100325273_sardine_bad.jpeg,0,0,0,0,0,0.0,False,True,7064.82493019104,1091663.0,0
20240405100344695_sardine_bad.jpeg,0,0,0,0,0,0.0,False,True,8317.185306549072,1217613.5,0
20240405100409219_sardine_bad.jpeg,0,0,0,0,0,0.0,False,True,7695.2858238220215,1257555.0,0
20240405100429516_sardine_bad.jpeg,0,0,0,0,0,0.0,False,True,7271.587333679199,1124477.5,0
20240405100443065_sardine_bad.jpeg,0,0,0,0,0,0.0,False,True,7530.734506607056,1239266.5,0
20240405100457277_sardine_bad.jpeg,0,0,0,0,0,0.0,False,True,7822.496059417725,1319347.0,0
20240405100506032_sardine_bad.jpeg,0,0,0,0,0,0.0,False,True,7304.2635288238525,1180667.5,0
20240405100514791_sardine_bad.jpeg,0,0,0,0,0,0.0,False,True,7046.550762176514,1133885.0,0
20240405100531406_sardine_bad.jpeg,0,0,0,0,0,0.0,False,True,7185.896007537842,1036247.5,0
20240405100536714_sardine_bad.jpeg,0,0,0,0,0,0.0,False,True,5680.210600376129,665550.5,0
20240405100552240_sardine_bad.jpeg,0,0,0,0,0,0.0,False,True,7612.859426498413,1303196.0,0
20240405100602895_sardine_bad.jpeg,0,0,0,0,0,0.0,False,True,5023.9536736011505,571456.0,0
20240405100603904_sardine_bad.jpeg,0,0,0,0,0,0.0,False,True,5896.398535728455,1104277.0,0
20240405100615681_sardine_bad.jpeg,0,0,0,0,0,0.0,False,True,9005.885897636414,1760691.5,0
20240405100636024_sardine_bad.jpeg,0,0,0,0,0,0.0,False,True,7145.001557350159,1094844.0,0
20240405100652898_sardine_bad.jpeg,0,0,0,0,0,0.0,False,True,6048.626904726028,777016.5,0
20240405100723182_sardine_bad.jpeg,0,0,0,0,0,0.0,False,True,7090.582287788391,1090061.5,0
20240405100733039_sardine_bad.jpeg,0,0,0,0,0,0.0,False,True,7605.604563713074,1111711.0,0
20240405100737485_sardine_bad.jpeg,0,0,0,0,0,0.0,False,True,7605.604563713074,1111711.0,0
20240405100807423_sardine_bad.jpeg,0,0,0,0,0,0.0,False,True,7921.420813560486,1344964.5,0
20240405100840947_sardine_bad.jpeg,0,0,0,0,0,0.0,False,True,7554.089859008789,1257760.0,0
20240405100903079_sardine_bad.jpeg,0,0,0,0,0,0.0,False,True,6107.1348333358765,638980.5,0
20240405100932215_sardine_bad.jpeg,0,0,0,0,0,0.0,False,True,7986.045283317566,1301419.0,0
20240405100943121_sardine_bad.jpeg,0,0,0,0,0,0.0,False,True,6998.89389705658,1037116.0,0
20240405100953195_sardine_bad.jpeg,0,0,0,0,0,0.0,False,True,8659.022961616516,1667423.5,0
20240405101012356_sardine_bad.jpeg,0,0,0,0,0,0.0,False,True,7976.14577293396,1462241.5,0
20240405101022962_sardine_bad.jpeg,0,0,0,0,0,0.0,False,True,6886.501989364624,1070950.0,0
20240405101040664_sardine_bad.jpeg,0,0,0,0,0,0.0,False,True,8630.14872455597,1399014.0,0
20240405101049387_sardine_bad.jpeg,0,0,0,0,0,0.0,False,True,7531.702117919922,1279763.0,0
20240405101057879_sardine_bad.jpeg,0,0,0,0,0,0.0,False,True,7089.486848831177,1144649.0,0
20240405101106692_sardine_bad.jpeg,0,0,0,0,0,0.0,False,True,7611.726514816284,1300169.0,0
20240405101115065_sardine_bad.jpeg,0,0,0,0,0,0.0,False,True,7885.234086990356,1370606.5,0
20240405101124850_sardine_bad.jpeg,0,0,0,0,0,0.0,False,True,6403.732440948486,1210154.0,0
20240405101135658_sardine_bad.jpeg,0,0,0,0,0,0.0,False,True,7176.163040161133,1102988.0,0
20240405101146757_sardine_bad.jpeg,0,0,0,0,0,0.0,False,True,5051.067582130432,567235.5,0
20240405103344005_sardine_bad.jpeg,0,0,0,0,0,0.0,False,True,5495.541550397873,639046.0,0
20240405103400336_sardine_bad.jpeg,0,0,0,0,0,0.0,False,True,7045.906103134155,1108369.5,0
20240405103409715_sardine_bad.jpeg,0,0,0,0,0,0.0,False,True,7230.692892074585,1307298.0,0
20240405103424209_sardine_bad.jpeg,0,0,0,0,0,0.0,False,True,7391.621842384338,1176185.5,0
20240405103435949_sardine_bad.jpeg,0,0,0,0,0,0.0,False,True,6828.165995597839,1016117.5,0
20240405103450916_sardine_bad.jpeg,0,0,0,0,0,0.0,False,True,7745.795496940613,1324994.0,0
20240405103504930_sardine_bad.jpeg,0,0,0,0,0,0.0,False,True,6730.151696205139,952120.5,0
20240405103518019_sardine_bad.jpeg,0,0,0,0,0,0.0,False,True,7193.52845954895,1128362.5,0
20240405103530746_sardine_bad.jpeg,0,0,0,0,0,0.0,False,True,6654.030992507935,1049967.0,0
20240405103600606_sardine_bad.jpeg,0,0,0,0,0,0.0,False,True,6884.092823982239,1082387.5,0
20240405103636575_sardine_bad.jpeg,0,0,0,0,0,0.0,False,True,8400.648319244385,1528283.0,0
20240405103648186_sardine_bad.jpeg,0,0,0,0,0,0.0,False,True,7025.369084358215,1179181.0,0
20240405103659836_sardine_bad.jpeg,0,0,0,0,0,0.0,False,True,7229.545701980591,1144288.0,0
20240405103718071_sardine_bad.jpeg,0,0,0,0,0,0.0,False,True,7289.389285087585,1072634.0,0
20240405103729777_sardine_bad.jpeg,0,0,0,0,0,0.0,False,True,7603.369071006775,1321952.0,0
20240405103748400_sardine_bad.jpeg,0,0,0,0,0,0.0,False,True,7217.27868938446,1157375.5,0
20240405103801524_sardine_bad.jpeg,0,0,0,0,0,0.0,False,True,6764.201696395874,964709.0,0
20240405103813597_sardine_bad.jpeg,0,0,0,0,0,0.0,False,True,7333.940594673157,1169467.5,0
20240405103840603_sardine_bad.jpeg,0,0,0,0,0,0.0,False,True,7270.454438209534,1132701.5,0
20240405103852850_sardine_bad.jpeg,0,0,0,0,0,0.0,False,True,7101.310206413269,1047845.0,0
20240405103904620_sardine_bad.jpeg,0,0,0,0,0,0.0,False,True,7116.048234939575,1130779.5,0
20240405103933763_sardine_bad.jpeg,0,0,0,0,0,0.0,False,True,6960.141607284546,1094942.5,0
20240405104012477_sardine_bad.jpeg,0,0,0,0,0,0.0,False,True,5999.459504127502,1158391.5,0
20240405104024947_sardine_bad.jpeg,0,0,0,0,0,0.0,False,True,6758.5091342926025,1017982.5,0
20240405104036857_sardine_bad.jpeg,0,0,0,0,0,0.0,False,True,7433.420805931091,1174938.5,0
20240405104050036_sardine_bad.jpeg,0,0,0,0,0,0.0,False,True,7824.218938827515,1347606.5,0
20240405104104167_sardine_bad.jpeg,0,0,0,0,0,0.0,False,True,6884.568004608154,1046186.5,0
20240405104132876_sardine_bad.jpeg,0,0,0,0,0,0.0,False,True,6772.0970067977905,1071448.5,0
20240405104146186_sardine_bad.jpeg,0,0,0,0,0,0.0,False,True,7616.770233154297,1312679.0,0
20240405104157935_sardine_bad.jpeg,0,0,0,0,0,0.0,False,True,7331.893050193787,1101741.0,0
20240405104209288_sardine_bad.jpeg,0,0,0,0,0,0.0,False,True,6842.374121665955,1124109.0,0
20240405104219870_sardine_bad.jpeg,0,0,0,0,0,0.0,False,True,7344.959939956665,1154408.5,0
20240405104302929_sardine_bad.jpeg,0,0,0,0,0,0.0,False,True,7273.1710386276245,1242414.5,0
20240405104356485_sardine_bad.jpeg,0,0,0,0,0,0.0,False,True,6760.24925327301,1015802.5,0
20240405104409638_sardine_bad.jpeg,0,0,0,0,0,0.0,False,True,7282.509146690369,1114183.5,0
20240405104506058_sardine_bad.jpeg,0,0,0,0,0,0.0,False,True,7206.398530960083,1077389.0,0
20240405104518193_sardine_bad.jpeg,0,0,0,0,0,0.0,False,True,8313.314407348633,1450764.0,0
20240405104530106_sardine_bad.jpeg,0,0,0,0,0,0.0,False,True,7365.15674495697,1085180.5,0
20240405104556776_sardine_bad.jpeg,0,0,0,0,0,0.0,False,True,7380.8665561676025,1056987.5,0
20240405104623510_sardine_bad.jpeg,0,0,0,0,0,0.0,False,True,7997.400621414185,1382355.5,0
20240405104656243_sardine_bad.jpeg,0,0,0,0,0,0.0,False,True,8636.160064697266,1626417.5,0
20240405104836954_sardine_bad.jpeg,0,0,0,0,0,0.0,False,True,7647.310203552246,1150536.0,0
20240405104848967_sardine_bad.jpeg,0,0,0,0,0,0.0,False,True,7704.849313735962,1294851.0,0
20240405105000870_sardine_bad.jpeg,0,0,0,0,0,0.0,False,True,7677.373288154602,1228592.0,0
20240405105034508_sardine_bad.jpeg,0,0,0,0,0,0.0,False,True,9108.873690605164,1662487.0,0
20240405105045149_sardine_bad.jpeg,0,0,0,0,0,0.0,False,True,7258.43300819397,1066957.0,0
20240405105118747_sardine_bad.jpeg,0,0,0,0,0,0.0,False,True,7641.050315856934,1189292.0,0
20240405105124495_sardine_bad.jpeg,0,0,0,0,0,0.0,False,True,7641.050315856934,1189292.0,0
20240405105140472_sardine_bad.jpeg,0,0,0,0,0,0.0,False,True,7466.243327140808,1114094.5,0
20240405105154865_sardine_bad.jpeg,0,0,0,0,0,0.0,False,True,7125.27153968811,1071702.0,0
20240405105208897_sardine_bad.jpeg,0,0,0,0,0,0.0,False,True,6729.621835708618,1003583.5,0
20240405105237723_sardine_bad.jpeg,0,0,0,0,0,0.0,False,True,7421.854357719421,1116033.0,0
20240405105340795_sardine_bad.jpeg,0,0,0,0,0,0.0,False,True,6777.597443580627,980748.5,0
20240405105356084_sardine_bad.jpeg,0,0,0,0,0,0.0,False,True,6641.78835773468,958216.5,0
20240405105401951_sardine_bad.jpeg,0,0,0,0,0,0.0,False,True,5955.749705553055,758185.5,0
20240405105408224_sardine_bad.jpeg,0,0,0,0,0,0.0,False,True,7696.381284713745,1256061.5,0
20240405105428799_sardine_bad.jpeg,0,0,0,0,0,0.0,False,True,6325.670608520508,800444.5,0
20240405105453329_sardine_bad.jpeg,0,0,0,0,0,0.0,False,True,6982.092829704285,1113568.5,0
20240405105507626_sardine_bad.jpeg,0,0,0,0,0,0.0,False,True,7118.793403625488,1272601.5,0
20240405105543732_sardine_bad.jpeg,0,0,0,0,0,0.0,False,True,7428.315258026123,1150494.0,0
20240405105605777_sardine_bad.jpeg,0,0,0,0,0,0.0,False,True,6710.214773178101,1065371.5,0
20240405105617379_sardine_bad.jpeg,0,0,0,0,0,0.0,False,True,6403.749683380127,905775.5,0
20240405105629380_sardine_bad.jpeg,0,0,0,0,0,0.0,False,True,6853.562975883484,963444.5,0
20240405105641542_sardine_bad.jpeg,0,0,0,0,0,0.0,False,True,6814.269442558289,1118501.5,0
20240405105653868_sardine_bad.jpeg,0,0,0,0,0,0.0,False,True,7149.496936798096,1053470.0,0
20240405105705759_sardine_bad.jpeg,0,0,0,0,0,0.0,False,True,6800.935542106628,990649.5,0
20240405105715268_sardine_bad.jpeg,0,0,0,0,0,0.0,False,True,7345.226954460144,1254854.0,0
20240405105730753_sardine_bad.jpeg,0,0,0,0,0,0.0,False,True,6800.349761009216,1001897.0,0
20240405105743127_sardine_bad.jpeg,0,0,0,0,0,0.0,False,True,6441.02890586853,865368.5,0
20240405105752849_sardine_bad.jpeg,0,0,0,0,0,0.0,False,True,7713.462455749512,1190423.0,0
20240405105815744_sardine_bad.jpeg,0,0,0,0,0,0.0,False,True,7843.896011352539,1254480.5,0
20240405105826174_sardine_bad.jpeg,0,0,0,0,0,0.0,False,True,7557.3589878082275,1196405.0,0
20240405105839511_sardine_bad.jpeg,0,0,0,0,0,0.0,False,True,6295.795499801636,947328.0,0
20240405105851873_sardine_bad.jpeg,0,0,0,0,0,0.0,False,True,6511.105023384094,934196.0,0
20240405105907936_sardine_bad.jpeg,0,0,0,0,0,0.0,False,True,7332.097019195557,1184364.5,0
20240417102137528_sardine_bad.jpeg,0,0,0,0,0,0.0,False,True,5657.1222887039185,624643.5,0
20240417102228699_sardine_bad.jpeg,0,0,0,0,0,0.0,False,True,5185.870411396027,614062.0,0
20240417102631643_sardine_bad.jpeg,0,0,0,0,0,0.0,False,True,5536.931379079819,752809.5,0
20240417102725388_sardine_bad.jpeg,0,0,0,0,0,0.0,False,True,6064.570990562439,765959.0,0
20240417102828725_sardine_bad.jpeg,0,0,0,0,0,0.0,False,True,6358.9973928928375,851447.0,0
20240423092050148_sardine_bad.jpeg,0,0,0,0,0,0.0,False,True,7316.967091798782,1085606.0,0
20240423092425678_sardine_bad.jpeg,0,0,0,0,0,0.0,False,True,6915.028925895691,953599.5,0
20240423092945122_sardine_bad.jpeg,0,0,0,0,0,0.0,False,True,6695.306051969528,964459.0,0
20240423093047062_sardine_bad.jpeg,0,0,0,0,0,0.0,False,True,6735.63195514679,894485.5,0
20240423093442403_sardine_bad.jpeg,0,0,0,0,0,0.0,False,True,7439.560001134872,1161079.0,0
20240423093444633_sardine_bad.jpeg,0,0,0,0,0,0.0,False,True,5940.761897802353,744950.0,0
20240423093543112_sardine_bad.jpeg,0,0,0,0,0,0.0,False,True,6806.266505241394,1047901.0,0
20240423093544014_sardine_bad.jpeg,0,0,0,0,0,0.0,False,True,6384.242125272751,826385.0,0
20240423093553632_sardine_bad.jpeg,0,0,0,0,0,0.0,False,True,6758.453203201294,1061407.0,0
20240423093706067_sardine_bad.jpeg,0,0,0,0,0,0.0,False,True,6157.5730793476105,782140.5,0
20240423093819352_sardine_bad.jpeg,0,0,0,0,0,0.0,False,True,5972.266517877579,773904.0,0
20240423093956453_sardine_bad.jpeg,0,0,0,0,0,0.0,False,True,5653.0045421123505,701976.5,0
20240423094624307_sardine_bad.jpeg,0,0,0,0,0,0.0,False,True,8229.091957092285,1417275.5,0
20240423094636361_sardine_bad.jpeg,0,0,0,0,0,0.0,False,True,7805.618863105774,1336206.0,0
20240423094649067_sardine_bad.jpeg,0,0,0,0,0,0.0,False,True,7558.697071075439,1357060.0,0
20240423095114871_sardine_bad.jpeg,0,0,0,0,0,0.0,False,True,5758.110094070435,687680.0,0
20240423095811164_sardine_bad.jpeg,0,0,0,0,0,0.0,False,True,4246.171930551529,456067.5,0
20240423100253701_sardine_bad.jpeg,0,0,0,0,0,0.0,False,True,5840.367023468018,883051.5,0
20240423100350159_sardine_bad.jpeg,0,0,0,0,0,0.0,False,True,6777.292990922928,911450.5,0
20240423100400228_sardine_bad.jpeg,9,2,9,9,2,0.0036510376633358955,True,True,23.0,10.0,0
20240426100907061_sardine_bad.jpeg,0,0,0,0,0,0.0,False,True,7347.601656317711,1112068.5,0
20240323093232869_sardine_bad.jpeg,0,0,0,0,0,0.0,False,True,6436.155909776688,896711.5,0
20240323094700174_sardine_bad.jpeg,0,0,0,0,0,0.0,False,True,6879.898985624313,1141415.0,0
20240323094721749_sardine_bad.jpeg,7,1,7,9,2,0.0037939297124600637,True,True,17.0,8.0,0
20240323094730115_sardine_bad.jpeg,8,1,8,9,2,0.0038602194229987808,True,True,19.0,9.0,0
20240323094826022_sardine_bad.jpeg,8,2,9,9,2,0.003696498054474708,True,True,21.0,11.0,0
20240323094842905_sardine_bad.jpeg,0,0,0,0,0,0.0,False,True,5620.7202661037445,744199.5,0
20240323094917433_sardine_bad.jpeg,0,0,0,0,0,0.0,False,True,4503.419619560242,551451.0,0
20240326092209335_sardine_bad.jpeg,0,0,0,0,0,0.0,False,True,4229.21564912796,469240.5,0
20240326092327325_sardine_bad.jpeg,0,0,0,0,0,0.0,False,True,4069.1942254304886,422336.0,0
20240326092432204_sardine_bad.jpeg,0,0,0,0,0,0.0,False,True,4979.277482509613,554046.0,0
20240326092544341_sardine_bad.jpeg,0,0,0,0,0,0.0,False,True,4423.981017589569,430057.5,0
20240326092817061_sardine_bad.jpeg,0,0,0,0,0,0.0,False,True,4520.28253364563,426286.0,0
20240326092946231_sardine_bad.jpeg,0,0,0,0,0,0.0,False,True,5058.504971504211,536257.5,0
20240326093314013_sardine_bad.jpeg,0,0,0,0,0,0.0,False,True,5330.262329816818,589829.0,0
20240326093325715_sardine_bad.jpeg,0,0,0,0,0,0.0,False,True,5134.095807552338,527740.0,0
20240326093504580_sardine_bad.jpeg,0,0,0,0,0,0.0,False,True,3757.169835329056,353002.0,0
20240326093517305_sardine_bad.jpeg,0,0,0,0,0,0.0,False,True,3857.8144991397858,330290.5,0
20240326093624951_sardine_bad.jpeg,0,0,0,0,0,0.0,False,True,4289.721133708954,384793.5,0
20240326093635173_sardine_bad.jpeg,0,0,0,0,0,0.0,False,True,4856.83087849617,504142.0,0
20240326094106358_sardine_bad.jpeg,0,0,0,0,0,0.0,False,True,3529.4053349494934,285257.0,0
20240326094146805_sardine_bad.jpeg,0,0,0,0,0,0.0,False,True,4348.660166501999,414125.0,0
20240326094207239_sardine_bad.jpeg,0,0,0,0,0,0.0,False,True,4019.6622607707977,408181.5,0
20240326094528410_sardine_bad.jpeg,0,0,0,0,0,0.0,False,True,3784.341409444809,365810.0,0
20240326094543754_sardine_bad.jpeg,0,0,0,0,0,0.0,False,True,4156.171928405762,366626.5,0
20240326094906435_sardine_bad.jpeg,0,0,0,0,0,0.0,False,True,4546.716086864471,517123.5,0
20240326094946338_sardine_bad.jpeg,0,0,0,0,0,0.0,False,True,3657.897759437561,314794.5,0
20240326095011539_sardine_bad.jpeg,0,0,0,0,0,0.0,False,True,3980.757717847824,387311.0,0
20240326100433463_sardine_bad.jpeg,0,0,0,0,0,0.0,False,True,4563.97091960907,482834.5,0
20240326100452969_sardine_bad.jpeg,0,0,0,0,0,0.0,False,True,4840.210597753525,533160.5,0
20240326100514015_sardine_bad.jpeg,0,0,0,0,0,0.0,False,True,4359.970918893814,395097.5,0
20240326100526379_sardine_bad.jpeg,0,0,0,0,0,0.0,False,True,3534.677414894104,331494.5,0
20240326100645742_sardine_bad.jpeg,0,0,0,0,0,0.0,False,True,6142.512115240097,838560.0,0
20240326101000432_sardine_bad.jpeg,0,0,0,0,0,0.0,False,True,5072.102949857712,550359.5,0
20240326101426889_sardine_bad.jpeg,0,0,0,0,0,0.0,False,True,4314.941479921341,494913.5,0
20240405093450624_sardine_bad.jpeg,0,0,0,0,0,0.0,False,True,3843.5932874679565,339836.5,0
20240405093614062_sardine_bad.jpeg,0,0,0,0,0,0.0,False,True,5707.514199733734,672207.5,0
20240405093632134_sardine_bad.jpeg,6,1,7,10,3,0.0037653586999603647,True,True,16.0,7.0,0
20240405093643595_sardine_bad.jpeg,7,1,7,9,2,0.0038321903993545786,True,True,18.0,7.0,0
20240405093652554_sardine_bad.jpeg,7,1,7,10,3,0.003836833602584814,True,True,18.0,8.0,0
20240405094937469_sardine_bad.jpeg,0,0,0,0,0,0.0,False,True,4635.804397821426,581128.5,0
20240405095008133_sardine_bad.jpeg,0,0,0,0,0,0.0,False,True,6538.200471878052,933810.5,0
20240405095023598_sardine_bad.jpeg,0,0,0,0,0,0.0,False,True,7502.540647506714,1196203.0,0
20240405095033013_sardine_bad.jpeg,0,0,0,0,0,0.0,False,True,7107.90610408783,1154512.5,0
20240405095123280_sardine_bad.jpeg,0,0,0,0,0,0.0,False,True,5892.127335071564,731210.5,0
20240405095138191_sardine_bad.jpeg,0,0,0,0,0,0.0,False,True,6098.9872760772705,808322.0,0
20240405095221324_sardine_bad.jpeg,0,0,0,0,0,0.0,False,True,7303.604584693909,1134007.0,0
20240405095242441_sardine_bad.jpeg,0,0,0,0,0,0.0,False,True,8741.79254245758,1649100.5,0
20240405095256862_sardine_bad.jpeg,0,0,0,0,0,0.0,False,True,8683.133577346802,1474934.0,0
20240405095306076_sardine_bad.jpeg,0,0,0,0,0,0.0,False,True,6875.763971328735,994141.5,0
20240405095316428_sardine_bad.jpeg,0,0,0,0,0,0.0,False,True,7917.19074344635,1177727.0,0
20240405095342136_sardine_bad.jpeg,0,0,0,0,0,0.0,False,True,6876.911152839661,966981.5,0
20240405095351620_sardine_bad.jpeg,0,0,0,0,0,0.0,False,True,6935.628960609436,1091728.0,0
20240405095400759_sardine_bad.jpeg,0,0,0,0,0,0.0,False,True,6813.712224960327,957075.0,0
20240405095427331_sardine_bad.jpeg,0,0,0,0,0,0.0,False,True,7258.173135757446,1098622.0,0
20240405095440262_sardine_bad.jpeg,0,0,0,0,0,0.0,False,True,8281.678929328918,1320527.5,0
20240405095519419_sardine_bad.jpeg,0,0,0,0,0,0.0,False,True,7338.745850563049,1086875.0,0
20240130093304262_sardine_bad.jpeg,0,0,0,0,0,0.0,False,True,4398.667314052582,421422.5,0
20240130094505903_sardine_bad.jpeg,0,0,0,0,0,0.0,False,True,5730.421709775925,669428.5,0
20240130094517084_sardine_bad.jpeg,0,0,0,0,0,0.0,False,True,4726.934340715408,469217.0,0
20240130100032328_sardine_bad.jpeg,0,0,0,0,0,0.0,False,True,4757.093716621399,478593.5,0
20240130100234251_sardine_bad.jpeg,0,0,0,0,0,0.0,False,True,4663.787153840065,497742.0,0
20240131105409725_sardine_bad.jpeg,0,0,0,0,0,0.0,False,True,5800.3455929756165,685743.0,0
20240220101008287_sardine_bad.jpeg,0,0,0,0,0,0.0,False,True,5162.036933898926,531877.0,0
20240220101019444_sardine_bad.jpeg,0,0,0,0,0,0.0,False,True,4104.549562692642,352399.5,0
20240220101227354_sardine_bad.jpeg,0,0,0,0,0,0.0,False,True,4487.527264595032,375056.0,0
20240220102031511_sardine_bad.jpeg,0,0,0,0,0,0.0,False,True,5116.2551882267,561794.5,0
20240220102115896_sardine_bad.jpeg,0,0,0,0,0,0.0,False,True,4326.1647872924805,407092.0,0
20240220102323567_sardine_bad.jpeg,0,0,0,0,0,0.0,False,True,5146.983112335205,545803.0,0
20240222095037094_sardine_bad.jpeg,0,0,0,0,0,0.0,False,True,5169.288806915283,543965.5,0
20240222100923291_sardine_bad.jpeg,0,0,0,0,0,0.0,False,True,5752.179069042206,775266.0,0
20240222100931537_sardine_bad.jpeg,0,0,0,0,0,0.0,False,True,5578.24508690834,656151.5,0
20240222100955910_sardine_bad.jpeg,0,0,0,0,0,0.0,False,True,4828.3212060928345,505409.0,0
20240222101016234_sardine_bad.jpeg,0,0,0,0,0,0.0,False,True,5302.463339567184,680652.0,0
20240222101117243_sardine_bad.jpeg,0,0,0,0,0,0.0,False,True,4777.419622182846,415957.0,0
20240222101227818_sardine_bad.jpeg,0,0,0,0,0,0.0,False,True,4522.456198453903,437396.5,0
20240222101322215_sardine_bad.jpeg,0,0,0,0,0,0.0,False,True,5209.510021686554,659767.5,0
20240222101339312_sardine_bad.jpeg,0,0,0,0,0,0.0,False,True,4783.904900789261,560053.0,0
20240222101657301_sardine_bad.jpeg,0,0,0,0,0,0.0,False,True,4662.743428707123,508659.0,0
20240222101710563_sardine_bad.jpeg,0,0,0,0,0,0.0,False,True,4972.924236536026,644786.0,0
20240222102109104_sardine_bad.jpeg,0,0,0,0,0,0.0,False,True,4812.137439966202,512182.5,0
20240222102110175_sardine_bad.jpeg,0,0,0,0,0,0.0,False,True,4812.137439966202,512182.5,0
20240222102900592_sardine_bad.jpeg,0,0,0,0,0,0.0,False,False,0.0,0.0,0
20240222102916293_sardine_bad.jpeg,0,0,0,0,0,0.0,False,False,0.0,0.0,0
20240319094940394_sardine_bad.jpeg,0,0,0,0,0,0.0,False,True,6117.126472234726,813378.5,0
20240319094940406_sardine_bad.jpeg,0,0,0,0,0,0.0,False,True,6117.126472234726,813378.5,0
20240319094948549_sardine_bad.jpeg,0,0,0,0,0,0.0,False,True,4929.492782592773,572931.0,0
20240319095111550_sardine_bad.jpeg,0,0,0,0,0,0.0,False,True,5583.953672647476,663946.0,0
20240319095214748_sardine_bad.jpeg,0,0,0,0,0,0.0,False,True,6247.30605173111,909443.0,0
20240319095316359_sardine_bad.jpeg,0,0,0,0,0,0.0,False,True,6531.964998960495,855630.5,0
20240319095341269_sardine_bad.jpeg,0,0,0,0,0,0.0,False,True,5544.22784113884,606221.0,0
20240319095545780_sardine_bad.jpeg,0,0,0,0,0,0.0,False,True,5318.563846349716,603665.5,0
20240319095625120_sardine_bad.jpeg,0,0,0,0,0,0.0,False,True,5071.4927814006805,518101.0,0
20240319095705526_sardine_bad.jpeg,0,0,0,0,0,0.0,False,True,4911.88765835762,504163.5,0
20240319095751163_sardine_bad.jpeg,0,0,0,0,0,0.0,False,True,5489.441044211388,616213.5,0
20240319095802425_sardine_bad.jpeg,0,0,0,0,0,0.0,False,True,5119.953673839569,544842.0,0
20240319095802761_sardine_bad.jpeg,0,0,0,0,0,0.0,False,True,5119.953673839569,544842.0,0
20240319095857009_sardine_bad.jpeg,0,0,0,0,0,0.0,False,True,5086.463340759277,665341.0,0
20240319095935585_sardine_bad.jpeg,0,0,0,0,0,0.0,False,True,4321.436866044998,405555.5,0
20240319100045611_sardine_bad.jpeg,0,0,0,0,0,0.0,False,True,4692.438954591751,604268.0,0
20240321092311945_sardine_bad.jpeg,0,0,0,0,0,0.0,False,True,4823.777050733566,558530.0,0
20230916114436246_sardine_bad.jpeg,0,0,0,0,0,0.0,False,True,5589.1924929618835,728785.0,0
IMG20230523100108.jpg,15,4,16,11,6,0.0066948555320648345,True,True,39.0,35.0,1
IMG20230523100056.jpg,18,4,19,10,4,0.007257448433919022,True,True,45.0,45.0,1
IMG20230523100105.jpg,17,5,18,11,7,0.0071860816944024205,True,True,44.0,44.0,1
IMG20230523100020.jpg,16,6,17,11,6,0.005889646621202728,True,True,40.0,38.0,1
IMG20230523100033.jpg,0,0,0,0,0,0.0,False,True,6426.302218437195,1076164.5,1
IMG20230523100100.jpg,16,6,18,10,5,0.0079232693911593,True,True,41.0,36.0,1
IMG20230523100016.jpg,14,4,15,11,6,0.005930087390761548,True,True,36.0,26.0,1
IMG20230523100039.jpg,15,5,16,11,7,0.006121134020618557,True,True,37.0,37.0,1
IMG20230523100029.jpg,15,6,17,11,6,0.005860579888957434,True,True,40.0,35.0,1
IMG20230523100025.jpg,15,6,16,10,5,0.005598114319387153,True,True,38.0,35.0,1
IMG20230523100012.jpg,15,6,16,11,6,0.005904288377874456,True,True,39.0,33.0,1
IMG20230523100044.jpg,17,5,18,10,4,0.007364341085271318,True,True,44.0,46.0,1
IMG20230523095915.jpg,15,3,16,11,6,0.006074168797953964,True,True,39.0,38.0,1
IMG20230523100007.jpg,15,5,16,10,4,0.006397306397306397,True,True,38.0,32.0,1
IMG20230523095956.jpg,14,3,14,11,7,0.00608974358974359,True,True,34.0,24.0,1
IMG20230523095907.jpg,16,6,17,11,6,0.006732813607370659,True,True,37.0,29.0,1
IMG20230523095911.jpg,15,3,15,11,6,0.006062539885130823,True,True,37.0,29.0,1
IMG20230523095818.jpg,14,3,15,11,6,0.006436314363143632,True,True,34.0,30.0,1
IMG20230523095834.jpg,15,4,16,11,5,0.006058673469387755,True,True,38.0,35.0,1
IMG20230523095818 (1).jpg,16,4,17,11,6,0.006766381766381766,True,True,39.0,38.0,1
IMG20230523095822.jpg,15,4,15,11,5,0.006431956668923494,True,True,36.0,26.0,1
IMG20230523095856.jpg,15,6,16,10,5,0.007969798657718121,True,True,36.0,32.0,1
IMG20230523095810.jpg,15,6,17,11,6,0.006201044386422976,True,True,39.0,36.0,1
IMG20230523095901.jpg,16,3,17,11,6,0.0064276048714479025,True,True,38.0,40.0,1
IMG20230523095849.jpg,14,3,15,11,5,0.00641025641025641,True,True,36.0,34.0,1
IMG20230523095839.jpg,15,6,16,10,5,0.005948653725735754,True,True,39.0,32.0,1
IMG20230523095828.jpg,14,3,15,10,5,0.006078055022392835,True,True,34.0,29.0,1
IMG20230523095805.jpg,16,4,17,11,6,0.006751954513148543,True,True,39.0,41.0,1
IMG20230523095758.jpg,15,4,16,10,5,0.006341789052069426,True,True,39.0,33.0,1
IMG20230523095746.jpg,16,3,16,11,6,0.0066760365425158116,True,True,38.0,32.0,1
IMG20230523095754.jpg,16,3,16,10,5,0.0072353389185072356,True,True,39.0,38.0,1
IMG20230523095737.jpg,18,4,18,10,4,0.007142857142857143,True,True,45.0,44.0,1
IMG20230523095744.jpg,16,3,16,11,6,0.006363027461486939,True,True,37.0,32.0,1
IMG20230523095740.jpg,15,3,15,10,3,0.006506849315068493,True,True,36.0,31.0,1
IMG20230608075632.jpg,13,5,14,11,5,0.0051462621885157095,True,True,32.0,28.0,1
IMG20230608075625.jpg,14,3,15,10,5,0.005963590709353421,True,True,35.0,30.0,1
IMG20230608075656.jpg,16,4,17,11,6,0.006270627062706271,True,True,39.0,38.0,1
IMG20230608075700.jpg,5,4,6,11,6,0.0066948555320648345,True,True,16.0,13.0,1
IMG20230608075648.jpg,13,3,14,11,6,0.005768063145112325,True,True,33.0,28.0,1
IMG20230608075652.jpg,14,3,15,11,6,0.006367292225201072,True,True,35.0,29.0,1
IMG20230608075643.jpg,16,3,17,10,5,0.0066760365425158116,True,True,40.0,28.0,1
IMG20230608075705.jpg,14,4,15,11,6,0.006136950904392765,True,True,34.0,31.0,1
IMG20230608075709.jpg,16,4,16,11,6,0.006245890861275477,True,True,38.0,36.0,1
IMG20230608075744.jpg,0,0,0,0,0,0.0,False,True,5169.794306755066,612873.5,1
IMG20230608075749.jpg,15,3,16,11,6,0.006506849315068493,True,True,38.0,33.0,1
IMG20230608075800.jpg,6,4,7,11,5,0.006445047489823609,True,True,18.0,8.0,1
IMG20230608075755.jpg,5,4,7,11,5,0.006384408602150538,True,True,18.0,8.0,1
IMG20230608075818.jpg,16,3,16,11,5,0.006529209621993127,True,True,40.0,30.0,1
IMG20230608075812.jpg,15,6,16,11,6,0.006367292225201072,True,True,38.0,33.0,1
IMG20230608075825.jpg,15,2,15,11,5,0.007392996108949416,True,True,34.0,30.0,1
IMG20230608075805.jpg,6,4,7,11,5,0.006666666666666667,True,True,19.0,10.0,1
IMG20230608075908.jpg,15,6,16,11,6,0.007137490608564989,True,True,39.0,31.0,1
IMG20230608075904.jpg,16,3,16,10,5,0.007132132132132132,True,True,38.0,32.0,1
IMG20230609091345.jpg,0,0,0,0,0,0.0,False,True,6462.741719245911,935229.0,1
IMG20230609091335.jpg,0,0,0,0,0,0.0,False,True,6019.548709869385,780819.5,1
IMG20230609091141.jpg,16,3,17,11,6,0.007381507381507382,True,True,40.0,40.0,1
IMG20230609091339.jpg,0,0,0,0,0,0.0,False,True,5614.186224937439,745048.5,1
IMG20230609091330.jpg,0,0,0,0,0,0.0,False,True,5351.676555633545,680430.5,1
IMG20230609091418.jpg,16,4,17,11,5,0.0068149210903873745,True,True,42.0,38.0,1
IMG20230609091350.jpg,0,0,0,0,0,0.0,False,True,6842.0583782196045,1066825.5,1
IMG20230609091356.jpg,17,4,17,10,5,0.005974842767295598,True,True,42.0,38.0,1
IMG20230609091423.jpg,19,6,19,10,5,0.006597222222222222,True,True,46.0,48.0,1
IMG20230609091436.jpg,16,3,17,11,6,0.00585335797905114,True,True,40.0,38.0,1
IMG20230609091447.jpg,15,3,16,10,5,0.006132989025177534,True,True,38.0,32.0,1
IMG20230609091428.jpg,17,3,17,11,5,0.005828220858895706,True,True,40.0,37.0,1
IMG20230609091452.jpg,15,5,16,11,6,0.005948653725735754,True,True,39.0,32.0,1
IMG20230609092248.jpg,17,3,17,11,5,0.006078055022392835,True,True,41.0,39.0,1
IMG20230609091458.jpg,17,3,17,11,5,0.005831798649478207,True,True,41.0,39.0,1
IMG20230609091504.jpg,16,5,17,10,5,0.005441008018327606,True,True,40.0,37.0,1
IMG20230609092241.jpg,17,4,17,11,5,0.006001263423878711,True,True,42.0,38.0,1
IMG20230609092257.jpg,18,4,19,10,5,0.006529209621993127,True,True,45.0,47.0,1
IMG20230609092303.jpg,15,2,15,11,5,0.006201044386422976,True,True,37.0,29.0,1
IMG20230609092319.jpg,0,0,0,0,0,0.0,False,True,6580.078581809998,1198228.5,1
IMG20230609092308.jpg,16,3,17,11,5,0.00623768877216021,True,True,41.0,39.0,1
IMG20230609092339.jpg,17,4,17,11,5,0.005835380835380835,True,True,41.0,38.0,1
IMG20230609092419.jpg,18,4,18,11,5,0.006172839506172839,True,True,44.0,44.0,1
IMG20230609092348.jpg,15,4,15,11,6,0.006050955414012739,True,True,36.0,30.0,1
IMG20230609092404.jpg,17,4,17,11,5,0.00586781964175417,True,True,41.0,41.0,1
IMG20230609092356.jpg,16,3,17,11,5,0.0059375,True,True,41.0,39.0,1
IMG20230609092443.jpg,16,4,16,11,5,0.0055948174322732625,True,True,40.0,35.0,1
IMG20230609092425.jpg,20,3,20,11,5,0.006834532374100719,True,True,49.0,54.0,1
IMG20230609092431.jpg,0,0,0,0,0,0.0,False,True,6694.876710891724,1053471.5,1
IMG20230609092438.jpg,16,3,16,10,5,0.005796217205613179,True,True,40.0,37.0,1
IMG20230609092448.jpg,16,4,17,10,5,0.00564468211527035,True,True,40.0,43.0,1
IMG20230609092454.jpg,0,0,0,0,0,0.0,False,True,7635.746755599976,1334554.0,1
IMG20230609092603.jpg,17,5,18,10,4,0.005911636589919104,True,True,41.0,40.0,1
IMG20230609092554.jpg,0,0,0,0,0,0.0,False,True,6127.39942741394,863194.0,1
IMG20230609092502.jpg,17,4,18,10,5,0.006081946222791294,True,True,42.0,46.0,1
IMG20230609092615.jpg,0,0,0,0,0,0.0,False,True,5745.115156173706,766590.0,1
IMG20230609092624.jpg,0,0,0,0,0,0.0,False,True,6859.306057929993,1028778.0,1
IMG20230609092609.jpg,0,0,0,0,0,0.0,False,True,6183.663485527039,907532.0,1
IMG20230609092619.jpg,0,0,0,0,0,0.0,False,True,5907.576053619385,758243.0,1
IMG20230609092648.jpg,16,4,17,11,5,0.005997474747474747,True,True,41.0,36.0,1
IMG20230609092638.jpg,0,0,0,0,0,0.0,False,True,6180.401511192322,950928.5,1
IMG20230609092644.jpg,0,0,0,0,0,0.0,False,True,6112.252245903015,803672.0,1
IMG20230609092630.jpg,18,4,18,11,6,0.006371562709590879,True,True,44.0,42.0,1
IMG20230609092712.jpg,17,3,18,10,5,0.006140917905623788,True,True,43.0,42.0,1
IMG20230609092658.jpg,15,3,15,11,5,0.006270627062706271,True,True,37.0,29.0,1
IMG20230609092653.jpg,15,4,15,11,6,0.006192959582790091,True,True,36.0,28.0,1
IMG20230609092847.jpg,16,3,16,11,5,0.005510440835266821,True,True,40.0,35.0,1
IMG20230609092705.jpg,15,3,15,10,5,0.005702280912364946,True,True,37.0,33.0,1
IMG20230609092856.jpg,15,2,15,10,5,0.00540386803185438,True,True,36.0,30.0,1
IMG20230609092909.jpg,17,4,18,10,5,0.005806845965770171,True,True,42.0,39.0,1
IMG20230609092902.jpg,14,3,15,10,4,0.004929942916450441,True,True,36.0,29.0,1
IMG20230609092852.jpg,15,5,16,10,5,0.005254424778761062,True,True,39.0,37.0,1
IMG20230609092933.jpg,16,3,16,10,5,0.005422374429223744,True,True,40.0,38.0,1
IMG20230609092914.jpg,15,4,16,10,5,0.005413105413105413,True,True,38.0,35.0,1
IMG20230609092919.jpg,16,3,16,11,5,0.005671641791044776,True,True,39.0,36.0,1
IMG20230609092951.jpg,14,4,15,11,6,0.005733252866626433,True,True,35.0,29.0,1
IMG20230609092937.jpg,15,3,16,10,3,0.0055008685581933985,True,True,37.0,31.0,1
IMG20230609092956.jpg,16,4,17,10,5,0.005069370330843116,True,True,40.0,33.0,1
IMG20230609092946.jpg,15,3,16,10,5,0.005963590709353421,True,True,38.0,34.0,1
IMG20230609092941.jpg,14,4,15,10,4,0.00530429927414852,True,True,36.0,29.0,1
IMG20230609093012.jpg,17,3,17,11,5,0.006074168797953964,True,True,41.0,38.0,1
IMG20230609093001.jpg,13,7,15,10,5,0.0055072463768115944,True,True,35.0,25.0,1
IMG20230609093007.jpg,15,5,16,10,4,0.0062050947093403004,True,True,37.0,29.0,1
IMG20230609093516.jpg,17,3,18,11,5,0.006436314363143632,True,True,43.0,41.0,1
IMG20230609093017.jpg,14,3,15,10,5,0.0059226932668329174,True,True,36.0,30.0,1
IMG20230609093521.jpg,18,3,18,11,5,0.00623768877216021,True,True,44.0,42.0,1
IMG20230609093510.jpg,19,4,20,10,5,0.006690140845070422,True,True,47.0,52.0,1
IMG20230609093527.jpg,18,4,19,10,5,0.006050955414012739,True,True,46.0,49.0,1
IMG20230609093545.jpg,0,0,0,0,0,0.0,False,True,7042.800597190857,1020729.0,1
IMG20230609093533.jpg,17,3,17,10,5,0.005889646621202728,True,True,44.0,39.0,1
IMG20230609093540.jpg,16,4,17,11,5,0.006266490765171504,True,True,42.0,39.0,1
IMG20230609093550.jpg,17,4,18,11,5,0.005726341169379144,True,True,42.0,40.0,1
IMG20230609093555.jpg,0,0,0,0,0,0.0,False,True,7160.092846870422,1051207.5,1
IMG20230609092328.jpg,16,4,16,11,6,0.008747697974217311,True,True,39.0,43.0,1
IMG20230519074247.jpg,17,3,17,10,4,0.006597222222222222,True,True,42.0,38.0,1
IMG20230519074259.jpg,18,4,18,10,5,0.007324595219737857,True,True,44.0,47.0,1
IMG20230519074306.jpg,16,3,17,11,5,0.007126781695423856,True,True,40.0,41.0,1
IMG20230519074356.jpg,17,4,18,10,4,0.0056146572104018916,True,True,42.0,39.0,1
IMG20230519074339.jpg,18,4,19,10,5,0.006588072122052704,True,True,44.0,47.0,1
IMG20230519074325.jpg,18,4,18,10,5,0.006780870806566738,True,True,43.0,48.0,1
IMG20230519074331.jpg,2,2,3,10,5,0.0072685539403213465,True,True,8.0,4.0,1
IMG20230519074348.jpg,19,5,20,10,5,0.006643356643356644,True,True,48.0,55.0,1
IMG20230519074316.jpg,17,3,18,11,5,0.007180650037792895,True,True,42.0,43.0,1
IMG20230519074444.jpg,16,4,17,11,5,0.005310229178311906,True,True,41.0,37.0,1
IMG20230519074509.jpg,18,4,19,10,5,0.005478662053056517,True,True,45.0,41.0,1
IMG20230519074516.jpg,19,5,19,10,4,0.00608974358974359,True,True,45.0,48.0,1
IMG20230519074451.jpg,16,3,16,10,5,0.005926388022457892,True,True,40.0,38.0,1
IMG20230519074523.jpg,15,4,16,10,4,0.00639300134589502,True,True,40.0,35.0,1
IMG20230519074428.jpg,18,4,18,10,4,0.006020278833967047,True,True,45.0,49.0,1
IMG20230519074459.jpg,17,3,17,10,5,0.005712567648827421,True,True,41.0,41.0,1
IMG20230519074434.jpg,17,4,17,10,5,0.0059412132582864294,True,True,42.0,45.0,1
IMG20230519075332.jpg,16,3,17,11,5,0.006440677966101695,True,True,41.0,39.0,1
IMG20230519075318.jpg,0,0,0,0,0,0.0,False,True,7280.8868045806885,1194264.5,1
IMG20230519074535.jpg,17,4,17,10,4,0.006278916060806345,True,True,42.0,39.0,1
IMG20230519074529.jpg,16,3,16,10,5,0.006164828033744322,True,True,39.0,36.0,1
IMG20230519075312.jpg,17,5,18,11,5,0.0063081009296148734,True,True,41.0,35.0,1
IMG20230519075340.jpg,17,5,18,11,5,0.00673758865248227,True,True,42.0,36.0,1
IMG20230519074541.jpg,16,3,17,10,5,0.0064059339177343225,True,True,40.0,37.0,1
IMG20230519075437.jpg,0,0,0,0,0,0.0,False,True,7486.832120895386,1246053.5,1
IMG20230519075345.jpg,16,3,16,10,4,0.005631298162418494,True,True,39.0,39.0,1
IMG20230519075400.jpg,15,3,15,11,5,0.005621301775147929,True,True,37.0,31.0,1
IMG20230519075421.jpg,15,4,15,10,5,0.005419281232173417,True,True,37.0,35.0,1
IMG20230519075428.jpg,15,4,15,11,6,0.005971087366436203,True,True,40.0,26.0,1
IMG20230519075353.jpg,18,5,19,11,6,0.006129032258064516,True,True,44.0,44.0,1
IMG20230519075413.jpg,16,3,16,11,6,0.0059861373660995585,True,True,39.0,37.0,1
IMG20230519075407.jpg,16,3,16,10,5,0.005678421996413628,True,True,38.0,38.0,1
IMG20230519075457.jpg,15,4,16,11,5,0.005736714975845411,True,True,37.0,35.0,1
IMG20230519075529.jpg,16,5,17,11,5,0.005621301775147929,True,True,41.0,39.0,1
IMG20230519075445.jpg,0,0,0,0,0,0.0,False,True,6284.654256820679,914585.0,1
IMG20230519075451.jpg,17,4,17,11,6,0.006050955414012739,True,True,42.0,37.0,1
IMG20230519075511.jpg,15,6,16,10,5,0.005838967424708051,True,True,38.0,30.0,1
IMG20230519075503.jpg,14,3,15,11,6,0.006497948016415869,True,True,35.0,32.0,1
IMG20230519075523.jpg,14,4,15,11,5,0.005513639001741149,True,True,35.0,29.0,1
IMG20230520093642.jpg,16,3,16,11,5,0.006295559973492379,True,True,39.0,37.0,1
IMG20230520093656.jpg,16,4,17,10,4,0.00566150178784267,True,True,40.0,37.0,1
IMG20230520093651.jpg,16,5,16,10,5,0.006233595800524934,True,True,39.0,34.0,1
IMG20230520093648.jpg,16,3,16,11,5,0.00665266106442577,True,True,38.0,35.0,1
IMG20230520093715.jpg,16,3,17,10,5,0.00530429927414852,True,True,41.0,35.0,1
IMG20230520093731.jpg,17,5,18,11,6,0.005681818181818182,True,True,43.0,43.0,1
IMG20230520093726.jpg,16,3,16,11,5,0.0063249001331557924,True,True,38.0,28.0,1
IMG20230520093702.jpg,16,7,18,10,4,0.006358768406961178,True,True,41.0,37.0,1
IMG20230520093711.jpg,16,4,17,11,5,0.006085842408712364,True,True,41.0,38.0,1
IMG20230520093721.jpg,15,3,15,10,5,0.006121134020618557,True,True,36.0,30.0,1
IMG20230520093807.jpg,13,2,13,11,5,0.006081946222791294,True,True,31.0,22.0,1
IMG20230520093750.jpg,17,3,17,11,5,0.007132132132132132,True,True,43.0,41.0,1
IMG20230520093756.jpg,16,5,17,11,5,0.00662020905923345,True,True,41.0,32.0,1
IMG20230520093739.jpg,16,5,17,11,5,0.005875077303648732,True,True,41.0,39.0,1
IMG20230520093735.jpg,16,4,16,11,5,0.006152849740932643,True,True,40.0,35.0,1
IMG20230520093800.jpg,16,3,16,10,4,0.006761565836298933,True,True,38.0,36.0,1
IMG20230520093745.jpg,17,3,17,11,5,0.00841452612931798,True,True,42.0,42.0,1
IMG20230520093948.jpg,16,3,16,10,4,0.005658129839189994,True,True,39.0,36.0,1
IMG20230520093828.jpg,16,4,17,11,5,0.007748776508972268,True,True,41.0,34.0,1
IMG20230520093831.jpg,15,3,15,10,3,0.006105398457583547,True,True,36.0,32.0,1
IMG20230520093835.jpg,14,3,15,11,6,0.006346025384101536,True,True,36.0,30.0,1
IMG20230520093840.jpg,12,3,13,10,5,0.0061014771997430954,True,True,28.0,30.0,1
IMG20230520093811.jpg,16,3,16,10,5,0.006606397774687065,True,True,39.0,35.0,1
IMG20230520094002.jpg,20,5,21,10,4,0.00776778413736713,True,True,51.0,63.0,1
IMG20230520094014.jpg,16,3,16,10,5,0.006270627062706271,True,True,37.0,31.0,1
IMG20230520094010.jpg,15,3,15,10,4,0.006713780918727915,True,True,37.0,31.0,1
IMG20230520093954.jpg,14,4,14,10,4,0.005488157134604275,True,True,33.0,27.0,1
IMG20230520094120.jpg,16,4,16,11,6,0.006606397774687065,True,True,41.0,37.0,1
IMG20230520094005.jpg,15,3,16,10,4,0.007011070110701107,True,True,38.0,33.0,1
IMG20230520094140.jpg,15,4,15,10,5,0.005982367758186398,True,True,36.0,32.0,1
IMG20230520094154.jpg,14,3,15,11,5,0.005747126436781609,True,True,35.0,32.0,1
IMG20230520094125.jpg,14,3,15,11,6,0.0060471037555697,True,True,37.0,33.0,1
IMG20230520094130.jpg,15,4,15,11,6,0.005904288377874456,True,True,37.0,31.0,1
IMG20230520094149.jpg,15,3,16,10,5,0.005911636589919104,True,True,37.0,36.0,1
IMG20230520094135.jpg,16,4,16,11,6,0.005806845965770171,True,True,38.0,35.0,1
IMG20230520094144.jpg,14,5,16,11,6,0.006164828033744322,True,True,38.0,33.0,1
IMG20230520094216.jpg,15,4,16,11,6,0.006164828033744322,True,True,37.0,35.0,1
IMG20230520094211.jpg,15,3,15,11,6,0.0063375583722481655,True,True,37.0,33.0,1
IMG20230520094205.jpg,15,3,15,11,5,0.006121134020618557,True,True,36.0,30.0,1
IMG20230520094159.jpg,15,4,15,10,5,0.005542590431738623,True,True,36.0,32.0,1
IMG20230520093707.jpg,15,4,16,10,4,0.0055072463768115944,True,True,38.0,36.0,1
IMG_20240227_092653745.jpg,0,0,0,0,0,0.0,False,True,6540.675678253174,905030.5,1
IMG_20240227_092645817.jpg,0,0,0,0,0,0.0,False,True,6269.857351064682,782699.5,1
IMG_20240227_092338211.jpg,0,0,0,0,0,0.0,False,True,6184.761898756027,820845.0,1
IMG_20240227_092331647.jpg,0,0,0,0,0,0.0,False,True,5697.867452383041,675993.5,1
IMG_20240227_092325071.jpg,0,0,0,0,0,0.0,False,True,6604.766084909439,833494.0,1
IMG_20240227_093746111.jpg,0,0,0,0,0,0.0,False,True,5570.906990528107,660396.5,1
IMG_20240227_093733142.jpg,0,0,0,0,0,0.0,False,True,6046.033972740173,844806.5,1
IMG_20240227_101140323.jpg,0,0,0,0,0,0.0,False,True,5443.835924386978,620099.0,1
IMG_20240227_094125482.jpg,0,0,0,0,0,0.0,False,True,6529.979286432266,817778.5,1
IMG_20240227_094139667.jpg,0,0,0,0,0,0.0,False,True,6645.42084646225,941780.5,1
IMG_20240227_094116585.jpg,0,0,0,0,0,0.0,False,True,7294.308145523071,966401.5,1
IMG_20240227_094003983.jpg,0,0,0,0,0,0.0,False,True,5381.208506345749,714394.0,1
20240709122233746_sardine_good.jpeg,0,0,0,0,0,0.0,False,True,6574.769046545029,971106.5,1
20240716105744925_sardine_good.jpeg,0,0,0,0,0,0.0,False,True,6406.301000595093,1003660.0,1
20240716110138845_sardine_good.jpeg,0,0,0,0,0,0.0,False,True,7266.079787015915,1323399.0,1
20240716110343273_sardine_good.jpeg,0,0,0,0,0,0.0,False,True,7180.155908107758,1202322.5,1
20240716112815917_sardine_good.jpeg,0,0,0,0,0,0.0,False,True,6513.244220972061,880267.5,1
20240716113005277_sardine_good.jpeg,0,0,0,0,0,0.0,False,True,5254.168969631195,739775.0,1
20240716113647544_sardine_good.jpeg,0,0,0,0,0,0.0,False,True,6659.036067247391,993813.0,1
20240723093407109_sardine_good.jpeg,0,0,0,0,0,0.0,False,True,6565.774091959,1034289.5,1
20240723093542075_sardine_good.jpeg,0,0,0,0,0,0.0,False,True,7524.883823633194,1099924.0,1
20240723093958827_sardine_good.jpeg,0,0,0,0,0,0.0,False,True,6832.322427272797,983726.5,1
20240723094040485_sardine_good.jpeg,0,0,0,0,0,0.0,False,True,6238.6857805252075,814871.5,1
20240723094048387_sardine_good.jpeg,0,0,0,0,0,0.0,False,True,6254.928417444229,979438.0,1
20240723094526217_sardine_good.jpeg,0,0,0,0,0,0.0,False,True,6797.043213605881,1001549.5,1
20240723094536028_sardine_good.jpeg,0,0,0,0,0,0.0,False,True,6580.623944044113,755012.0,1
20240723094552674_sardine_good.jpeg,0,0,0,0,0,0.0,False,True,6809.337582588196,975184.5,1
20240723094601157_sardine_good.jpeg,0,0,0,0,0,0.0,False,True,7313.98939204216,1104740.5,1
20240723094653073_sardine_good.jpeg,0,0,0,0,0,0.0,False,True,6192.72027015686,736645.5,1
20240723094759688_sardine_good.jpeg,0,0,0,0,0,0.0,False,True,7060.481808662415,1268417.0,1
20240723094808894_sardine_good.jpeg,0,0,0,0,0,0.0,False,True,6649.1508576869965,971350.5,1
20240723095259367_sardine_good.jpeg,0,0,0,0,0,0.0,False,True,7190.758939027786,1037308.5,1
20240723095329603_sardine_good.jpeg,0,0,0,0,0,0.0,False,True,7622.998626470566,1194388.5,1
20240723101005805_sardine_good.jpeg,0,0,0,0,0,0.0,False,True,5700.984335660934,775843.5,1
20240723101133842_sardine_good.jpeg,0,0,0,0,0,0.0,False,True,6818.925457239151,894797.5,1
20240723101436459_sardine_good.jpeg,0,0,0,0,0,0.0,False,True,6734.200496673584,1129160.5,1
20240727124439433_sardine_good.jpeg,0,0,0,0,0,0.0,False,True,6862.259373188019,1050353.5,1
20240730093621385_sardine_good.jpeg,0,0,0,0,0,0.0,False,True,7275.185343384743,1129584.5,1
20240730093751733_sardine_good.jpeg,0,0,0,0,0,0.0,False,True,6166.862403154373,838936.5,1
20240730093837617_sardine_good.jpeg,0,0,0,0,0,0.0,False,True,5414.553742647171,767424.5,1
20240730093845407_sardine_good.jpeg,0,0,0,0,0,0.0,False,True,6201.337583065033,835395.5,1
20240730093856188_sardine_good.jpeg,0,0,0,0,0,0.0,False,True,5186.5810923576355,738245.0,1
20240730094654057_sardine_good.jpeg,0,0,0,0,0,0.0,False,True,6726.107139587402,961855.5,1
20240730094740295_sardine_good.jpeg,0,0,0,0,0,0.0,False,True,6520.038157939911,867372.5,1
20240730095239640_sardine_good.jpeg,0,0,0,0,0,0.0,False,True,6212.76189494133,890308.0,1
20240730095342097_sardine_good.jpeg,0,0,0,0,0,0.0,False,True,5297.232893228531,762187.0,1
20240730095353140_sardine_good.jpeg,0,0,0,0,0,0.0,False,True,6080.301003217697,883854.0,1
20240730095526741_sardine_good.jpeg,0,0,0,0,0,0.0,False,True,6512.349770784378,886726.0,1
20240730095855666_sardine_good.jpeg,0,0,0,0,0,0.0,False,True,7068.824955701828,1048709.0,1
20240730095918363_sardine_good.jpeg,0,0,0,0,0,0.0,False,True,7616.60670876503,1245467.5,1
20240730100927792_sardine_good.jpeg,0,0,0,0,0,0.0,False,True,6604.239171862602,1035127.5,1
20240730101228995_sardine_good.jpeg,0,0,0,0,0,0.0,False,True,6457.320342063904,1043688.0,1
20240730102029437_sardine_good.jpeg,0,0,0,0,0,0.0,False,True,7610.807708740234,1352155.5,1
20240730102221544_sardine_good.jpeg,0,0,0,0,0,0.0,False,True,5997.725320458412,862459.5,1
20240730102236180_sardine_good.jpeg,0,0,0,0,0,0.0,False,True,5715.021783590317,806319.0,1
20240801112950486_sardine_good.jpeg,0,0,0,0,0,0.0,False,True,8357.85140323639,1671276.5,1
20240801113014596_sardine_good.jpeg,0,0,0,0,0,0.0,False,True,8102.069652557373,1620017.0,1
20240801113737868_sardine_good.jpeg,0,0,0,0,0,0.0,False,True,8202.201678276062,1554967.0,1
20240803093142725_sardine_good.jpeg,0,0,0,0,0,0.0,False,True,8996.58943939209,3069747.0,1
20240803093500054_sardine_good.jpeg,0,0,0,0,0,0.0,False,True,8934.499033927917,2303490.5,1
20240813114009540_sardine_good.jpeg,0,0,0,0,0,0.0,False,True,9042.717283248901,2272221.0,1
20240813114010585_sardine_good.jpeg,0,0,0,0,0,0.0,False,True,9042.717283248901,2272221.0,1
IMG_20240813_021034492_HDR.jpg,0,0,0,0,0,0.0,False,True,10110.284960508347,2587898.0,1
IMG_20240813_021050032.jpg,0,0,0,0,0,0.0,False,True,9894.923709869385,2555826.5,1
20240319090013108_sardine_good.jpeg,0,0,0,0,0,0.0,False,True,6500.245087623596,1012613.5,1
20240319090736976_sardine_good.jpeg,0,0,0,0,0,0.0,False,True,6085.65929889679,856831.0,1
20240319090754566_sardine_good.jpeg,0,0,0,0,0,0.0,False,True,6961.763988494873,967760.5,1
20240319090829190_sardine_good.jpeg,0,0,0,0,0,0.0,False,True,5755.274523735046,601285.5,1
20240319090846401_sardine_good.jpeg,0,0,0,0,0,0.0,False,True,5769.049127578735,763606.5,1
20240319090906971_sardine_good.jpeg,0,0,0,0,0,0.0,False,True,6853.906124472618,950482.5,1
20240319090923467_sardine_good.jpeg,0,0,0,0,0,0.0,False,True,5262.639969587326,661098.0,1
20240319091346684_sardine_good.jpeg,0,0,0,0,0,0.0,False,True,6628.911176681519,918381.5,1
20240319091421540_sardine_good.jpeg,0,0,0,0,0,0.0,False,True,5398.657208442688,596874.5,1
20240319091437950_sardine_good.jpeg,0,0,0,0,0,0.0,False,True,6573.14667391777,865690.5,1
20240319091510310_sardine_good.jpeg,0,0,0,0,0,0.0,False,True,6077.347685575485,727072.5,1
20240319091628108_sardine_good.jpeg,0,0,0,0,0,0.0,False,True,6870.859444618225,877238.0,1
20240319091636297_sardine_good.jpeg,0,0,0,0,0,0.0,False,True,6389.649196147919,936913.0,1
20240319091653147_sardine_good.jpeg,0,0,0,0,0,0.0,False,True,5281.71103310585,580116.5,1
20240319091707200_sardine_good.jpeg,0,0,0,0,0,0.0,False,True,6135.188307285309,754890.0,1
20240319091715379_sardine_good.jpeg,0,0,0,0,0,0.0,False,True,5332.0369348526,661947.0,1
20240319094307245_sardine_good.jpeg,9,3,9,9,2,0.003904644471845458,True,True,23.0,11.0,1
20240319094329627_sardine_good.jpeg,0,0,0,0,0,0.0,False,True,6202.779141902924,864399.5,1
20240320101950349_sardine_good.jpeg,0,0,0,0,0,0.0,False,True,6964.609657526016,992577.0,1
20240320102013625_sardine_good.jpeg,0,0,0,0,0,0.0,False,True,5652.772000312805,804407.0,1
20240320102027999_sardine_good.jpeg,0,0,0,0,0,0.0,False,True,6206.016731262207,918097.0,1
20240320102037098_sardine_good.jpeg,0,0,0,0,0,0.0,False,True,6577.864494562149,890079.0,1
20240320102038377_sardine_good.jpeg,0,0,0,0,0,0.0,False,True,6577.864494562149,890079.0,1
20240320102046414_sardine_good.jpeg,0,0,0,0,0,0.0,False,True,5071.568897247314,652804.5,1
20240320102055496_sardine_good.jpeg,0,0,0,0,0,0.0,False,True,6456.127339601517,850366.5,1
20240320102104913_sardine_good.jpeg,0,0,0,0,0,0.0,False,True,5744.563846707344,731059.5,1
20240320102132794_sardine_good.jpeg,10,2,10,10,3,0.0038555194805194805,True,True,25.0,12.0,1
20240320102156307_sardine_good.jpeg,0,0,0,0,0,0.0,False,True,6266.862405061722,972316.5,1
20240320102352354_sardine_good.jpeg,0,0,0,0,0,0.0,False,True,5371.669403076172,723735.0,1
20240320102415106_sardine_good.jpeg,0,0,0,0,0,0.0,False,True,7046.197539806366,1011198.0,1
20240320102422022_sardine_good.jpeg,0,0,0,0,0,0.0,False,True,7180.540685176849,1154123.0,1
20240320102429253_sardine_good.jpeg,0,0,0,0,0,0.0,False,True,7250.440180778503,1062578.5,1
20240320102436943_sardine_good.jpeg,0,0,0,0,0,0.0,False,True,6008.720267295837,911622.5,1
20240320102501622_sardine_good.jpeg,0,0,0,0,0,0.0,False,True,6052.3081476688385,736802.5,1
20240320102508645_sardine_good.jpeg,0,0,0,0,0,0.0,False,True,5609.403601408005,682322.0,1
20240321085422781_sardine_good.jpeg,0,0,0,0,0,0.0,False,True,5236.446096897125,728454.5,1
20240321085441254_sardine_good.jpeg,0,0,0,0,0,0.0,False,True,5552.293858528137,712429.5,1
20240321085521475_sardine_good.jpeg,0,0,0,0,0,0.0,False,True,5665.808576107025,799117.5,1
20240321085529520_sardine_good.jpeg,0,0,0,0,0,0.0,False,True,6499.850209474564,930754.0,1
20240321085538584_sardine_good.jpeg,0,0,0,0,0,0.0,False,True,5831.122286081314,838666.5,1
20240321085553114_sardine_good.jpeg,0,0,0,0,0,0.0,False,True,6219.909087896347,998398.0,1
20240321085601256_sardine_good.jpeg,0,0,0,0,0,0.0,False,True,6587.004540205002,867861.5,1
20240321085833111_sardine_good.jpeg,0,0,0,0,0,0.0,False,True,6307.9162266254425,867065.5,1
20240321085842530_sardine_good.jpeg,0,0,0,0,0,0.0,False,True,5690.387223005295,831145.5,1
20240321085849927_sardine_good.jpeg,0,0,0,0,0,0.0,False,True,5584.990252494812,742940.5,1
20240323093013227_sardine_good.jpeg,0,0,0,0,0,0.0,False,True,6332.450286865234,812050.5,1
20240323093142134_sardine_good.jpeg,0,0,0,0,0,0.0,False,True,5853.791334629059,806940.0,1
20240323093332111_sardine_good.jpeg,0,0,0,0,0,0.0,False,True,5557.122287511826,764018.5,1
20240411123127594_sardine_good.jpeg,0,0,0,0,0,0.0,False,True,6712.824956417084,949561.0,1
20240411123206292_sardine_good.jpeg,0,0,0,0,0,0.0,False,True,5387.725318908691,765102.5,1
20240411123224014_sardine_good.jpeg,0,0,0,0,0,0.0,False,True,6732.758935451508,904831.5,1
20240411123248407_sardine_good.jpeg,0,0,0,0,0,0.0,False,True,5455.538593530655,669550.5,1
20240417094128139_sardine_good.jpeg,0,0,0,0,0,0.0,False,True,5886.425896167755,773380.5,1
20240417094138523_sardine_good.jpeg,0,0,0,0,0,0.0,False,True,6829.5629823207855,1101579.5,1
20240417094148792_sardine_good.jpeg,0,0,0,0,0,0.0,False,True,6985.359010696411,1116849.0,1
20240423095213245_sardine_good.jpeg,0,0,0,0,0,0.0,False,True,6480.582314968109,897027.5,1
20240516101336954_sardine_good.jpeg,0,0,0,0,0,0.0,False,True,6002.328350305557,835558.5,1
20240516101357926_sardine_good.jpeg,0,0,0,0,0,0.0,False,True,5884.637006282806,833928.5,1
20240516101429137_sardine_good.jpeg,0,0,0,0,0,0.0,False,True,5874.242126703262,772583.0,1
20240516101613243_sardine_good.jpeg,0,0,0,0,0,0.0,False,True,6958.009590625763,900082.5,1
20240516101622938_sardine_good.jpeg,0,0,0,0,0,0.0,False,True,5582.695882320404,664011.5,1
20240516101800917_sardine_good.jpeg,0,0,0,0,0,0.0,False,True,6188.127338886261,812652.5,1
20240516101932710_sardine_good.jpeg,0,0,0,0,0,0.0,False,True,6566.869545698166,886231.0,1
20240516101942116_sardine_good.jpeg,0,0,0,0,0,0.0,False,True,5984.796388626099,770729.0,1
20240516101952739_sardine_good.jpeg,0,0,0,0,0,0.0,False,True,6531.080654621124,829310.0,1
20240516102003256_sardine_good.jpeg,10,1,10,9,2,0.003708040593286495,True,True,24.0,12.0,1
20240516102015628_sardine_good.jpeg,0,0,0,0,0,0.0,False,True,4950.029792547226,481332.5,1
20240516102023802_sardine_good.jpeg,0,0,0,0,0,0.0,False,True,6980.197536945343,875797.0,1
20240516102051093_sardine_good.jpeg,0,0,0,0,0,0.0,False,True,6602.703020095825,931770.0,1
20240516102118958_sardine_good.jpeg,0,0,0,0,0,0.0,False,True,7556.04111623764,1088343.0,1
20240516102224829_sardine_good.jpeg,0,0,0,0,0,0.0,False,True,6405.264426231384,876488.5,1
20240516102404435_sardine_good.jpeg,0,0,0,0,0,0.0,False,True,6600.87668633461,898242.5,1
20240516102415241_sardine_good.jpeg,0,0,0,0,0,0.0,False,True,5516.002446174622,722731.0,1
20240516102605914_sardine_good.jpeg,0,0,0,0,0,0.0,False,True,6892.408649921417,901268.0,1
20240516102635885_sardine_good.jpeg,0,0,0,0,0,0.0,False,True,6871.237079620361,825032.0,1
20240516102722182_sardine_good.jpeg,0,0,0,0,0,0.0,False,True,5579.7669467926025,701972.0,1
20240516102744319_sardine_good.jpeg,0,0,0,0,0,0.0,False,True,5582.161828279495,698641.5,1
20240516105120480_sardine_good.jpeg,0,0,0,0,0,0.0,False,True,6283.036068201065,827575.0,1
20240516105129113_sardine_good.jpeg,0,0,0,0,0,0.0,False,True,5173.693789958954,566312.0,1
20240516105159768_sardine_good.jpeg,0,0,0,0,0,0.0,False,True,5506.570989608765,741029.0,1
20240521122334929_sardine_good.jpeg,0,0,0,0,0,0.0,False,True,5677.874595165253,796581.0,1
20240521122425856_sardine_good.jpeg,0,0,0,0,0,0.0,False,True,6316.994433641434,755061.5,1
20240521122434281_sardine_good.jpeg,0,0,0,0,0,0.0,False,True,5441.399414300919,677262.0,1
20240521122441409_sardine_good.jpeg,0,0,0,0,0,0.0,False,True,4898.980150222778,566747.5,1
20240521122456373_sardine_good.jpeg,0,0,0,0,0,0.0,False,True,5199.385133981705,624230.0,1
20240521122503921_sardine_good.jpeg,8,1,9,9,1,0.003835284618490109,True,True,21.0,10.0,1
20240521122517542_sardine_good.jpeg,0,0,0,0,0,0.0,False,True,5913.372070074081,744093.5,1
20240521122525415_sardine_good.jpeg,0,0,0,0,0,0.0,False,True,5359.818681001663,722490.5,1
20240521122532477_sardine_good.jpeg,0,0,0,0,0,0.0,False,True,6263.906121015549,730738.5,1
20240521122613927_sardine_good.jpeg,0,0,0,0,0,0.0,False,True,4993.291770935059,598597.0,1
20240521122638257_sardine_good.jpeg,0,0,0,0,0,0.0,False,True,5794.962904930115,669193.0,1
20240523103026452_sardine_good.jpeg,0,0,0,0,0,0.0,False,True,5153.083615064621,670796.5,1
20240523103205326_sardine_good.jpeg,0,0,0,0,0,0.0,False,True,6884.082749605179,921365.5,1
20240528094223407_sardine_good.jpeg,0,0,0,0,0,0.0,False,True,6546.942709684372,959531.0,1
20240528094233684_sardine_good.jpeg,0,0,0,0,0,0.0,False,True,6015.0705535411835,735360.0,1
20240528094329257_sardine_good.jpeg,0,0,0,0,0,0.0,False,True,7136.724452495575,920095.5,1
20240528094351337_sardine_good.jpeg,0,0,0,0,0,0.0,False,True,5770.234986543655,709487.5,1
20240528094414769_sardine_good.jpeg,0,0,0,0,0,0.0,False,True,6087.0705580711365,766566.0,1
20240528094624102_sardine_good.jpeg,0,0,0,0,0,0.0,False,True,6177.690829515457,789516.5,1
20240528095114448_sardine_good.jpeg,0,0,0,0,0,0.0,False,True,7015.781231164932,954005.0,1
20240528095319107_sardine_good.jpeg,0,0,0,0,0,0.0,False,True,6149.83296918869,898514.5,1
20240528095403698_sardine_good.jpeg,0,0,0,0,0,0.0,False,True,6946.031015872955,940459.0,1
20240528095423365_sardine_good.jpeg,0,0,0,0,0,0.0,False,True,6327.22279047966,820902.0,1
20240528100259147_sardine_good.jpeg,0,0,0,0,0,0.0,False,True,7562.974236369133,817623.5,1
20240528100839546_sardine_good.jpeg,0,0,0,0,0,0.0,False,True,6654.224883556366,874494.5,1
20240528100931631_sardine_good.jpeg,0,0,0,0,0,0.0,False,True,7098.71312379837,1196862.0,1
20240528100941115_sardine_good.jpeg,0,0,0,0,0,0.0,False,True,6946.606701493263,994479.5,1
20240530113429925_sardine_good.jpeg,0,0,0,0,0,0.0,False,True,6446.408648729324,933660.0,1
20240530113442437_sardine_good.jpeg,0,0,0,0,0,0.0,False,True,6879.372072935104,1102182.5,1
20240530113451181_sardine_good.jpeg,0,0,0,0,0,0.0,False,True,6468.411609649658,923312.5,1
20240530113526949_sardine_good.jpeg,0,0,0,0,0,0.0,False,True,6351.195447683334,981801.5,1
20240530113536080_sardine_good.jpeg,0,0,0,0,0,0.0,False,True,6088.754754304886,803506.5,1
20240530113554125_sardine_good.jpeg,10,2,10,9,3,0.0037984806077568972,True,True,25.0,12.0,1
20240604103221656_sardine_good.jpeg,0,0,0,0,0,0.0,False,True,8097.538589954376,1183404.5,1
20240604103306450_sardine_good.jpeg,0,0,0,0,0,0.0,False,True,6449.76398730278,915656.5,1
20240604103349949_sardine_good.jpeg,0,0,0,0,0,0.0,False,True,6881.712253570557,973784.0,1
20240604103425267_sardine_good.jpeg,0,0,0,0,0,0.0,False,True,6308.318246841431,789411.5,1
20240604103557475_sardine_good.jpeg,0,0,0,0,0,0.0,False,True,6149.171060800552,776750.5,1
IMG_20240117_111213416.jpg,0,0,0,0,0,0.0,False,True,6466.774452209473,1048545.0,1
20240620092510255_sardine_good.jpeg,0,0,0,0,0,0.0,False,True,7350.166006207466,1040683.5,1
20240620092523008_sardine_good.jpeg,0,0,0,0,0,0.0,False,True,6564.793426990509,868118.5,1
20240620092548502_sardine_good.jpeg,0,0,0,0,0,0.0,False,True,7002.481809616089,1073972.0,1
20240620092933370_sardine_good.jpeg,0,0,0,0,0,0.0,False,True,7266.565073847771,1105928.0,1
20240620092940731_sardine_good.jpeg,0,0,0,0,0,0.0,False,True,6162.134481430054,797362.0,1
20240620093004838_sardine_good.jpeg,0,0,0,0,0,0.0,False,True,5757.021783351898,787286.0,1
20240620093013729_sardine_good.jpeg,0,0,0,0,0,0.0,False,True,6133.73245882988,861431.0,1
20240620093103288_sardine_good.jpeg,0,0,0,0,0,0.0,False,True,6295.278708696365,784568.5,1
IMG_20240627_105011083.jpg,0,0,0,0,0,0.0,False,True,6749.920402884483,996716.5,1
IMG_20240627_105023776.jpg,0,0,0,0,0,0.0,False,True,6621.185346126556,1068254.5,1
IMG_20240627_105002351.jpg,0,0,0,0,0,0.0,False,True,7026.596601009369,1055723.5,1
IMG_20240627_105041211.jpg,0,0,0,0,0,0.0,False,True,5941.41788983345,896579.0,1
IMG_20240627_104745740.jpg,0,0,0,0,0,0.0,False,True,6249.552886962891,967363.5,1
IMG_20240627_105015460.jpg,0,0,0,0,0,0.0,False,True,5883.028928041458,863775.5,1
IMG_20240627_104825404.jpg,0,0,0,0,0,0.0,False,True,5674.644147157669,733844.0,1
IMG_20240627_105017966.jpg,0,0,0,0,0,0.0,False,True,6721.268606185913,1021531.5,1
IMG_20240627_105008500.jpg,0,0,0,0,0,0.0,False,True,5893.531451702118,900187.0,1
IMG_20240627_104802976.jpg,0,0,0,0,0,0.0,False,True,5931.587365627289,857320.5,1
IMG_20240627_105026528.jpg,0,0,0,0,0,0.0,False,True,7036.097033500671,1052540.5,1
IMG_20240627_105034602.jpg,0,0,0,0,0,0.0,False,True,6788.893929481506,995111.0,1
IMG_20240627_104811185.jpg,9,2,9,9,2,0.003940273745333886,True,True,22.0,12.0,1
IMG_20240627_104806279.jpg,0,0,0,0,0,0.0,False,True,6524.589457035065,874100.0,1
IMG_20240627_104959125.jpg,0,0,0,0,0,0.0,False,True,6110.928419828415,914902.0,1
IMG_20240627_104709030.jpg,9,2,9,9,2,0.00372695174578266,True,True,23.0,13.0,1
IMG_20240627_104718926.jpg,0,0,0,0,0,0.0,False,True,5801.281668663025,776862.0,1
IMG_20240627_104513737.jpg,0,0,0,0,0,0.0,False,True,5725.639101982117,824905.0,1
IMG_20240627_104754696.jpg,0,0,0,0,0,0.0,False,True,5986.734549283981,791512.5,1
IMG_20240627_104847355.jpg,0,0,0,0,0,0.0,False,True,6090.460382699966,893684.5,1
IMG_20240627_104500996.jpg,0,0,0,0,0,0.0,False,True,6442.055400848389,914070.0,1
IMG_20240627_104743057.jpg,0,0,0,0,0,0.0,False,True,6718.474664926529,961272.5,1
IMG_20240627_104716253.jpg,0,0,0,0,0,0.0,False,True,5422.536502361298,760226.0,1
IMG_20240627_104822362.jpg,0,0,0,0,0,0.0,False,True,5765.011682987213,829053.0,1
IMG_20240627_104737633.jpg,0,0,0,0,0,0.0,False,True,5291.9162266254425,722269.5,1
IMG_20240627_104726358.jpg,0,0,0,0,0,0.0,False,True,5491.950716257095,767898.5,1
IMG_20240627_104319158.jpg,0,0,0,0,0,0.0,False,True,6770.658433556557,1043029.0,1
IMG_20230725_130734147.jpg,0,0,0,0,0,0.0,False,True,7007.927552700043,1278094.0,1
20240222085552918_sardine_good.jpeg,0,0,0,0,0,0.0,False,True,5683.659300327301,678274.0,1
20240222085627971_sardine_good.jpeg,0,0,0,0,0,0.0,False,True,5287.693789720535,693903.0,1
20240222085747215_sardine_good.jpeg,0,0,0,0,0,0.0,False,True,4905.620630979538,566603.0,1
20240222090021503_sardine_good.jpeg,0,0,0,0,0,0.0,False,True,5201.821639299393,618365.0,1
20240222090053031_sardine_good.jpeg,0,0,0,0,0,0.0,False,True,5606.052448511124,511832.5,1
20240222090109624_sardine_good.jpeg,0,0,0,0,0,0.0,False,True,5949.264421463013,833316.5,1
20240222090126432_sardine_good.jpeg,0,0,0,0,0,0.0,False,True,6285.683686494827,817429.0,1
20240222090156177_sardine_good.jpeg,0,0,0,0,0,0.0,False,True,5202.858222723007,584297.5,1
20240222090255219_sardine_good.jpeg,0,0,0,0,0,0.0,False,True,5720.990251302719,628983.5,1
20240222090304870_sardine_good.jpeg,0,0,0,0,0,0.0,False,True,4747.08361697197,524149.5,1
20240222090932682_sardine_good.jpeg,0,0,0,0,0,0.0,False,True,5142.345593690872,655690.0,1
20240222092127432_sardine_good.jpeg,0,0,0,0,0,0.0,False,True,4896.002445220947,514825.0,1
20240222094625323_sardine_good.jpeg,0,0,0,0,0,0.0,False,True,5114.591192483902,621886.0,1
20240222094728141_sardine_good.jpeg,0,0,0,0,0,0.0,False,True,5802.39436173439,822112.0,1
20240222094735828_sardine_good.jpeg,0,0,0,0,0,0.0,False,True,5035.551657438278,644625.0,1
20240222094750554_sardine_good.jpeg,0,0,0,0,0,0.0,False,True,5748.695880651474,679339.5,1
20240222094808517_sardine_good.jpeg,0,0,0,0,0,0.0,False,True,4891.985204458237,565047.5,1
20240224090207711_sardine_good.jpeg,0,0,0,0,0,0.0,False,True,5894.210600376129,811187.5,1
20240224090242761_sardine_good.jpeg,0,0,0,0,0,0.0,False,True,6063.690828323364,917070.5,1
20240224090252886_sardine_good.jpeg,0,0,0,0,0,0.0,False,True,6396.560888290405,876637.0,1
20240224090618456_sardine_good.jpeg,0,0,0,0,0,0.0,False,True,5643.482675790787,676913.0,1
20240224090743243_sardine_good.jpeg,0,0,0,0,0,0.0,False,True,6272.293857097626,749711.5,1
20240224090857964_sardine_good.jpeg,0,0,0,0,0,0.0,False,True,5795.340544700623,781894.0,1
20240224090939951_sardine_good.jpeg,0,0,0,0,0,0.0,False,True,5775.576041936874,658469.0,1
20240224091040305_sardine_good.jpeg,0,0,0,0,0,0.0,False,True,5668.713130712509,740097.0,1
20240224091108098_sardine_good.jpeg,0,0,0,0,0,0.0,False,True,5660.965865135193,730307.5,1
20240224091214310_sardine_good.jpeg,0,0,0,0,0,0.0,False,True,5644.654250383377,784864.0,1
20240224091240105_sardine_good.jpeg,0,0,0,0,0,0.0,False,True,5872.504970788956,665888.5,1
20240224091306091_sardine_good.jpeg,0,0,0,0,0,0.0,False,True,5832.654251813889,805031.0,1
20240224091618975_sardine_good.jpeg,0,0,0,0,0,0.0,False,True,5078.196314334869,614826.5,1
20240224091720240_sardine_good.jpeg,0,0,0,0,0,0.0,False,True,6473.749703407288,938891.5,1
20240224091805437_sardine_good.jpeg,0,0,0,0,0,0.0,False,True,5710.303963184357,803458.5,1
20240224091824732_sardine_good.jpeg,0,0,0,0,0,0.0,False,True,5250.102950692177,695233.5,1
20240224091832769_sardine_good.jpeg,0,0,0,0,0,0.0,False,True,6329.573079824448,777643.5,1
20240224091843099_sardine_good.jpeg,0,0,0,0,0,0.0,False,True,5945.759804010391,782065.5,1
20240224092007533_sardine_good.jpeg,0,0,0,0,0,0.0,False,True,5300.9414830207825,694285.5,1
20240224092049171_sardine_good.jpeg,0,0,0,0,0,0.0,False,True,5681.257277727127,659673.0,1
20240224092135330_sardine_good.jpeg,0,0,0,0,0,0.0,False,True,5699.8228669166565,636761.5,1
20240224092149627_sardine_good.jpeg,0,0,0,0,0,0.0,False,True,6169.673584222794,769626.0,1
20240302103232774_sardine_good.jpeg,0,0,0,0,0,0.0,False,True,5598.882605075836,777278.5,1
20240319085734332_sardine_good.jpeg,0,0,0,0,0,0.0,False,True,5242.764856100082,700032.5,1
20240319085742298_sardine_good.jpeg,0,0,0,0,0,0.0,False,True,5580.705983638763,624611.5,1
20231228091332792_sardine_good.jpeg,0,0,0,0,0,0.0,False,True,7426.364060640335,1114701.0,1
