FishHeight(cm),FishWidth(cm),FishDiagonal(cm),ScaleDiagonal(cm),ScaleWidth(cm),OnePixelValue,Circumference(cm),Area(cm),AspectRatio,DiagonalToHeightRatio,AreaRatio,SegmentedFilename,FishDetected,ScaleDetected
14.0,5.0,15.0,15.0,1.0,0.03253796095444685,36.0,28.0,0.35714285714285715,1.0788288288288288,0.0877392578125,2024-04-05_09_38_20_(10522)_sardine_input_(0).png,yes,yes
13.0,3.0,13.0,15.0,1.0,0.03253796095444685,32.0,27.0,0.23076923076923078,1.0240384615384615,0.083076171875,2024-04-05_09_38_20_(10522)_sardine_input_(1).png,yes,yes
13.0,2.0,13.0,15.0,1.0,0.03253796095444685,31.0,23.0,0.15384615384615385,1.0191846522781776,0.0727197265625,2024-04-05_09_38_20_(10522)_sardine_input_(2).png,yes,yes
13.0,2.0,14.0,15.0,1.0,0.034722222222222224,33.0,28.0,0.15384615384615385,1.02,0.07704752604166666,2024-04-05_09_38_37_(10523)_sardine_input_(0).png,yes,yes
13.0,3.0,14.0,15.0,1.0,0.034722222222222224,33.0,26.0,0.23076923076923078,1.0279187817258884,0.07054036458333333,2024-04-05_09_38_37_(10523)_sardine_input_(1).png,yes,yes
8.0,2.0,9.0,15.0,1.0,0.034722222222222224,22.0,20.0,0.25,1.0551181102362204,0.056455078125,2024-04-05_09_38_37_(10523)_sardine_input_(2).png,yes,yes
12.0,2.0,12.0,15.0,1.0,0.03296703296703297,29.0,21.0,0.16666666666666666,1.021798365122616,0.0647802734375,2024-04-05_09_38_57_(10524)_sardine_input_(0).png,yes,yes
14.0,3.0,15.0,15.0,1.0,0.03296703296703297,34.0,28.0,0.21428571428571427,1.0337078651685394,0.08649088541666666,2024-04-05_09_38_57_(10524)_sardine_input_(1).png,yes,yes
11.0,3.0,12.0,15.0,1.0,0.03296703296703297,28.0,20.0,0.2727272727272727,1.0535211267605633,0.06176106770833333,2024-04-05_09_38_57_(10524)_sardine_input_(2).png,yes,yes
13.0,4.0,14.0,15.0,2.0,0.04,35.0,23.0,0.3076923076923077,1.044378698224852,0.048543294270833336,2024-04-05_09_39_19_(10525)_sardine_input_(0).png,yes,yes
14.0,4.0,15.0,15.0,2.0,0.04,35.0,30.0,0.2857142857142857,1.0469613259668509,0.06278645833333334,2024-04-05_09_39_19_(10525)_sardine_input_(1).png,yes,yes
15.0,3.0,15.0,15.0,2.0,0.04,37.0,29.0,0.2,1.0183246073298429,0.0600048828125,2024-04-05_09_39_19_(10525)_sardine_input_(2).png,yes,yes
14.0,3.0,15.0,15.0,1.0,0.03289473684210526,36.0,28.0,0.21428571428571427,1.0266075388026608,0.08474446614583334,2024-04-05_09_39_40_(10526)_sardine_input_(0).png,yes,yes
13.0,2.0,13.0,15.0,1.0,0.03289473684210526,31.0,23.0,0.15384615384615385,1.02,0.07198079427083333,2024-04-05_09_39_40_(10526)_sardine_input_(1).png,yes,yes
12.0,2.0,13.0,15.0,1.0,0.03289473684210526,31.0,20.0,0.16666666666666666,1.0153846153846153,0.061593424479166665,2024-04-05_09_39_40_(10526)_sardine_input_(2).png,yes,yes
13.0,3.0,14.0,15.0,1.0,0.032119914346895075,33.0,26.0,0.23076923076923078,1.0404761904761906,0.08243326822916666,2024-04-05_09_39_58_(10527)_sardine_input_(0).png,yes,yes
13.0,3.0,13.0,15.0,1.0,0.032119914346895075,32.0,24.0,0.23076923076923078,1.0408653846153846,0.07809244791666667,2024-04-05_09_39_58_(10527)_sardine_input_(1).png,yes,yes
14.0,2.0,14.0,15.0,1.0,0.032119914346895075,34.0,28.0,0.14285714285714285,1.0204545454545455,0.08944661458333333,2024-04-05_09_39_58_(10527)_sardine_input_(2).png,yes,yes
13.0,3.0,13.0,15.0,1.0,0.03184713375796178,32.0,27.0,0.23076923076923078,1.0384615384615385,0.08832682291666667,2024-04-05_09_40_15_(10528)_sardine_input_(0).png,yes,yes
14.0,3.0,15.0,15.0,1.0,0.03184713375796178,33.0,31.0,0.21428571428571427,1.0214132762312633,0.10037272135416667,2024-04-05_09_40_15_(10528)_sardine_input_(1).png,yes,yes
13.0,4.0,14.0,15.0,1.0,0.03184713375796178,33.0,31.0,0.3076923076923077,1.0573394495412844,0.1012451171875,2024-04-05_09_40_15_(10528)_sardine_input_(2).png,yes,yes
14.0,4.0,14.0,15.0,1.0,0.031315240083507306,34.0,28.0,0.2857142857142857,1.0376106194690264,0.0931201171875,2024-04-05_09_40_32_(10529)_sardine_input_(0).png,yes,yes
13.0,3.0,14.0,15.0,1.0,0.031315240083507306,33.0,29.0,0.23076923076923078,1.0340909090909092,0.09772135416666666,2024-04-05_09_40_32_(10529)_sardine_input_(1).png,yes,yes
14.0,3.0,15.0,15.0,1.0,0.031315240083507306,35.0,32.0,0.21428571428571427,1.01890756302521,0.1078515625,2024-04-05_09_40_32_(10529)_sardine_input_(2).png,yes,yes
13.0,3.0,13.0,15.0,1.0,0.03225806451612903,32.0,28.0,0.23076923076923078,1.0315533980582525,0.08913899739583334,2024-04-05_09_40_50_(10530)_sardine_input_(0).png,yes,yes
15.0,3.0,15.0,15.0,1.0,0.03225806451612903,35.0,38.0,0.2,1.023157894736842,0.1210595703125,2024-04-05_09_40_50_(10530)_sardine_input_(1).png,yes,yes
14.0,3.0,14.0,15.0,1.0,0.03225806451612903,33.0,33.0,0.21428571428571427,1.0247191011235954,0.1033349609375,2024-04-05_09_40_50_(10530)_sardine_input_(2).png,yes,yes
15.0,4.0,15.0,15.0,1.0,0.031578947368421054,37.0,36.0,0.26666666666666666,1.0354166666666667,0.1196728515625,2024-04-05_09_41_11_(10531)_sardine_input_(0).png,yes,yes
13.0,2.0,13.0,15.0,1.0,0.031578947368421054,31.0,24.0,0.15384615384615385,1.0213270142180095,0.0788720703125,2024-04-05_09_41_11_(10531)_sardine_input_(1).png,yes,yes
12.0,2.0,12.0,15.0,1.0,0.031578947368421054,29.0,23.0,0.16666666666666666,1.0261780104712042,0.07734537760416667,2024-04-05_09_41_11_(10531)_sardine_input_(2).png,yes,yes
14.0,3.0,15.0,15.0,2.0,0.03138075313807531,36.0,36.0,0.21428571428571427,1.031512605042017,0.11926595052083333,2024-04-05_09_41_27_(10532)_sardine_input_(0).png,yes,yes
15.0,4.0,15.0,15.0,2.0,0.03138075313807531,36.0,42.0,0.26666666666666666,1.0460251046025104,0.14160481770833333,2024-04-05_09_41_27_(10532)_sardine_input_(1).png,yes,yes
15.0,3.0,15.0,15.0,2.0,0.03138075313807531,36.0,40.0,0.2,1.0313152400835073,0.13362630208333334,2024-04-05_09_41_27_(10532)_sardine_input_(2).png,yes,yes
15.0,3.0,15.0,15.0,2.0,0.03138075313807531,35.0,44.0,0.2,1.033402922755741,0.1474072265625,2024-04-05_09_41_42_(10533)_sardine_input_(0).png,yes,yes
14.0,3.0,14.0,15.0,2.0,0.03138075313807531,34.0,32.0,0.21428571428571427,1.0238611713665944,0.10742024739583333,2024-04-05_09_41_42_(10533)_sardine_input_(1).png,yes,yes
15.0,6.0,16.0,15.0,2.0,0.03138075313807531,38.0,48.0,0.4,1.0920502092050208,0.16140787760416667,2024-04-05_09_41_42_(10533)_sardine_input_(2).png,yes,yes
15.0,3.0,15.0,15.0,2.0,0.031315240083507306,36.0,43.0,0.2,1.0292275574112735,0.14547526041666667,2024-04-05_09_41_59_(10534)_sardine_input_(0).png,yes,yes
14.0,3.0,14.0,15.0,2.0,0.031315240083507306,33.0,33.0,0.21428571428571427,1.0286975717439293,0.11185872395833334,2024-04-05_09_41_59_(10534)_sardine_input_(1).png,yes,yes
14.0,3.0,14.0,15.0,2.0,0.031315240083507306,32.0,36.0,0.21428571428571427,1.0309734513274336,0.120947265625,2024-04-05_09_41_59_(10534)_sardine_input_(2).png,yes,yes
15.0,4.0,15.0,15.0,2.0,0.03138075313807531,35.0,45.0,0.26666666666666666,1.033402922755741,0.15053548177083334,2024-04-05_09_42_26_(10535)_sardine_input_(0).png,yes,yes
14.0,3.0,15.0,15.0,2.0,0.03138075313807531,34.0,37.0,0.21428571428571427,1.0300429184549356,0.123466796875,2024-04-05_09_42_26_(10535)_sardine_input_(1).png,yes,yes
15.0,4.0,15.0,15.0,2.0,0.03138075313807531,35.0,48.0,0.26666666666666666,1.0417536534446765,0.16111979166666668,2024-04-05_09_42_26_(10535)_sardine_input_(2).png,yes,yes
14.0,4.0,15.0,15.0,1.0,0.031982942430703626,35.0,44.0,0.2857142857142857,1.049462365591398,0.1420556640625,2024-04-05_09_42_41_(10536)_sardine_input_(0).png,yes,yes
15.0,3.0,15.0,15.0,1.0,0.031982942430703626,34.0,38.0,0.2,1.0250521920668059,0.12391276041666667,2024-04-05_09_42_41_(10536)_sardine_input_(1).png,yes,yes
13.0,2.0,14.0,15.0,1.0,0.031982942430703626,33.0,27.0,0.15384615384615385,1.0206896551724138,0.08822428385416667,2024-04-05_09_42_41_(10536)_sardine_input_(2).png,yes,yes
15.0,3.0,15.0,15.0,1.0,0.031512605042016806,35.0,43.0,0.2,1.0313152400835073,0.14096354166666666,2024-04-05_09_42_56_(10537)_sardine_input_(0).png,yes,yes
14.0,2.0,14.0,15.0,1.0,0.031512605042016806,35.0,31.0,0.14285714285714285,1.019438444924406,0.10235026041666667,2024-04-05_09_42_56_(10537)_sardine_input_(1).png,yes,yes
15.0,4.0,15.0,15.0,1.0,0.031512605042016806,38.0,40.0,0.26666666666666666,1.0459290187891441,0.13225748697916667,2024-04-05_09_42_56_(10537)_sardine_input_(2).png,yes,yes
15.0,4.0,16.0,15.0,1.0,0.03546099290780142,36.0,42.0,0.26666666666666666,1.0428893905191874,0.1105322265625,2024-04-05_09_43_16_(10538)_sardine_input_(0).png,yes,yes
14.0,3.0,14.0,15.0,1.0,0.03546099290780142,37.0,26.0,0.21428571428571427,1.0294117647058822,0.06965657552083333,2024-04-05_09_43_16_(10538)_sardine_input_(1).png,yes,yes
15.0,4.0,15.0,15.0,1.0,0.03546099290780142,37.0,36.0,0.26666666666666666,1.0344036697247707,0.0941796875,2024-04-05_09_43_16_(10538)_sardine_input_(2).png,yes,yes
15.0,4.0,15.0,15.0,1.0,0.03138075313807531,38.0,27.0,0.26666666666666666,1.0396659707724425,0.09163899739583334,2024-04-05_09_43_32_(10539)_sardine_input_(0).png,yes,yes
13.0,3.0,13.0,15.0,1.0,0.03138075313807531,31.0,30.0,0.23076923076923078,1.0282352941176471,0.102080078125,2024-04-05_09_43_32_(10539)_sardine_input_(1).png,yes,yes
14.0,3.0,15.0,15.0,1.0,0.03138075313807531,34.0,32.0,0.21428571428571427,1.018987341772152,0.10768880208333333,2024-04-05_09_43_32_(10539)_sardine_input_(2).png,yes,yes
16.0,3.0,16.0,15.0,2.0,0.034403669724770644,38.0,44.0,0.1875,1.0273109243697478,0.122197265625,2024-04-05_09_43_47_(10540)_sardine_input_(0).png,yes,yes
13.0,3.0,13.0,15.0,2.0,0.034403669724770644,32.0,26.0,0.23076923076923078,1.028205128205128,0.07175618489583334,2024-04-05_09_43_47_(10540)_sardine_input_(1).png,yes,yes
14.0,4.0,14.0,15.0,2.0,0.034403669724770644,35.0,30.0,0.2857142857142857,1.040767386091127,0.08441080729166667,2024-04-05_09_43_47_(10540)_sardine_input_(2).png,yes,yes
14.0,4.0,15.0,15.0,2.0,0.031315240083507306,36.0,50.0,0.2857142857142857,1.0481171548117154,0.16830729166666666,2024-04-05_09_44_03_(10541)_sardine_input_(0).png,yes,yes
14.0,3.0,15.0,15.0,2.0,0.031315240083507306,35.0,35.0,0.21428571428571427,1.0251046025104602,0.119306640625,2024-04-05_09_44_03_(10541)_sardine_input_(1).png,yes,yes
14.0,3.0,15.0,15.0,2.0,0.031315240083507306,36.0,35.0,0.21428571428571427,1.0292887029288702,0.11621256510416667,2024-04-05_09_44_03_(10541)_sardine_input_(2).png,yes,yes
14.0,4.0,14.0,15.0,2.0,0.031446540880503145,35.0,31.0,0.2857142857142857,1.0484581497797356,0.10240234375,2024-04-05_09_44_23_(10542)_sardine_input_(0).png,yes,yes
14.0,3.0,14.0,15.0,2.0,0.031446540880503145,32.0,34.0,0.21428571428571427,1.0264900662251655,0.1125,2024-04-05_09_44_23_(10542)_sardine_input_(1).png,yes,yes
15.0,5.0,15.0,15.0,2.0,0.031446540880503145,37.0,41.0,0.3333333333333333,1.0563674321503131,0.1378271484375,2024-04-05_09_44_23_(10542)_sardine_input_(2).png,yes,yes
14.0,3.0,14.0,15.0,2.0,0.031315240083507306,32.0,33.0,0.21428571428571427,1.0289532293986636,0.10980143229166667,2024-04-05_09_44_40_(10543)_sardine_input_(0).png,yes,yes
14.0,5.0,15.0,15.0,2.0,0.031315240083507306,35.0,36.0,0.35714285714285715,1.0658174097664543,0.12103352864583333,2024-04-05_09_44_40_(10543)_sardine_input_(1).png,yes,yes
15.0,4.0,15.0,15.0,2.0,0.031315240083507306,35.0,39.0,0.26666666666666666,1.0375782881002087,0.1294677734375,2024-04-05_09_44_40_(10543)_sardine_input_(2).png,yes,yes
15.0,3.0,15.0,15.0,2.0,0.031512605042016806,35.0,45.0,0.2,1.0334728033472804,0.14814290364583332,2024-04-05_09_45_00_(10544)_sardine_input_(0).png,yes,yes
13.0,5.0,14.0,15.0,2.0,0.031512605042016806,33.0,34.0,0.38461538461538464,1.0779816513761469,0.11197265625,2024-04-05_09_45_00_(10544)_sardine_input_(1).png,yes,yes
12.0,3.0,13.0,15.0,2.0,0.031512605042016806,30.0,31.0,0.25,1.0323383084577114,0.10333821614583333,2024-04-05_09_45_00_(10544)_sardine_input_(2).png,yes,yes
13.0,4.0,14.0,15.0,1.0,0.031315240083507306,32.0,34.0,0.3076923076923077,1.056689342403628,0.113349609375,2024-04-05_09_45_33_(10545)_sardine_input_(0).png,yes,yes
15.0,3.0,15.0,15.0,1.0,0.031315240083507306,35.0,37.0,0.2,1.0250521920668059,0.12498046875,2024-04-05_09_45_33_(10545)_sardine_input_(1).png,yes,yes
13.0,4.0,13.0,15.0,1.0,0.031315240083507306,33.0,31.0,0.3076923076923077,1.051764705882353,0.10304850260416666,2024-04-05_09_45_33_(10545)_sardine_input_(2).png,yes,yes
14.0,4.0,15.0,15.0,2.0,0.031315240083507306,36.0,45.0,0.2857142857142857,1.0397489539748954,0.15210774739583333,2024-04-05_09_45_47_(10546)_sardine_input_(0).png,yes,yes
13.0,3.0,14.0,15.0,2.0,0.031315240083507306,33.0,32.0,0.23076923076923078,1.0247191011235954,0.10850748697916666,2024-04-05_09_45_47_(10546)_sardine_input_(1).png,yes,yes
13.0,3.0,14.0,15.0,2.0,0.031315240083507306,32.0,31.0,0.23076923076923078,1.0272727272727273,0.10420735677083333,2024-04-05_09_45_47_(10546)_sardine_input_(2).png,yes,yes
15.0,3.0,15.0,15.0,2.0,0.03138075313807531,35.0,39.0,0.2,1.0271398747390397,0.13009114583333334,2024-04-05_09_46_04_(10547)_sardine_input_(0).png,yes,yes
14.0,3.0,14.0,15.0,2.0,0.03138075313807531,33.0,34.0,0.21428571428571427,1.0263157894736843,0.1149267578125,2024-04-05_09_46_04_(10547)_sardine_input_(1).png,yes,yes
14.0,3.0,15.0,15.0,2.0,0.03138075313807531,35.0,34.0,0.21428571428571427,1.021186440677966,0.1156103515625,2024-04-05_09_46_04_(10547)_sardine_input_(2).png,yes,yes
14.0,3.0,14.0,15.0,1.0,0.031315240083507306,34.0,31.0,0.21428571428571427,1.0217391304347827,0.10388020833333333,2024-04-05_09_46_28_(10548)_sardine_input_(0).png,yes,yes
15.0,5.0,16.0,15.0,1.0,0.031315240083507306,38.0,43.0,0.3333333333333333,1.0668058455114822,0.14578450520833333,2024-04-05_09_46_28_(10548)_sardine_input_(1).png,yes,yes
12.0,4.0,12.0,15.0,1.0,0.031315240083507306,30.0,28.0,0.3333333333333333,1.0544041450777202,0.09421223958333333,2024-04-05_09_46_28_(10548)_sardine_input_(2).png,yes,yes
14.0,3.0,15.0,15.0,2.0,0.03138075313807531,34.0,36.0,0.21428571428571427,1.0314465408805031,0.12152180989583333,2024-04-05_09_46_45_(10549)_sardine_input_(0).png,yes,yes
13.0,2.0,13.0,15.0,2.0,0.03138075313807531,31.0,27.0,0.15384615384615385,1.0235294117647058,0.09246256510416667,2024-04-05_09_46_45_(10549)_sardine_input_(1).png,yes,yes
12.0,3.0,13.0,15.0,2.0,0.03138075313807531,30.0,28.0,0.25,1.026634382566586,0.095849609375,2024-04-05_09_46_45_(10549)_sardine_input_(2).png,yes,yes
13.0,4.0,14.0,15.0,1.0,0.03138075313807531,33.0,26.0,0.3076923076923077,1.0477272727272726,0.08648763020833333,2024-04-05_09_47_04_(10550)_sardine_input_(0).png,yes,yes
13.0,2.0,13.0,15.0,1.0,0.03138075313807531,30.0,23.0,0.15384615384615385,1.0215827338129497,0.07833821614583333,2024-04-05_09_47_04_(10550)_sardine_input_(1).png,yes,yes
14.0,3.0,14.0,15.0,1.0,0.03138075313807531,32.0,32.0,0.21428571428571427,1.0222222222222221,0.106669921875,2024-04-05_09_47_04_(10550)_sardine_input_(2).png,yes,yes
14.0,4.0,15.0,15.0,2.0,0.03138075313807531,35.0,33.0,0.2857142857142857,1.0429184549356223,0.11156575520833334,2024-04-05_09_47_19_(10551)_sardine_input_(0).png,yes,yes
15.0,3.0,15.0,15.0,2.0,0.03138075313807531,35.0,43.0,0.2,1.0334728033472804,0.14382486979166667,2024-04-05_09_47_19_(10551)_sardine_input_(1).png,yes,yes
12.0,2.0,13.0,15.0,2.0,0.03138075313807531,31.0,23.0,0.16666666666666666,1.022167487684729,0.07848307291666666,2024-04-05_09_47_19_(10551)_sardine_input_(2).png,yes,yes
14.0,4.0,15.0,15.0,2.0,0.03138075313807531,35.0,38.0,0.2857142857142857,1.0441176470588236,0.12725260416666667,2024-04-05_09_47_35_(10552)_sardine_input_(0).png,yes,yes
14.0,3.0,14.0,15.0,2.0,0.03138075313807531,33.0,35.0,0.21428571428571427,1.032537960954447,0.11877604166666667,2024-04-05_09_47_35_(10552)_sardine_input_(1).png,yes,yes
14.0,4.0,14.0,15.0,2.0,0.03138075313807531,36.0,31.0,0.2857142857142857,1.037280701754386,0.1046630859375,2024-04-05_09_47_35_(10552)_sardine_input_(2).png,yes,yes
15.0,3.0,15.0,15.0,2.0,0.031446540880503145,34.0,37.0,0.2,1.0251046025104602,0.12400227864583334,2024-04-05_09_47_53_(10553)_sardine_input_(0).png,yes,yes
14.0,3.0,14.0,15.0,2.0,0.031446540880503145,33.0,33.0,0.21428571428571427,1.0334075723830736,0.108916015625,2024-04-05_09_47_53_(10553)_sardine_input_(1).png,yes,yes
14.0,5.0,15.0,15.0,2.0,0.031446540880503145,35.0,40.0,0.35714285714285715,1.084070796460177,0.13486328125,2024-04-05_09_47_53_(10553)_sardine_input_(2).png,yes,yes
14.0,3.0,15.0,15.0,2.0,0.031315240083507306,34.0,41.0,0.21428571428571427,1.0294117647058822,0.13783854166666668,2024-04-05_09_48_09_(10554)_sardine_input_(0).png,yes,yes
13.0,3.0,13.0,15.0,2.0,0.031315240083507306,32.0,30.0,0.23076923076923078,1.025287356321839,0.10208821614583333,2024-04-05_09_48_09_(10554)_sardine_input_(1).png,yes,yes
14.0,3.0,15.0,15.0,2.0,0.031315240083507306,35.0,33.0,0.21428571428571427,1.0256410256410255,0.11203287760416666,2024-04-05_09_48_09_(10554)_sardine_input_(2).png,yes,yes
15.0,4.0,15.0,15.0,2.0,0.031982942430703626,35.0,41.0,0.26666666666666666,1.0361702127659576,0.132626953125,2024-04-05_09_48_26_(10555)_sardine_input_(0).png,yes,yes
13.0,4.0,14.0,15.0,2.0,0.031982942430703626,32.0,28.0,0.3076923076923077,1.0528846153846154,0.09097005208333334,2024-04-05_09_48_26_(10555)_sardine_input_(1).png,yes,yes
14.0,3.0,14.0,15.0,2.0,0.031982942430703626,32.0,31.0,0.21428571428571427,1.0227790432801822,0.10103190104166666,2024-04-05_09_48_26_(10555)_sardine_input_(2).png,yes,yes
14.0,3.0,14.0,15.0,2.0,0.03138075313807531,33.0,35.0,0.21428571428571427,1.0310421286031042,0.11753255208333334,2024-04-05_09_48_43_(10556)_sardine_input_(0).png,yes,yes
13.0,3.0,14.0,15.0,2.0,0.03138075313807531,32.0,34.0,0.23076923076923078,1.0291479820627802,0.11533854166666667,2024-04-05_09_48_43_(10556)_sardine_input_(1).png,yes,yes
15.0,3.0,15.0,15.0,2.0,0.03138075313807531,35.0,45.0,0.2,1.0292275574112735,0.14898600260416667,2024-04-05_09_48_43_(10556)_sardine_input_(2).png,yes,yes
14.0,4.0,15.0,15.0,2.0,0.03125,35.0,34.0,0.2857142857142857,1.0473118279569893,0.116220703125,2024-04-05_09_49_01_(10557)_sardine_input_(0).png,yes,yes
14.0,3.0,15.0,15.0,2.0,0.03125,37.0,36.0,0.21428571428571427,1.022964509394572,0.122470703125,2024-04-05_09_49_01_(10557)_sardine_input_(1).png,yes,yes
14.0,3.0,15.0,15.0,2.0,0.03125,38.0,37.0,0.21428571428571427,1.0334728033472804,0.12427897135416667,2024-04-05_09_49_01_(10557)_sardine_input_(2).png,yes,yes
,,,,,,,,,,,2024-05-23_10_22_05_(13036)_sardine_input.jpeg,yes,no
14.0,3.0,14.0,15.0,1.0,0.03138075313807531,32.0,35.0,0.21428571428571427,1.0288248337028825,0.11671712239583333,2024-05-28_09_58_07_(13216)_sardine_input_(0).png,yes,yes
12.0,4.0,12.0,15.0,1.0,0.03138075313807531,29.0,23.0,0.3333333333333333,1.0507614213197969,0.0791455078125,2024-05-28_09_58_07_(13216)_sardine_input_(1).png,yes,yes
12.0,2.0,13.0,15.0,1.0,0.03138075313807531,30.0,28.0,0.16666666666666666,1.0242130750605327,0.093466796875,2024-05-28_09_58_07_(13216)_sardine_input_(2).png,yes,yes
12.0,3.0,13.0,15.0,1.0,0.031315240083507306,29.0,32.0,0.25,1.0291970802919708,0.10633138020833334,2024-05-28_09_58_25_(13217)_sardine_input_(0).png,yes,yes
14.0,3.0,14.0,15.0,1.0,0.031315240083507306,33.0,40.0,0.21428571428571427,1.0326086956521738,0.13552734375,2024-05-28_09_58_25_(13217)_sardine_input_(1).png,yes,yes
13.0,5.0,15.0,15.0,1.0,0.031315240083507306,37.0,34.0,0.38461538461538464,1.0788288288288288,0.11481282552083333,2024-05-28_09_58_25_(13217)_sardine_input_(2).png,yes,yes
13.0,3.0,13.0,15.0,1.0,0.031315240083507306,31.0,40.0,0.23076923076923078,1.037122969837587,0.13578125,2024-05-28_09_58_37_(13218)_sardine_input_(0).png,yes,yes
13.0,3.0,14.0,15.0,1.0,0.031315240083507306,31.0,37.0,0.23076923076923078,1.0344827586206897,0.1258642578125,2024-05-28_09_58_37_(13218)_sardine_input_(1).png,yes,yes
14.0,3.0,14.0,15.0,1.0,0.031315240083507306,33.0,38.0,0.21428571428571427,1.0378619153674833,0.1280859375,2024-05-28_09_58_37_(13218)_sardine_input_(2).png,yes,yes
13.0,3.0,13.0,15.0,1.0,0.03138075313807531,31.0,37.0,0.23076923076923078,1.0327868852459017,0.12472493489583333,2024-05-28_09_58_53_(13219)_sardine_input_(0).png,yes,yes
15.0,4.0,15.0,15.0,1.0,0.03138075313807531,35.0,49.0,0.26666666666666666,1.0375782881002087,0.16336588541666666,2024-05-28_09_58_53_(13219)_sardine_input_(1).png,yes,yes
13.0,3.0,14.0,15.0,1.0,0.03138075313807531,32.0,32.0,0.23076923076923078,1.0270880361173815,0.10609375,2024-05-28_09_58_53_(13219)_sardine_input_(2).png,yes,yes
14.0,3.0,15.0,15.0,1.0,0.031315240083507306,35.0,37.0,0.21428571428571427,1.0292887029288702,0.12461588541666667,2024-05-28_09_59_08_(13220)_sardine_input_(0).png,yes,yes
14.0,3.0,15.0,15.0,1.0,0.031315240083507306,33.0,35.0,0.21428571428571427,1.0256410256410255,0.1163134765625,2024-05-28_09_59_08_(13220)_sardine_input_(1).png,yes,yes
13.0,3.0,14.0,15.0,1.0,0.031315240083507306,31.0,35.0,0.23076923076923078,1.0340909090909092,0.11700032552083334,2024-05-28_09_59_08_(13220)_sardine_input_(2).png,yes,yes
15.0,5.0,15.0,15.0,2.0,0.03138075313807531,36.0,40.0,0.3333333333333333,1.0543933054393306,0.13232421875,2024-05-28_09_59_32_(13221)_sardine_input_(0).png,yes,yes
14.0,4.0,15.0,15.0,2.0,0.03138075313807531,34.0,39.0,0.2857142857142857,1.0477223427331888,0.13088053385416668,2024-05-28_09_59_32_(13221)_sardine_input_(1).png,yes,yes
14.0,4.0,15.0,15.0,2.0,0.03138075313807531,35.0,43.0,0.2857142857142857,1.050420168067227,0.1451123046875,2024-05-28_09_59_32_(13221)_sardine_input_(2).png,yes,yes
14.0,3.0,15.0,15.0,1.0,0.03138075313807531,34.0,35.0,0.21428571428571427,1.029535864978903,0.11707682291666667,2024-05-28_09_59_48_(13222)_sardine_input_(0).png,yes,yes
13.0,3.0,13.0,15.0,1.0,0.03138075313807531,32.0,30.0,0.23076923076923078,1.0397196261682242,0.10158365885416666,2024-05-28_09_59_48_(13222)_sardine_input_(1).png,yes,yes
13.0,4.0,14.0,15.0,1.0,0.03138075313807531,32.0,41.0,0.3076923076923077,1.0403587443946187,0.13565592447916666,2024-05-28_09_59_48_(13222)_sardine_input_(2).png,yes,yes
15.0,3.0,15.0,15.0,1.0,0.03138075313807531,35.0,42.0,0.2,1.033402922755741,0.1399755859375,2024-05-28_10_00_01_(13223)_sardine_input_(0).png,yes,yes
15.0,3.0,15.0,15.0,1.0,0.03138075313807531,35.0,40.0,0.2,1.0271398747390397,0.13525553385416667,2024-05-28_10_00_01_(13223)_sardine_input_(1).png,yes,yes
14.0,3.0,14.0,15.0,1.0,0.03138075313807531,32.0,32.0,0.21428571428571427,1.0268456375838926,0.1090673828125,2024-05-28_10_00_01_(13223)_sardine_input_(2).png,yes,yes
15.0,3.0,15.0,15.0,1.0,0.03138075313807531,35.0,46.0,0.2,1.0313152400835073,0.15414225260416667,2024-05-28_10_00_23_(13224)_sardine_input_(0).png,yes,yes
13.0,3.0,13.0,15.0,1.0,0.03138075313807531,31.0,39.0,0.23076923076923078,1.0424528301886793,0.12996256510416668,2024-05-28_10_00_23_(13224)_sardine_input_(1).png,yes,yes
14.0,3.0,14.0,15.0,1.0,0.03138075313807531,32.0,29.0,0.21428571428571427,1.0263736263736263,0.09896158854166667,2024-05-28_10_00_23_(13224)_sardine_input_(2).png,yes,yes
15.0,4.0,15.0,15.0,2.0,0.031315240083507306,36.0,49.0,0.26666666666666666,1.0459290187891441,0.16344563802083334,2024-05-28_10_00_38_(13225)_sardine_input_(0).png,yes,yes
12.0,3.0,12.0,15.0,2.0,0.031315240083507306,28.0,27.0,0.25,1.0335917312661498,0.0898828125,2024-05-28_10_00_38_(13225)_sardine_input_(1).png,yes,yes
12.0,3.0,12.0,15.0,2.0,0.031315240083507306,28.0,29.0,0.25,1.046875,0.09948079427083334,2024-05-28_10_00_38_(13225)_sardine_input_(2).png,yes,yes
14.0,3.0,15.0,15.0,2.0,0.0334075723830735,33.0,38.0,0.21428571428571427,1.0295454545454545,0.11200520833333333,2024-06-04_10_39_52_(13453)_sardine_input_(0).png,yes,yes
13.0,3.0,13.0,15.0,2.0,0.0334075723830735,31.0,30.0,0.23076923076923078,1.0248138957816377,0.08841145833333333,2024-06-04_10_39_52_(13453)_sardine_input_(1).png,yes,yes
14.0,3.0,14.0,15.0,2.0,0.0334075723830735,33.0,35.0,0.21428571428571427,1.0282352941176471,0.10323893229166667,2024-06-04_10_39_52_(13453)_sardine_input_(2).png,yes,yes
14.0,3.0,14.0,15.0,2.0,0.031315240083507306,32.0,29.0,0.21428571428571427,1.0267260579064588,0.09886067708333333,2024-06-04_10_40_07_(13454)_sardine_input_(0).png,yes,yes
15.0,4.0,15.0,15.0,2.0,0.031315240083507306,35.0,47.0,0.26666666666666666,1.0396659707724425,0.15756022135416667,2024-06-04_10_40_07_(13454)_sardine_input_(1).png,yes,yes
14.0,3.0,14.0,15.0,2.0,0.031315240083507306,32.0,37.0,0.21428571428571427,1.0308370044052864,0.12384765625,2024-06-04_10_40_07_(13454)_sardine_input_(2).png,yes,yes
13.0,4.0,14.0,15.0,2.0,0.03138075313807531,32.0,28.0,0.3076923076923077,1.0462962962962963,0.09533528645833333,2024-06-04_10_40_23_(13455)_sardine_input_(0).png,yes,yes
15.0,3.0,15.0,15.0,2.0,0.03138075313807531,35.0,39.0,0.2,1.0292275574112735,0.13208170572916667,2024-06-04_10_40_23_(13455)_sardine_input_(1).png,yes,yes
15.0,3.0,15.0,15.0,2.0,0.03138075313807531,35.0,34.0,0.2,1.0251046025104602,0.11497395833333333,2024-06-04_10_40_23_(13455)_sardine_input_(2).png,yes,yes
13.0,5.0,15.0,15.0,2.0,0.03138075313807531,35.0,35.0,0.38461538461538464,1.0812641083521444,0.11826822916666667,2024-06-04_10_40_38_(13456)_sardine_input_(0).png,yes,yes
13.0,3.0,14.0,15.0,2.0,0.03138075313807531,32.0,34.0,0.23076923076923078,1.032036613272311,0.112900390625,2024-06-04_10_40_38_(13456)_sardine_input_(1).png,yes,yes
15.0,3.0,15.0,15.0,2.0,0.03138075313807531,37.0,39.0,0.2,1.0313152400835073,0.13099934895833334,2024-06-04_10_40_38_(13456)_sardine_input_(2).png,yes,yes
15.0,4.0,16.0,15.0,2.0,0.03296703296703297,36.0,51.0,0.26666666666666666,1.0313152400835073,0.15415201822916666,2024-06-04_10_40_54_(13457)_sardine_input_(0).png,yes,yes
14.0,3.0,14.0,15.0,2.0,0.03296703296703297,34.0,30.0,0.21428571428571427,1.0303030303030303,0.09088216145833333,2024-06-04_10_40_54_(13457)_sardine_input_(1).png,yes,yes
15.0,3.0,15.0,15.0,2.0,0.03296703296703297,37.0,37.0,0.2,1.0237068965517242,0.11341634114583334,2024-06-04_10_40_54_(13457)_sardine_input_(2).png,yes,yes
15.0,3.0,15.0,15.0,2.0,0.03184713375796178,35.0,45.0,0.2,1.033402922755741,0.14641438802083334,2024-06-04_10_41_10_(13458)_sardine_input_(0).png,yes,yes
13.0,3.0,14.0,15.0,2.0,0.03184713375796178,33.0,30.0,0.23076923076923078,1.0345622119815667,0.0973486328125,2024-06-04_10_41_10_(13458)_sardine_input_(1).png,yes,yes
13.0,3.0,14.0,15.0,2.0,0.03184713375796178,33.0,31.0,0.23076923076923078,1.0275862068965518,0.10214029947916667,2024-06-04_10_41_10_(13458)_sardine_input_(2).png,yes,yes
15.0,3.0,15.0,15.0,2.0,0.03138075313807531,34.0,42.0,0.2,1.0313152400835073,0.14120442708333333,2024-06-04_10_45_57_(13459)_sardine_input_(0).png,yes,yes
15.0,3.0,15.0,15.0,2.0,0.03138075313807531,35.0,40.0,0.2,1.0292275574112735,0.13331868489583334,2024-06-04_10_45_57_(13459)_sardine_input_(1).png,yes,yes
14.0,3.0,14.0,15.0,2.0,0.03138075313807531,33.0,37.0,0.21428571428571427,1.0328947368421053,0.12456868489583334,2024-06-04_10_45_57_(13459)_sardine_input_(2).png,yes,yes
14.0,4.0,15.0,15.0,2.0,0.031446540880503145,34.0,45.0,0.2857142857142857,1.0406852248394005,0.15044759114583334,2024-06-04_10_46_14_(13460)_sardine_input_(0).png,yes,yes
13.0,2.0,13.0,15.0,2.0,0.031446540880503145,32.0,30.0,0.15384615384615385,1.0207852193995381,0.09936686197916667,2024-06-04_10_46_14_(13460)_sardine_input_(1).png,yes,yes
13.0,4.0,14.0,15.0,2.0,0.031446540880503145,33.0,31.0,0.3076923076923077,1.0436781609195402,0.1028564453125,2024-06-04_10_46_14_(13460)_sardine_input_(2).png,yes,yes
14.0,3.0,14.0,15.0,1.0,0.03138075313807531,33.0,40.0,0.21428571428571427,1.0328947368421053,0.13334147135416666,2024-06-04_10_46_27_(13461)_sardine_input_(0).png,yes,yes
12.0,3.0,12.0,15.0,1.0,0.03138075313807531,28.0,28.0,0.25,1.0336787564766838,0.09342936197916667,2024-06-04_10_46_27_(13461)_sardine_input_(1).png,yes,yes
15.0,3.0,15.0,15.0,1.0,0.03138075313807531,34.0,40.0,0.2,1.0251046025104602,0.13262858072916667,2024-06-04_10_46_27_(13461)_sardine_input_(2).png,yes,yes
13.0,3.0,13.0,15.0,1.0,0.03171247357293869,31.0,29.0,0.23076923076923078,1.0289855072463767,0.09388020833333334,2024-06-04_10_46_40_(13462)_sardine_input_(0).png,yes,yes
14.0,3.0,14.0,15.0,1.0,0.03171247357293869,34.0,30.0,0.21428571428571427,1.0224215246636772,0.09994954427083333,2024-06-04_10_46_40_(13462)_sardine_input_(1).png,yes,yes
13.0,2.0,14.0,15.0,1.0,0.03171247357293869,33.0,28.0,0.15384615384615385,1.0204545454545455,0.09066731770833333,2024-06-04_10_46_40_(13462)_sardine_input_(2).png,yes,yes
14.0,3.0,15.0,15.0,1.0,0.03138075313807531,34.0,39.0,0.21428571428571427,1.029598308668076,0.12922688802083335,2024-06-04_10_46_53_(13463)_sardine_input_(0).png,yes,yes
12.0,3.0,12.0,15.0,1.0,0.03138075313807531,29.0,28.0,0.25,1.0300751879699248,0.095205078125,2024-06-04_10_46_53_(13463)_sardine_input_(1).png,yes,yes
13.0,3.0,14.0,15.0,1.0,0.03138075313807531,32.0,32.0,0.23076923076923078,1.0271493212669682,0.10667154947916667,2024-06-04_10_46_53_(13463)_sardine_input_(2).png,yes,yes
15.0,4.0,15.0,15.0,1.0,0.031446540880503145,35.0,45.0,0.26666666666666666,1.0354906054279749,0.14882649739583334,2024-06-04_10_47_06_(13464)_sardine_input_(0).png,yes,yes
14.0,3.0,14.0,15.0,1.0,0.031446540880503145,33.0,38.0,0.21428571428571427,1.0265486725663717,0.126611328125,2024-06-04_10_47_06_(13464)_sardine_input_(1).png,yes,yes
14.0,2.0,14.0,15.0,1.0,0.031446540880503145,34.0,26.0,0.14285714285714285,1.0200445434298442,0.08831217447916667,2024-06-04_10_47_06_(13464)_sardine_input_(2).png,yes,yes
14.0,3.0,14.0,15.0,1.0,0.03138075313807531,32.0,37.0,0.21428571428571427,1.030701754385965,0.12376302083333333,2024-06-04_10_47_18_(13465)_sardine_input_(0).png,yes,yes
14.0,3.0,14.0,15.0,1.0,0.03138075313807531,32.0,34.0,0.21428571428571427,1.0239651416122004,0.11544596354166667,2024-06-04_10_47_18_(13465)_sardine_input_(1).png,yes,yes
15.0,4.0,15.0,15.0,1.0,0.03138075313807531,35.0,46.0,0.26666666666666666,1.0459290187891441,0.15358723958333334,2024-06-04_10_47_18_(13465)_sardine_input_(2).png,yes,yes
14.0,3.0,14.0,15.0,1.0,0.03138075313807531,33.0,37.0,0.21428571428571427,1.0285087719298245,0.12418782552083334,2024-06-04_10_47_30_(13466)_sardine_input_(0).png,yes,yes
14.0,3.0,15.0,15.0,1.0,0.03138075313807531,34.0,40.0,0.21428571428571427,1.0298507462686568,0.13299967447916666,2024-06-04_10_47_30_(13466)_sardine_input_(1).png,yes,yes
13.0,3.0,13.0,15.0,1.0,0.03138075313807531,31.0,27.0,0.23076923076923078,1.0260663507109005,0.0906787109375,2024-06-04_10_47_30_(13466)_sardine_input_(2).png,yes,yes
15.0,3.0,15.0,15.0,1.0,0.031315240083507306,35.0,45.0,0.2,1.033402922755741,0.1522119140625,2024-06-04_10_47_44_(13467)_sardine_input_(0).png,yes,yes
14.0,3.0,15.0,15.0,1.0,0.031315240083507306,33.0,37.0,0.21428571428571427,1.0256410256410255,0.1236572265625,2024-06-04_10_47_44_(13467)_sardine_input_(1).png,yes,yes
14.0,3.0,14.0,15.0,1.0,0.031315240083507306,33.0,35.0,0.21428571428571427,1.026258205689278,0.11947591145833333,2024-06-04_10_47_44_(13467)_sardine_input_(2).png,yes,yes
13.0,2.0,13.0,15.0,1.0,0.031446540880503145,31.0,25.0,0.15384615384615385,1.0211267605633803,0.082646484375,2024-06-04_10_47_58_(13468)_sardine_input_(0).png,yes,yes
14.0,3.0,15.0,15.0,1.0,0.031446540880503145,35.0,35.0,0.21428571428571427,1.0257510729613735,0.1166943359375,2024-06-04_10_47_58_(13468)_sardine_input_(1).png,yes,yes
15.0,4.0,15.0,15.0,1.0,0.031446540880503145,36.0,41.0,0.26666666666666666,1.0355648535564854,0.13572102864583332,2024-06-04_10_47_58_(13468)_sardine_input_(2).png,yes,yes
13.0,2.0,13.0,15.0,1.0,0.031315240083507306,30.0,30.0,0.15384615384615385,1.0232558139534884,0.100380859375,2024-06-04_10_48_11_(13469)_sardine_input_(0).png,yes,yes
15.0,3.0,15.0,15.0,1.0,0.031315240083507306,36.0,34.0,0.2,1.0271398747390397,0.11578287760416667,2024-06-04_10_48_11_(13469)_sardine_input_(1).png,yes,yes
13.0,2.0,14.0,15.0,1.0,0.031315240083507306,34.0,26.0,0.15384615384615385,1.0178970917225951,0.08681640625,2024-06-04_10_48_11_(13469)_sardine_input_(2).png,yes,yes
15.0,4.0,15.0,15.0,1.0,0.03138075313807531,36.0,51.0,0.26666666666666666,1.0418410041841004,0.17049153645833334,2024-06-04_10_48_26_(13470)_sardine_input_(0).png,yes,yes
13.0,3.0,13.0,15.0,1.0,0.03138075313807531,30.0,35.0,0.23076923076923078,1.030373831775701,0.11592610677083333,2024-06-04_10_48_26_(13470)_sardine_input_(1).png,yes,yes
14.0,2.0,14.0,15.0,1.0,0.03138075313807531,34.0,28.0,0.14285714285714285,1.0198237885462555,0.09390625,2024-06-04_10_48_26_(13470)_sardine_input_(2).png,yes,yes
15.0,3.0,15.0,15.0,1.0,0.03138075313807531,35.0,41.0,0.2,1.0292275574112735,0.13714680989583333,2024-06-04_10_48_43_(13471)_sardine_input_(0).png,yes,yes
14.0,4.0,14.0,15.0,1.0,0.03138075313807531,35.0,27.0,0.2857142857142857,1.0513392857142858,0.09203287760416666,2024-06-04_10_48_43_(13471)_sardine_input_(1).png,yes,yes
12.0,3.0,13.0,15.0,1.0,0.03138075313807531,30.0,27.0,0.25,1.0314009661835748,0.09099446614583333,2024-06-04_10_48_43_(13471)_sardine_input_(2).png,yes,yes
15.0,4.0,15.0,15.0,1.0,0.031446540880503145,35.0,47.0,0.26666666666666666,1.0417536534446765,0.157958984375,2024-06-04_10_48_57_(13472)_sardine_input_(0).png,yes,yes
15.0,3.0,15.0,15.0,1.0,0.031446540880503145,34.0,39.0,0.2,1.0250521920668059,0.12966959635416667,2024-06-04_10_48_57_(13472)_sardine_input_(1).png,yes,yes
13.0,3.0,14.0,15.0,1.0,0.031446540880503145,32.0,30.0,0.23076923076923078,1.0248306997742664,0.10031575520833333,2024-06-04_10_48_57_(13472)_sardine_input_(2).png,yes,yes
15.0,3.0,15.0,15.0,1.0,0.03138075313807531,35.0,42.0,0.2,1.0292275574112735,0.13943033854166667,2024-06-04_10_49_10_(13473)_sardine_input_(0).png,yes,yes
14.0,3.0,15.0,15.0,1.0,0.03138075313807531,35.0,35.0,0.21428571428571427,1.0252631578947369,0.11857584635416667,2024-06-04_10_49_10_(13473)_sardine_input_(1).png,yes,yes
13.0,3.0,14.0,15.0,1.0,0.03138075313807531,32.0,34.0,0.23076923076923078,1.0292792792792793,0.11525553385416666,2024-06-04_10_49_10_(13473)_sardine_input_(2).png,yes,yes
,,,,,,,,,,,2024-06-11_09_43_52_(13475)_sardine_input.jpeg,yes,no
15.0,3.0,16.0,15.0,1.0,0.035046728971962614,36.0,38.0,0.2,1.0199556541019956,0.10109700520833333,2024-06-11_09_44_14_(13476)_sardine_input_(0).png,yes,yes
14.0,3.0,15.0,15.0,1.0,0.035046728971962614,34.0,36.0,0.21428571428571427,1.0286396181384247,0.095986328125,2024-06-11_09_44_14_(13476)_sardine_input_(1).png,yes,yes
15.0,4.0,16.0,15.0,1.0,0.035046728971962614,38.0,50.0,0.26666666666666666,1.0377777777777777,0.13265950520833333,2024-06-11_09_44_14_(13476)_sardine_input_(2).png,yes,yes
14.0,4.0,15.0,15.0,1.0,0.03205128205128205,34.0,47.0,0.2857142857142857,1.0367965367965368,0.15100423177083333,2024-06-11_09_44_33_(13477)_sardine_input_(0).png,yes,yes
13.0,3.0,14.0,15.0,1.0,0.03205128205128205,32.0,40.0,0.23076923076923078,1.0348837209302326,0.12754720052083332,2024-06-11_09_44_33_(13477)_sardine_input_(1).png,yes,yes
13.0,3.0,14.0,15.0,1.0,0.03205128205128205,31.0,36.0,0.23076923076923078,1.0348027842227379,0.115068359375,2024-06-11_09_44_33_(13477)_sardine_input_(2).png,yes,yes
14.0,3.0,15.0,15.0,2.0,0.03296703296703297,34.0,38.0,0.21428571428571427,1.028888888888889,0.11640950520833333,2024-06-11_09_44_55_(13478)_sardine_input_(0).png,yes,yes
15.0,3.0,16.0,15.0,2.0,0.03296703296703297,36.0,41.0,0.2,1.022964509394572,0.12388834635416666,2024-06-11_09_44_55_(13478)_sardine_input_(1).png,yes,yes
14.0,3.0,15.0,15.0,2.0,0.03296703296703297,34.0,35.0,0.21428571428571427,1.0247191011235954,0.1077783203125,2024-06-11_09_44_55_(13478)_sardine_input_(2).png,yes,yes
15.0,3.0,15.0,15.0,2.0,0.031446540880503145,35.0,45.0,0.2,1.0313152400835073,0.1486181640625,2024-06-11_09_45_24_(13479)_sardine_input_(0).png,yes,yes
13.0,3.0,13.0,15.0,2.0,0.031446540880503145,31.0,35.0,0.23076923076923078,1.0305164319248827,0.1165771484375,2024-06-11_09_45_24_(13479)_sardine_input_(1).png,yes,yes
14.0,3.0,14.0,15.0,2.0,0.031446540880503145,33.0,37.0,0.21428571428571427,1.0264900662251655,0.12396647135416666,2024-06-11_09_45_24_(13479)_sardine_input_(2).png,yes,yes
14.0,3.0,14.0,15.0,2.0,0.03138075313807531,33.0,32.0,0.21428571428571427,1.028322440087146,0.10728190104166667,2024-06-11_09_45_47_(13480)_sardine_input_(0).png,yes,yes
15.0,3.0,15.0,15.0,2.0,0.03138075313807531,37.0,45.0,0.2,1.0334728033472804,0.15174479166666666,2024-06-11_09_45_47_(13480)_sardine_input_(1).png,yes,yes
14.0,3.0,14.0,15.0,2.0,0.03138075313807531,33.0,35.0,0.21428571428571427,1.0283842794759825,0.11608723958333333,2024-06-11_09_45_47_(13480)_sardine_input_(2).png,yes,yes
13.0,4.0,13.0,15.0,1.0,0.031512605042016806,32.0,28.0,0.3076923076923077,1.0472813238770686,0.0937353515625,2024-06-11_09_46_08_(13481)_sardine_input_(0).png,yes,yes
14.0,3.0,15.0,15.0,1.0,0.031512605042016806,36.0,37.0,0.21428571428571427,1.0254237288135593,0.124423828125,2024-06-11_09_46_08_(13481)_sardine_input_(1).png,yes,yes
13.0,2.0,13.0,15.0,1.0,0.031512605042016806,31.0,23.0,0.15384615384615385,1.0163170163170163,0.077451171875,2024-06-11_09_46_08_(13481)_sardine_input_(2).png,yes,yes
14.0,3.0,14.0,15.0,1.0,0.03138075313807531,33.0,37.0,0.21428571428571427,1.0350109409190371,0.12490885416666667,2024-06-11_09_46_29_(13482)_sardine_input_(0).png,yes,yes
15.0,4.0,15.0,15.0,1.0,0.03138075313807531,37.0,44.0,0.26666666666666666,1.0417536534446765,0.14592936197916667,2024-06-11_09_46_29_(13482)_sardine_input_(1).png,yes,yes
15.0,3.0,15.0,15.0,1.0,0.03138075313807531,35.0,38.0,0.2,1.0292887029288702,0.12569661458333334,2024-06-11_09_46_29_(13482)_sardine_input_(2).png,yes,yes
13.0,3.0,14.0,15.0,1.0,0.031315240083507306,31.0,34.0,0.23076923076923078,1.0272108843537415,0.11443684895833334,2024-06-11_09_47_15_(13483)_sardine_input_(0).png,yes,yes
14.0,3.0,14.0,15.0,1.0,0.031315240083507306,33.0,42.0,0.21428571428571427,1.032537960954447,0.13982421875,2024-06-11_09_47_15_(13483)_sardine_input_(1).png,yes,yes
15.0,3.0,15.0,15.0,1.0,0.031315240083507306,34.0,43.0,0.2,1.0292275574112735,0.1441748046875,2024-06-11_09_47_15_(13483)_sardine_input_(2).png,yes,yes
15.0,4.0,15.0,15.0,2.0,0.03138075313807531,35.0,46.0,0.26666666666666666,1.033402922755741,0.155234375,2024-06-11_09_47_36_(13484)_sardine_input_(0).png,yes,yes
15.0,4.0,15.0,15.0,2.0,0.03138075313807531,36.0,51.0,0.26666666666666666,1.0396659707724425,0.16964518229166667,2024-06-11_09_47_36_(13484)_sardine_input_(1).png,yes,yes
15.0,3.0,15.0,15.0,2.0,0.03138075313807531,34.0,38.0,0.2,1.022964509394572,0.12570149739583333,2024-06-11_09_47_36_(13484)_sardine_input_(2).png,yes,yes
15.0,3.0,15.0,15.0,2.0,0.031446540880503145,35.0,39.0,0.2,1.0250521920668059,0.13154134114583332,2024-06-11_09_47_53_(13485)_sardine_input_(0).png,yes,yes
14.0,3.0,14.0,15.0,2.0,0.031446540880503145,33.0,37.0,0.21428571428571427,1.0258620689655173,0.124404296875,2024-06-11_09_47_53_(13485)_sardine_input_(1).png,yes,yes
15.0,5.0,15.0,15.0,2.0,0.031446540880503145,36.0,47.0,0.3333333333333333,1.0543933054393306,0.15611979166666667,2024-06-11_09_47_53_(13485)_sardine_input_(2).png,yes,yes
14.0,5.0,15.0,15.0,2.0,0.03138075313807531,35.0,47.0,0.35714285714285715,1.065217391304348,0.15775716145833332,2024-06-11_09_48_14_(13486)_sardine_input_(0).png,yes,yes
13.0,3.0,14.0,15.0,2.0,0.03138075313807531,31.0,37.0,0.23076923076923078,1.0390804597701149,0.124775390625,2024-06-11_09_48_14_(13486)_sardine_input_(1).png,yes,yes
15.0,3.0,15.0,15.0,2.0,0.03138075313807531,34.0,45.0,0.2,1.0313807531380754,0.149287109375,2024-06-11_09_48_14_(13486)_sardine_input_(2).png,yes,yes
15.0,4.0,15.0,15.0,1.0,0.03138075313807531,35.0,48.0,0.26666666666666666,1.0376569037656904,0.16011881510416667,2024-06-11_09_48_30_(13487)_sardine_input_(0).png,yes,yes
14.0,3.0,14.0,15.0,1.0,0.03138075313807531,32.0,37.0,0.21428571428571427,1.032967032967033,0.12557942708333333,2024-06-11_09_48_30_(13487)_sardine_input_(1).png,yes,yes
13.0,3.0,13.0,15.0,1.0,0.03138075313807531,30.0,33.0,0.23076923076923078,1.0307328605200945,0.11236002604166667,2024-06-11_09_48_30_(13487)_sardine_input_(2).png,yes,yes
13.0,3.0,14.0,15.0,1.0,0.03138075313807531,31.0,37.0,0.23076923076923078,1.0319634703196348,0.12363606770833334,2024-06-11_09_48_43_(13488)_sardine_input_(0).png,yes,yes
15.0,4.0,15.0,15.0,1.0,0.03138075313807531,35.0,49.0,0.26666666666666666,1.0375782881002087,0.162353515625,2024-06-11_09_48_43_(13488)_sardine_input_(1).png,yes,yes
13.0,3.0,13.0,15.0,1.0,0.03138075313807531,30.0,33.0,0.23076923076923078,1.0301624129930393,0.11225423177083334,2024-06-11_09_48_43_(13488)_sardine_input_(2).png,yes,yes
15.0,3.0,15.0,15.0,2.0,0.03138075313807531,35.0,43.0,0.2,1.033402922755741,0.14360026041666665,2024-06-11_09_48_57_(13489)_sardine_input_(0).png,yes,yes
15.0,3.0,15.0,15.0,2.0,0.03138075313807531,34.0,40.0,0.2,1.0250521920668059,0.13230794270833332,2024-06-11_09_48_57_(13489)_sardine_input_(1).png,yes,yes
15.0,3.0,15.0,15.0,2.0,0.03138075313807531,35.0,41.0,0.2,1.0292275574112735,0.1355712890625,2024-06-11_09_48_57_(13489)_sardine_input_(2).png,yes,yes
15.0,4.0,15.0,15.0,1.0,0.031315240083507306,36.0,41.0,0.26666666666666666,1.0417536534446765,0.13625162760416668,2024-06-11_09_49_16_(13490)_sardine_input_(0).png,yes,yes
14.0,3.0,15.0,15.0,1.0,0.031315240083507306,36.0,42.0,0.21428571428571427,1.0313807531380754,0.1409228515625,2024-06-11_09_49_16_(13490)_sardine_input_(1).png,yes,yes
15.0,4.0,15.0,15.0,1.0,0.031315240083507306,35.0,44.0,0.26666666666666666,1.0354906054279749,0.14789876302083332,2024-06-11_09_49_16_(13490)_sardine_input_(2).png,yes,yes
15.0,4.0,16.0,15.0,2.0,0.033112582781456956,37.0,47.0,0.26666666666666666,1.0354906054279749,0.14210774739583334,2024-06-11_09_49_30_(13491)_sardine_input_(0).png,yes,yes
15.0,4.0,15.0,15.0,2.0,0.033112582781456956,35.0,44.0,0.26666666666666666,1.0342612419700214,0.13247721354166667,2024-06-11_09_49_30_(13491)_sardine_input_(1).png,yes,yes
15.0,4.0,16.0,15.0,2.0,0.033112582781456956,38.0,57.0,0.26666666666666666,1.0376569037656904,0.17137532552083334,2024-06-11_09_49_30_(13491)_sardine_input_(2).png,yes,yes
15.0,4.0,15.0,15.0,1.0,0.03289473684210526,36.0,34.0,0.26666666666666666,1.0350109409190371,0.10351888020833333,2024-06-11_09_49_45_(13492)_sardine_input_(0).png,yes,yes
14.0,3.0,14.0,15.0,1.0,0.03289473684210526,34.0,30.0,0.21428571428571427,1.0302325581395348,0.09182454427083334,2024-06-11_09_49_45_(13492)_sardine_input_(1).png,yes,yes
14.0,3.0,15.0,15.0,1.0,0.03289473684210526,35.0,34.0,0.21428571428571427,1.024390243902439,0.10516927083333333,2024-06-11_09_49_45_(13492)_sardine_input_(2).png,yes,yes
14.0,4.0,15.0,15.0,2.0,0.031446540880503145,35.0,46.0,0.2857142857142857,1.0568927789934355,0.15400553385416665,2024-06-11_09_50_05_(13493)_sardine_input_(0).png,yes,yes
14.0,3.0,14.0,15.0,2.0,0.031446540880503145,34.0,36.0,0.21428571428571427,1.0281995661605206,0.1207177734375,2024-06-11_09_50_05_(13493)_sardine_input_(1).png,yes,yes
14.0,3.0,14.0,15.0,2.0,0.031446540880503145,33.0,44.0,0.21428571428571427,1.033112582781457,0.14665201822916665,2024-06-11_09_50_05_(13493)_sardine_input_(2).png,yes,yes
13.0,3.0,14.0,15.0,1.0,0.031446540880503145,32.0,36.0,0.23076923076923078,1.0364464692482915,0.12169596354166666,2024-06-11_09_50_19_(13494)_sardine_input_(0).png,yes,yes
15.0,4.0,15.0,15.0,1.0,0.031446540880503145,36.0,43.0,0.26666666666666666,1.048016701461378,0.14177734375,2024-06-11_09_50_19_(13494)_sardine_input_(1).png,yes,yes
15.0,3.0,15.0,15.0,1.0,0.031446540880503145,35.0,42.0,0.2,1.0313152400835073,0.14119303385416668,2024-06-11_09_50_19_(13494)_sardine_input_(2).png,yes,yes
15.0,4.0,15.0,15.0,1.0,0.031446540880503145,35.0,47.0,0.26666666666666666,1.0375782881002087,0.15698893229166666,2024-06-11_09_50_45_(13495)_sardine_input_(0).png,yes,yes
15.0,3.0,15.0,15.0,1.0,0.031446540880503145,34.0,42.0,0.2,1.0292887029288702,0.138955078125,2024-06-11_09_50_45_(13495)_sardine_input_(1).png,yes,yes
13.0,3.0,14.0,15.0,1.0,0.031446540880503145,32.0,34.0,0.23076923076923078,1.0247747747747749,0.1119921875,2024-06-11_09_50_45_(13495)_sardine_input_(2).png,yes,yes
15.0,5.0,15.0,15.0,2.0,0.031315240083507306,36.0,55.0,0.3333333333333333,1.0563674321503131,0.18537434895833332,2024-06-11_09_50_57_(13496)_sardine_input_(0).png,yes,yes
14.0,4.0,14.0,15.0,2.0,0.031315240083507306,33.0,43.0,0.2857142857142857,1.0443458980044347,0.14414713541666666,2024-06-11_09_50_57_(13496)_sardine_input_(1).png,yes,yes
14.0,4.0,15.0,15.0,2.0,0.031315240083507306,34.0,44.0,0.2857142857142857,1.0364025695931478,0.14636555989583333,2024-06-11_09_50_57_(13496)_sardine_input_(2).png,yes,yes
15.0,4.0,15.0,15.0,2.0,0.031315240083507306,35.0,49.0,0.26666666666666666,1.0396659707724425,0.164892578125,2024-06-11_09_51_09_(13497)_sardine_input_(0).png,yes,yes
14.0,3.0,14.0,15.0,2.0,0.031315240083507306,32.0,34.0,0.21428571428571427,1.0265486725663717,0.1140869140625,2024-06-11_09_51_09_(13497)_sardine_input_(1).png,yes,yes
14.0,3.0,14.0,15.0,2.0,0.031315240083507306,32.0,40.0,0.21428571428571427,1.0355555555555556,0.13511393229166666,2024-06-11_09_51_09_(13497)_sardine_input_(2).png,yes,yes
13.0,3.0,14.0,15.0,2.0,0.03125,32.0,34.0,0.23076923076923078,1.0337078651685394,0.11404296875,2024-06-11_09_51_24_(13498)_sardine_input_(0).png,yes,yes
14.0,5.0,15.0,15.0,2.0,0.03125,37.0,48.0,0.35714285714285715,1.0542797494780793,0.1628857421875,2024-06-11_09_51_24_(13498)_sardine_input_(1).png,yes,yes
14.0,3.0,15.0,15.0,2.0,0.03125,34.0,40.0,0.21428571428571427,1.033402922755741,0.1363037109375,2024-06-11_09_51_24_(13498)_sardine_input_(2).png,yes,yes
14.0,4.0,15.0,15.0,2.0,0.031315240083507306,36.0,52.0,0.2857142857142857,1.0460251046025104,0.17345703125,2024-06-11_09_51_37_(13499)_sardine_input_(0).png,yes,yes
15.0,4.0,15.0,15.0,2.0,0.031315240083507306,36.0,50.0,0.26666666666666666,1.0375782881002087,0.16639322916666666,2024-06-11_09_51_37_(13499)_sardine_input_(1).png,yes,yes
13.0,3.0,14.0,15.0,2.0,0.031315240083507306,32.0,37.0,0.23076923076923078,1.0361990950226245,0.12371419270833334,2024-06-11_09_51_37_(13499)_sardine_input_(2).png,yes,yes
15.0,4.0,15.0,15.0,2.0,0.031512605042016806,35.0,44.0,0.26666666666666666,1.0481171548117154,0.14664225260416666,2024-06-11_09_51_49_(13500)_sardine_input_(0).png,yes,yes
15.0,5.0,16.0,15.0,2.0,0.031512605042016806,37.0,42.0,0.3333333333333333,1.0648535564853556,0.1382177734375,2024-06-11_09_51_49_(13500)_sardine_input_(1).png,yes,yes
14.0,3.0,15.0,15.0,2.0,0.031512605042016806,33.0,37.0,0.21428571428571427,1.0277777777777777,0.12357747395833334,2024-06-11_09_51_49_(13500)_sardine_input_(2).png,yes,yes
15.0,3.0,15.0,15.0,2.0,0.031315240083507306,35.0,43.0,0.2,1.033402922755741,0.14395833333333333,2024-06-11_09_52_02_(13501)_sardine_input_(0).png,yes,yes
15.0,4.0,15.0,15.0,2.0,0.031315240083507306,35.0,42.0,0.26666666666666666,1.0354906054279749,0.14086751302083333,2024-06-11_09_52_02_(13501)_sardine_input_(1).png,yes,yes
13.0,4.0,14.0,15.0,2.0,0.031315240083507306,33.0,38.0,0.3076923076923077,1.054421768707483,0.12935384114583334,2024-06-11_09_52_02_(13501)_sardine_input_(2).png,yes,yes
15.0,3.0,15.0,15.0,2.0,0.031315240083507306,34.0,45.0,0.2,1.0313152400835073,0.1506396484375,2024-06-11_09_52_18_(13502)_sardine_input_(0).png,yes,yes
15.0,3.0,15.0,15.0,2.0,0.031315240083507306,35.0,41.0,0.2,1.0271398747390397,0.13643717447916667,2024-06-11_09_52_18_(13502)_sardine_input_(1).png,yes,yes
14.0,5.0,15.0,15.0,2.0,0.031315240083507306,37.0,50.0,0.35714285714285715,1.0543933054393306,0.16722493489583334,2024-06-11_09_52_18_(13502)_sardine_input_(2).png,yes,yes
13.0,4.0,14.0,15.0,2.0,0.031315240083507306,32.0,44.0,0.3076923076923077,1.048498845265589,0.14928385416666667,2024-06-11_09_52_35_(13503)_sardine_input_(0).png,yes,yes
14.0,3.0,15.0,15.0,2.0,0.031315240083507306,36.0,47.0,0.21428571428571427,1.0334728033472804,0.15870768229166668,2024-06-11_09_52_35_(13503)_sardine_input_(1).png,yes,yes
12.0,3.0,13.0,15.0,2.0,0.031315240083507306,29.0,31.0,0.25,1.031941031941032,0.10544921875,2024-06-11_09_52_35_(13503)_sardine_input_(2).png,yes,yes
15.0,4.0,15.0,15.0,2.0,0.03138075313807531,35.0,45.0,0.26666666666666666,1.0438413361169103,0.15074544270833334,2024-06-11_09_52_43_(13504)_sardine_input_(0).png,yes,yes
14.0,3.0,15.0,15.0,2.0,0.03138075313807531,34.0,41.0,0.21428571428571427,1.0319148936170213,0.1376904296875,2024-06-11_09_52_43_(13504)_sardine_input_(1).png,yes,yes
13.0,3.0,14.0,15.0,2.0,0.03138075313807531,35.0,37.0,0.23076923076923078,1.0416666666666667,0.12451497395833333,2024-06-11_09_52_43_(13504)_sardine_input_(2).png,yes,yes
13.0,3.0,14.0,15.0,3.0,0.03138075313807531,32.0,40.0,0.23076923076923078,1.038812785388128,0.13441731770833334,2024-06-11_09_52_53_(13505)_sardine_input_(0).png,yes,yes
13.0,3.0,14.0,15.0,3.0,0.03138075313807531,31.0,36.0,0.23076923076923078,1.0295454545454545,0.12120279947916666,2024-06-11_09_52_53_(13505)_sardine_input_(1).png,yes,yes
15.0,4.0,15.0,15.0,3.0,0.03138075313807531,37.0,53.0,0.26666666666666666,1.0417536534446765,0.17802734375,2024-06-11_09_52_53_(13505)_sardine_input_(2).png,yes,yes
15.0,3.0,15.0,15.0,2.0,0.031315240083507306,34.0,43.0,0.2,1.0292275574112735,0.14508463541666666,2024-06-11_09_53_11_(13506)_sardine_input_(0).png,yes,yes
13.0,3.0,14.0,15.0,2.0,0.031315240083507306,32.0,32.0,0.23076923076923078,1.036613272311213,0.10679524739583333,2024-06-11_09_53_11_(13506)_sardine_input_(1).png,yes,yes
13.0,3.0,14.0,15.0,2.0,0.031315240083507306,31.0,32.0,0.23076923076923078,1.0227272727272727,0.10751302083333333,2024-06-11_09_53_11_(13506)_sardine_input_(2).png,yes,yes
14.0,3.0,14.0,15.0,2.0,0.031315240083507306,32.0,36.0,0.21428571428571427,1.0281995661605206,0.12128255208333333,2024-06-11_09_53_26_(13507)_sardine_input_(0).png,yes,yes
14.0,4.0,15.0,15.0,2.0,0.031315240083507306,33.0,38.0,0.2857142857142857,1.0387931034482758,0.12624186197916668,2024-06-11_09_53_26_(13507)_sardine_input_(1).png,yes,yes
15.0,4.0,15.0,15.0,2.0,0.031315240083507306,35.0,40.0,0.26666666666666666,1.0417536534446765,0.13508951822916668,2024-06-11_09_53_26_(13507)_sardine_input_(2).png,yes,yes
15.0,3.0,15.0,15.0,1.0,0.03138075313807531,36.0,40.0,0.2,1.0292887029288702,0.13539388020833334,2024-06-11_09_53_44_(13508)_sardine_input_(0).png,yes,yes
14.0,4.0,15.0,15.0,1.0,0.03138075313807531,41.0,44.0,0.2857142857142857,1.0419287211740043,0.14846354166666667,2024-06-11_09_53_44_(13508)_sardine_input_(1).png,yes,yes
15.0,3.0,15.0,15.0,1.0,0.03138075313807531,35.0,41.0,0.2,1.0291666666666666,0.1373046875,2024-06-11_09_53_44_(13508)_sardine_input_(2).png,yes,yes
,,,,,,,,,,,2024-06-11_09_53_55_(13509)_sardine_input.jpeg,yes,no
15.0,4.0,15.0,15.0,2.0,0.031315240083507306,35.0,46.0,0.26666666666666666,1.0354906054279749,0.15483723958333334,2024-06-11_09_54_10_(13510)_sardine_input_(0).png,yes,yes
14.0,3.0,15.0,15.0,2.0,0.031315240083507306,34.0,39.0,0.21428571428571427,1.0252100840336134,0.12995930989583335,2024-06-11_09_54_10_(13510)_sardine_input_(1).png,yes,yes
14.0,3.0,14.0,15.0,2.0,0.031315240083507306,33.0,40.0,0.21428571428571427,1.0306345733041575,0.13325032552083332,2024-06-11_09_54_10_(13510)_sardine_input_(2).png,yes,yes
15.0,3.0,15.0,15.0,2.0,0.03138075313807531,35.0,42.0,0.2,1.0313152400835073,0.13910970052083332,2024-06-11_09_54_26_(13511)_sardine_input_(0).png,yes,yes
14.0,3.0,15.0,15.0,2.0,0.03138075313807531,33.0,40.0,0.21428571428571427,1.0276008492569002,0.1336962890625,2024-06-11_09_54_26_(13511)_sardine_input_(1).png,yes,yes
15.0,4.0,15.0,15.0,2.0,0.03138075313807531,36.0,48.0,0.26666666666666666,1.033402922755741,0.16172037760416666,2024-06-11_09_54_26_(13511)_sardine_input_(2).png,yes,yes
13.0,5.0,14.0,15.0,2.0,0.031315240083507306,34.0,31.0,0.38461538461538464,1.0633484162895928,0.103779296875,2024-06-11_09_56_52_(13512)_sardine_input_(0).png,yes,yes
14.0,3.0,15.0,15.0,2.0,0.031315240083507306,35.0,41.0,0.21428571428571427,1.0292887029288702,0.13841634114583334,2024-06-11_09_56_52_(13512)_sardine_input_(1).png,yes,yes
14.0,3.0,15.0,15.0,2.0,0.031315240083507306,34.0,35.0,0.21428571428571427,1.0233545647558386,0.11881673177083334,2024-06-11_09_56_52_(13512)_sardine_input_(2).png,yes,yes
14.0,4.0,14.0,15.0,2.0,0.031315240083507306,33.0,41.0,0.2857142857142857,1.0417582417582418,0.138681640625,2024-06-11_09_57_07_(13513)_sardine_input_(0).png,yes,yes
15.0,5.0,15.0,15.0,2.0,0.031315240083507306,36.0,50.0,0.3333333333333333,1.0647181628392484,0.16880859375,2024-06-11_09_57_07_(13513)_sardine_input_(1).png,yes,yes
14.0,3.0,14.0,15.0,2.0,0.031315240083507306,33.0,32.0,0.21428571428571427,1.0262008733624455,0.1066552734375,2024-06-11_09_57_07_(13513)_sardine_input_(2).png,yes,yes
14.0,3.0,14.0,15.0,1.0,0.03177966101694915,32.0,33.0,0.21428571428571427,1.0248868778280542,0.1090869140625,2024-06-11_09_57_24_(13514)_sardine_input_(0).png,yes,yes
14.0,3.0,15.0,15.0,1.0,0.03177966101694915,34.0,35.0,0.21428571428571427,1.0278969957081545,0.114833984375,2024-06-11_09_57_24_(13514)_sardine_input_(1).png,yes,yes
15.0,4.0,15.0,15.0,1.0,0.03177966101694915,35.0,45.0,0.26666666666666666,1.0354906054279749,0.145107421875,2024-06-11_09_57_24_(13514)_sardine_input_(2).png,yes,yes
15.0,3.0,15.0,15.0,1.0,0.03138075313807531,34.0,42.0,0.2,1.0313807531380754,0.13983072916666667,2024-06-11_09_57_35_(13515)_sardine_input_(0).png,yes,yes
15.0,4.0,15.0,15.0,1.0,0.03138075313807531,35.0,46.0,0.26666666666666666,1.0459290187891441,0.15313802083333333,2024-06-11_09_57_35_(13515)_sardine_input_(1).png,yes,yes
13.0,3.0,14.0,15.0,1.0,0.03138075313807531,32.0,32.0,0.23076923076923078,1.0274599542334095,0.10882486979166667,2024-06-11_09_57_35_(13515)_sardine_input_(2).png,yes,yes
14.0,3.0,15.0,15.0,1.0,0.031315240083507306,34.0,40.0,0.21428571428571427,1.0294117647058822,0.13457356770833334,2024-06-11_09_57_46_(13516)_sardine_input_(0).png,yes,yes
13.0,3.0,14.0,15.0,1.0,0.031315240083507306,32.0,32.0,0.23076923076923078,1.0271493212669682,0.10808756510416667,2024-06-11_09_57_46_(13516)_sardine_input_(1).png,yes,yes
15.0,3.0,15.0,15.0,1.0,0.031315240083507306,35.0,39.0,0.2,1.033402922755741,0.131865234375,2024-06-11_09_57_46_(13516)_sardine_input_(2).png,yes,yes
15.0,3.0,15.0,15.0,1.0,0.03138075313807531,35.0,41.0,0.2,1.0313152400835073,0.1362109375,2024-06-11_09_57_58_(13517)_sardine_input_(0).png,yes,yes
15.0,4.0,15.0,15.0,1.0,0.03138075313807531,38.0,49.0,0.26666666666666666,1.0438413361169103,0.16268229166666667,2024-06-11_09_57_58_(13517)_sardine_input_(1).png,yes,yes
15.0,3.0,15.0,15.0,1.0,0.03138075313807531,35.0,38.0,0.2,1.0270833333333333,0.12649576822916667,2024-06-11_09_57_58_(13517)_sardine_input_(2).png,yes,yes
14.0,3.0,15.0,15.0,1.0,0.031315240083507306,34.0,37.0,0.21428571428571427,1.0292887029288702,0.12523763020833334,2024-06-11_09_58_16_(13518)_sardine_input_(0).png,yes,yes
15.0,4.0,15.0,15.0,1.0,0.031315240083507306,37.0,40.0,0.26666666666666666,1.04375,0.13410481770833332,2024-06-11_09_58_16_(13518)_sardine_input_(1).png,yes,yes
14.0,3.0,14.0,15.0,1.0,0.031315240083507306,34.0,32.0,0.21428571428571427,1.0280777537796977,0.10680826822916667,2024-06-11_09_58_16_(13518)_sardine_input_(2).png,yes,yes
13.0,4.0,14.0,15.0,1.0,0.03138075313807531,33.0,41.0,0.3076923076923077,1.0493273542600896,0.13749837239583335,2024-06-11_09_58_37_(13519)_sardine_input_(0).png,yes,yes
15.0,4.0,15.0,15.0,1.0,0.03138075313807531,37.0,45.0,0.26666666666666666,1.0459290187891441,0.15140625,2024-06-11_09_58_37_(13519)_sardine_input_(1).png,yes,yes
14.0,6.0,16.0,15.0,1.0,0.03138075313807531,42.0,40.0,0.42857142857142855,1.105603448275862,0.1322607421875,2024-06-11_09_58_37_(13519)_sardine_input_(2).png,yes,yes
13.0,3.0,13.0,15.0,2.0,0.031446540880503145,31.0,34.0,0.23076923076923078,1.0308056872037914,0.11434733072916667,2024-06-11_09_59_10_(13520)_sardine_input_(0).png,yes,yes
15.0,3.0,15.0,15.0,2.0,0.031446540880503145,34.0,39.0,0.2,1.0250521920668059,0.12978841145833334,2024-06-11_09_59_10_(13520)_sardine_input_(1).png,yes,yes
15.0,4.0,15.0,15.0,2.0,0.031446540880503145,37.0,42.0,0.26666666666666666,1.0354906054279749,0.14154134114583333,2024-06-11_09_59_10_(13520)_sardine_input_(2).png,yes,yes
14.0,4.0,15.0,15.0,2.0,0.031512605042016806,35.0,43.0,0.2857142857142857,1.0442105263157895,0.1434765625,2024-06-11_09_59_28_(13521)_sardine_input_(0).png,yes,yes
15.0,4.0,15.0,15.0,2.0,0.031512605042016806,37.0,48.0,0.26666666666666666,1.0417536534446765,0.15901529947916668,2024-06-11_09_59_28_(13521)_sardine_input_(1).png,yes,yes
15.0,4.0,15.0,15.0,2.0,0.031512605042016806,38.0,57.0,0.26666666666666666,1.0460251046025104,0.1881787109375,2024-06-11_09_59_28_(13521)_sardine_input_(2).png,yes,yes
14.0,3.0,14.0,15.0,2.0,0.031315240083507306,33.0,33.0,0.21428571428571427,1.033112582781457,0.10982421875,2024-06-11_10_00_58_(13522)_sardine_input_(0).png,yes,yes
15.0,3.0,15.0,15.0,2.0,0.031315240083507306,36.0,40.0,0.2,1.0292275574112735,0.13538736979166666,2024-06-11_10_00_58_(13522)_sardine_input_(1).png,yes,yes
15.0,5.0,15.0,15.0,2.0,0.031315240083507306,38.0,37.0,0.3333333333333333,1.0583333333333333,0.12588541666666667,2024-06-11_10_00_58_(13522)_sardine_input_(2).png,yes,yes
13.0,3.0,13.0,15.0,2.0,0.033707865168539325,30.0,32.0,0.23076923076923078,1.030379746835443,0.09333821614583333,2024-07-11_09_42_19_(13701)_sardine_input_(0).png,yes,yes
14.0,3.0,14.0,15.0,2.0,0.033707865168539325,33.0,34.0,0.21428571428571427,1.0258215962441315,0.099775390625,2024-07-11_09_42_19_(13701)_sardine_input_(1).png,yes,yes
15.0,4.0,16.0,15.0,2.0,0.033707865168539325,36.0,44.0,0.26666666666666666,1.0323275862068966,0.12674641927083333,2024-07-11_09_42_19_(13701)_sardine_input_(2).png,yes,yes
15.0,5.0,15.0,15.0,2.0,0.031446540880503145,37.0,55.0,0.3333333333333333,1.0542797494780793,0.18249674479166667,2024-07-16_10_51_59_(13737)_sardine_input_(0).png,yes,yes
15.0,4.0,15.0,15.0,2.0,0.031446540880503145,36.0,42.0,0.26666666666666666,1.0417536534446765,0.14116536458333334,2024-07-16_10_51_59_(13737)_sardine_input_(1).png,yes,yes
15.0,3.0,15.0,15.0,2.0,0.031446540880503145,35.0,40.0,0.2,1.0271398747390397,0.13419921875,2024-07-16_10_51_59_(13737)_sardine_input_(2).png,yes,yes
14.0,3.0,15.0,15.0,1.0,0.031512605042016806,34.0,42.0,0.21428571428571427,1.0315789473684212,0.13876302083333333,2024-08-12_00_22_45_(14094)_sardine_input_(0).png,yes,yes
14.0,3.0,14.0,15.0,1.0,0.031512605042016806,32.0,40.0,0.21428571428571427,1.030701754385965,0.13193033854166666,2024-08-12_00_22_45_(14094)_sardine_input_(1).png,yes,yes
14.0,3.0,14.0,15.0,1.0,0.031512605042016806,34.0,32.0,0.21428571428571427,1.0269662921348315,0.10674967447916667,2024-08-12_00_22_45_(14094)_sardine_input_(2).png,yes,yes
14.0,3.0,15.0,15.0,1.0,0.031512605042016806,34.0,42.0,0.21428571428571427,1.0315789473684212,0.13876302083333333,2024-08-12_00_25_15_(14095)_sardine_input_(0).png,yes,yes
14.0,3.0,14.0,15.0,1.0,0.031512605042016806,32.0,40.0,0.21428571428571427,1.030701754385965,0.13193033854166666,2024-08-12_00_25_15_(14095)_sardine_input_(1).png,yes,yes
14.0,3.0,14.0,15.0,1.0,0.031512605042016806,34.0,32.0,0.21428571428571427,1.0269662921348315,0.10674967447916667,2024-08-12_00_25_15_(14095)_sardine_input_(2).png,yes,yes
14.0,3.0,15.0,15.0,1.0,0.031512605042016806,34.0,42.0,0.21428571428571427,1.0315789473684212,0.13876302083333333,2024-08-12_00_35_07_(14100)_sardine_input_(0).png,yes,yes
14.0,3.0,14.0,15.0,1.0,0.031512605042016806,32.0,40.0,0.21428571428571427,1.030701754385965,0.13193033854166666,2024-08-12_00_35_07_(14100)_sardine_input_(1).png,yes,yes
14.0,3.0,14.0,15.0,1.0,0.031512605042016806,34.0,32.0,0.21428571428571427,1.0269662921348315,0.10674967447916667,2024-08-12_00_35_07_(14100)_sardine_input_(2).png,yes,yes
14.0,3.0,15.0,15.0,1.0,0.031512605042016806,34.0,42.0,0.21428571428571427,1.0315789473684212,0.13876302083333333,2024-08-12_01_09_08_(14102)_sardine_input_(0).png,yes,yes
14.0,3.0,14.0,15.0,1.0,0.031512605042016806,32.0,40.0,0.21428571428571427,1.030701754385965,0.13193033854166666,2024-08-12_01_09_08_(14102)_sardine_input_(1).png,yes,yes
14.0,3.0,14.0,15.0,1.0,0.031512605042016806,34.0,32.0,0.21428571428571427,1.0269662921348315,0.10674967447916667,2024-08-12_01_09_08_(14102)_sardine_input_(2).png,yes,yes
14.0,3.0,15.0,15.0,1.0,0.031512605042016806,34.0,42.0,0.21428571428571427,1.0315789473684212,0.13876302083333333,2024-08-12_10_33_07_(14103)_sardine_input_(0).png,yes,yes
14.0,3.0,14.0,15.0,1.0,0.031512605042016806,32.0,40.0,0.21428571428571427,1.030701754385965,0.13193033854166666,2024-08-12_10_33_07_(14103)_sardine_input_(1).png,yes,yes
14.0,3.0,14.0,15.0,1.0,0.031512605042016806,34.0,32.0,0.21428571428571427,1.0269662921348315,0.10674967447916667,2024-08-12_10_33_07_(14103)_sardine_input_(2).png,yes,yes
14.0,3.0,15.0,15.0,1.0,0.031512605042016806,34.0,42.0,0.21428571428571427,1.0315789473684212,0.13876302083333333,2024-08-12_10_49_41_(14104)_sardine_input_(0).png,yes,yes
14.0,3.0,14.0,15.0,1.0,0.031512605042016806,32.0,40.0,0.21428571428571427,1.030701754385965,0.13193033854166666,2024-08-12_10_49_41_(14104)_sardine_input_(1).png,yes,yes
14.0,3.0,14.0,15.0,1.0,0.031512605042016806,34.0,32.0,0.21428571428571427,1.0269662921348315,0.10674967447916667,2024-08-12_10_49_41_(14104)_sardine_input_(2).png,yes,yes
14.0,3.0,15.0,15.0,1.0,0.031512605042016806,34.0,42.0,0.21428571428571427,1.0315789473684212,0.13876302083333333,2024-08-12_11_43_58_(14111)_sardine_input_(0).png,yes,yes
14.0,3.0,14.0,15.0,1.0,0.031512605042016806,32.0,40.0,0.21428571428571427,1.030701754385965,0.13193033854166666,2024-08-12_11_43_58_(14111)_sardine_input_(1).png,yes,yes
14.0,3.0,14.0,15.0,1.0,0.031512605042016806,34.0,32.0,0.21428571428571427,1.0269662921348315,0.10674967447916667,2024-08-12_11_43_58_(14111)_sardine_input_(2).png,yes,yes
14.0,3.0,15.0,15.0,1.0,0.031512605042016806,34.0,42.0,0.21428571428571427,1.0315789473684212,0.13876302083333333,2024-08-12_11_52_15_(14112)_sardine_input_(0).png,yes,yes
14.0,3.0,14.0,15.0,1.0,0.031512605042016806,32.0,40.0,0.21428571428571427,1.030701754385965,0.13193033854166666,2024-08-12_11_52_15_(14112)_sardine_input_(1).png,yes,yes
14.0,3.0,14.0,15.0,1.0,0.031512605042016806,34.0,32.0,0.21428571428571427,1.0269662921348315,0.10674967447916667,2024-08-12_11_52_15_(14112)_sardine_input_(2).png,yes,yes
15.0,3.0,15.0,15.0,2.0,0.031512605042016806,37.0,39.0,0.2,1.0292275574112735,0.1299267578125,2024-08-13_16_20_55_(14157)_sardine_input_(0).png,yes,yes
14.0,3.0,14.0,15.0,2.0,0.031512605042016806,36.0,35.0,0.21428571428571427,1.0281385281385282,0.11679361979166666,2024-08-13_16_20_55_(14157)_sardine_input_(1).png,yes,yes
14.0,3.0,15.0,15.0,2.0,0.031512605042016806,34.0,40.0,0.21428571428571427,1.029535864978903,0.1323193359375,2024-08-13_16_20_55_(14157)_sardine_input_(2).png,yes,yes
15.0,3.0,15.0,15.0,2.0,0.031512605042016806,37.0,39.0,0.2,1.0292275574112735,0.1299267578125,2024-08-13_16_25_11_(14160)_sardine_input_(0).png,yes,yes
14.0,3.0,14.0,15.0,2.0,0.031512605042016806,36.0,35.0,0.21428571428571427,1.0281385281385282,0.11679361979166666,2024-08-13_16_25_11_(14160)_sardine_input_(1).png,yes,yes
14.0,3.0,15.0,15.0,2.0,0.031512605042016806,34.0,40.0,0.21428571428571427,1.029535864978903,0.1323193359375,2024-08-13_16_25_11_(14160)_sardine_input_(2).png,yes,yes
13.0,4.0,14.0,16.0,5.0,0.008246289169873557,34.0,30.0,0.3076923076923077,1.0490253987005316,0.07390712105920799,2024-08-13_16_46_58_(14166)_sardine_input_(0).png,yes,yes
13.0,4.0,14.0,16.0,5.0,0.008246289169873557,34.0,30.0,0.3076923076923077,1.0490253987005316,0.07390712105920799,2024-08-13_16_47_39_(14167)_sardine_input_(0).png,yes,yes
14.0,3.0,14.0,15.0,2.0,0.031315240083507306,33.0,33.0,0.21428571428571427,1.033112582781457,0.10982747395833334,2024-08-13_17_20_21_(14174)_sardine_input_(0).png,yes,yes
15.0,3.0,15.0,15.0,2.0,0.031315240083507306,36.0,40.0,0.2,1.0292275574112735,0.135390625,2024-08-13_17_20_21_(14174)_sardine_input_(1).png,yes,yes
15.0,5.0,15.0,15.0,2.0,0.031315240083507306,38.0,37.0,0.3333333333333333,1.0583333333333333,0.125888671875,2024-08-13_17_20_21_(14174)_sardine_input_(2).png,yes,yes
13.0,4.0,14.0,16.0,5.0,0.008246289169873557,34.0,30.0,0.3076923076923077,1.0490253987005316,0.07390712105920799,2024-08-13_17_26_03_(14177)_sardine_input_(0).png,yes,yes
,,,,,,,,,,,2024-08-13_17_26_29_(14178)_sardine_input.jpeg,yes,no
14.0,3.0,14.0,15.0,2.0,0.031315240083507306,33.0,33.0,0.21428571428571427,1.033112582781457,0.10982747395833334,2024-08-13_21_02_34_(14181)_sardine_input_(0).png,yes,yes
15.0,3.0,15.0,15.0,2.0,0.031315240083507306,36.0,40.0,0.2,1.0292275574112735,0.135390625,2024-08-13_21_02_34_(14181)_sardine_input_(1).png,yes,yes
15.0,5.0,15.0,15.0,2.0,0.031315240083507306,38.0,37.0,0.3333333333333333,1.0583333333333333,0.125888671875,2024-08-13_21_02_34_(14181)_sardine_input_(2).png,yes,yes
12.0,3.0,12.0,15.0,2.0,0.006669630947087594,31.0,21.0,0.25,1.029284164859002,0.07892580711478492,2024-08-13_21_03_02_(14182)_sardine_input_(0).png,yes,yes
14.0,3.0,15.0,15.0,1.0,0.03138075313807531,35.0,32.0,0.21428571428571427,1.0255863539445629,0.106728515625,2024-10-24_10_47_50_(14463)_sardine_input_(0).png,yes,yes
13.0,2.0,13.0,15.0,1.0,0.03138075313807531,30.0,26.0,0.15384615384615385,1.0190930787589498,0.0862646484375,2024-10-24_10_47_50_(14463)_sardine_input_(1).png,yes,yes
13.0,3.0,14.0,15.0,1.0,0.03138075313807531,33.0,26.0,0.23076923076923078,1.0347222222222223,0.0873388671875,2024-10-24_10_47_50_(14463)_sardine_input_(2).png,yes,yes
14.0,3.0,15.0,15.0,2.0,0.03138075313807531,34.0,34.0,0.21428571428571427,1.029350104821803,0.11382975260416667,2024-10-24_10_48_22_(14464)_sardine_input_(0).png,yes,yes
15.0,3.0,15.0,15.0,2.0,0.03138075313807531,37.0,32.0,0.2,1.0292275574112735,0.10885579427083333,2024-10-24_10_48_22_(14464)_sardine_input_(1).png,yes,yes
15.0,3.0,15.0,15.0,2.0,0.03138075313807531,36.0,29.0,0.2,1.0271398747390397,0.09873209635416667,2024-10-24_10_48_22_(14464)_sardine_input_(2).png,yes,yes
16.0,4.0,16.0,15.0,2.0,0.03496503496503497,37.0,34.0,0.25,1.0348583877995643,0.09300455729166666,2024-10-24_10_48_35_(14465)_sardine_input_(0).png,yes,yes
15.0,2.0,16.0,15.0,2.0,0.03496503496503497,37.0,32.0,0.13333333333333333,1.0154185022026432,0.08646158854166666,2024-10-24_10_48_35_(14465)_sardine_input_(1).png,yes,yes
16.0,4.0,17.0,15.0,2.0,0.03496503496503497,40.0,35.0,0.25,1.0355648535564854,0.09571451822916667,2024-10-24_10_48_35_(14465)_sardine_input_(2).png,yes,yes
14.0,3.0,15.0,15.0,2.0,0.03325942350332594,34.0,35.0,0.21428571428571427,1.0271493212669682,0.10436360677083334,2024-10-24_10_48_47_(14466)_sardine_input_(0).png,yes,yes
14.0,3.0,15.0,15.0,2.0,0.03325942350332594,34.0,33.0,0.21428571428571427,1.0224719101123596,0.09819661458333333,2024-10-24_10_48_47_(14466)_sardine_input_(1).png,yes,yes
14.0,5.0,15.0,15.0,2.0,0.03325942350332594,36.0,30.0,0.35714285714285715,1.0609480812641083,0.0899853515625,2024-10-24_10_48_47_(14466)_sardine_input_(2).png,yes,yes
14.0,3.0,15.0,15.0,2.0,0.031512605042016806,36.0,26.0,0.21428571428571427,1.023157894736842,0.0871240234375,2024-10-24_10_49_02_(14467)_sardine_input_(0).png,yes,yes
13.0,2.0,13.0,15.0,2.0,0.031512605042016806,30.0,27.0,0.15384615384615385,1.0214797136038185,0.09000813802083334,2024-10-24_10_49_02_(14467)_sardine_input_(1).png,yes,yes
13.0,6.0,14.0,15.0,2.0,0.031512605042016806,32.0,31.0,0.46153846153846156,1.096698113207547,0.10421061197916667,2024-10-24_10_49_02_(14467)_sardine_input_(2).png,yes,yes
15.0,5.0,15.0,15.0,2.0,0.03138075313807531,36.0,36.0,0.3333333333333333,1.058455114822547,0.12048177083333333,2024-10-24_10_49_58_(14469)_sardine_input_(0).png,yes,yes
15.0,3.0,15.0,15.0,2.0,0.03138075313807531,38.0,33.0,0.2,1.0187891440501045,0.11136555989583333,2024-10-24_10_49_58_(14469)_sardine_input_(1).png,yes,yes
12.0,4.0,13.0,15.0,2.0,0.03138075313807531,33.0,25.0,0.3333333333333333,1.0634146341463415,0.083330078125,2024-10-24_10_49_58_(14469)_sardine_input_(2).png,yes,yes
15.0,3.0,15.0,15.0,2.0,0.031446540880503145,36.0,32.0,0.2,1.0292275574112735,0.1085986328125,2024-10-24_10_50_19_(14470)_sardine_input_(0).png,yes,yes
15.0,3.0,15.0,15.0,2.0,0.031446540880503145,36.0,31.0,0.2,1.022964509394572,0.10255533854166667,2024-10-24_10_50_19_(14470)_sardine_input_(1).png,yes,yes
14.0,3.0,14.0,15.0,2.0,0.031446540880503145,33.0,33.0,0.21428571428571427,1.0290178571428572,0.11012532552083333,2024-10-24_10_50_19_(14470)_sardine_input_(2).png,yes,yes
13.0,4.0,13.0,15.0,2.0,0.031446540880503145,31.0,26.0,0.3076923076923077,1.0572792362768497,0.08885904947916666,2024-10-24_10_50_31_(14471)_sardine_input_(0).png,yes,yes
12.0,3.0,12.0,15.0,2.0,0.031446540880503145,28.0,26.0,0.25,1.028205128205128,0.08810709635416666,2024-10-24_10_50_31_(14471)_sardine_input_(1).png,yes,yes
12.0,3.0,13.0,15.0,2.0,0.031446540880503145,29.0,24.0,0.25,1.0297766749379653,0.082001953125,2024-10-24_10_50_31_(14471)_sardine_input_(2).png,yes,yes
15.0,4.0,15.0,15.0,2.0,0.03138075313807531,36.0,47.0,0.26666666666666666,1.0417536534446765,0.15684895833333334,2024-10-29_09_47_09_(14486)_sardine_input_(0).png,yes,yes
14.0,3.0,14.0,15.0,2.0,0.03138075313807531,33.0,31.0,0.21428571428571427,1.0221238938053097,0.10463704427083333,2024-10-29_09_47_09_(14486)_sardine_input_(1).png,yes,yes
15.0,3.0,15.0,15.0,2.0,0.03138075313807531,36.0,43.0,0.2,1.0313152400835073,0.14400227864583334,2024-10-29_09_47_09_(14486)_sardine_input_(2).png,yes,yes
15.0,5.0,15.0,15.0,2.0,0.031446540880503145,37.0,61.0,0.3333333333333333,1.0564853556485356,0.20090494791666666,2024-10-29_09_47_39_(14487)_sardine_input_(0).png,yes,yes
15.0,5.0,15.0,15.0,2.0,0.031446540880503145,37.0,58.0,0.3333333333333333,1.0563674321503131,0.19180826822916666,2024-10-29_09_47_39_(14487)_sardine_input_(1).png,yes,yes
15.0,4.0,15.0,15.0,2.0,0.031446540880503145,36.0,54.0,0.26666666666666666,1.0438413361169103,0.18076822916666666,2024-10-29_09_47_39_(14487)_sardine_input_(2).png,yes,yes
15.0,4.0,15.0,15.0,2.0,0.031315240083507306,37.0,58.0,0.26666666666666666,1.0521920668058455,0.19335123697916667,2024-10-29_09_51_30_(14493)_sardine_input_(0).png,yes,yes
14.0,4.0,15.0,15.0,2.0,0.031315240083507306,36.0,54.0,0.2857142857142857,1.0481171548117154,0.18013020833333335,2024-10-29_09_51_30_(14493)_sardine_input_(1).png,yes,yes
14.0,4.0,15.0,15.0,2.0,0.031315240083507306,37.0,59.0,0.2857142857142857,1.0502092050209204,0.1975439453125,2024-10-29_09_51_30_(14493)_sardine_input_(2).png,yes,yes
15.0,4.0,15.0,15.0,2.0,0.03138075313807531,37.0,58.0,0.26666666666666666,1.0523012552301256,0.19334635416666668,2024-10-29_09_51_47_(14494)_sardine_input_(0).png,yes,yes
15.0,5.0,15.0,15.0,2.0,0.03138075313807531,37.0,62.0,0.3333333333333333,1.0648535564853556,0.20670572916666666,2024-10-29_09_51_47_(14494)_sardine_input_(1).png,yes,yes
15.0,4.0,15.0,15.0,2.0,0.03138075313807531,37.0,57.0,0.26666666666666666,1.0459290187891441,0.18923828125,2024-10-29_09_51_47_(14494)_sardine_input_(2).png,yes,yes
15.0,6.0,16.0,15.0,2.0,0.031512605042016806,39.0,77.0,0.4,1.0774058577405858,0.2533935546875,2024-10-29_09_52_04_(14495)_sardine_input_(0).png,yes,yes
15.0,5.0,15.0,15.0,2.0,0.031512605042016806,37.0,57.0,0.3333333333333333,1.0543933054393306,0.18916829427083334,2024-10-29_09_52_04_(14495)_sardine_input_(1).png,yes,yes
15.0,5.0,15.0,15.0,2.0,0.031512605042016806,37.0,61.0,0.3333333333333333,1.0521920668058455,0.20144368489583334,2024-10-29_09_52_04_(14495)_sardine_input_(2).png,yes,yes
15.0,4.0,15.0,15.0,2.0,0.03138075313807531,35.0,43.0,0.26666666666666666,1.0354906054279749,0.143427734375,2024-10-29_09_52_24_(14496)_sardine_input_(0).png,yes,yes
15.0,4.0,15.0,15.0,2.0,0.03138075313807531,37.0,50.0,0.26666666666666666,1.0418410041841004,0.16648274739583332,2024-10-29_09_52_24_(14496)_sardine_input_(1).png,yes,yes
15.0,5.0,16.0,15.0,2.0,0.03138075313807531,38.0,41.0,0.3333333333333333,1.0668058455114822,0.1359228515625,2024-10-29_09_52_24_(14496)_sardine_input_(2).png,yes,yes
14.0,5.0,15.0,15.0,2.0,0.031446540880503145,37.0,60.0,0.35714285714285715,1.0589473684210526,0.1991015625,2024-10-29_09_52_40_(14497)_sardine_input_(0).png,yes,yes
14.0,4.0,15.0,15.0,2.0,0.031446540880503145,36.0,54.0,0.2857142857142857,1.0464135021097047,0.17880208333333333,2024-10-29_09_52_40_(14497)_sardine_input_(1).png,yes,yes
14.0,4.0,15.0,15.0,2.0,0.031446540880503145,36.0,56.0,0.2857142857142857,1.050420168067227,0.18576171875,2024-10-29_09_52_40_(14497)_sardine_input_(2).png,yes,yes
14.0,4.0,15.0,15.0,2.0,0.031512605042016806,35.0,49.0,0.2857142857142857,1.0412147505422993,0.16236490885416666,2024-10-29_09_52_55_(14498)_sardine_input_(0).png,yes,yes
15.0,4.0,15.0,15.0,2.0,0.031512605042016806,35.0,54.0,0.26666666666666666,1.039832285115304,0.17827962239583334,2024-10-29_09_52_55_(14498)_sardine_input_(1).png,yes,yes
15.0,4.0,15.0,15.0,2.0,0.031512605042016806,37.0,62.0,0.26666666666666666,1.0523012552301256,0.20379720052083333,2024-10-29_09_52_55_(14498)_sardine_input_(2).png,yes,yes
14.0,5.0,15.0,15.0,2.0,0.03138075313807531,34.0,50.0,0.35714285714285715,1.0637362637362637,0.16857096354166667,2024-10-29_09_53_11_(14499)_sardine_input_(0).png,yes,yes
14.0,4.0,14.0,15.0,2.0,0.03138075313807531,34.0,53.0,0.2857142857142857,1.0461538461538462,0.1757275390625,2024-10-29_09_53_11_(14499)_sardine_input_(1).png,yes,yes
15.0,4.0,15.0,15.0,2.0,0.03138075313807531,36.0,57.0,0.26666666666666666,1.048016701461378,0.18849283854166668,2024-10-29_09_53_11_(14499)_sardine_input_(2).png,yes,yes
14.0,4.0,14.0,15.0,2.0,0.03138075313807531,34.0,54.0,0.2857142857142857,1.0558035714285714,0.17854329427083335,2024-10-29_09_53_26_(14500)_sardine_input_(0).png,yes,yes
15.0,4.0,15.0,15.0,2.0,0.03138075313807531,36.0,60.0,0.26666666666666666,1.0501043841336117,0.20041829427083332,2024-10-29_09_53_26_(14500)_sardine_input_(1).png,yes,yes
15.0,5.0,15.0,15.0,2.0,0.03138075313807531,37.0,64.0,0.3333333333333333,1.0563674321503131,0.21465494791666667,2024-10-29_09_53_26_(14500)_sardine_input_(2).png,yes,yes
,,,,,,,,,,,2024-10-29_10_10_39_(14513)_sardine_input.jpeg,yes,no
14.0,5.0,15.0,15.0,2.0,0.031446540880503145,36.0,58.0,0.35714285714285715,1.0552016985138004,0.19141927083333332,2024-11-07_10_00_08_(14630)_sardine_input_(0).png,yes,yes
15.0,4.0,15.0,15.0,2.0,0.031446540880503145,36.0,54.0,0.26666666666666666,1.0396659707724425,0.1796875,2024-11-07_10_00_08_(14630)_sardine_input_(1).png,yes,yes
15.0,5.0,15.0,15.0,2.0,0.031446540880503145,37.0,59.0,0.3333333333333333,1.0564853556485356,0.19462076822916666,2024-11-07_10_00_08_(14630)_sardine_input_(2).png,yes,yes
15.0,4.0,15.0,15.0,2.0,0.03138075313807531,34.0,46.0,0.26666666666666666,1.0354906054279749,0.15310872395833333,2024-11-12_10_23_21_(14734)_sardine_input_(0).png,yes,yes
15.0,4.0,15.0,15.0,2.0,0.03138075313807531,35.0,49.0,0.26666666666666666,1.0355648535564854,0.16406575520833333,2024-11-12_10_23_21_(14734)_sardine_input_(1).png,yes,yes
15.0,3.0,15.0,15.0,2.0,0.03138075313807531,35.0,46.0,0.2,1.033402922755741,0.15329264322916666,2024-11-12_10_23_21_(14734)_sardine_input_(2).png,yes,yes
13.0,4.0,14.0,15.0,1.0,0.031315240083507306,32.0,38.0,0.3076923076923077,1.045766590389016,0.12778645833333332,2024-11-14_10_38_17_(14784)_sardine_input_(0).png,yes,yes
15.0,4.0,15.0,15.0,1.0,0.031315240083507306,35.0,49.0,0.26666666666666666,1.0375782881002087,0.163779296875,2024-11-14_10_38_17_(14784)_sardine_input_(1).png,yes,yes
14.0,4.0,15.0,15.0,1.0,0.031315240083507306,35.0,47.0,0.2857142857142857,1.0355648535564854,0.15687174479166666,2024-11-14_10_38_17_(14784)_sardine_input_(2).png,yes,yes
17.0,3.0,17.0,15.0,2.0,0.029354207436399216,42.0,49.0,0.17647058823529413,1.0251256281407035,0.188876953125,2024-11-19_09_20_00_(14851)_sardine_input_(0).png,yes,yes
16.0,3.0,17.0,15.0,2.0,0.029354207436399216,38.0,38.0,0.1875,1.0174520069808028,0.14613606770833334,2024-11-19_09_20_00_(14851)_sardine_input_(1).png,yes,yes
17.0,4.0,17.0,15.0,2.0,0.029354207436399216,42.0,43.0,0.23529411764705882,1.0272572402044293,0.16423990885416667,2024-11-19_09_20_00_(14851)_sardine_input_(2).png,yes,yes
16.0,3.0,16.0,15.0,1.0,0.027829313543599257,36.0,43.0,0.1875,1.0208333333333333,0.18289713541666666,2024-11-19_09_45_46_(14885)_sardine_input_(0).png,yes,yes
15.0,3.0,15.0,15.0,1.0,0.027829313543599257,36.0,38.0,0.2,1.021543985637343,0.16015950520833333,2024-11-19_09_45_46_(14885)_sardine_input_(1).png,yes,yes
15.0,3.0,16.0,15.0,1.0,0.027829313543599257,36.0,37.0,0.2,1.021015761821366,0.15826009114583334,2024-11-19_09_45_46_(14885)_sardine_input_(2).png,yes,yes
16.0,3.0,16.0,15.0,2.0,0.027624309392265192,37.0,45.0,0.1875,1.023972602739726,0.19306315104166666,2024-11-19_09_46_01_(14886)_sardine_input_(0).png,yes,yes
16.0,3.0,16.0,15.0,2.0,0.027624309392265192,37.0,40.0,0.1875,1.0239316239316238,0.17316243489583333,2024-11-19_09_46_01_(14886)_sardine_input_(1).png,yes,yes
15.0,3.0,16.0,15.0,2.0,0.027624309392265192,37.0,39.0,0.2,1.0207972270363952,0.16794270833333333,2024-11-19_09_46_01_(14886)_sardine_input_(2).png,yes,yes
15.0,3.0,16.0,15.0,1.0,0.028462998102466792,36.0,45.0,0.2,1.028673835125448,0.1825048828125,2024-11-19_09_46_16_(14887)_sardine_input_(0).png,yes,yes
15.0,3.0,15.0,15.0,1.0,0.028462998102466792,36.0,41.0,0.2,1.0274223034734917,0.168349609375,2024-11-19_09_46_16_(14887)_sardine_input_(1).png,yes,yes
15.0,3.0,15.0,15.0,1.0,0.028462998102466792,35.0,41.0,0.2,1.02,0.16475911458333334,2024-11-19_09_46_16_(14887)_sardine_input_(2).png,yes,yes
15.0,2.0,15.0,15.0,1.0,0.028462998102466792,35.0,26.0,0.13333333333333333,1.0149532710280373,0.10472981770833334,2024-11-19_09_46_16_(14887)_sardine_input_(3).png,yes,yes
15.0,3.0,15.0,15.0,2.0,0.026833631484794274,36.0,35.0,0.2,1.0260416666666667,0.15920572916666667,2024-11-19_09_46_31_(14888)_sardine_input_(0).png,yes,yes
16.0,3.0,16.0,15.0,2.0,0.026833631484794274,37.0,41.0,0.1875,1.019672131147541,0.187431640625,2024-11-19_09_46_31_(14888)_sardine_input_(1).png,yes,yes
15.0,3.0,16.0,15.0,2.0,0.026833631484794274,38.0,42.0,0.2,1.0236087689713322,0.19079915364583333,2024-11-19_09_46_31_(14888)_sardine_input_(2).png,yes,yes
16.0,3.0,16.0,15.0,1.0,0.026737967914438502,37.0,42.0,0.1875,1.0231788079470199,0.19316569010416668,2024-11-19_09_46_45_(14889)_sardine_input_(0).png,yes,yes
14.0,3.0,15.0,15.0,1.0,0.026737967914438502,35.0,37.0,0.21428571428571427,1.0286225402504472,0.17294108072916667,2024-11-19_09_46_45_(14889)_sardine_input_(1).png,yes,yes
16.0,4.0,16.0,15.0,1.0,0.026737967914438502,38.0,42.0,0.25,1.0293637846655792,0.1954150390625,2024-11-19_09_46_45_(14889)_sardine_input_(2).png,yes,yes
15.0,3.0,15.0,15.0,1.0,0.02737226277372263,36.0,38.0,0.2,1.0228070175438597,0.16859375,2024-11-19_09_46_56_(14890)_sardine_input_(0).png,yes,yes
16.0,3.0,16.0,15.0,1.0,0.02737226277372263,37.0,43.0,0.1875,1.023890784982935,0.18791341145833335,2024-11-19_09_46_56_(14890)_sardine_input_(1).png,yes,yes
16.0,3.0,16.0,15.0,1.0,0.02737226277372263,38.0,41.0,0.1875,1.0266666666666666,0.17864095052083334,2024-11-19_09_46_56_(14890)_sardine_input_(2).png,yes,yes
,,,,,,,,,,,2024-11-19_10_42_45_(14924)_sardine_input.jpeg,yes,no
15.0,3.0,15.0,15.0,2.0,0.02512562814070352,35.0,39.0,0.2,1.0267558528428093,0.20366373697916668,2024-11-26_09_38_47_(15047)_sardine_input_(0).png,yes,yes
16.0,4.0,16.0,15.0,2.0,0.02512562814070352,36.0,38.0,0.25,1.0344827586206897,0.1960302734375,2024-11-26_09_38_47_(15047)_sardine_input_(1).png,yes,yes
17.0,5.0,17.0,15.0,1.0,0.026929982046678635,43.0,50.0,0.29411764705882354,1.0406885758998434,0.22502766927083334,2024-12-03_10_14_57_(17680)_sardine_input_(0).png,yes,yes
17.0,3.0,17.0,15.0,1.0,0.026929982046678635,42.0,44.0,0.17647058823529413,1.0203442879499218,0.1980322265625,2024-12-03_10_14_57_(17680)_sardine_input_(1).png,yes,yes
15.0,3.0,16.0,15.0,2.0,0.02640845070422535,36.0,41.0,0.2,1.026711185308848,0.19600911458333334,2024-12-03_10_15_09_(17681)_sardine_input_(0).png,yes,yes
15.0,3.0,15.0,15.0,2.0,0.02640845070422535,35.0,38.0,0.2,1.0238500851788757,0.17760091145833334,2024-12-03_10_15_09_(17681)_sardine_input_(1).png,yes,yes
17.0,3.0,17.0,15.0,2.0,0.02717391304347826,42.0,46.0,0.17647058823529413,1.0203442879499218,0.2031787109375,2024-12-03_10_15_20_(17682)_sardine_input_(0).png,yes,yes
17.0,3.0,17.0,15.0,2.0,0.02717391304347826,40.0,42.0,0.17647058823529413,1.0222929936305734,0.18852213541666665,2024-12-03_10_15_20_(17682)_sardine_input_(1).png,yes,yes
14.0,4.0,15.0,15.0,1.0,0.02533783783783784,35.0,38.0,0.2857142857142857,1.0406091370558375,0.19632649739583333,2024-12-03_10_15_33_(17683)_sardine_input_(0).png,yes,yes
15.0,3.0,15.0,15.0,1.0,0.02533783783783784,35.0,40.0,0.2,1.0284757118927974,0.20730143229166667,2024-12-03_10_15_33_(17683)_sardine_input_(1).png,yes,yes
12.0,6.0,14.0,15.0,2.0,0.026785714285714284,33.0,34.0,0.5,1.1357758620689655,0.15715006510416665,2024-12-03_10_15_45_(17684)_sardine_input_(0).png,yes,yes
16.0,3.0,17.0,15.0,2.0,0.026785714285714284,41.0,40.0,0.1875,1.0209003215434083,0.18597493489583333,2024-12-03_10_15_45_(17684)_sardine_input_(1).png,yes,yes
15.0,3.0,15.0,15.0,2.0,0.025,35.0,41.0,0.2,1.032520325203252,0.21855305989583335,2024-12-03_10_15_56_(17685)_sardine_input_(0).png,yes,yes
13.0,3.0,13.0,15.0,2.0,0.025,32.0,22.0,0.23076923076923078,1.0284090909090908,0.117529296875,2024-12-03_10_15_56_(17685)_sardine_input_(1).png,yes,yes
15.0,3.0,15.0,15.0,1.0,0.02365930599369085,34.0,41.0,0.2,1.029733959311424,0.24096516927083333,2024-12-03_10_16_10_(17686)_sardine_input_(0).png,yes,yes
15.0,3.0,15.0,15.0,1.0,0.02365930599369085,35.0,41.0,0.2,1.029733959311424,0.242646484375,2024-12-03_10_16_10_(17686)_sardine_input_(1).png,yes,yes
15.0,3.0,15.0,15.0,1.0,0.025466893039049237,35.0,42.0,0.2,1.0283333333333333,0.2156298828125,2024-12-03_10_16_23_(17687)_sardine_input_(0).png,yes,yes
15.0,3.0,15.0,15.0,1.0,0.025466893039049237,35.0,42.0,0.2,1.0246305418719213,0.21401692708333334,2024-12-03_10_16_23_(17687)_sardine_input_(1).png,yes,yes
15.0,3.0,15.0,15.0,1.0,0.023547880690737835,34.0,39.0,0.2,1.02660406885759,0.22950358072916666,2024-12-03_10_16_34_(17688)_sardine_input_(0).png,yes,yes
15.0,3.0,15.0,15.0,1.0,0.023547880690737835,35.0,38.0,0.2,1.0328638497652582,0.22729166666666667,2024-12-03_10_16_34_(17688)_sardine_input_(1).png,yes,yes
15.0,4.0,15.0,15.0,1.0,0.023547880690737835,35.0,46.0,0.26666666666666666,1.0359937402190924,0.27462076822916665,2024-12-03_10_16_45_(17689)_sardine_input_(0).png,yes,yes
14.0,3.0,15.0,15.0,1.0,0.023547880690737835,34.0,38.0,0.21428571428571427,1.0251572327044025,0.22766927083333333,2024-12-03_10_16_45_(17689)_sardine_input_(1).png,yes,yes
14.0,3.0,15.0,15.0,1.0,0.023734177215189875,34.0,41.0,0.21428571428571427,1.028616852146264,0.23910481770833333,2024-12-03_10_16_56_(17690)_sardine_input_(0).png,yes,yes
14.0,3.0,15.0,15.0,1.0,0.023734177215189875,34.0,40.0,0.21428571428571427,1.0269841269841269,0.23114908854166666,2024-12-03_10_16_56_(17690)_sardine_input_(1).png,yes,yes
14.0,4.0,15.0,15.0,2.0,0.02459016393442623,34.0,42.0,0.2857142857142857,1.0391156462585034,0.23031087239583334,2024-12-03_10_17_08_(17691)_sardine_input_(0).png,yes,yes
15.0,3.0,15.0,15.0,2.0,0.02459016393442623,35.0,38.0,0.2,1.0226171243941842,0.2051416015625,2024-12-03_10_17_08_(17691)_sardine_input_(1).png,yes,yes
13.0,5.0,14.0,15.0,1.0,0.023510971786833857,32.0,23.0,0.38461538461538464,1.0724381625441697,0.1401904296875,2024-12-03_10_17_23_(17692)_sardine_input_(0).png,yes,yes
13.0,2.0,13.0,15.0,1.0,0.023510971786833857,32.0,22.0,0.15384615384615385,1.0178890876565294,0.13048990885416667,2024-12-03_10_17_23_(17692)_sardine_input_(1).png,yes,yes
15.0,3.0,15.0,15.0,2.0,0.023622047244094488,35.0,44.0,0.2,1.0312989045383412,0.2598600260416667,2024-12-03_10_17_36_(17693)_sardine_input_(0).png,yes,yes
15.0,3.0,15.0,15.0,2.0,0.023622047244094488,34.0,37.0,0.2,1.0219435736677116,0.2194677734375,2024-12-03_10_17_36_(17693)_sardine_input_(1).png,yes,yes
15.0,3.0,15.0,15.0,2.0,0.024875621890547265,37.0,41.0,0.2,1.0304975922953452,0.217421875,2024-12-03_10_17_49_(17694)_sardine_input_(0).png,yes,yes
15.0,4.0,16.0,15.0,2.0,0.024875621890547265,45.0,46.0,0.26666666666666666,1.031347962382445,0.2451123046875,2024-12-03_10_17_49_(17694)_sardine_input_(1).png,yes,yes
13.0,2.0,13.0,15.0,2.0,0.023923444976076555,33.0,22.0,0.15384615384615385,1.0220588235294117,0.12949055989583333,2024-12-03_10_18_00_(17695)_sardine_input_(0).png,yes,yes
15.0,4.0,15.0,15.0,2.0,0.023923444976076555,37.0,41.0,0.26666666666666666,1.042319749216301,0.23584635416666666,2024-12-03_10_18_00_(17695)_sardine_input_(1).png,yes,yes
14.0,3.0,15.0,15.0,1.0,0.02626970227670753,35.0,35.0,0.21428571428571427,1.0228070175438597,0.16589029947916667,2024-12-03_10_18_12_(17696)_sardine_input_(0).png,yes,yes
16.0,3.0,16.0,15.0,1.0,0.02626970227670753,39.0,37.0,0.1875,1.0258064516129033,0.17907389322916667,2024-12-03_10_18_12_(17696)_sardine_input_(1).png,yes,yes
15.0,4.0,16.0,15.0,1.0,0.026595744680851064,38.0,49.0,0.26666666666666666,1.032258064516129,0.22807779947916668,2024-12-03_10_18_22_(17697)_sardine_input_(0).png,yes,yes
16.0,6.0,18.0,15.0,1.0,0.026595744680851064,40.0,41.0,0.375,1.0594679186228482,0.1930615234375,2024-12-03_10_18_22_(17697)_sardine_input_(1).png,yes,yes
14.0,3.0,14.0,15.0,1.0,0.024390243902439025,33.0,39.0,0.21428571428571427,1.0287162162162162,0.21827962239583334,2024-12-03_10_18_34_(17698)_sardine_input_(0).png,yes,yes
14.0,3.0,14.0,15.0,1.0,0.024390243902439025,33.0,36.0,0.21428571428571427,1.0234505862646566,0.19760579427083333,2024-12-03_10_18_34_(17698)_sardine_input_(1).png,yes,yes
15.0,4.0,15.0,15.0,1.0,0.024752475247524754,35.0,45.0,0.26666666666666666,1.0338164251207729,0.24049153645833332,2024-12-03_10_18_47_(17699)_sardine_input_(0).png,yes,yes
14.0,3.0,15.0,15.0,1.0,0.024752475247524754,34.0,36.0,0.21428571428571427,1.024793388429752,0.19484375,2024-12-03_10_18_47_(17699)_sardine_input_(1).png,yes,yes
13.0,4.0,14.0,15.0,2.0,0.024671052631578948,34.0,29.0,0.3076923076923077,1.0405643738977073,0.1555029296875,2024-12-03_10_19_03_(17700)_sardine_input_(0).png,yes,yes
14.0,3.0,15.0,15.0,2.0,0.024671052631578948,36.0,28.0,0.21428571428571427,1.0199667221297837,0.15267252604166667,2024-12-03_10_19_03_(17700)_sardine_input_(1).png,yes,yes
15.0,4.0,16.0,15.0,2.0,0.024875621890547265,37.0,45.0,0.26666666666666666,1.0353697749196142,0.24196451822916668,2024-12-03_10_19_16_(17701)_sardine_input_(0).png,yes,yes
15.0,4.0,16.0,15.0,2.0,0.024875621890547265,36.0,48.0,0.26666666666666666,1.035143769968051,0.255302734375,2024-12-03_10_19_16_(17701)_sardine_input_(1).png,yes,yes
14.0,3.0,15.0,15.0,2.0,0.024154589371980676,34.0,41.0,0.21428571428571427,1.0325732899022801,0.23408365885416665,2024-12-03_10_19_29_(17702)_sardine_input_(0).png,yes,yes
15.0,3.0,15.0,15.0,2.0,0.024154589371980676,35.0,41.0,0.2,1.0267295597484276,0.23372233072916668,2024-12-03_10_19_29_(17702)_sardine_input_(1).png,yes,yes
14.0,3.0,15.0,15.0,2.0,0.02358490566037736,34.0,41.0,0.21428571428571427,1.0301109350237718,0.24136555989583333,2024-12-03_10_19_42_(17703)_sardine_input_(0).png,yes,yes
15.0,3.0,15.0,15.0,2.0,0.02358490566037736,35.0,41.0,0.2,1.0251177394034536,0.24176920572916666,2024-12-03_10_19_42_(17703)_sardine_input_(1).png,yes,yes
14.0,3.0,15.0,15.0,1.0,0.02508361204013378,34.0,38.0,0.21428571428571427,1.027072758037225,0.19957845052083334,2024-12-03_10_19_55_(17704)_sardine_input_(0).png,yes,yes
13.0,3.0,14.0,15.0,1.0,0.02508361204013378,32.0,27.0,0.23076923076923078,1.027027027027027,0.14426920572916666,2024-12-03_10_19_55_(17704)_sardine_input_(1).png,yes,yes
15.0,3.0,15.0,15.0,1.0,0.024154589371980676,36.0,43.0,0.2,1.0298273155416013,0.2401904296875,2024-12-03_10_20_06_(17705)_sardine_input_(0).png,yes,yes
15.0,4.0,15.0,15.0,1.0,0.024154589371980676,36.0,53.0,0.26666666666666666,1.0329153605015673,0.29599446614583336,2024-12-03_10_20_06_(17705)_sardine_input_(1).png,yes,yes
13.0,3.0,14.0,15.0,1.0,0.024390243902439025,33.0,29.0,0.23076923076923078,1.0228070175438597,0.16252604166666668,2024-12-03_10_20_26_(17706)_sardine_input_(0).png,yes,yes
14.0,3.0,14.0,15.0,1.0,0.024390243902439025,35.0,26.0,0.21428571428571427,1.0234505862646566,0.1448291015625,2024-12-03_10_20_26_(17706)_sardine_input_(1).png,yes,yes
14.0,4.0,15.0,15.0,1.0,0.02358490566037736,35.0,40.0,0.2857142857142857,1.0394321766561514,0.2396044921875,2024-12-03_10_20_39_(17707)_sardine_input_(0).png,yes,yes
13.0,2.0,14.0,15.0,1.0,0.02358490566037736,34.0,26.0,0.15384615384615385,1.0168634064080944,0.15291666666666667,2024-12-03_10_20_39_(17707)_sardine_input_(1).png,yes,yes
15.0,3.0,16.0,15.0,1.0,0.024509803921568627,37.0,39.0,0.2,1.0250391236306728,0.2134228515625,2024-12-03_10_20_50_(17708)_sardine_input_(0).png,yes,yes
14.0,3.0,15.0,15.0,1.0,0.024509803921568627,35.0,36.0,0.21428571428571427,1.0262295081967212,0.1952587890625,2024-12-03_10_20_50_(17708)_sardine_input_(1).png,yes,yes
16.0,4.0,16.0,15.0,1.0,0.027675276752767528,37.0,37.0,0.25,1.0309278350515463,0.16030924479166667,2024-12-10_10_34_03_(17764)_sardine_input_(0).png,yes,yes
16.0,3.0,17.0,15.0,1.0,0.027675276752767528,42.0,40.0,0.1875,1.0230263157894737,0.17307291666666666,2024-12-10_10_34_03_(17764)_sardine_input_(1).png,yes,yes
15.0,3.0,15.0,15.0,1.0,0.02512562814070352,35.0,39.0,0.2,1.0244698205546492,0.20483235677083333,2024-12-10_10_34_14_(17765)_sardine_input_(0).png,yes,yes
15.0,4.0,16.0,15.0,1.0,0.02512562814070352,37.0,44.0,0.26666666666666666,1.0352564102564104,0.2280615234375,2024-12-10_10_34_14_(17765)_sardine_input_(1).png,yes,yes
15.0,3.0,15.0,15.0,2.0,0.026929982046678635,36.0,36.0,0.2,1.024778761061947,0.16234375,2024-12-10_10_34_27_(17766)_sardine_input_(0).png,yes,yes
15.0,4.0,15.0,15.0,2.0,0.026929982046678635,37.0,34.0,0.26666666666666666,1.051418439716312,0.15647298177083332,2024-12-10_10_34_27_(17766)_sardine_input_(1).png,yes,yes
16.0,3.0,16.0,15.0,1.0,0.025817555938037865,37.0,47.0,0.1875,1.0282131661442007,0.2342333984375,2024-12-10_10_34_36_(17767)_sardine_input_(0).png,yes,yes
15.0,3.0,16.0,15.0,1.0,0.025817555938037865,37.0,39.0,0.2,1.021172638436482,0.19382161458333333,2024-12-10_10_34_36_(17767)_sardine_input_(1).png,yes,yes
15.0,3.0,16.0,15.0,1.0,0.026833631484794274,36.0,39.0,0.2,1.0309810671256454,0.18073404947916666,2024-12-10_10_34_49_(17768)_sardine_input_(0).png,yes,yes
15.0,3.0,16.0,15.0,1.0,0.026833631484794274,36.0,39.0,0.2,1.0219594594594594,0.17653483072916668,2024-12-10_10_34_49_(17768)_sardine_input_(1).png,yes,yes
15.0,3.0,15.0,15.0,1.0,0.02631578947368421,35.0,39.0,0.2,1.0255972696245734,0.18517903645833333,2024-12-10_10_35_00_(17769)_sardine_input_(0).png,yes,yes
15.0,3.0,15.0,15.0,1.0,0.02631578947368421,36.0,42.0,0.2,1.0273504273504273,0.19943196614583333,2024-12-10_10_35_00_(17769)_sardine_input_(1).png,yes,yes
16.0,4.0,17.0,15.0,1.0,0.028901734104046242,48.0,41.0,0.25,1.0345423143350605,0.1603125,2024-12-10_10_35_15_(17770)_sardine_input_(0).png,yes,yes
17.0,5.0,18.0,15.0,1.0,0.028901734104046242,43.0,41.0,0.29411764705882354,1.0436893203883495,0.16344401041666667,2024-12-10_10_35_15_(17770)_sardine_input_(1).png,yes,yes
15.0,3.0,16.0,15.0,2.0,0.02707581227436823,38.0,40.0,0.2,1.0256849315068493,0.18159993489583334,2024-12-10_10_35_25_(17771)_sardine_input_(0).png,yes,yes
16.0,3.0,17.0,15.0,2.0,0.02707581227436823,41.0,40.0,0.1875,1.0193861066235865,0.17774739583333332,2024-12-10_10_35_25_(17771)_sardine_input_(1).png,yes,yes
15.0,4.0,16.0,15.0,2.0,0.025295109612141653,36.0,37.0,0.26666666666666666,1.032626427406199,0.19065755208333332,2024-12-10_10_35_46_(17772)_sardine_input_(0).png,yes,yes
16.0,3.0,16.0,15.0,2.0,0.025295109612141653,38.0,43.0,0.1875,1.0250391236306728,0.22002278645833334,2024-12-10_10_35_46_(17772)_sardine_input_(1).png,yes,yes
15.0,3.0,16.0,15.0,2.0,0.026785714285714284,36.0,41.0,0.2,1.0255536626916524,0.18951171875,2024-12-10_10_35_58_(17773)_sardine_input_(0).png,yes,yes
15.0,3.0,16.0,15.0,2.0,0.026785714285714284,37.0,43.0,0.2,1.0289115646258504,0.1964599609375,2024-12-10_10_35_58_(17773)_sardine_input_(1).png,yes,yes
15.0,3.0,15.0,15.0,2.0,0.026455026455026454,36.0,41.0,0.2,1.028960817717206,0.19390787760416667,2024-12-10_10_36_15_(17774)_sardine_input_(0).png,yes,yes
15.0,4.0,16.0,15.0,2.0,0.026455026455026454,38.0,44.0,0.26666666666666666,1.033167495854063,0.20747884114583334,2024-12-10_10_36_15_(17774)_sardine_input_(1).png,yes,yes
15.0,3.0,16.0,15.0,2.0,0.02626970227670753,36.0,43.0,0.2,1.0247116968698518,0.20654134114583333,2024-12-10_10_36_31_(17775)_sardine_input_(0).png,yes,yes
16.0,4.0,17.0,15.0,2.0,0.02626970227670753,41.0,38.0,0.25,1.0376766091051806,0.18129231770833334,2024-12-10_10_36_31_(17775)_sardine_input_(1).png,yes,yes
15.0,4.0,15.0,15.0,2.0,0.027522935779816515,36.0,36.0,0.26666666666666666,1.037837837837838,0.15841471354166667,2024-12-10_10_36_44_(17776)_sardine_input_(0).png,yes,yes
15.0,3.0,15.0,15.0,2.0,0.027522935779816515,37.0,36.0,0.2,1.0210896309314588,0.1585009765625,2024-12-10_10_36_44_(17776)_sardine_input_(1).png,yes,yes
16.0,3.0,17.0,15.0,1.0,0.027422303473491772,40.0,45.0,0.1875,1.02442996742671,0.19881510416666667,2024-12-10_10_36_59_(17777)_sardine_input_(0).png,yes,yes
17.0,4.0,17.0,15.0,1.0,0.027422303473491772,42.0,41.0,0.23529411764705882,1.028436018957346,0.17960774739583332,2024-12-10_10_36_59_(17777)_sardine_input_(1).png,yes,yes
16.0,3.0,16.0,15.0,2.0,0.028735632183908046,37.0,40.0,0.1875,1.0232558139534884,0.1584423828125,2024-12-10_10_37_09_(17778)_sardine_input_(0).png,yes,yes
16.0,3.0,16.0,15.0,2.0,0.028735632183908046,37.0,41.0,0.1875,1.0232558139534884,0.161669921875,2024-12-10_10_37_09_(17778)_sardine_input_(1).png,yes,yes
16.0,5.0,17.0,15.0,1.0,0.027985074626865673,40.0,40.0,0.3125,1.043189368770764,0.1684130859375,2024-12-10_10_37_21_(17779)_sardine_input_(0).png,yes,yes
16.0,4.0,17.0,15.0,1.0,0.027985074626865673,39.0,42.0,0.25,1.028523489932886,0.17534016927083335,2024-12-10_10_37_21_(17779)_sardine_input_(1).png,yes,yes
17.0,4.0,17.0,15.0,2.0,0.029411764705882353,40.0,50.0,0.23529411764705882,1.0254237288135593,0.18936848958333333,2024-12-10_10_37_39_(17780)_sardine_input_(0).png,yes,yes
16.0,4.0,16.0,15.0,2.0,0.029411764705882353,39.0,40.0,0.25,1.0306306306306305,0.15390787760416666,2024-12-10_10_37_39_(17780)_sardine_input_(1).png,yes,yes
,,,,,,,,,,,2024-12-10_10_37_58_(17781)_sardine_input.jpeg,yes,no
16.0,3.0,16.0,15.0,2.0,0.02819548872180451,39.0,41.0,0.1875,1.0275862068965518,0.17166341145833333,2024-12-10_10_38_12_(17782)_sardine_input_(0).png,yes,yes
15.0,3.0,16.0,15.0,2.0,0.02819548872180451,36.0,41.0,0.2,1.0269299820466786,0.16927408854166667,2024-12-10_10_38_12_(17782)_sardine_input_(1).png,yes,yes
15.0,4.0,15.0,15.0,1.0,0.026785714285714284,36.0,36.0,0.26666666666666666,1.0367775831873904,0.16466959635416667,2024-12-10_10_38_22_(17783)_sardine_input_(0).png,yes,yes
15.0,3.0,16.0,15.0,1.0,0.026785714285714284,36.0,39.0,0.2,1.028862478777589,0.1808740234375,2024-12-10_10_38_22_(17783)_sardine_input_(1).png,yes,yes
16.0,3.0,16.0,15.0,2.0,0.026881720430107527,37.0,40.0,0.1875,1.023102310231023,0.18315592447916668,2024-12-10_10_38_33_(17784)_sardine_input_(0).png,yes,yes
16.0,3.0,17.0,15.0,2.0,0.026881720430107527,40.0,41.0,0.1875,1.0273752012882447,0.18665852864583332,2024-12-10_10_38_33_(17784)_sardine_input_(1).png,yes,yes
17.0,6.0,18.0,15.0,2.0,0.028462998102466792,43.0,52.0,0.35294117647058826,1.0661290322580645,0.20939778645833335,2024-12-10_10_38_43_(17785)_sardine_input_(0).png,yes,yes
17.0,3.0,17.0,15.0,2.0,0.028462998102466792,40.0,48.0,0.17647058823529413,1.0227272727272727,0.19555013020833334,2024-12-10_10_38_43_(17785)_sardine_input_(1).png,yes,yes
14.0,3.0,15.0,15.0,1.0,0.026690391459074734,34.0,37.0,0.21428571428571427,1.0271739130434783,0.17352864583333333,2024-12-10_10_38_58_(17786)_sardine_input_(0).png,yes,yes
14.0,3.0,15.0,15.0,1.0,0.026690391459074734,34.0,36.0,0.21428571428571427,1.025089605734767,0.16792805989583334,2024-12-10_10_38_58_(17786)_sardine_input_(1).png,yes,yes
15.0,3.0,16.0,15.0,1.0,0.02626970227670753,36.0,39.0,0.2,1.0232558139534884,0.18717610677083332,2024-12-10_10_39_09_(17787)_sardine_input_(0).png,yes,yes
15.0,3.0,15.0,15.0,1.0,0.02626970227670753,36.0,37.0,0.2,1.0222222222222221,0.1749169921875,2024-12-10_10_39_09_(17787)_sardine_input_(1).png,yes,yes
15.0,3.0,16.0,15.0,2.0,0.029182879377431907,36.0,43.0,0.2,1.0275735294117647,0.16671875,2024-12-10_10_39_23_(17788)_sardine_input_(0).png,yes,yes
15.0,3.0,15.0,15.0,2.0,0.029182879377431907,35.0,40.0,0.2,1.028735632183908,0.155849609375,2024-12-10_10_39_23_(17788)_sardine_input_(1).png,yes,yes
15.0,3.0,16.0,15.0,1.0,0.027472527472527472,36.0,41.0,0.2,1.0294117647058822,0.1794482421875,2024-12-10_10_39_36_(17789)_sardine_input_(0).png,yes,yes
14.0,3.0,15.0,15.0,1.0,0.027472527472527472,33.0,36.0,0.21428571428571427,1.0263157894736843,0.15786458333333334,2024-12-10_10_39_36_(17789)_sardine_input_(1).png,yes,yes
16.0,5.0,17.0,15.0,1.0,0.02862595419847328,41.0,40.0,0.3125,1.0493197278911566,0.160458984375,2024-12-10_10_39_50_(17790)_sardine_input_(0).png,yes,yes
16.0,3.0,17.0,15.0,1.0,0.02862595419847328,41.0,46.0,0.1875,1.0236486486486487,0.18366048177083333,2024-12-10_10_39_50_(17790)_sardine_input_(1).png,yes,yes
15.0,4.0,15.0,15.0,2.0,0.026041666666666668,36.0,35.0,0.26666666666666666,1.0381282495667243,0.16876139322916667,2024-12-10_10_40_02_(17791)_sardine_input_(0).png,yes,yes
14.0,3.0,15.0,15.0,2.0,0.026041666666666668,33.0,35.0,0.21428571428571427,1.024822695035461,0.16805989583333333,2024-12-10_10_40_02_(17791)_sardine_input_(1).png,yes,yes
14.0,1.0,15.0,15.0,2.0,0.026041666666666668,33.0,26.0,0.07142857142857142,1.006993006993007,0.12497884114583334,2024-12-10_10_40_02_(17791)_sardine_input_(2).png,yes,yes
15.0,3.0,15.0,15.0,2.0,0.028846153846153848,36.0,37.0,0.2,1.0225988700564972,0.14729329427083335,2024-12-10_10_40_12_(17792)_sardine_input_(0).png,yes,yes
17.0,3.0,17.0,15.0,2.0,0.028846153846153848,40.0,43.0,0.17647058823529413,1.0199667221297837,0.171875,2024-12-10_10_40_12_(17792)_sardine_input_(1).png,yes,yes
17.0,3.0,18.0,15.0,2.0,0.029239766081871343,43.0,41.0,0.17647058823529413,1.022801302931596,0.15866373697916666,2024-12-10_10_40_24_(17793)_sardine_input_(0).png,yes,yes
17.0,4.0,18.0,15.0,2.0,0.029239766081871343,45.0,45.0,0.23529411764705882,1.0263591433278418,0.1724560546875,2024-12-10_10_40_24_(17793)_sardine_input_(1).png,yes,yes
14.0,3.0,15.0,15.0,2.0,0.02654867256637168,34.0,40.0,0.21428571428571427,1.0304114490161003,0.185009765625,2024-12-10_10_40_36_(17794)_sardine_input_(0).png,yes,yes
14.0,3.0,15.0,15.0,2.0,0.02654867256637168,33.0,37.0,0.21428571428571427,1.0253164556962024,0.171806640625,2024-12-10_10_40_36_(17794)_sardine_input_(1).png,yes,yes
15.0,3.0,15.0,15.0,2.0,0.026455026455026454,35.0,38.0,0.2,1.0264550264550265,0.18034993489583334,2024-12-10_10_40_46_(17795)_sardine_input_(0).png,yes,yes
15.0,3.0,15.0,15.0,2.0,0.026455026455026454,36.0,40.0,0.2,1.0255102040816326,0.19031412760416666,2024-12-10_10_40_46_(17795)_sardine_input_(1).png,yes,yes
16.0,4.0,17.0,15.0,2.0,0.028037383177570093,59.0,42.0,0.25,1.0402684563758389,0.17652669270833332,2024-12-10_10_40_59_(17796)_sardine_input_(0).png,yes,yes
17.0,3.0,17.0,15.0,2.0,0.028037383177570093,40.0,44.0,0.17647058823529413,1.0209003215434083,0.18507649739583334,2024-12-10_10_40_59_(17796)_sardine_input_(1).png,yes,yes
16.0,3.0,16.0,15.0,2.0,0.027124773960216998,38.0,40.0,0.1875,1.0213815789473684,0.18096028645833334,2024-12-10_10_41_11_(17797)_sardine_input_(0).png,yes,yes
16.0,3.0,17.0,15.0,2.0,0.027124773960216998,41.0,39.0,0.1875,1.0192926045016077,0.176171875,2024-12-10_10_41_11_(17797)_sardine_input_(1).png,yes,yes
16.0,5.0,17.0,15.0,2.0,0.02640845070422535,41.0,40.0,0.3125,1.04251968503937,0.1872021484375,2024-12-10_10_41_23_(17798)_sardine_input_(0).png,yes,yes
16.0,4.0,16.0,15.0,2.0,0.02640845070422535,39.0,39.0,0.25,1.030995106035889,0.18431966145833334,2024-12-10_10_41_23_(17798)_sardine_input_(1).png,yes,yes
14.0,3.0,15.0,15.0,2.0,0.02737226277372263,34.0,38.0,0.21428571428571427,1.0238970588235294,0.1658984375,2024-12-10_10_41_35_(17799)_sardine_input_(0).png,yes,yes
14.0,3.0,15.0,15.0,2.0,0.02737226277372263,35.0,34.0,0.21428571428571427,1.0274725274725274,0.1518701171875,2024-12-10_10_41_35_(17799)_sardine_input_(1).png,yes,yes
15.0,3.0,15.0,15.0,2.0,0.02707581227436823,35.0,40.0,0.2,1.0284191829484903,0.1790966796875,2024-12-10_10_41_47_(17800)_sardine_input_(0).png,yes,yes
15.0,3.0,15.0,15.0,2.0,0.02707581227436823,35.0,39.0,0.2,1.024561403508772,0.17532877604166666,2024-12-10_10_41_47_(17800)_sardine_input_(1).png,yes,yes
16.0,3.0,16.0,15.0,1.0,0.025210084033613446,37.0,44.0,0.1875,1.0266457680250785,0.2276513671875,2024-12-10_10_41_57_(17801)_sardine_input_(0).png,yes,yes
15.0,3.0,15.0,15.0,1.0,0.025210084033613446,36.0,38.0,0.2,1.028052805280528,0.1946923828125,2024-12-10_10_41_57_(17801)_sardine_input_(1).png,yes,yes
15.0,4.0,16.0,15.0,2.0,0.025380710659898477,37.0,41.0,0.26666666666666666,1.0342019543973942,0.20831868489583333,2024-12-10_10_42_10_(17802)_sardine_input_(0).png,yes,yes
15.0,4.0,15.0,15.0,2.0,0.025380710659898477,37.0,39.0,0.26666666666666666,1.035175879396985,0.1979736328125,2024-12-10_10_42_10_(17802)_sardine_input_(1).png,yes,yes
15.0,3.0,15.0,15.0,2.0,0.029013539651837523,34.0,41.0,0.2,1.0287907869481765,0.16023274739583335,2024-12-10_10_42_20_(17803)_sardine_input_(0).png,yes,yes
14.0,4.0,15.0,15.0,2.0,0.029013539651837523,35.0,36.0,0.2857142857142857,1.0348837209302326,0.14163899739583333,2024-12-10_10_42_20_(17803)_sardine_input_(1).png,yes,yes
15.0,3.0,15.0,15.0,1.0,0.025167785234899327,36.0,37.0,0.2,1.0225806451612902,0.19244466145833333,2024-12-10_10_42_33_(17804)_sardine_input_(0).png,yes,yes
15.0,4.0,16.0,15.0,1.0,0.025167785234899327,36.0,38.0,0.26666666666666666,1.0473083197389885,0.1962841796875,2024-12-10_10_42_33_(17804)_sardine_input_(1).png,yes,yes
16.0,5.0,17.0,15.0,2.0,0.02626970227670753,39.0,41.0,0.3125,1.0566343042071198,0.197041015625,2024-12-10_10_42_46_(17805)_sardine_input_(0).png,yes,yes
15.0,4.0,15.0,15.0,2.0,0.02626970227670753,38.0,38.0,0.26666666666666666,1.0397236614853196,0.18174153645833332,2024-12-10_10_42_46_(17805)_sardine_input_(1).png,yes,yes
14.0,3.0,15.0,15.0,2.0,0.026833631484794274,34.0,34.0,0.21428571428571427,1.0253623188405796,0.15771158854166667,2024-12-10_10_42_58_(17806)_sardine_input_(0).png,yes,yes
15.0,3.0,15.0,15.0,2.0,0.026833631484794274,35.0,35.0,0.2,1.0285204991087344,0.1602880859375,2024-12-10_10_42_58_(17806)_sardine_input_(1).png,yes,yes
15.0,3.0,15.0,15.0,2.0,0.024916943521594685,36.0,39.0,0.2,1.0256,0.20676920572916666,2024-12-10_10_43_10_(17807)_sardine_input_(0).png,yes,yes
15.0,3.0,15.0,15.0,2.0,0.024916943521594685,35.0,38.0,0.2,1.0295081967213116,0.203359375,2024-12-10_10_43_10_(17807)_sardine_input_(1).png,yes,yes
15.0,3.0,16.0,15.0,2.0,0.026501766784452298,40.0,40.0,0.2,1.030612244897959,0.18924153645833333,2024-12-10_10_43_20_(17808)_sardine_input_(0).png,yes,yes
15.0,3.0,15.0,15.0,2.0,0.026501766784452298,35.0,39.0,0.2,1.0280701754385966,0.18090494791666667,2024-12-10_10_43_20_(17808)_sardine_input_(1).png,yes,yes
15.0,3.0,16.0,15.0,2.0,0.02631578947368421,36.0,37.0,0.2,1.0201342281879195,0.174287109375,2024-12-10_10_43_32_(17809)_sardine_input_(0).png,yes,yes
15.0,4.0,16.0,15.0,2.0,0.02631578947368421,38.0,38.0,0.26666666666666666,1.042833607907743,0.18305989583333335,2024-12-10_10_43_32_(17809)_sardine_input_(1).png,yes,yes
15.0,4.0,15.0,15.0,2.0,0.026595744680851064,35.0,47.0,0.26666666666666666,1.0353356890459364,0.22052408854166666,2024-12-10_10_43_41_(17810)_sardine_input_(0).png,yes,yes
14.0,3.0,15.0,15.0,2.0,0.026595744680851064,34.0,45.0,0.21428571428571427,1.036563071297989,0.20775227864583334,2024-12-10_10_43_41_(17810)_sardine_input_(1).png,yes,yes
15.0,3.0,15.0,15.0,1.0,0.025295109612141653,36.0,37.0,0.2,1.019448946515397,0.1907275390625,2024-12-10_10_43_50_(17811)_sardine_input_(0).png,yes,yes
16.0,3.0,16.0,15.0,1.0,0.025295109612141653,37.0,48.0,0.1875,1.02660406885759,0.24729817708333332,2024-12-10_10_43_50_(17811)_sardine_input_(1).png,yes,yes
16.0,3.0,16.0,15.0,1.0,0.02654867256637168,40.0,38.0,0.1875,1.0261011419249593,0.17949869791666667,2024-12-10_10_44_14_(17813)_sardine_input_(0).png,yes,yes
16.0,3.0,17.0,15.0,1.0,0.02654867256637168,41.0,42.0,0.1875,1.0250391236306728,0.19624837239583334,2024-12-10_10_44_14_(17813)_sardine_input_(1).png,yes,yes
15.0,3.0,15.0,15.0,2.0,0.025041736227045076,36.0,41.0,0.2,1.0258899676375404,0.216748046875,2024-12-17_10_25_18_(17890)_sardine_input_(0).png,yes,yes
15.0,3.0,15.0,15.0,2.0,0.025041736227045076,35.0,39.0,0.2,1.0209003215434083,0.20382161458333334,2024-12-17_10_25_18_(17890)_sardine_input_(1).png,yes,yes
15.0,3.0,15.0,15.0,2.0,0.02508361204013378,35.0,40.0,0.2,1.0264026402640265,0.20806640625,2024-12-17_10_26_06_(17891)_sardine_input_(0).png,yes,yes
14.0,4.0,15.0,15.0,2.0,0.02508361204013378,35.0,38.0,0.2857142857142857,1.0439189189189189,0.19767252604166666,2024-12-17_10_26_06_(17891)_sardine_input_(1).png,yes,yes
16.0,3.0,16.0,15.0,3.0,0.0297029702970297,37.0,43.0,0.1875,1.021978021978022,0.15988118489583333,2024-12-17_10_29_28_(17897)_sardine_input_(0).png,yes,yes
16.0,3.0,16.0,15.0,3.0,0.0297029702970297,37.0,46.0,0.1875,1.0271739130434783,0.17262858072916668,2024-12-17_10_29_28_(17897)_sardine_input_(1).png,yes,yes
15.0,4.0,16.0,15.0,2.0,0.02508361204013378,35.0,38.0,0.26666666666666666,1.0370967741935484,0.20075846354166665,2024-12-17_10_29_36_(17898)_sardine_input_(0).png,yes,yes
15.0,3.0,16.0,15.0,2.0,0.02508361204013378,40.0,40.0,0.2,1.028301886792453,0.20888346354166668,2024-12-17_10_29_36_(17898)_sardine_input_(1).png,yes,yes
14.0,2.0,15.0,15.0,2.0,0.02508361204013378,34.0,32.0,0.14285714285714285,1.0151515151515151,0.16786295572916668,2024-12-17_10_29_36_(17898)_sardine_input_(2).png,yes,yes
15.0,3.0,15.0,15.0,2.0,0.026223776223776224,36.0,40.0,0.2,1.0218120805369129,0.1930908203125,2024-12-17_10_29_44_(17899)_sardine_input_(0).png,yes,yes
16.0,3.0,16.0,15.0,2.0,0.026223776223776224,38.0,42.0,0.1875,1.022801302931596,0.19982747395833333,2024-12-17_10_29_44_(17899)_sardine_input_(1).png,yes,yes
16.0,3.0,16.0,15.0,2.0,0.025295109612141653,37.0,41.0,0.1875,1.0235478806907379,0.21236002604166668,2024-12-17_10_30_40_(17902)_sardine_input_(0).png,yes,yes
16.0,3.0,16.0,15.0,2.0,0.025295109612141653,37.0,42.0,0.1875,1.0219435736677116,0.2163330078125,2024-12-17_10_30_40_(17902)_sardine_input_(1).png,yes,yes
14.0,3.0,15.0,15.0,2.0,0.024311183144246355,34.0,36.0,0.21428571428571427,1.031301482701812,0.20210286458333335,2024-12-17_10_30_51_(17903)_sardine_input_(0).png,yes,yes
14.0,3.0,15.0,15.0,2.0,0.024311183144246355,34.0,36.0,0.21428571428571427,1.0230263157894737,0.199482421875,2024-12-17_10_30_51_(17903)_sardine_input_(1).png,yes,yes
15.0,3.0,15.0,15.0,2.0,0.02617801047120419,36.0,42.0,0.2,1.0286677908937605,0.20087076822916666,2024-12-17_10_31_14_(17904)_sardine_input_(0).png,yes,yes
16.0,3.0,16.0,15.0,2.0,0.02617801047120419,37.0,45.0,0.1875,1.0242718446601942,0.21841471354166667,2024-12-17_10_31_14_(17904)_sardine_input_(1).png,yes,yes
15.0,3.0,15.0,15.0,1.0,0.024350649350649352,36.0,40.0,0.2,1.0251572327044025,0.22233235677083332,2024-12-17_10_31_28_(17905)_sardine_input_(0).png,yes,yes
15.0,3.0,15.0,15.0,1.0,0.024350649350649352,39.0,41.0,0.2,1.02660406885759,0.22678385416666666,2024-12-17_10_31_28_(17905)_sardine_input_(1).png,yes,yes
15.0,3.0,15.0,15.0,1.0,0.02471169686985173,34.0,34.0,0.2,1.0209339774557167,0.18272623697916668,2024-12-17_10_31_46_(17906)_sardine_input_(0).png,yes,yes
15.0,3.0,16.0,15.0,1.0,0.02471169686985173,38.0,41.0,0.2,1.025,0.2217041015625,2024-12-17_10_31_46_(17906)_sardine_input_(1).png,yes,yes
15.0,3.0,15.0,15.0,1.0,0.025167785234899327,34.0,40.0,0.2,1.0284757118927974,0.2083837890625,2024-12-17_10_32_00_(17907)_sardine_input_(0).png,yes,yes
15.0,3.0,15.0,15.0,1.0,0.025167785234899327,35.0,39.0,0.2,1.028099173553719,0.20350911458333334,2024-12-17_10_32_00_(17907)_sardine_input_(1).png,yes,yes
15.0,3.0,15.0,15.0,2.0,0.02403846153846154,34.0,39.0,0.2,1.0254372019077902,0.22072591145833334,2024-12-17_10_32_45_(17910)_sardine_input_(0).png,yes,yes
15.0,3.0,15.0,15.0,2.0,0.02403846153846154,35.0,37.0,0.2,1.021909233176839,0.2136865234375,2024-12-17_10_32_45_(17910)_sardine_input_(1).png,yes,yes
15.0,4.0,15.0,15.0,2.0,0.024350649350649352,35.0,43.0,0.26666666666666666,1.033175355450237,0.2364306640625,2024-12-17_10_33_14_(17911)_sardine_input_(0).png,yes,yes
15.0,3.0,15.0,15.0,2.0,0.024350649350649352,34.0,41.0,0.2,1.025236593059937,0.229287109375,2024-12-17_10_33_14_(17911)_sardine_input_(1).png,yes,yes
,,,,,,,,,,,2024-12-17_10_33_45_(17912)_sardine_input.jpeg,yes,no
15.0,3.0,15.0,15.0,2.0,0.025684931506849314,35.0,43.0,0.2,1.0283333333333333,0.21368489583333333,2024-12-17_10_34_45_(17915)_sardine_input_(0).png,yes,yes
15.0,4.0,16.0,15.0,2.0,0.025684931506849314,36.0,45.0,0.26666666666666666,1.031301482701812,0.2246484375,2024-12-17_10_34_45_(17915)_sardine_input_(1).png,yes,yes
15.0,3.0,16.0,15.0,2.0,0.024509803921568627,36.0,43.0,0.2,1.028169014084507,0.23483072916666667,2024-12-17_10_35_17_(17916)_sardine_input_(0).png,yes,yes
15.0,3.0,16.0,15.0,2.0,0.024509803921568627,36.0,43.0,0.2,1.028169014084507,0.23325358072916666,2024-12-17_10_35_17_(17916)_sardine_input_(1).png,yes,yes
15.0,3.0,15.0,15.0,1.0,0.02702702702702703,35.0,38.0,0.2,1.0263157894736843,0.17213541666666668,2024-12-17_10_36_02_(17918)_sardine_input_(0).png,yes,yes
15.0,3.0,15.0,15.0,1.0,0.02702702702702703,36.0,38.0,0.2,1.0226876090750436,0.1696337890625,2024-12-17_10_36_02_(17918)_sardine_input_(1).png,yes,yes
16.0,4.0,17.0,15.0,1.0,0.025684931506849314,39.0,43.0,0.25,1.0422535211267605,0.21451822916666666,2024-12-19_10_04_59_(17997)_sardine_input_(0).png,yes,yes
16.0,3.0,16.0,15.0,1.0,0.025684931506849314,38.0,43.0,0.1875,1.0250391236306728,0.21283203125,2024-12-19_10_04_59_(17997)_sardine_input_(1).png,yes,yes
15.0,3.0,15.0,15.0,1.0,0.026690391459074734,36.0,40.0,0.2,1.0243055555555556,0.18322428385416667,2024-12-19_10_06_53_(18008)_sardine_input_(0).png,yes,yes
16.0,3.0,17.0,15.0,1.0,0.026690391459074734,39.0,42.0,0.1875,1.0224719101123596,0.19388997395833332,2024-12-19_10_06_53_(18008)_sardine_input_(1).png,yes,yes
13.0,3.0,14.0,15.0,2.0,0.026785714285714284,33.0,25.0,0.23076923076923078,1.0294117647058822,0.11432291666666666,2024-12-19_10_07_04_(18009)_sardine_input_(0).png,yes,yes
16.0,3.0,16.0,15.0,2.0,0.026785714285714284,39.0,42.0,0.1875,1.0248756218905473,0.19329915364583333,2024-12-19_10_07_04_(18009)_sardine_input_(1).png,yes,yes
