SegmentedFilename,FishDetected,ScaleDetected,FishHeight(cm),FishWidth(cm),FishDiagonal(cm),ScaleDiagonal(cm),ScaleWidth(cm),OnePixelValue,Circumference(cm),Area(cm),AspectRatio,DiagonalToHeightRatio,AreaRatio
2024-05-23_10_17_44_(13029)_sardine_input.jpeg,yes,no,,,,,,,,,,,
2024-05-23_10_18_11_(13030)_sardine_input.jpeg,yes,no,,,,,,,,,,,
2024-05-23_10_19_19_(13031)_sardine_input_(0).png,yes,yes,15.0,4.0,16.0,15.0,2.0,0.033860045146726865,36.0,48.0,0.26666666666666666,1.0433839479392624,0.1387939453125
2024-05-23_10_19_19_(13031)_sardine_input_(1).png,yes,yes,14.0,3.0,14.0,15.0,2.0,0.033860045146726865,35.0,29.0,0.21428571428571427,1.0257009345794392,0.08427408854166667
2024-05-23_10_19_19_(13031)_sardine_input_(2).png,yes,yes,14.0,3.0,15.0,15.0,2.0,0.033860045146726865,36.0,32.0,0.21428571428571427,1.0297482837528604,0.093408203125
2024-05-23_10_19_36_(13032)_sardine_input.jpeg,yes,no,,,,,,,,,,,
2024-05-23_10_19_48_(13033)_sardine_input_(0).png,yes,yes,15.0,3.0,16.0,15.0,2.0,0.03826530612244898,38.0,37.0,0.2,1.0269607843137254,0.08289225260416666
2024-05-23_10_19_48_(13033)_sardine_input_(1).png,yes,yes,16.0,3.0,16.0,15.0,2.0,0.03826530612244898,37.0,45.0,0.1875,1.0258823529411765,0.10100748697916667
2024-05-23_10_19_48_(13033)_sardine_input_(2).png,yes,yes,16.0,3.0,17.0,15.0,2.0,0.03826530612244898,42.0,40.0,0.1875,1.0227272727272727,0.08939778645833334
2024-05-23_10_20_02_(13034)_sardine_input_(0).png,yes,yes,16.0,4.0,16.0,15.0,1.0,0.03631961259079903,38.0,51.0,0.25,1.03125,0.1262255859375
2024-05-23_10_20_02_(13034)_sardine_input_(1).png,yes,yes,15.0,3.0,15.0,15.0,1.0,0.03631961259079903,34.0,41.0,0.2,1.026252983293556,0.10184244791666666
2024-05-23_10_20_02_(13034)_sardine_input_(2).png,yes,yes,16.0,4.0,16.0,15.0,1.0,0.03631961259079903,37.0,55.0,0.25,1.038548752834467,0.13590657552083332
2024-05-23_10_20_18_(13035)_sardine_input_(0).png,yes,yes,15.0,4.0,16.0,15.0,1.0,0.035629453681710214,37.0,39.0,0.26666666666666666,1.032036613272311,0.10090657552083333
2024-05-23_10_20_18_(13035)_sardine_input_(1).png,yes,yes,15.0,3.0,15.0,15.0,1.0,0.035629453681710214,35.0,34.0,0.2,1.0302325581395348,0.0893408203125
2024-05-23_10_20_18_(13035)_sardine_input_(2).png,yes,yes,15.0,5.0,16.0,15.0,1.0,0.035629453681710214,38.0,31.0,0.3333333333333333,1.0651162790697675,0.08186686197916666
2024-05-23_10_22_17_(13037)_sardine_input_(0).png,yes,yes,14.0,3.0,15.0,15.0,1.0,0.033632286995515695,34.0,41.0,0.21428571428571427,1.029612756264237,0.118203125
2024-05-23_10_22_17_(13037)_sardine_input_(1).png,yes,yes,14.0,3.0,15.0,15.0,1.0,0.033632286995515695,33.0,41.0,0.21428571428571427,1.0298165137614679,0.11838704427083334
2024-05-23_10_22_17_(13037)_sardine_input_(2).png,yes,yes,13.0,3.0,14.0,15.0,1.0,0.033632286995515695,31.0,34.0,0.23076923076923078,1.026829268292683,0.0984130859375
2024-05-23_10_22_33_(13038)_sardine_input_(0).png,yes,yes,14.0,3.0,15.0,15.0,2.0,0.03488372093023256,33.0,41.0,0.21428571428571427,1.0358851674641147,0.11213541666666667
2024-05-23_10_22_33_(13038)_sardine_input_(1).png,yes,yes,13.0,3.0,13.0,15.0,2.0,0.03488372093023256,31.0,38.0,0.23076923076923078,1.0337662337662337,0.10249186197916667
2024-05-23_10_22_33_(13038)_sardine_input_(2).png,yes,yes,14.0,3.0,15.0,15.0,2.0,0.03488372093023256,34.0,38.0,0.21428571428571427,1.0258215962441315,0.10167643229166666
2024-05-23_10_22_46_(13039)_sardine_input_(0).png,yes,yes,14.0,4.0,15.0,15.0,1.0,0.03667481662591687,35.0,48.0,0.2857142857142857,1.04,0.11790852864583333
2024-05-23_10_22_46_(13039)_sardine_input_(1).png,yes,yes,16.0,4.0,16.0,15.0,1.0,0.03667481662591687,37.0,45.0,0.25,1.0316742081447965,0.11090657552083333
2024-05-23_10_22_46_(13039)_sardine_input_(2).png,yes,yes,15.0,3.0,15.0,15.0,1.0,0.03667481662591687,36.0,40.0,0.2,1.0238663484486874,0.09780110677083333
2024-05-23_10_22_57_(13040)_sardine_input_(0).png,yes,yes,15.0,4.0,16.0,15.0,1.0,0.03759398496240601,36.0,45.0,0.26666666666666666,1.0462287104622872,0.10470703125
2024-05-23_10_22_57_(13040)_sardine_input_(1).png,yes,yes,15.0,4.0,15.0,15.0,1.0,0.03759398496240601,37.0,35.0,0.26666666666666666,1.039119804400978,0.08282552083333333
2024-05-23_10_22_57_(13040)_sardine_input_(2).png,yes,yes,15.0,3.0,16.0,15.0,1.0,0.03759398496240601,37.0,44.0,0.2,1.0283687943262412,0.10253580729166667
2024-05-23_10_23_07_(13041)_sardine_input_(0).png,yes,yes,15.0,3.0,15.0,15.0,1.0,0.036585365853658534,35.0,44.0,0.2,1.0286396181384247,0.10852701822916666
2024-05-23_10_23_07_(13041)_sardine_input_(1).png,yes,yes,15.0,3.0,16.0,15.0,1.0,0.036585365853658534,36.0,44.0,0.2,1.027906976744186,0.10912272135416666
2024-05-23_10_23_07_(13041)_sardine_input_(2).png,yes,yes,15.0,2.0,16.0,15.0,1.0,0.036585365853658534,37.0,36.0,0.13333333333333333,1.0161290322580645,0.08758138020833334
2024-05-23_10_23_17_(13042)_sardine_input_(0).png,yes,yes,17.0,4.0,18.0,15.0,1.0,0.036855036855036855,41.0,57.0,0.23529411764705882,1.0292275574112735,0.13826497395833334
2024-05-23_10_23_17_(13042)_sardine_input_(1).png,yes,yes,15.0,3.0,15.0,15.0,1.0,0.036855036855036855,36.0,38.0,0.2,1.0291970802919708,0.09165690104166667
2024-05-23_10_23_17_(13042)_sardine_input_(2).png,yes,yes,15.0,3.0,15.0,15.0,1.0,0.036855036855036855,35.0,35.0,0.2,1.02676399026764,0.08606608072916666
2024-05-23_10_24_01_(13043)_sardine_input_(0).png,yes,yes,14.0,4.0,15.0,15.0,2.0,0.0436046511627907,34.0,35.0,0.2857142857142857,1.0424242424242425,0.06107096354166667
2024-05-23_10_24_01_(13043)_sardine_input_(1).png,yes,yes,20.0,4.0,20.0,15.0,2.0,0.0436046511627907,46.0,69.0,0.2,1.025974025974026,0.11863444010416667
2024-05-23_10_24_01_(13043)_sardine_input_(2).png,yes,yes,16.0,3.0,17.0,15.0,2.0,0.0436046511627907,40.0,45.0,0.1875,1.0206185567010309,0.077353515625
2024-05-23_10_24_13_(13044)_sardine_input_(0).png,yes,yes,14.0,3.0,15.0,15.0,1.0,0.036855036855036855,34.0,36.0,0.21428571428571427,1.0297766749379653,0.088369140625
2024-05-23_10_24_13_(13044)_sardine_input_(1).png,yes,yes,15.0,3.0,16.0,15.0,1.0,0.036855036855036855,35.0,44.0,0.2,1.0283687943262412,0.10571940104166666
2024-05-23_10_24_13_(13044)_sardine_input_(2).png,yes,yes,15.0,3.0,15.0,15.0,1.0,0.036855036855036855,35.0,38.0,0.2,1.0216867469879518,0.09156087239583334
2024-05-23_10_24_27_(13045)_sardine_input_(0).png,yes,yes,14.0,3.0,15.0,15.0,1.0,0.03424657534246575,34.0,43.0,0.21428571428571427,1.0276497695852536,0.120380859375
2024-05-23_10_24_27_(13045)_sardine_input_(1).png,yes,yes,15.0,4.0,16.0,15.0,1.0,0.03424657534246575,36.0,51.0,0.26666666666666666,1.0346320346320346,0.1419287109375
2024-05-23_10_24_27_(13045)_sardine_input_(2).png,yes,yes,15.0,3.0,15.0,15.0,1.0,0.03424657534246575,35.0,34.0,0.2,1.020316027088036,0.0944091796875
2024-05-23_10_24_40_(13046)_sardine_input_(0).png,yes,yes,14.0,3.0,15.0,15.0,1.0,0.035046728971962614,34.0,30.0,0.21428571428571427,1.0235294117647058,0.08068359375
2024-05-23_10_24_40_(13046)_sardine_input_(1).png,yes,yes,15.0,3.0,15.0,15.0,1.0,0.035046728971962614,36.0,42.0,0.2,1.0272727272727273,0.1131005859375
2024-05-23_10_24_40_(13046)_sardine_input_(2).png,yes,yes,15.0,3.0,15.0,15.0,1.0,0.035046728971962614,34.0,38.0,0.2,1.0255813953488373,0.101806640625
2024-05-23_10_24_52_(13047)_sardine_input_(0).png,yes,yes,18.0,5.0,19.0,15.0,2.0,0.04120879120879121,44.0,59.0,0.2777777777777778,1.039387308533917,0.114921875
2024-05-23_10_24_52_(13047)_sardine_input_(1).png,yes,yes,18.0,4.0,18.0,15.0,2.0,0.04120879120879121,41.0,54.0,0.2222222222222222,1.0272727272727273,0.10354654947916667
2024-05-23_10_24_52_(13047)_sardine_input_(2).png,yes,yes,17.0,5.0,18.0,15.0,2.0,0.04120879120879121,45.0,48.0,0.29411764705882354,1.0436781609195402,0.09304850260416667
2024-05-23_10_25_06_(13048)_sardine_input_(0).png,yes,yes,18.0,4.0,18.0,15.0,2.0,0.040214477211796246,41.0,64.0,0.2222222222222222,1.0355555555555556,0.1304150390625
2024-05-23_10_25_06_(13048)_sardine_input_(1).png,yes,yes,16.0,4.0,16.0,15.0,2.0,0.040214477211796246,37.0,41.0,0.25,1.037313432835821,0.08282552083333333
2024-05-23_10_25_06_(13048)_sardine_input_(2).png,yes,yes,16.0,4.0,16.0,15.0,2.0,0.040214477211796246,38.0,46.0,0.25,1.0369458128078817,0.09450358072916666
2024-05-23_10_25_14_(13049)_sardine_input_(0).png,yes,yes,15.0,4.0,16.0,15.0,1.0,0.03926701570680628,36.0,40.0,0.26666666666666666,1.0321782178217822,0.08512858072916667
2024-05-23_10_25_14_(13049)_sardine_input_(1).png,yes,yes,16.0,4.0,16.0,15.0,1.0,0.03926701570680628,37.0,49.0,0.25,1.0314769975786926,0.103759765625
2024-05-23_10_25_14_(13049)_sardine_input_(2).png,yes,yes,16.0,3.0,17.0,15.0,1.0,0.03926701570680628,40.0,40.0,0.1875,1.0188235294117647,0.08534830729166666
2024-05-23_10_25_14_(13049)_sardine_input_(3).png,yes,yes,4.0,1.0,4.0,15.0,1.0,0.03926701570680628,7.0,1.0,0.25,1.0545454545454545,0.003116861979166667
2024-05-23_10_25_27_(13050)_sardine_input_(0).png,yes,yes,15.0,3.0,16.0,15.0,1.0,0.03722084367245657,36.0,44.0,0.2,1.026252983293556,0.103486328125
2024-05-23_10_25_27_(13050)_sardine_input_(1).png,yes,yes,15.0,3.0,16.0,15.0,1.0,0.03722084367245657,36.0,46.0,0.2,1.0282352941176471,0.10863118489583333
2024-05-23_10_25_27_(13050)_sardine_input_(2).png,yes,yes,15.0,3.0,15.0,15.0,1.0,0.03722084367245657,35.0,35.0,0.2,1.0218978102189782,0.08259928385416666
2024-05-23_10_25_43_(13051)_sardine_input_(0).png,yes,yes,17.0,4.0,17.0,15.0,1.0,0.0379746835443038,39.0,51.0,0.23529411764705882,1.0285714285714285,0.1154052734375
2024-05-23_10_25_43_(13051)_sardine_input_(1).png,yes,yes,18.0,4.0,18.0,15.0,1.0,0.0379746835443038,45.0,49.0,0.2222222222222222,1.025,0.11072265625
2024-05-23_10_25_43_(13051)_sardine_input_(2).png,yes,yes,13.0,2.0,13.0,15.0,1.0,0.0379746835443038,32.0,24.0,0.15384615384615385,1.0169014084507042,0.056139322916666665
2024-05-23_10_25_52_(13052)_sardine_input_(0).png,yes,yes,16.0,4.0,17.0,15.0,1.0,0.038860103626943004,39.0,51.0,0.25,1.032036613272311,0.11172526041666667
2024-05-23_10_25_52_(13052)_sardine_input_(1).png,yes,yes,16.0,4.0,16.0,15.0,1.0,0.038860103626943004,38.0,46.0,0.25,1.0289156626506024,0.101240234375
2024-05-23_10_25_52_(13052)_sardine_input_(2).png,yes,yes,17.0,4.0,17.0,15.0,1.0,0.038860103626943004,40.0,56.0,0.23529411764705882,1.0316742081447965,0.121533203125
2024-05-23_10_26_03_(13053)_sardine_input_(0).png,yes,yes,17.0,4.0,18.0,15.0,1.0,0.03768844221105527,40.0,58.0,0.23529411764705882,1.0277185501066097,0.13322265625
2024-05-23_10_26_03_(13053)_sardine_input_(1).png,yes,yes,16.0,4.0,16.0,15.0,1.0,0.03768844221105527,37.0,49.0,0.25,1.0325581395348837,0.11276041666666667
2024-05-23_10_26_03_(13053)_sardine_input_(2).png,yes,yes,14.0,3.0,14.0,15.0,1.0,0.03768844221105527,35.0,32.0,0.21428571428571427,1.0205128205128204,0.0735498046875
2024-05-23_10_26_14_(13054)_sardine_input_(0).png,yes,yes,16.0,4.0,17.0,15.0,1.0,0.036855036855036855,38.0,55.0,0.25,1.0353200883002207,0.13361328125
2024-05-23_10_26_14_(13054)_sardine_input_(1).png,yes,yes,15.0,3.0,15.0,15.0,1.0,0.036855036855036855,34.0,42.0,0.2,1.0291970802919708,0.10297200520833333
2024-05-23_10_26_14_(13054)_sardine_input_(2).png,yes,yes,15.0,3.0,15.0,15.0,1.0,0.036855036855036855,35.0,41.0,0.2,1.0240384615384615,0.1002734375
2024-05-23_10_26_24_(13055)_sardine_input_(0).png,yes,yes,16.0,4.0,16.0,15.0,1.0,0.03579952267303103,37.0,49.0,0.25,1.0287610619469028,0.125302734375
2024-05-23_10_26_24_(13055)_sardine_input_(1).png,yes,yes,15.0,3.0,16.0,15.0,1.0,0.03579952267303103,36.0,35.0,0.2,1.0275862068965518,0.09040852864583333
2024-05-23_10_26_24_(13055)_sardine_input_(2).png,yes,yes,15.0,3.0,15.0,15.0,1.0,0.03579952267303103,34.0,36.0,0.2,1.0237529691211402,0.09316080729166666
2024-05-23_10_26_34_(13056)_sardine_input_(0).png,yes,yes,16.0,3.0,16.0,15.0,1.0,0.036855036855036855,37.0,48.0,0.1875,1.0269662921348315,0.11652669270833334
2024-05-23_10_26_34_(13056)_sardine_input_(1).png,yes,yes,17.0,3.0,17.0,15.0,1.0,0.036855036855036855,40.0,53.0,0.17647058823529413,1.025369978858351,0.12754557291666666
2024-05-23_10_26_34_(13056)_sardine_input_(2).png,yes,yes,17.0,3.0,17.0,15.0,1.0,0.036855036855036855,41.0,44.0,0.17647058823529413,1.0212314225053079,0.10721516927083333
2024-05-23_10_26_49_(13057)_sardine_input_(0).png,yes,yes,17.0,6.0,18.0,15.0,2.0,0.0379746835443038,42.0,47.0,0.35294117647058826,1.0714285714285714,0.1075390625
2024-05-23_10_26_49_(13057)_sardine_input_(1).png,yes,yes,16.0,3.0,16.0,15.0,2.0,0.0379746835443038,37.0,47.0,0.1875,1.0253456221198156,0.10780110677083334
2024-05-23_10_26_49_(13057)_sardine_input_(2).png,yes,yes,16.0,3.0,16.0,15.0,2.0,0.0379746835443038,38.0,43.0,0.1875,1.0205479452054795,0.09791666666666667
2024-05-23_10_27_01_(13058)_sardine_input_(0).png,yes,yes,16.0,4.0,17.0,15.0,2.0,0.03740648379052369,39.0,48.0,0.25,1.0311804008908685,0.11196126302083333
2024-05-23_10_27_01_(13058)_sardine_input_(1).png,yes,yes,16.0,3.0,16.0,15.0,2.0,0.03740648379052369,37.0,47.0,0.1875,1.025229357798165,0.10942057291666667
2024-05-23_10_27_01_(13058)_sardine_input_(2).png,yes,yes,17.0,4.0,18.0,15.0,2.0,0.03740648379052369,41.0,56.0,0.23529411764705882,1.0271398747390397,0.13125651041666667
2024-05-28_09_38_58_(13185)_sardine_input_(0).png,yes,yes,16.0,4.0,17.0,15.0,2.0,0.03416856492027335,40.0,55.0,0.25,1.0418410041841004,0.1555078125
2024-05-28_09_38_58_(13185)_sardine_input_(1).png,yes,yes,16.0,5.0,17.0,15.0,2.0,0.03416856492027335,40.0,38.0,0.3125,1.0459290187891441,0.10700520833333334
2024-05-28_09_38_58_(13185)_sardine_input_(2).png,yes,yes,15.0,4.0,15.0,15.0,2.0,0.03416856492027335,38.0,32.0,0.26666666666666666,1.0337078651685394,0.09117838541666666
2024-05-28_09_39_49_(13186)_sardine_input_(0).png,yes,yes,17.0,5.0,18.0,15.0,1.0,0.0375,46.0,52.0,0.29411764705882354,1.048016701461378,0.12265299479166666
2024-05-28_09_39_49_(13186)_sardine_input_(1).png,yes,yes,15.0,3.0,16.0,15.0,1.0,0.0375,37.0,44.0,0.2,1.0261282660332542,0.10185384114583333
2024-05-28_09_39_49_(13186)_sardine_input_(2).png,yes,yes,17.0,3.0,18.0,15.0,1.0,0.0375,44.0,46.0,0.17647058823529413,1.0208768267223383,0.10862467447916667
2024-05-28_09_40_23_(13188)_sardine_input_(0).png,yes,yes,12.0,3.0,12.0,15.0,1.0,0.03184713375796178,29.0,24.0,0.25,1.0287958115183247,0.07940592447916667
2024-05-28_09_40_23_(13188)_sardine_input_(1).png,yes,yes,15.0,3.0,15.0,15.0,1.0,0.03184713375796178,35.0,35.0,0.2,1.0273109243697478,0.115
2024-05-28_09_40_23_(13188)_sardine_input_(2).png,yes,yes,13.0,3.0,13.0,15.0,1.0,0.03184713375796178,32.0,27.0,0.23076923076923078,1.0258823529411765,0.08937337239583333
2024-05-28_09_40_38_(13189)_sardine_input_(0).png,yes,yes,14.0,3.0,14.0,15.0,1.0,0.032397408207343416,33.0,39.0,0.21428571428571427,1.0293453724604966,0.12220703125
2024-05-28_09_40_38_(13189)_sardine_input_(1).png,yes,yes,15.0,3.0,15.0,15.0,1.0,0.032397408207343416,34.0,40.0,0.2,1.025531914893617,0.12694661458333334
2024-05-28_09_40_38_(13189)_sardine_input_(2).png,yes,yes,14.0,4.0,15.0,15.0,1.0,0.032397408207343416,34.0,46.0,0.2857142857142857,1.0348583877995643,0.14414713541666666
2024-05-28_09_40_51_(13190)_sardine_input_(0).png,yes,yes,15.0,3.0,15.0,15.0,1.0,0.031914893617021274,34.0,44.0,0.2,1.0271398747390397,0.14305501302083334
2024-05-28_09_40_51_(13190)_sardine_input_(1).png,yes,yes,13.0,2.0,13.0,15.0,1.0,0.031914893617021274,32.0,30.0,0.15384615384615385,1.0234192037470726,0.0967529296875
2024-05-28_09_40_51_(13190)_sardine_input_(2).png,yes,yes,13.0,3.0,13.0,15.0,1.0,0.031914893617021274,32.0,32.0,0.23076923076923078,1.0283687943262412,0.10490397135416667
2024-05-28_09_41_06_(13191)_sardine_input_(0).png,yes,yes,13.0,2.0,13.0,15.0,1.0,0.031512605042016806,30.0,30.0,0.15384615384615385,1.0236966824644549,0.10025065104166667
2024-05-28_09_41_06_(13191)_sardine_input_(1).png,yes,yes,13.0,3.0,13.0,15.0,1.0,0.031512605042016806,30.0,33.0,0.23076923076923078,1.0278422273781902,0.10987955729166667
2024-05-28_09_41_06_(13191)_sardine_input_(2).png,yes,yes,15.0,4.0,15.0,15.0,1.0,0.031512605042016806,36.0,41.0,0.26666666666666666,1.0375782881002087,0.13525716145833333
2024-05-28_09_41_26_(13192)_sardine_input_(0).png,yes,yes,15.0,4.0,16.0,15.0,1.0,0.03289473684210526,38.0,40.0,0.26666666666666666,1.0313152400835073,0.1204150390625
2024-05-28_09_41_26_(13192)_sardine_input_(1).png,yes,yes,13.0,2.0,13.0,15.0,1.0,0.03289473684210526,30.0,24.0,0.15384615384615385,1.0218446601941749,0.07406087239583334
2024-05-28_09_41_26_(13192)_sardine_input_(2).png,yes,yes,14.0,4.0,14.0,15.0,1.0,0.03289473684210526,33.0,30.0,0.2857142857142857,1.0412844036697249,0.09104166666666667
2024-05-28_09_43_36_(13193)_sardine_input_(0).png,yes,yes,15.0,3.0,15.0,15.0,1.0,0.03138075313807531,34.0,32.0,0.2,1.0271398747390397,0.10718912760416667
2024-05-28_09_43_36_(13193)_sardine_input_(1).png,yes,yes,15.0,5.0,16.0,15.0,1.0,0.03138075313807531,37.0,41.0,0.3333333333333333,1.0753138075313808,0.13734375
2024-05-28_09_43_36_(13193)_sardine_input_(2).png,yes,yes,14.0,5.0,15.0,15.0,1.0,0.03138075313807531,35.0,38.0,0.35714285714285715,1.0546218487394958,0.12591796875
2024-05-28_09_43_50_(13194)_sardine_input_(0).png,yes,yes,14.0,3.0,14.0,15.0,2.0,0.03275109170305677,33.0,38.0,0.21428571428571427,1.0272727272727273,0.11605305989583334
2024-05-28_09_43_50_(13194)_sardine_input_(1).png,yes,yes,15.0,3.0,15.0,15.0,2.0,0.03275109170305677,34.0,39.0,0.2,1.025974025974026,0.11871744791666666
2024-05-28_09_43_50_(13194)_sardine_input_(2).png,yes,yes,15.0,2.0,15.0,15.0,2.0,0.03275109170305677,37.0,31.0,0.13333333333333333,1.0172043010752687,0.09448567708333333
2024-05-28_09_44_09_(13195)_sardine_input_(0).png,yes,yes,14.0,3.0,14.0,15.0,2.0,0.031512605042016806,33.0,40.0,0.21428571428571427,1.031111111111111,0.13411783854166667
2024-05-28_09_44_09_(13195)_sardine_input_(1).png,yes,yes,12.0,3.0,13.0,15.0,2.0,0.031512605042016806,30.0,34.0,0.25,1.0345679012345679,0.1142529296875
2024-05-28_09_44_09_(13195)_sardine_input_(2).png,yes,yes,14.0,3.0,15.0,15.0,2.0,0.031512605042016806,33.0,40.0,0.21428571428571427,1.0278372591006424,0.1321826171875
2024-05-28_09_46_15_(13196)_sardine_input_(0).png,yes,yes,14.0,3.0,14.0,15.0,2.0,0.031512605042016806,32.0,35.0,0.21428571428571427,1.0314606741573034,0.11629720052083334
2024-05-28_09_46_15_(13196)_sardine_input_(1).png,yes,yes,13.0,3.0,13.0,15.0,2.0,0.031512605042016806,30.0,32.0,0.23076923076923078,1.0281030444964872,0.106162109375
2024-05-28_09_46_15_(13196)_sardine_input_(2).png,yes,yes,14.0,4.0,14.0,15.0,2.0,0.031512605042016806,32.0,34.0,0.2857142857142857,1.0380313199105144,0.11334798177083333
2024-05-28_09_46_30_(13197)_sardine_input_(0).png,yes,yes,13.0,3.0,14.0,15.0,2.0,0.031512605042016806,31.0,35.0,0.23076923076923078,1.0363636363636364,0.11594889322916667
2024-05-28_09_46_30_(13197)_sardine_input_(1).png,yes,yes,13.0,4.0,14.0,15.0,2.0,0.031512605042016806,34.0,30.0,0.3076923076923077,1.0617848970251715,0.101171875
2024-05-28_09_46_30_(13197)_sardine_input_(2).png,yes,yes,13.0,3.0,13.0,15.0,2.0,0.031512605042016806,31.0,25.0,0.23076923076923078,1.0258823529411765,0.08371256510416666
2024-05-28_09_46_44_(13198)_sardine_input_(0).png,yes,yes,14.0,3.0,15.0,15.0,1.0,0.03171247357293869,33.0,36.0,0.21428571428571427,1.0260303687635575,0.1165673828125
2024-05-28_09_46_44_(13198)_sardine_input_(1).png,yes,yes,12.0,2.0,13.0,15.0,1.0,0.03171247357293869,30.0,26.0,0.16666666666666666,1.022332506203474,0.0872607421875
2024-05-28_09_46_44_(13198)_sardine_input_(2).png,yes,yes,13.0,2.0,13.0,15.0,1.0,0.03171247357293869,32.0,23.0,0.15384615384615385,1.0165094339622642,0.07751790364583333
2024-05-28_09_46_57_(13199)_sardine_input_(0).png,yes,yes,14.0,4.0,15.0,15.0,1.0,0.03303964757709251,34.0,33.0,0.2857142857142857,1.0361990950226245,0.10126627604166667
2024-05-28_09_46_57_(13199)_sardine_input_(1).png,yes,yes,12.0,2.0,12.0,15.0,1.0,0.03303964757709251,32.0,24.0,0.16666666666666666,1.0208333333333333,0.07221028645833333
2024-05-28_09_46_57_(13199)_sardine_input_(2).png,yes,yes,15.0,3.0,16.0,15.0,1.0,0.03303964757709251,35.0,35.0,0.2,1.0167014613778707,0.1069189453125
2024-05-28_09_47_09_(13200)_sardine_input_(0).png,yes,yes,13.0,3.0,13.0,15.0,1.0,0.03164556962025317,30.0,27.0,0.23076923076923078,1.036144578313253,0.0901416015625
2024-05-28_09_47_09_(13200)_sardine_input_(1).png,yes,yes,15.0,3.0,15.0,15.0,1.0,0.03164556962025317,34.0,39.0,0.2,1.0253164556962024,0.1296337890625
2024-05-28_09_47_09_(13200)_sardine_input_(2).png,yes,yes,13.0,2.0,13.0,15.0,1.0,0.03164556962025317,30.0,27.0,0.15384615384615385,1.0213776722090262,0.089658203125
2024-05-28_09_47_21_(13201)_sardine_input_(0).png,yes,yes,13.0,3.0,13.0,15.0,1.0,0.031446540880503145,30.0,32.0,0.23076923076923078,1.0234192037470726,0.10544596354166667
2024-05-28_09_47_21_(13201)_sardine_input_(1).png,yes,yes,14.0,3.0,15.0,15.0,1.0,0.031446540880503145,34.0,32.0,0.21428571428571427,1.0235042735042734,0.106396484375
2024-05-28_09_47_21_(13201)_sardine_input_(2).png,yes,yes,13.0,3.0,14.0,15.0,1.0,0.031446540880503145,31.0,32.0,0.23076923076923078,1.0251716247139588,0.10771158854166667
2024-05-28_09_49_33_(13202)_sardine_input_(0).png,yes,yes,13.0,3.0,14.0,15.0,1.0,0.032327586206896554,33.0,26.0,0.23076923076923078,1.037914691943128,0.08150065104166666
2024-05-28_09_49_33_(13202)_sardine_input_(1).png,yes,yes,13.0,3.0,14.0,15.0,1.0,0.032327586206896554,32.0,34.0,0.23076923076923078,1.0306603773584906,0.10791666666666666
2024-05-28_09_49_33_(13202)_sardine_input_(2).png,yes,yes,14.0,4.0,15.0,15.0,1.0,0.032327586206896554,36.0,30.0,0.2857142857142857,1.0453563714902807,0.09539388020833334
2024-05-28_09_50_17_(13203)_sardine_input_(0).png,yes,yes,14.0,3.0,14.0,15.0,1.0,0.032188841201716736,33.0,38.0,0.21428571428571427,1.0311804008908685,0.1200732421875
2024-05-28_09_50_17_(13203)_sardine_input_(1).png,yes,yes,13.0,3.0,14.0,15.0,1.0,0.032188841201716736,33.0,31.0,0.23076923076923078,1.0346420323325636,0.10028157552083333
2024-05-28_09_50_17_(13203)_sardine_input_(2).png,yes,yes,14.0,3.0,15.0,15.0,1.0,0.032188841201716736,34.0,43.0,0.21428571428571427,1.0327510917030567,0.138017578125
2024-05-28_09_51_43_(13204)_sardine_input_(0).png,yes,yes,15.0,3.0,15.0,15.0,2.0,0.032327586206896554,34.0,37.0,0.2,1.0237068965517242,0.11720052083333334
2024-05-28_09_51_43_(13204)_sardine_input_(1).png,yes,yes,13.0,3.0,13.0,15.0,2.0,0.032327586206896554,32.0,24.0,0.23076923076923078,1.0270935960591132,0.07734212239583334
2024-05-28_09_51_43_(13204)_sardine_input_(2).png,yes,yes,14.0,2.0,14.0,15.0,2.0,0.032327586206896554,32.0,29.0,0.14285714285714285,1.0180995475113122,0.09250325520833333
2024-05-28_09_52_08_(13205)_sardine_input_(0).png,yes,yes,14.0,4.0,15.0,15.0,1.0,0.032467532467532464,34.0,37.0,0.2857142857142857,1.0350109409190371,0.1160009765625
2024-05-28_09_52_08_(13205)_sardine_input_(1).png,yes,yes,14.0,3.0,14.0,15.0,1.0,0.032467532467532464,32.0,35.0,0.21428571428571427,1.0254041570438799,0.11083333333333334
2024-05-28_09_52_08_(13205)_sardine_input_(2).png,yes,yes,13.0,3.0,13.0,15.0,1.0,0.032467532467532464,30.0,33.0,0.23076923076923078,1.027027027027027,0.10456217447916667
2024-05-28_09_52_45_(13206)_sardine_input_(0).png,yes,yes,13.0,3.0,14.0,15.0,2.0,0.031578947368421054,31.0,34.0,0.23076923076923078,1.0299539170506913,0.11190755208333333
2024-05-28_09_52_45_(13206)_sardine_input_(1).png,yes,yes,14.0,3.0,14.0,15.0,2.0,0.031578947368421054,33.0,32.0,0.21428571428571427,1.0198237885462555,0.10504069010416667
2024-05-28_09_52_45_(13206)_sardine_input_(2).png,yes,yes,14.0,3.0,14.0,15.0,2.0,0.031578947368421054,34.0,31.0,0.21428571428571427,1.0224719101123596,0.10120279947916666
2024-05-28_09_52_45_(13206)_sardine_input_(3).png,yes,yes,3.0,2.0,4.0,15.0,2.0,0.031578947368421054,10.0,6.0,0.6666666666666666,1.368421052631579,0.019734700520833332
2024-05-28_09_53_00_(13207)_sardine_input_(0).png,yes,yes,13.0,3.0,14.0,15.0,1.0,0.031578947368421054,31.0,35.0,0.23076923076923078,1.0299539170506913,0.11497721354166666
2024-05-28_09_53_00_(13207)_sardine_input_(1).png,yes,yes,14.0,4.0,15.0,15.0,1.0,0.031578947368421054,34.0,37.0,0.2857142857142857,1.0480349344978166,0.122529296875
2024-05-28_09_53_00_(13207)_sardine_input_(2).png,yes,yes,13.0,3.0,13.0,15.0,1.0,0.031578947368421054,31.0,33.0,0.23076923076923078,1.027906976744186,0.108310546875
2024-05-28_09_53_25_(13208)_sardine_input_(0).png,yes,yes,14.0,3.0,14.0,15.0,2.0,0.031315240083507306,33.0,35.0,0.21428571428571427,1.0301724137931034,0.11914388020833333
2024-05-28_09_53_25_(13208)_sardine_input_(1).png,yes,yes,13.0,3.0,13.0,15.0,2.0,0.031315240083507306,30.0,34.0,0.23076923076923078,1.0310262529832936,0.1147119140625
2024-05-28_09_53_25_(13208)_sardine_input_(2).png,yes,yes,14.0,3.0,15.0,15.0,2.0,0.031315240083507306,34.0,38.0,0.21428571428571427,1.025531914893617,0.12652018229166667
2024-05-28_09_53_49_(13209)_sardine_input_(0).png,yes,yes,13.0,3.0,14.0,15.0,2.0,0.031914893617021274,32.0,33.0,0.23076923076923078,1.0396270396270397,0.1079443359375
2024-05-28_09_53_49_(13209)_sardine_input_(1).png,yes,yes,14.0,3.0,14.0,15.0,2.0,0.031914893617021274,32.0,36.0,0.21428571428571427,1.0247747747747749,0.11605143229166667
2024-05-28_09_53_49_(13209)_sardine_input_(2).png,yes,yes,14.0,3.0,14.0,15.0,2.0,0.031914893617021274,33.0,35.0,0.21428571428571427,1.024175824175824,0.11246907552083334
2024-05-28_09_54_21_(13210)_sardine_input_(0).png,yes,yes,14.0,3.0,14.0,15.0,1.0,0.031446540880503145,33.0,41.0,0.21428571428571427,1.0352422907488987,0.1373388671875
2024-05-28_09_54_21_(13210)_sardine_input_(1).png,yes,yes,15.0,3.0,15.0,15.0,1.0,0.031446540880503145,34.0,43.0,0.2,1.033402922755741,0.14318359375
2024-05-28_09_54_21_(13210)_sardine_input_(2).png,yes,yes,12.0,2.0,13.0,15.0,1.0,0.031446540880503145,30.0,28.0,0.16666666666666666,1.0242130750605327,0.09334798177083334
2024-05-28_09_55_50_(13211)_sardine_input_(0).png,yes,yes,15.0,3.0,15.0,15.0,1.0,0.03205128205128205,36.0,40.0,0.2,1.0251046025104602,0.12980631510416665
2024-05-28_09_55_50_(13211)_sardine_input_(1).png,yes,yes,15.0,3.0,15.0,15.0,1.0,0.03205128205128205,36.0,35.0,0.2,1.025,0.1123291015625
2024-05-28_09_55_50_(13211)_sardine_input_(2).png,yes,yes,14.0,3.0,14.0,15.0,1.0,0.03205128205128205,34.0,26.0,0.21428571428571427,1.0251716247139588,0.08259928385416666
2024-05-28_09_56_05_(13212)_sardine_input_(0).png,yes,yes,12.0,3.0,13.0,15.0,1.0,0.031512605042016806,30.0,29.0,0.25,1.0439024390243903,0.09585774739583333
2024-05-28_09_56_05_(13212)_sardine_input_(1).png,yes,yes,14.0,4.0,14.0,15.0,1.0,0.031512605042016806,33.0,41.0,0.2857142857142857,1.0492170022371365,0.13731608072916668
2024-05-28_09_56_05_(13212)_sardine_input_(2).png,yes,yes,12.0,3.0,13.0,15.0,1.0,0.031512605042016806,29.0,34.0,0.25,1.0343137254901962,0.11263509114583334
2024-05-28_09_56_27_(13213)_sardine_input_(0).png,yes,yes,13.0,3.0,13.0,15.0,1.0,0.031446540880503145,31.0,29.0,0.23076923076923078,1.0352112676056338,0.09670247395833333
2024-05-28_09_56_27_(13213)_sardine_input_(1).png,yes,yes,15.0,4.0,15.0,15.0,1.0,0.031446540880503145,36.0,43.0,0.26666666666666666,1.0502092050209204,0.14281901041666667
2024-05-28_09_56_27_(13213)_sardine_input_(2).png,yes,yes,14.0,4.0,15.0,15.0,1.0,0.031446540880503145,33.0,36.0,0.2857142857142857,1.0385438972162742,0.12039225260416667
2024-05-28_09_57_19_(13214)_sardine_input_(0).png,yes,yes,14.0,3.0,14.0,15.0,2.0,0.031315240083507306,35.0,30.0,0.21428571428571427,1.031111111111111,0.10005696614583333
2024-05-28_09_57_19_(13214)_sardine_input_(1).png,yes,yes,15.0,3.0,15.0,15.0,2.0,0.031315240083507306,37.0,36.0,0.2,1.0271398747390397,0.12241536458333334
2024-05-28_09_57_19_(13214)_sardine_input_(2).png,yes,yes,13.0,3.0,13.0,15.0,2.0,0.031315240083507306,33.0,28.0,0.23076923076923078,1.0275862068965518,0.09394694010416667
2024-05-28_09_57_51_(13215)_sardine_input_(0).png,yes,yes,13.0,3.0,14.0,15.0,1.0,0.031446540880503145,33.0,30.0,0.23076923076923078,1.0317460317460319,0.10026204427083334
2024-05-28_09_57_51_(13215)_sardine_input_(1).png,yes,yes,12.0,3.0,12.0,15.0,1.0,0.031446540880503145,29.0,24.0,0.25,1.0333333333333334,0.08181966145833333
2024-05-28_09_57_51_(13215)_sardine_input_(2).png,yes,yes,12.0,3.0,12.0,15.0,1.0,0.031446540880503145,29.0,27.0,0.25,1.0279898218829517,0.09108235677083333
2024-06-04_10_34_27_(13446)_sardine_input_(0).png,yes,yes,15.0,5.0,16.0,15.0,1.0,0.03253796095444685,37.0,44.0,0.3333333333333333,1.0563674321503131,0.13602864583333332
2024-06-04_10_34_27_(13446)_sardine_input_(1).png,yes,yes,14.0,3.0,15.0,15.0,1.0,0.03253796095444685,35.0,33.0,0.21428571428571427,1.0335570469798658,0.10243815104166666
2024-06-04_10_34_27_(13446)_sardine_input_(2).png,yes,yes,13.0,3.0,14.0,15.0,1.0,0.03253796095444685,32.0,28.0,0.23076923076923078,1.0304449648711944,0.08753743489583334
2024-06-04_10_34_41_(13447)_sardine_input_(0).png,yes,yes,15.0,3.0,15.0,15.0,2.0,0.031446540880503145,35.0,45.0,0.2,1.033402922755741,0.15027018229166667
2024-06-04_10_34_41_(13447)_sardine_input_(1).png,yes,yes,14.0,3.0,15.0,15.0,2.0,0.031446540880503145,34.0,39.0,0.21428571428571427,1.029598308668076,0.13082356770833334
2024-06-04_10_34_41_(13447)_sardine_input_(2).png,yes,yes,13.0,3.0,14.0,15.0,2.0,0.031446540880503145,32.0,28.0,0.23076923076923078,1.0227272727272727,0.0951318359375
2024-06-04_10_34_54_(13448)_sardine_input_(0).png,yes,yes,12.0,3.0,12.0,15.0,2.0,0.0334075723830735,29.0,31.0,0.25,1.0375335120643432,0.09181966145833333
2024-06-04_10_34_54_(13448)_sardine_input_(1).png,yes,yes,15.0,4.0,16.0,15.0,2.0,0.0334075723830735,37.0,40.0,0.26666666666666666,1.0361702127659576,0.11727213541666667
2024-06-04_10_34_54_(13448)_sardine_input_(2).png,yes,yes,15.0,3.0,15.0,15.0,2.0,0.0334075723830735,34.0,34.0,0.2,1.0288248337028825,0.10158040364583333
2024-06-04_10_35_19_(13449)_sardine_input_(0).png,yes,yes,14.0,3.0,14.0,15.0,2.0,0.031446540880503145,32.0,36.0,0.21428571428571427,1.0288248337028825,0.12097493489583333
2024-06-04_10_35_19_(13449)_sardine_input_(1).png,yes,yes,14.0,3.0,14.0,15.0,2.0,0.031446540880503145,32.0,39.0,0.21428571428571427,1.0379464285714286,0.130615234375
2024-06-04_10_35_19_(13449)_sardine_input_(2).png,yes,yes,12.0,3.0,13.0,15.0,2.0,0.031446540880503145,29.0,34.0,0.25,1.0372208436724566,0.11325032552083333
2024-06-04_10_35_38_(13450)_sardine_input_(0).png,yes,yes,14.0,4.0,14.0,15.0,2.0,0.03138075313807531,33.0,46.0,0.2857142857142857,1.0402684563758389,0.15251302083333335
2024-06-04_10_35_38_(13450)_sardine_input_(1).png,yes,yes,13.0,3.0,13.0,15.0,2.0,0.03138075313807531,31.0,34.0,0.23076923076923078,1.027906976744186,0.11388346354166666
2024-06-04_10_35_38_(13450)_sardine_input_(2).png,yes,yes,15.0,3.0,15.0,15.0,2.0,0.03138075313807531,34.0,40.0,0.2,1.0250521920668059,0.13508138020833332
2024-06-04_10_35_53_(13451)_sardine_input_(0).png,yes,yes,15.0,5.0,15.0,15.0,2.0,0.031446540880503145,36.0,42.0,0.3333333333333333,1.0543933054393306,0.1397265625
2024-06-04_10_35_53_(13451)_sardine_input_(1).png,yes,yes,13.0,3.0,13.0,15.0,2.0,0.031446540880503145,33.0,30.0,0.23076923076923078,1.0253456221198156,0.09906087239583333
2024-06-04_10_35_53_(13451)_sardine_input_(2).png,yes,yes,15.0,3.0,15.0,15.0,2.0,0.031446540880503145,35.0,38.0,0.2,1.0271398747390397,0.12721028645833332
2024-06-04_10_36_13_(13452)_sardine_input_(0).png,yes,yes,13.0,3.0,13.0,15.0,1.0,0.031315240083507306,31.0,30.0,0.23076923076923078,1.0323325635103926,0.10208658854166666
2024-06-04_10_36_13_(13452)_sardine_input_(1).png,yes,yes,15.0,3.0,15.0,15.0,1.0,0.031315240083507306,34.0,39.0,0.2,1.0250521920668059,0.13033528645833334
2024-06-04_10_36_13_(13452)_sardine_input_(2).png,yes,yes,14.0,3.0,15.0,15.0,1.0,0.031315240083507306,34.0,34.0,0.21428571428571427,1.0232558139534884,0.11555501302083333
2024-07-16_11_00_48_(13739)_sardine_input_(0).png,yes,yes,15.0,4.0,15.0,15.0,3.0,0.03464203233256351,35.0,47.0,0.26666666666666666,1.0316027088036117,0.12803548177083332
2024-07-16_11_00_48_(13739)_sardine_input_(1).png,yes,yes,15.0,4.0,16.0,15.0,3.0,0.03464203233256351,36.0,48.0,0.26666666666666666,1.0444444444444445,0.13097819010416667
2024-07-16_11_00_48_(13739)_sardine_input_(2).png,yes,yes,12.0,3.0,12.0,15.0,3.0,0.03464203233256351,30.0,36.0,0.25,1.0420168067226891,0.1002783203125
2024-07-16_11_01_12_(13740)_sardine_input_(0).png,yes,yes,13.0,4.0,14.0,15.0,2.0,0.03289473684210526,31.0,35.0,0.3076923076923077,1.0563725490196079,0.1077392578125
2024-07-16_11_01_12_(13740)_sardine_input_(1).png,yes,yes,13.0,3.0,13.0,15.0,2.0,0.03289473684210526,29.0,29.0,0.23076923076923078,1.0277078085642317,0.09013346354166667
2024-07-16_11_01_12_(13740)_sardine_input_(2).png,yes,yes,15.0,3.0,16.0,15.0,2.0,0.03289473684210526,36.0,40.0,0.2,1.0292887029288702,0.1229638671875
2024-07-16_11_09_49_(13745)_sardine_input.jpeg,yes,no,,,,,,,,,,,
2024-07-30_09_56_55_(13905)_sardine_input.jpeg,yes,no,,,,,,,,,,,
2024-07-30_09_57_24_(13906)_sardine_input_(0).png,yes,yes,15.0,3.0,16.0,15.0,1.0,0.033783783783783786,37.0,34.0,0.2,1.027956989247312,0.097587890625
2024-07-30_09_57_24_(13906)_sardine_input_(1).png,yes,yes,15.0,3.0,15.0,15.0,1.0,0.033783783783783786,37.0,33.0,0.2,1.0224719101123596,0.09547688802083333
2024-07-30_09_57_24_(13906)_sardine_input_(2).png,yes,yes,15.0,3.0,15.0,15.0,1.0,0.033783783783783786,38.0,33.0,0.2,1.0224719101123596,0.09442057291666667
2024-07-30_09_57_45_(13907)_sardine_input_(0).png,yes,yes,14.0,4.0,15.0,15.0,2.0,0.031512605042016806,33.0,41.0,0.2857142857142857,1.0369565217391303,0.1373974609375
2024-07-30_09_57_45_(13907)_sardine_input_(1).png,yes,yes,14.0,3.0,14.0,15.0,2.0,0.031512605042016806,33.0,37.0,0.21428571428571427,1.028322440087146,0.12355631510416666
2024-07-30_09_57_45_(13907)_sardine_input_(2).png,yes,yes,14.0,3.0,14.0,15.0,2.0,0.031512605042016806,34.0,31.0,0.21428571428571427,1.024175824175824,0.10284016927083334
2024-07-30_09_58_06_(13908)_sardine_input_(0).png,yes,yes,14.0,3.0,15.0,15.0,1.0,0.031512605042016806,34.0,42.0,0.21428571428571427,1.0315789473684212,0.13877604166666666
2024-07-30_09_58_06_(13908)_sardine_input_(1).png,yes,yes,14.0,3.0,14.0,15.0,1.0,0.031512605042016806,32.0,40.0,0.21428571428571427,1.030701754385965,0.13193033854166666
2024-07-30_09_58_06_(13908)_sardine_input_(2).png,yes,yes,14.0,3.0,14.0,15.0,1.0,0.031512605042016806,34.0,32.0,0.21428571428571427,1.0269662921348315,0.10674967447916667
2024-07-30_09_58_24_(13909)_sardine_input_(0).png,yes,yes,15.0,3.0,15.0,15.0,2.0,0.031512605042016806,37.0,39.0,0.2,1.0292275574112735,0.12992350260416666
2024-07-30_09_58_24_(13909)_sardine_input_(1).png,yes,yes,14.0,3.0,14.0,15.0,2.0,0.031512605042016806,36.0,35.0,0.21428571428571427,1.0281385281385282,0.11679361979166666
2024-07-30_09_58_24_(13909)_sardine_input_(2).png,yes,yes,14.0,3.0,15.0,15.0,2.0,0.031512605042016806,34.0,40.0,0.21428571428571427,1.029535864978903,0.1323388671875
2024-07-30_09_58_47_(13910)_sardine_input_(0).png,yes,yes,14.0,3.0,15.0,15.0,2.0,0.03275109170305677,34.0,38.0,0.21428571428571427,1.0334821428571428,0.1159130859375
2024-07-30_09_58_47_(13910)_sardine_input_(1).png,yes,yes,14.0,3.0,14.0,15.0,2.0,0.03275109170305677,34.0,35.0,0.21428571428571427,1.0269662921348315,0.10857747395833334
2024-07-30_09_58_47_(13910)_sardine_input_(2).png,yes,yes,14.0,3.0,15.0,15.0,2.0,0.03275109170305677,36.0,34.0,0.21428571428571427,1.0220264317180616,0.10339680989583333
2024-07-30_09_59_08_(13911)_sardine_input_(0).png,yes,yes,15.0,3.0,15.0,15.0,1.0,0.032467532467532464,37.0,34.0,0.2,1.0255863539445629,0.10589192708333334
2024-07-30_09_59_08_(13911)_sardine_input_(1).png,yes,yes,14.0,3.0,14.0,15.0,1.0,0.032467532467532464,32.0,35.0,0.21428571428571427,1.0296803652968036,0.110869140625
2024-07-30_09_59_08_(13911)_sardine_input_(2).png,yes,yes,14.0,3.0,14.0,15.0,1.0,0.032467532467532464,33.0,41.0,0.21428571428571427,1.0289532293986636,0.12774088541666667
2024-07-30_10_07_06_(13912)_sardine_input_(0).png,yes,yes,15.0,4.0,15.0,15.0,2.0,0.031446540880503145,36.0,53.0,0.26666666666666666,1.0438413361169103,0.1774365234375
2024-07-30_10_07_06_(13912)_sardine_input_(1).png,yes,yes,15.0,3.0,15.0,15.0,2.0,0.031446540880503145,35.0,43.0,0.2,1.0271398747390397,0.1416748046875
2024-07-30_10_07_06_(13912)_sardine_input_(2).png,yes,yes,15.0,3.0,15.0,15.0,2.0,0.031446540880503145,34.0,44.0,0.2,1.0313152400835073,0.14758138020833333
2024-07-30_10_07_22_(13913)_sardine_input_(0).png,yes,yes,15.0,3.0,15.0,15.0,2.0,0.031982942430703626,36.0,44.0,0.2,1.0292275574112735,0.14048502604166666
2024-07-30_10_07_22_(13913)_sardine_input_(1).png,yes,yes,13.0,3.0,13.0,15.0,2.0,0.031982942430703626,30.0,29.0,0.23076923076923078,1.0317073170731708,0.0952197265625
2024-07-30_10_07_22_(13913)_sardine_input_(2).png,yes,yes,15.0,4.0,15.0,15.0,2.0,0.031982942430703626,36.0,39.0,0.26666666666666666,1.0356394129979036,0.12605143229166665
2024-07-30_10_07_37_(13914)_sardine_input_(0).png,yes,yes,13.0,3.0,14.0,15.0,1.0,0.033185840707964605,32.0,35.0,0.23076923076923078,1.0285714285714285,0.1056298828125
2024-07-30_10_07_37_(13914)_sardine_input_(1).png,yes,yes,14.0,3.0,14.0,15.0,1.0,0.033185840707964605,32.0,37.0,0.21428571428571427,1.0307328605200945,0.110654296875
2024-07-30_10_07_37_(13914)_sardine_input_(2).png,yes,yes,15.0,4.0,16.0,15.0,1.0,0.033185840707964605,37.0,53.0,0.26666666666666666,1.0354906054279749,0.15717936197916665
2024-07-30_10_07_53_(13915)_sardine_input_(0).png,yes,yes,14.0,3.0,14.0,15.0,2.0,0.03282275711159737,34.0,34.0,0.21428571428571427,1.0247747747747749,0.1037158203125
2024-07-30_10_07_53_(13915)_sardine_input_(1).png,yes,yes,14.0,3.0,15.0,15.0,2.0,0.03282275711159737,35.0,35.0,0.21428571428571427,1.0222222222222221,0.10832194010416667
2024-07-30_10_07_53_(13915)_sardine_input_(2).png,yes,yes,14.0,3.0,14.0,15.0,2.0,0.03282275711159737,33.0,36.0,0.21428571428571427,1.0316027088036117,0.10971028645833333
2024-07-30_10_08_09_(13916)_sardine_input_(0).png,yes,yes,15.0,3.0,15.0,15.0,1.0,0.03138075313807531,35.0,38.0,0.2,1.0251046025104602,0.1286962890625
2024-07-30_10_08_09_(13916)_sardine_input_(1).png,yes,yes,13.0,3.0,13.0,15.0,1.0,0.03138075313807531,31.0,34.0,0.23076923076923078,1.0328638497652582,0.114375
2024-07-30_10_08_09_(13916)_sardine_input_(2).png,yes,yes,15.0,3.0,15.0,15.0,1.0,0.03138075313807531,34.0,45.0,0.2,1.033402922755741,0.15077311197916668
2024-07-30_10_08_26_(13917)_sardine_input_(0).png,yes,yes,8.0,2.0,8.0,15.0,2.0,0.03138075313807531,19.0,14.0,0.25,1.0407407407407407,0.047687174479166664
2024-07-30_10_08_26_(13917)_sardine_input_(1).png,yes,yes,15.0,4.0,15.0,15.0,2.0,0.03138075313807531,35.0,50.0,0.26666666666666666,1.0376569037656904,0.16680501302083334
2024-07-30_10_08_26_(13917)_sardine_input_(2).png,yes,yes,14.0,3.0,14.0,15.0,2.0,0.03138075313807531,32.0,35.0,0.21428571428571427,1.02863436123348,0.11851725260416666
2024-07-30_10_08_26_(13917)_sardine_input_(3).png,yes,yes,14.0,4.0,15.0,15.0,2.0,0.03138075313807531,35.0,51.0,0.2857142857142857,1.044776119402985,0.16915690104166667
2024-07-30_10_08_43_(13918)_sardine_input_(0).png,yes,yes,14.0,4.0,15.0,15.0,1.0,0.031315240083507306,34.0,46.0,0.2857142857142857,1.0378947368421052,0.1534326171875
2024-07-30_10_08_43_(13918)_sardine_input_(1).png,yes,yes,14.0,4.0,15.0,15.0,1.0,0.031315240083507306,33.0,33.0,0.2857142857142857,1.0367170626349893,0.10984049479166667
2024-07-30_10_08_43_(13918)_sardine_input_(2).png,yes,yes,12.0,3.0,13.0,15.0,1.0,0.031315240083507306,30.0,26.0,0.25,1.0268948655256724,0.08778157552083334
2024-08-13_11_38_40_(14142)_sardine_input_(0).png,yes,yes,14.0,3.0,14.0,15.0,1.0,0.031982942430703626,33.0,40.0,0.21428571428571427,1.031111111111111,0.12858723958333335
2024-08-13_11_38_40_(14142)_sardine_input_(1).png,yes,yes,13.0,3.0,13.0,15.0,1.0,0.031982942430703626,31.0,37.0,0.23076923076923078,1.0332541567695963,0.1178515625
2024-08-13_11_38_40_(14142)_sardine_input_(2).png,yes,yes,15.0,4.0,15.0,15.0,1.0,0.031982942430703626,36.0,52.0,0.26666666666666666,1.0375782881002087,0.1680126953125
2024-08-13_11_39_12_(14143)_sardine_input_(0).png,yes,yes,15.0,4.0,15.0,15.0,2.0,0.03253796095444685,35.0,49.0,0.26666666666666666,1.041036717062635,0.15236328125
2024-08-13_11_39_12_(14143)_sardine_input_(1).png,yes,yes,15.0,4.0,16.0,15.0,2.0,0.03253796095444685,36.0,47.0,0.26666666666666666,1.0333333333333334,0.14668294270833335
2024-08-13_11_39_12_(14143)_sardine_input_(2).png,yes,yes,14.0,3.0,14.0,15.0,2.0,0.03253796095444685,33.0,32.0,0.21428571428571427,1.0227272727272727,0.100751953125
2024-08-13_11_39_32_(14144)_sardine_input_(0).png,yes,yes,14.0,4.0,14.0,15.0,2.0,0.03138075313807531,33.0,33.0,0.2857142857142857,1.0469798657718121,0.11021158854166667
2024-08-13_11_39_32_(14144)_sardine_input_(1).png,yes,yes,15.0,4.0,15.0,15.0,2.0,0.03138075313807531,35.0,44.0,0.26666666666666666,1.033402922755741,0.1480126953125
2024-08-13_11_39_32_(14144)_sardine_input_(2).png,yes,yes,15.0,3.0,15.0,15.0,2.0,0.03138075313807531,36.0,45.0,0.2,1.033402922755741,0.15056803385416667
2024-08-13_11_39_45_(14145)_sardine_input_(0).png,yes,yes,14.0,3.0,14.0,15.0,1.0,0.03138075313807531,33.0,36.0,0.21428571428571427,1.0326086956521738,0.1204736328125
2024-08-13_11_39_45_(14145)_sardine_input_(1).png,yes,yes,14.0,3.0,15.0,15.0,1.0,0.03138075313807531,33.0,37.0,0.21428571428571427,1.025695931477516,0.12247884114583334
2024-08-13_11_39_45_(14145)_sardine_input_(2).png,yes,yes,15.0,4.0,15.0,15.0,1.0,0.03138075313807531,35.0,47.0,0.26666666666666666,1.0396659707724425,0.15820149739583333
2024-08-13_11_39_58_(14146)_sardine_input_(0).png,yes,yes,15.0,4.0,15.0,15.0,2.0,0.03138075313807531,35.0,39.0,0.26666666666666666,1.0417536534446765,0.130234375
2024-08-13_11_39_58_(14146)_sardine_input_(1).png,yes,yes,13.0,3.0,14.0,15.0,2.0,0.03138075313807531,33.0,31.0,0.23076923076923078,1.0292134831460673,0.10388346354166667
2024-08-13_11_39_58_(14146)_sardine_input_(2).png,yes,yes,15.0,4.0,15.0,15.0,2.0,0.03138075313807531,36.0,44.0,0.26666666666666666,1.0376569037656904,0.14863606770833335
2024-10-22_09_35_26_(14397)_sardine_input_(0).png,yes,yes,15.0,4.0,15.0,15.0,3.0,0.032119914346895075,35.0,49.0,0.26666666666666666,1.0340425531914894,0.1571142578125
2024-10-22_09_35_26_(14397)_sardine_input_(1).png,yes,yes,15.0,3.0,15.0,15.0,3.0,0.032119914346895075,36.0,43.0,0.2,1.0313152400835073,0.13727701822916666
2024-10-22_09_35_26_(14397)_sardine_input_(2).png,yes,yes,15.0,3.0,15.0,15.0,3.0,0.032119914346895075,36.0,41.0,0.2,1.0250521920668059,0.12953287760416668
2024-10-22_09_35_50_(14398)_sardine_input_(0).png,yes,yes,15.0,3.0,15.0,15.0,1.0,0.032679738562091505,34.0,41.0,0.2,1.0281385281385282,0.1277685546875
2024-10-22_09_35_50_(14398)_sardine_input_(1).png,yes,yes,15.0,3.0,16.0,15.0,1.0,0.032679738562091505,36.0,39.0,0.2,1.0250521920668059,0.11909342447916667
2024-10-22_09_35_50_(14398)_sardine_input_(2).png,yes,yes,15.0,4.0,16.0,15.0,1.0,0.032679738562091505,35.0,44.0,0.26666666666666666,1.0314465408805031,0.13649251302083334
2024-10-22_09_36_06_(14399)_sardine_input_(0).png,yes,yes,14.0,4.0,15.0,15.0,1.0,0.031315240083507306,35.0,45.0,0.2857142857142857,1.0355648535564854,0.15230305989583334
2024-10-22_09_36_06_(14399)_sardine_input_(1).png,yes,yes,14.0,3.0,14.0,15.0,1.0,0.031315240083507306,33.0,35.0,0.21428571428571427,1.0311804008908685,0.11711751302083333
2024-10-22_09_36_06_(14399)_sardine_input_(2).png,yes,yes,14.0,4.0,15.0,15.0,1.0,0.031315240083507306,34.0,36.0,0.2857142857142857,1.0382978723404255,0.11953287760416667
2024-10-22_09_36_24_(14400)_sardine_input_(0).png,yes,yes,15.0,4.0,15.0,15.0,1.0,0.03138075313807531,35.0,50.0,0.26666666666666666,1.0501043841336117,0.16682779947916668
2024-10-22_09_36_24_(14400)_sardine_input_(1).png,yes,yes,15.0,3.0,15.0,15.0,1.0,0.03138075313807531,35.0,43.0,0.2,1.0334728033472804,0.14341959635416668
2024-10-22_09_36_24_(14400)_sardine_input_(2).png,yes,yes,15.0,3.0,15.0,15.0,1.0,0.03138075313807531,35.0,44.0,0.2,1.0334728033472804,0.14693033854166668
2024-10-22_09_36_42_(14401)_sardine_input_(0).png,yes,yes,15.0,4.0,15.0,15.0,1.0,0.031446540880503145,35.0,49.0,0.26666666666666666,1.0376569037656904,0.16428873697916666
2024-10-22_09_36_42_(14401)_sardine_input_(1).png,yes,yes,14.0,3.0,15.0,15.0,1.0,0.031446540880503145,34.0,46.0,0.21428571428571427,1.0337552742616034,0.1530908203125
2024-10-22_09_36_42_(14401)_sardine_input_(2).png,yes,yes,15.0,4.0,15.0,15.0,1.0,0.031446540880503145,35.0,48.0,0.26666666666666666,1.0354906054279749,0.15806803385416668
2024-10-22_10_32_44_(14417)_sardine_input_(0).png,yes,yes,15.0,3.0,15.0,15.0,2.0,0.03177966101694915,36.0,48.0,0.2,1.0313807531380754,0.1564306640625
2024-10-22_10_32_44_(14417)_sardine_input_(1).png,yes,yes,15.0,4.0,15.0,15.0,2.0,0.03177966101694915,35.0,48.0,0.26666666666666666,1.033402922755741,0.1556103515625
2024-10-22_10_32_44_(14417)_sardine_input_(2).png,yes,yes,15.0,4.0,15.0,15.0,2.0,0.03177966101694915,37.0,56.0,0.26666666666666666,1.0417536534446765,0.18103841145833333
2024-10-22_10_33_13_(14418)_sardine_input_(0).png,yes,yes,15.0,4.0,15.0,15.0,2.0,0.03138075313807531,36.0,47.0,0.26666666666666666,1.0355648535564854,0.15666341145833335
2024-10-22_10_33_13_(14418)_sardine_input_(1).png,yes,yes,15.0,4.0,15.0,15.0,2.0,0.03138075313807531,35.0,42.0,0.26666666666666666,1.0439330543933054,0.13964680989583333
2024-10-22_10_33_13_(14418)_sardine_input_(2).png,yes,yes,15.0,4.0,15.0,15.0,2.0,0.03138075313807531,36.0,51.0,0.26666666666666666,1.0376569037656904,0.17142740885416666
2024-10-22_10_33_13_(14418)_sardine_input_(3).png,yes,yes,13.0,1.0,13.0,15.0,2.0,0.03138075313807531,27.0,12.0,0.07692307692307693,1.0023923444976077,0.0411279296875
2024-10-22_10_33_13_(14418)_sardine_input_(4).png,yes,yes,15.0,4.0,15.0,15.0,2.0,0.03138075313807531,43.0,41.0,0.26666666666666666,1.0417536534446765,0.13675455729166666
2024-10-22_10_33_33_(14419)_sardine_input_(0).png,yes,yes,15.0,4.0,15.0,15.0,2.0,0.03138075313807531,35.0,46.0,0.26666666666666666,1.0376569037656904,0.15345703125
2024-10-22_10_33_33_(14419)_sardine_input_(1).png,yes,yes,15.0,4.0,15.0,15.0,2.0,0.03138075313807531,36.0,46.0,0.26666666666666666,1.048016701461378,0.1532177734375
2024-10-22_10_33_33_(14419)_sardine_input_(2).png,yes,yes,15.0,4.0,15.0,15.0,2.0,0.03138075313807531,38.0,48.0,0.26666666666666666,1.0376569037656904,0.16145833333333334
2024-10-22_10_33_58_(14420)_sardine_input_(0).png,yes,yes,15.0,4.0,15.0,15.0,2.0,0.03138075313807531,36.0,56.0,0.26666666666666666,1.0481171548117154,0.18658203125
2024-10-22_10_33_58_(14420)_sardine_input_(1).png,yes,yes,14.0,4.0,15.0,15.0,2.0,0.03138075313807531,35.0,43.0,0.2857142857142857,1.0420168067226891,0.1424169921875
2024-10-22_10_33_58_(14420)_sardine_input_(2).png,yes,yes,14.0,4.0,15.0,15.0,2.0,0.03138075313807531,35.0,45.0,0.2857142857142857,1.048832271762208,0.15201822916666666
2024-10-22_10_34_14_(14421)_sardine_input_(0).png,yes,yes,15.0,4.0,15.0,15.0,2.0,0.03138075313807531,36.0,58.0,0.26666666666666666,1.0459290187891441,0.19377278645833335
2024-10-22_10_34_14_(14421)_sardine_input_(1).png,yes,yes,15.0,4.0,15.0,15.0,2.0,0.03138075313807531,36.0,54.0,0.26666666666666666,1.0376569037656904,0.17915852864583334
2024-10-22_10_34_14_(14421)_sardine_input_(2).png,yes,yes,15.0,4.0,15.0,15.0,2.0,0.03138075313807531,36.0,57.0,0.26666666666666666,1.0459290187891441,0.190908203125
2024-10-22_10_34_47_(14422)_sardine_input_(0).png,yes,yes,15.0,4.0,15.0,15.0,2.0,0.03138075313807531,36.0,55.0,0.26666666666666666,1.0417536534446765,0.18385579427083334
2024-10-22_10_34_47_(14422)_sardine_input_(1).png,yes,yes,15.0,4.0,15.0,15.0,2.0,0.03138075313807531,35.0,52.0,0.26666666666666666,1.0396659707724425,0.1739208984375
2024-10-22_10_34_47_(14422)_sardine_input_(2).png,yes,yes,15.0,4.0,15.0,15.0,2.0,0.03138075313807531,36.0,52.0,0.26666666666666666,1.0354906054279749,0.17219075520833332
2024-10-22_10_52_29_(14423)_sardine_input_(0).png,yes,yes,14.0,3.0,14.0,15.0,2.0,0.03177966101694915,34.0,37.0,0.21428571428571427,1.0284463894967177,0.12112467447916667
2024-10-22_10_52_29_(14423)_sardine_input_(1).png,yes,yes,14.0,3.0,14.0,15.0,2.0,0.03177966101694915,33.0,34.0,0.21428571428571427,1.0267857142857142,0.11223795572916667
2024-10-22_10_52_29_(14423)_sardine_input_(2).png,yes,yes,15.0,4.0,15.0,15.0,2.0,0.03177966101694915,35.0,46.0,0.26666666666666666,1.0356394129979036,0.15028645833333334
2024-10-22_10_52_46_(14424)_sardine_input_(0).png,yes,yes,14.0,3.0,14.0,15.0,2.0,0.031315240083507306,32.0,37.0,0.21428571428571427,1.0310421286031042,0.12494954427083334
2024-10-22_10_52_46_(14424)_sardine_input_(1).png,yes,yes,14.0,3.0,15.0,15.0,2.0,0.031315240083507306,33.0,43.0,0.21428571428571427,1.0301075268817204,0.14438151041666666
2024-10-22_10_52_46_(14424)_sardine_input_(2).png,yes,yes,14.0,3.0,15.0,15.0,2.0,0.031315240083507306,33.0,40.0,0.21428571428571427,1.032119914346895,0.1331640625
2024-10-22_10_53_03_(14425)_sardine_input_(0).png,yes,yes,15.0,3.0,15.0,15.0,2.0,0.031446540880503145,35.0,41.0,0.2,1.0271398747390397,0.13787923177083333
2024-10-22_10_53_03_(14425)_sardine_input_(1).png,yes,yes,14.0,3.0,15.0,15.0,2.0,0.031446540880503145,34.0,41.0,0.21428571428571427,1.0274261603375527,0.13568359375
2024-10-22_10_53_03_(14425)_sardine_input_(2).png,yes,yes,15.0,3.0,15.0,15.0,2.0,0.031446540880503145,35.0,47.0,0.2,1.033402922755741,0.15528645833333332
2024-10-22_10_53_18_(14426)_sardine_input_(0).png,yes,yes,15.0,4.0,15.0,15.0,2.0,0.03138075313807531,35.0,48.0,0.26666666666666666,1.0375782881002087,0.1605224609375
2024-10-22_10_53_18_(14426)_sardine_input_(1).png,yes,yes,15.0,4.0,15.0,15.0,2.0,0.03138075313807531,34.0,40.0,0.26666666666666666,1.033402922755741,0.13484700520833334
2024-10-22_10_53_18_(14426)_sardine_input_(2).png,yes,yes,13.0,3.0,14.0,15.0,2.0,0.03138075313807531,32.0,36.0,0.23076923076923078,1.0269662921348315,0.12108072916666666
2024-10-22_10_53_36_(14427)_sardine_input_(0).png,yes,yes,15.0,3.0,15.0,15.0,2.0,0.031446540880503145,35.0,49.0,0.2,1.0334728033472804,0.16201171875
2024-10-22_10_53_36_(14427)_sardine_input_(1).png,yes,yes,15.0,4.0,15.0,15.0,2.0,0.031446540880503145,36.0,55.0,0.26666666666666666,1.0418410041841004,0.1832763671875
2024-10-22_10_53_36_(14427)_sardine_input_(2).png,yes,yes,14.0,3.0,15.0,15.0,2.0,0.031446540880503145,34.0,38.0,0.21428571428571427,1.0278372591006424,0.12628580729166666
2024-10-22_10_53_53_(14428)_sardine_input_(0).png,yes,yes,15.0,3.0,15.0,15.0,1.0,0.031446540880503145,37.0,40.0,0.2,1.0271398747390397,0.1336669921875
2024-10-22_10_53_53_(14428)_sardine_input_(1).png,yes,yes,14.0,4.0,15.0,15.0,1.0,0.031446540880503145,34.0,41.0,0.2857142857142857,1.0502183406113537,0.13521484375
2024-10-22_10_53_53_(14428)_sardine_input_(2).png,yes,yes,15.0,3.0,15.0,15.0,1.0,0.031446540880503145,35.0,45.0,0.2,1.0334728033472804,0.149267578125
2024-10-22_10_54_09_(14429)_sardine_input_(0).png,yes,yes,15.0,3.0,15.0,15.0,1.0,0.031446540880503145,35.0,39.0,0.2,1.0292275574112735,0.12860514322916666
2024-10-22_10_54_09_(14429)_sardine_input_(1).png,yes,yes,14.0,3.0,15.0,15.0,1.0,0.031446540880503145,34.0,43.0,0.21428571428571427,1.0315789473684212,0.14472005208333333
2024-10-22_10_54_09_(14429)_sardine_input_(2).png,yes,yes,14.0,3.0,14.0,15.0,1.0,0.031446540880503145,32.0,36.0,0.21428571428571427,1.028888888888889,0.11991048177083333
2024-10-22_10_54_25_(14430)_sardine_input_(0).png,yes,yes,15.0,4.0,15.0,15.0,2.0,0.031315240083507306,35.0,42.0,0.26666666666666666,1.0396659707724425,0.13970052083333334
2024-10-22_10_54_25_(14430)_sardine_input_(1).png,yes,yes,15.0,4.0,15.0,15.0,2.0,0.031315240083507306,35.0,51.0,0.26666666666666666,1.0396659707724425,0.17155436197916665
2024-10-22_10_54_25_(14430)_sardine_input_(2).png,yes,yes,13.0,4.0,14.0,15.0,2.0,0.031315240083507306,32.0,37.0,0.3076923076923077,1.0439814814814814,0.12340983072916667
2024-10-22_10_54_41_(14431)_sardine_input_(0).png,yes,yes,14.0,3.0,14.0,15.0,1.0,0.03138075313807531,33.0,35.0,0.21428571428571427,1.0264900662251655,0.1166845703125
2024-10-22_10_54_41_(14431)_sardine_input_(1).png,yes,yes,15.0,3.0,15.0,15.0,1.0,0.03138075313807531,36.0,40.0,0.2,1.0271398747390397,0.13418294270833334
2024-10-22_10_54_41_(14431)_sardine_input_(2).png,yes,yes,15.0,3.0,15.0,15.0,1.0,0.03138075313807531,35.0,45.0,0.2,1.0313152400835073,0.1499951171875
2024-10-22_10_54_57_(14432)_sardine_input_(0).png,yes,yes,15.0,4.0,15.0,15.0,2.0,0.03138075313807531,36.0,52.0,0.26666666666666666,1.0397489539748954,0.173603515625
2024-10-22_10_54_57_(14432)_sardine_input_(1).png,yes,yes,15.0,3.0,15.0,15.0,2.0,0.03138075313807531,35.0,47.0,0.2,1.0313152400835073,0.1571044921875
2024-10-22_10_54_57_(14432)_sardine_input_(2).png,yes,yes,15.0,3.0,15.0,15.0,2.0,0.03138075313807531,35.0,44.0,0.2,1.0292275574112735,0.14857421875
2024-10-22_10_55_15_(14433)_sardine_input_(0).png,yes,yes,14.0,3.0,15.0,15.0,3.0,0.031578947368421054,34.0,35.0,0.21428571428571427,1.0236559139784946,0.11558268229166667
2024-10-22_10_55_15_(14433)_sardine_input_(1).png,yes,yes,14.0,4.0,15.0,15.0,3.0,0.031578947368421054,34.0,45.0,0.2857142857142857,1.0424628450106157,0.14973470052083335
2024-10-22_10_55_15_(14433)_sardine_input_(2).png,yes,yes,14.0,3.0,15.0,15.0,3.0,0.031578947368421054,34.0,37.0,0.21428571428571427,1.023454157782516,0.12092122395833334
2024-10-24_10_42_34_(14447)_sardine_input_(0).png,yes,yes,15.0,3.0,15.0,15.0,2.0,0.031446540880503145,34.0,43.0,0.2,1.0313152400835073,0.1442138671875
2024-10-24_10_42_34_(14447)_sardine_input_(1).png,yes,yes,14.0,4.0,15.0,15.0,2.0,0.031446540880503145,34.0,46.0,0.2857142857142857,1.0383795309168444,0.15203776041666667
2024-10-24_10_42_34_(14447)_sardine_input_(2).png,yes,yes,15.0,4.0,15.0,15.0,2.0,0.031446540880503145,36.0,56.0,0.26666666666666666,1.0438413361169103,0.18535319010416668
2024-10-24_10_42_50_(14448)_sardine_input_(0).png,yes,yes,14.0,3.0,15.0,15.0,1.0,0.031446540880503145,35.0,40.0,0.21428571428571427,1.0294117647058822,0.13287760416666666
2024-10-24_10_42_50_(14448)_sardine_input_(1).png,yes,yes,15.0,6.0,16.0,15.0,1.0,0.031446540880503145,38.0,44.0,0.4,1.0774058577405858,0.1469775390625
2024-10-24_10_42_50_(14448)_sardine_input_(2).png,yes,yes,15.0,3.0,15.0,15.0,1.0,0.031446540880503145,35.0,43.0,0.2,1.0313152400835073,0.14378255208333332
2024-10-24_10_43_07_(14449)_sardine_input_(0).png,yes,yes,15.0,4.0,15.0,15.0,1.0,0.03138075313807531,35.0,47.0,0.26666666666666666,1.0355648535564854,0.15689453125
2024-10-24_10_43_07_(14449)_sardine_input_(1).png,yes,yes,14.0,3.0,15.0,15.0,1.0,0.03138075313807531,34.0,38.0,0.21428571428571427,1.0278969957081545,0.1264794921875
2024-10-24_10_43_07_(14449)_sardine_input_(2).png,yes,yes,15.0,3.0,15.0,15.0,1.0,0.03138075313807531,35.0,41.0,0.2,1.0313152400835073,0.13723795572916667
2024-10-24_10_43_25_(14450)_sardine_input_(0).png,yes,yes,15.0,3.0,15.0,15.0,1.0,0.03164556962025317,34.0,44.0,0.2,1.0292275574112735,0.1456396484375
2024-10-24_10_43_25_(14450)_sardine_input_(1).png,yes,yes,14.0,4.0,15.0,15.0,1.0,0.03164556962025317,34.0,46.0,0.2857142857142857,1.040339702760085,0.15071126302083335
2024-10-24_10_43_25_(14450)_sardine_input_(2).png,yes,yes,13.0,3.0,13.0,15.0,1.0,0.03164556962025317,31.0,36.0,0.23076923076923078,1.028169014084507,0.1170458984375
2024-10-24_10_43_43_(14451)_sardine_input_(0).png,yes,yes,15.0,3.0,15.0,15.0,1.0,0.031315240083507306,35.0,48.0,0.2,1.033402922755741,0.1618896484375
2024-10-24_10_43_43_(14451)_sardine_input_(1).png,yes,yes,14.0,3.0,15.0,15.0,1.0,0.031315240083507306,33.0,43.0,0.21428571428571427,1.0343347639484979,0.1432421875
2024-10-24_10_43_43_(14451)_sardine_input_(2).png,yes,yes,14.0,3.0,15.0,15.0,1.0,0.031315240083507306,34.0,43.0,0.21428571428571427,1.0314465408805031,0.14320638020833334
2024-10-24_10_43_57_(14452)_sardine_input_(0).png,yes,yes,15.0,4.0,15.0,15.0,2.0,0.03138075313807531,35.0,42.0,0.26666666666666666,1.0438413361169103,0.142021484375
2024-10-24_10_43_57_(14452)_sardine_input_(1).png,yes,yes,14.0,3.0,14.0,15.0,2.0,0.03138075313807531,33.0,43.0,0.21428571428571427,1.037280701754386,0.14409016927083335
2024-10-24_10_43_57_(14452)_sardine_input_(2).png,yes,yes,15.0,4.0,15.0,15.0,2.0,0.03138075313807531,37.0,48.0,0.26666666666666666,1.0355648535564854,0.16019856770833332
2024-10-24_10_44_36_(14453)_sardine_input_(0).png,yes,yes,14.0,4.0,15.0,15.0,2.0,0.031446540880503145,34.0,47.0,0.2857142857142857,1.0363247863247864,0.15654947916666667
2024-10-24_10_44_36_(14453)_sardine_input_(1).png,yes,yes,15.0,4.0,15.0,15.0,2.0,0.031446540880503145,36.0,51.0,0.26666666666666666,1.0376569037656904,0.16955240885416667
2024-10-24_10_44_36_(14453)_sardine_input_(2).png,yes,yes,15.0,4.0,15.0,15.0,2.0,0.031446540880503145,35.0,50.0,0.26666666666666666,1.0354166666666667,0.1655322265625
2024-10-24_10_44_54_(14454)_sardine_input_(0).png,yes,yes,15.0,3.0,15.0,15.0,1.0,0.03138075313807531,35.0,44.0,0.2,1.0313152400835073,0.14873697916666667
2024-10-24_10_44_54_(14454)_sardine_input_(1).png,yes,yes,15.0,4.0,15.0,15.0,1.0,0.03138075313807531,37.0,46.0,0.26666666666666666,1.0355648535564854,0.15467122395833333
2024-10-24_10_44_54_(14454)_sardine_input_(2).png,yes,yes,15.0,4.0,15.0,15.0,1.0,0.03138075313807531,36.0,45.0,0.26666666666666666,1.0354906054279749,0.15131510416666666
2024-10-24_10_45_12_(14455)_sardine_input_(0).png,yes,yes,15.0,4.0,15.0,15.0,1.0,0.03138075313807531,35.0,46.0,0.26666666666666666,1.0438413361169103,0.1547119140625
2024-10-24_10_45_12_(14455)_sardine_input_(1).png,yes,yes,15.0,3.0,15.0,15.0,1.0,0.03138075313807531,33.0,40.0,0.2,1.0271966527196652,0.13517578125
2024-10-24_10_45_12_(14455)_sardine_input_(2).png,yes,yes,15.0,4.0,15.0,15.0,1.0,0.03138075313807531,36.0,53.0,0.26666666666666666,1.0439330543933054,0.17662760416666667
2024-10-24_10_45_31_(14456)_sardine_input_(0).png,yes,yes,15.0,4.0,15.0,15.0,1.0,0.03138075313807531,35.0,48.0,0.26666666666666666,1.0375,0.15876139322916666
2024-10-24_10_45_31_(14456)_sardine_input_(1).png,yes,yes,14.0,4.0,15.0,15.0,1.0,0.03138075313807531,34.0,45.0,0.2857142857142857,1.0362473347547974,0.15040852864583334
2024-10-24_10_45_31_(14456)_sardine_input_(2).png,yes,yes,15.0,4.0,15.0,15.0,1.0,0.03138075313807531,36.0,51.0,0.26666666666666666,1.0375782881002087,0.16960774739583334
2024-10-24_10_45_51_(14457)_sardine_input_(0).png,yes,yes,15.0,3.0,15.0,15.0,1.0,0.03138075313807531,34.0,45.0,0.2,1.0313807531380754,0.14900227864583335
2024-10-24_10_45_51_(14457)_sardine_input_(1).png,yes,yes,15.0,4.0,15.0,15.0,1.0,0.03138075313807531,36.0,48.0,0.26666666666666666,1.0375782881002087,0.15946451822916666
2024-10-24_10_45_51_(14457)_sardine_input_(2).png,yes,yes,15.0,5.0,16.0,15.0,1.0,0.03138075313807531,38.0,54.0,0.3333333333333333,1.0753138075313808,0.1791845703125
2024-10-24_10_46_09_(14458)_sardine_input_(0).png,yes,yes,12.0,4.0,13.0,15.0,1.0,0.03138075313807531,31.0,40.0,0.3333333333333333,1.0608272506082725,0.13245279947916666
2024-10-24_10_46_09_(14458)_sardine_input_(1).png,yes,yes,15.0,4.0,15.0,15.0,1.0,0.03138075313807531,36.0,45.0,0.26666666666666666,1.0376569037656904,0.15205403645833335
2024-10-24_10_46_09_(14458)_sardine_input_(2).png,yes,yes,15.0,5.0,15.0,15.0,1.0,0.03138075313807531,37.0,42.0,0.3333333333333333,1.0627615062761506,0.139072265625
2024-10-24_10_46_29_(14459)_sardine_input_(0).png,yes,yes,15.0,4.0,15.0,15.0,1.0,0.031446540880503145,35.0,45.0,0.26666666666666666,1.0376569037656904,0.1500048828125
2024-10-24_10_46_29_(14459)_sardine_input_(1).png,yes,yes,14.0,4.0,15.0,15.0,1.0,0.031446540880503145,33.0,42.0,0.2857142857142857,1.0367965367965368,0.14148111979166667
2024-10-24_10_46_29_(14459)_sardine_input_(2).png,yes,yes,15.0,3.0,15.0,15.0,1.0,0.031446540880503145,35.0,46.0,0.2,1.033402922755741,0.15245930989583334
2024-10-24_10_46_29_(14459)_sardine_input_(3).png,yes,yes,15.0,3.0,15.0,15.0,1.0,0.031446540880503145,38.0,32.0,0.2,1.0271398747390397,0.10795735677083333
2024-10-24_10_46_46_(14460)_sardine_input_(0).png,yes,yes,15.0,3.0,15.0,15.0,1.0,0.031446540880503145,36.0,42.0,0.2,1.0271398747390397,0.14003255208333334
2024-10-24_10_46_46_(14460)_sardine_input_(1).png,yes,yes,15.0,3.0,15.0,15.0,1.0,0.031446540880503145,35.0,41.0,0.2,1.0292275574112735,0.13719401041666668
2024-10-24_10_46_46_(14460)_sardine_input_(2).png,yes,yes,15.0,3.0,15.0,15.0,1.0,0.031446540880503145,37.0,44.0,0.2,1.0314465408805031,0.14689453125
2024-10-24_10_47_05_(14461)_sardine_input_(0).png,yes,yes,14.0,4.0,14.0,15.0,1.0,0.031446540880503145,33.0,38.0,0.2857142857142857,1.0508849557522124,0.1279443359375
2024-10-24_10_47_05_(14461)_sardine_input_(1).png,yes,yes,15.0,3.0,15.0,15.0,1.0,0.031446540880503145,34.0,40.0,0.2,1.0292275574112735,0.13473795572916666
2024-10-24_10_47_05_(14461)_sardine_input_(2).png,yes,yes,14.0,3.0,14.0,15.0,1.0,0.031446540880503145,33.0,40.0,0.21428571428571427,1.0348583877995643,0.13380208333333332
2024-10-24_10_47_31_(14462)_sardine_input_(0).png,yes,yes,15.0,4.0,15.0,15.0,2.0,0.03138075313807531,35.0,48.0,0.26666666666666666,1.0375782881002087,0.16085123697916667
2024-10-24_10_47_31_(14462)_sardine_input_(1).png,yes,yes,15.0,4.0,15.0,15.0,2.0,0.03138075313807531,36.0,51.0,0.26666666666666666,1.0375782881002087,0.17069661458333332
2024-10-24_10_47_31_(14462)_sardine_input_(2).png,yes,yes,15.0,4.0,15.0,15.0,2.0,0.03138075313807531,36.0,50.0,0.26666666666666666,1.0521920668058455,0.1664111328125
2024-10-29_09_42_07_(14478)_sardine_input_(0).png,yes,yes,14.0,4.0,15.0,15.0,2.0,0.03138075313807531,34.0,39.0,0.2857142857142857,1.0360169491525424,0.13109375
2024-10-29_09_42_07_(14478)_sardine_input_(1).png,yes,yes,15.0,4.0,15.0,15.0,2.0,0.03138075313807531,36.0,44.0,0.26666666666666666,1.0354166666666667,0.14642903645833333
2024-10-29_09_42_07_(14478)_sardine_input_(2).png,yes,yes,15.0,4.0,15.0,15.0,2.0,0.03138075313807531,36.0,45.0,0.26666666666666666,1.0354906054279749,0.15088704427083333
2024-10-29_09_44_39_(14479)_sardine_input_(0).png,yes,yes,14.0,4.0,15.0,15.0,2.0,0.031315240083507306,35.0,46.0,0.2857142857142857,1.0376569037656904,0.155810546875
2024-10-29_09_44_39_(14479)_sardine_input_(1).png,yes,yes,14.0,4.0,15.0,15.0,2.0,0.031315240083507306,34.0,43.0,0.2857142857142857,1.0406852248394005,0.14555013020833332
2024-10-29_09_44_39_(14479)_sardine_input_(2).png,yes,yes,15.0,4.0,15.0,15.0,2.0,0.031315240083507306,35.0,46.0,0.26666666666666666,1.0396659707724425,0.15377604166666667
2024-10-29_09_44_54_(14480)_sardine_input_(0).png,yes,yes,14.0,4.0,15.0,15.0,2.0,0.031446540880503145,35.0,51.0,0.2857142857142857,1.0485232067510548,0.16906412760416667
2024-10-29_09_44_54_(14480)_sardine_input_(1).png,yes,yes,14.0,4.0,15.0,15.0,2.0,0.031446540880503145,34.0,48.0,0.2857142857142857,1.043010752688172,0.16085611979166667
2024-10-29_09_44_54_(14480)_sardine_input_(2).png,yes,yes,15.0,4.0,15.0,15.0,2.0,0.031446540880503145,35.0,48.0,0.26666666666666666,1.0375782881002087,0.16017740885416668
2024-10-29_09_45_07_(14481)_sardine_input_(0).png,yes,yes,15.0,4.0,15.0,15.0,2.0,0.031315240083507306,36.0,49.0,0.26666666666666666,1.0375782881002087,0.16375
2024-10-29_09_45_07_(14481)_sardine_input_(1).png,yes,yes,14.0,4.0,15.0,15.0,2.0,0.031315240083507306,37.0,50.0,0.2857142857142857,1.0397489539748954,0.16909830729166667
2024-10-29_09_45_07_(14481)_sardine_input_(2).png,yes,yes,15.0,3.0,15.0,15.0,2.0,0.031315240083507306,35.0,41.0,0.2,1.0271398747390397,0.138251953125
2024-10-29_09_45_20_(14482)_sardine_input_(0).png,yes,yes,15.0,4.0,15.0,15.0,2.0,0.03138075313807531,36.0,58.0,0.26666666666666666,1.0460251046025104,0.19456705729166668
2024-10-29_09_45_20_(14482)_sardine_input_(1).png,yes,yes,15.0,4.0,15.0,15.0,2.0,0.03138075313807531,35.0,51.0,0.26666666666666666,1.0417536534446765,0.17080078125
2024-10-29_09_45_20_(14482)_sardine_input_(2).png,yes,yes,15.0,4.0,15.0,15.0,2.0,0.03138075313807531,35.0,51.0,0.26666666666666666,1.0417536534446765,0.17161783854166668
2024-10-29_09_45_47_(14483)_sardine_input_(0).png,yes,yes,15.0,4.0,15.0,15.0,2.0,0.031315240083507306,36.0,49.0,0.26666666666666666,1.0438413361169103,0.16454915364583333
2024-10-29_09_45_47_(14483)_sardine_input_(1).png,yes,yes,15.0,4.0,15.0,15.0,2.0,0.031315240083507306,36.0,53.0,0.26666666666666666,1.0501043841336117,0.17753743489583335
2024-10-29_09_45_47_(14483)_sardine_input_(2).png,yes,yes,15.0,4.0,15.0,15.0,2.0,0.031315240083507306,35.0,49.0,0.26666666666666666,1.0375782881002087,0.16313151041666665
2024-10-29_09_46_09_(14484)_sardine_input_(0).png,yes,yes,15.0,4.0,15.0,15.0,2.0,0.03138075313807531,36.0,51.0,0.26666666666666666,1.0395833333333333,0.16898274739583333
2024-10-29_09_46_09_(14484)_sardine_input_(1).png,yes,yes,15.0,4.0,15.0,15.0,2.0,0.03138075313807531,36.0,49.0,0.26666666666666666,1.0459290187891441,0.16515950520833333
2024-10-29_09_46_09_(14484)_sardine_input_(2).png,yes,yes,15.0,4.0,15.0,15.0,2.0,0.03138075313807531,36.0,54.0,0.26666666666666666,1.0521920668058455,0.18091471354166666
2024-10-29_09_46_54_(14485)_sardine_input_(0).png,yes,yes,14.0,4.0,14.0,15.0,2.0,0.031315240083507306,32.0,41.0,0.2857142857142857,1.04,0.13839192708333334
2024-10-29_09_46_54_(14485)_sardine_input_(1).png,yes,yes,15.0,4.0,15.0,15.0,2.0,0.031315240083507306,36.0,49.0,0.26666666666666666,1.0396659707724425,0.16364420572916666
2024-10-29_09_46_54_(14485)_sardine_input_(2).png,yes,yes,15.0,4.0,15.0,15.0,2.0,0.031315240083507306,35.0,44.0,0.26666666666666666,1.0396659707724425,0.14748860677083334
2024-10-29_09_48_16_(14488)_sardine_input_(0).png,yes,yes,13.0,3.0,14.0,15.0,2.0,0.031315240083507306,32.0,38.0,0.23076923076923078,1.0337837837837838,0.129443359375
2024-10-29_09_48_16_(14488)_sardine_input_(1).png,yes,yes,15.0,4.0,15.0,15.0,2.0,0.031315240083507306,35.0,46.0,0.26666666666666666,1.0375782881002087,0.15421223958333333
2024-10-29_09_48_16_(14488)_sardine_input_(2).png,yes,yes,15.0,4.0,15.0,15.0,2.0,0.031315240083507306,37.0,50.0,0.26666666666666666,1.0459290187891441,0.16720865885416666
2024-10-29_09_50_39_(14490)_sardine_input_(0).png,yes,yes,15.0,4.0,16.0,15.0,2.0,0.032397408207343416,37.0,43.0,0.26666666666666666,1.0460251046025104,0.135078125
2024-10-29_09_50_39_(14490)_sardine_input_(1).png,yes,yes,15.0,4.0,16.0,15.0,2.0,0.032397408207343416,36.0,48.0,0.26666666666666666,1.0354906054279749,0.14958984375
2024-10-29_09_50_39_(14490)_sardine_input_(2).png,yes,yes,15.0,3.0,16.0,15.0,2.0,0.032397408207343416,35.0,46.0,0.2,1.0313152400835073,0.14464518229166667
2024-10-29_09_50_56_(14491)_sardine_input_(0).png,yes,yes,15.0,5.0,15.0,15.0,2.0,0.03138075313807531,38.0,66.0,0.3333333333333333,1.0542797494780793,0.21837076822916668
2024-10-29_09_50_56_(14491)_sardine_input_(1).png,yes,yes,15.0,4.0,15.0,15.0,2.0,0.03138075313807531,35.0,52.0,0.26666666666666666,1.0375782881002087,0.17342122395833334
2024-10-29_09_50_56_(14491)_sardine_input_(2).png,yes,yes,15.0,4.0,15.0,15.0,2.0,0.03138075313807531,36.0,57.0,0.26666666666666666,1.0460251046025104,0.18965983072916667
2024-10-29_09_51_11_(14492)_sardine_input_(0).png,yes,yes,15.0,4.0,15.0,15.0,2.0,0.031446540880503145,37.0,62.0,0.26666666666666666,1.0501043841336117,0.20646809895833335
2024-10-29_09_51_11_(14492)_sardine_input_(1).png,yes,yes,15.0,4.0,15.0,15.0,2.0,0.031446540880503145,36.0,54.0,0.26666666666666666,1.0417536534446765,0.17943522135416667
2024-10-29_09_51_11_(14492)_sardine_input_(2).png,yes,yes,15.0,4.0,15.0,15.0,2.0,0.031446540880503145,37.0,61.0,0.26666666666666666,1.0501043841336117,0.20318033854166667
2024-10-29_09_53_39_(14501)_sardine_input_(0).png,yes,yes,14.0,4.0,15.0,15.0,2.0,0.03138075313807531,35.0,50.0,0.2857142857142857,1.0422832980972516,0.16725911458333334
2024-10-29_09_53_39_(14501)_sardine_input_(1).png,yes,yes,14.0,4.0,15.0,15.0,2.0,0.03138075313807531,33.0,46.0,0.2857142857142857,1.0390455531453362,0.153193359375
2024-10-29_09_53_39_(14501)_sardine_input_(2).png,yes,yes,14.0,4.0,15.0,15.0,2.0,0.03138075313807531,35.0,50.0,0.2857142857142857,1.0442105263157895,0.165595703125
2024-10-29_09_53_58_(14502)_sardine_input_(0).png,yes,yes,15.0,4.0,15.0,15.0,2.0,0.03138075313807531,37.0,52.0,0.26666666666666666,1.0481171548117154,0.17416829427083333
2024-10-29_09_53_58_(14502)_sardine_input_(1).png,yes,yes,15.0,4.0,15.0,15.0,2.0,0.03138075313807531,35.0,47.0,0.26666666666666666,1.0354906054279749,0.1582177734375
2024-10-29_09_53_58_(14502)_sardine_input_(2).png,yes,yes,15.0,4.0,15.0,15.0,2.0,0.03138075313807531,37.0,49.0,0.26666666666666666,1.0396659707724425,0.163505859375
2024-10-29_09_54_12_(14503)_sardine_input_(0).png,yes,yes,14.0,4.0,15.0,15.0,2.0,0.03138075313807531,35.0,51.0,0.2857142857142857,1.0452586206896552,0.17040364583333334
2024-10-29_09_54_12_(14503)_sardine_input_(1).png,yes,yes,14.0,4.0,15.0,15.0,2.0,0.03138075313807531,36.0,60.0,0.2857142857142857,1.050314465408805,0.19888020833333334
2024-10-29_09_54_12_(14503)_sardine_input_(2).png,yes,yes,15.0,4.0,15.0,15.0,2.0,0.03138075313807531,36.0,56.0,0.26666666666666666,1.0417536534446765,0.18614908854166667
2024-10-29_09_54_29_(14504)_sardine_input_(0).png,yes,yes,15.0,4.0,15.0,15.0,2.0,0.03138075313807531,36.0,56.0,0.26666666666666666,1.0459290187891441,0.18722005208333334
2024-10-29_09_54_29_(14504)_sardine_input_(1).png,yes,yes,14.0,3.0,15.0,15.0,2.0,0.03138075313807531,34.0,45.0,0.21428571428571427,1.0336134453781514,0.15124348958333333
2024-10-29_09_54_29_(14504)_sardine_input_(2).png,yes,yes,14.0,3.0,14.0,15.0,2.0,0.03138075313807531,33.0,44.0,0.21428571428571427,1.037280701754386,0.14848307291666665
2024-10-29_09_58_20_(14505)_sardine_input_(0).png,yes,yes,15.0,4.0,15.0,15.0,2.0,0.03138075313807531,35.0,53.0,0.26666666666666666,1.0417536534446765,0.17520670572916666
2024-10-29_09_58_20_(14505)_sardine_input_(1).png,yes,yes,15.0,4.0,15.0,15.0,2.0,0.03138075313807531,35.0,50.0,0.26666666666666666,1.0376569037656904,0.1658837890625
2024-10-29_09_58_20_(14505)_sardine_input_(2).png,yes,yes,15.0,4.0,15.0,15.0,2.0,0.03138075313807531,36.0,56.0,0.26666666666666666,1.0501043841336117,0.1857568359375
2024-10-29_09_58_36_(14506)_sardine_input_(0).png,yes,yes,14.0,4.0,15.0,15.0,2.0,0.031315240083507306,36.0,48.0,0.2857142857142857,1.0397489539748954,0.16255859375
2024-10-29_09_58_36_(14506)_sardine_input_(1).png,yes,yes,14.0,4.0,15.0,15.0,2.0,0.031315240083507306,36.0,52.0,0.2857142857142857,1.0439330543933054,0.17281412760416667
2024-10-29_09_58_36_(14506)_sardine_input_(2).png,yes,yes,14.0,4.0,15.0,15.0,2.0,0.031315240083507306,37.0,52.0,0.2857142857142857,1.0461215932914045,0.174140625
2024-10-29_09_58_50_(14507)_sardine_input_(0).png,yes,yes,15.0,4.0,15.0,15.0,2.0,0.031446540880503145,36.0,53.0,0.26666666666666666,1.0438413361169103,0.17772298177083334
2024-10-29_09_58_50_(14507)_sardine_input_(1).png,yes,yes,15.0,5.0,15.0,15.0,2.0,0.031446540880503145,37.0,54.0,0.3333333333333333,1.0563674321503131,0.17962239583333334
2024-10-29_09_58_50_(14507)_sardine_input_(2).png,yes,yes,15.0,5.0,15.0,15.0,2.0,0.031446540880503145,38.0,63.0,0.3333333333333333,1.0566037735849056,0.20777018229166666
2024-10-29_09_59_05_(14508)_sardine_input_(0).png,yes,yes,15.0,4.0,15.0,15.0,2.0,0.031446540880503145,35.0,47.0,0.26666666666666666,1.033402922755741,0.15762532552083333
2024-10-29_09_59_05_(14508)_sardine_input_(1).png,yes,yes,15.0,4.0,15.0,15.0,2.0,0.031446540880503145,35.0,51.0,0.26666666666666666,1.0376569037656904,0.17012044270833335
2024-10-29_09_59_05_(14508)_sardine_input_(2).png,yes,yes,13.0,3.0,14.0,15.0,2.0,0.031446540880503145,32.0,42.0,0.23076923076923078,1.0360360360360361,0.13975748697916668
2024-10-29_09_59_34_(14509)_sardine_input_(0).png,yes,yes,15.0,4.0,15.0,15.0,2.0,0.03138075313807531,35.0,50.0,0.26666666666666666,1.0459290187891441,0.16701985677083334
2024-10-29_09_59_34_(14509)_sardine_input_(1).png,yes,yes,15.0,4.0,15.0,15.0,2.0,0.03138075313807531,36.0,52.0,0.26666666666666666,1.0375782881002087,0.17364583333333333
2024-10-29_09_59_34_(14509)_sardine_input_(2).png,yes,yes,15.0,4.0,15.0,15.0,2.0,0.03138075313807531,36.0,55.0,0.26666666666666666,1.0459290187891441,0.18421875
2024-10-29_10_10_27_(14510)_sardine_input_(0).png,yes,yes,14.0,4.0,15.0,15.0,2.0,0.03138075313807531,34.0,49.0,0.2857142857142857,1.0405982905982907,0.16435872395833334
2024-10-29_10_10_27_(14510)_sardine_input_(1).png,yes,yes,15.0,4.0,15.0,15.0,2.0,0.03138075313807531,35.0,49.0,0.26666666666666666,1.0375782881002087,0.16424967447916666
2024-10-29_10_10_27_(14510)_sardine_input_(2).png,yes,yes,15.0,4.0,15.0,15.0,2.0,0.03138075313807531,36.0,55.0,0.26666666666666666,1.0460251046025104,0.184462890625
2024-10-29_10_10_50_(14514)_sardine_input_(0).png,yes,yes,14.0,4.0,15.0,15.0,2.0,0.03138075313807531,35.0,54.0,0.2857142857142857,1.0468085106382978,0.1789453125
2024-10-29_10_10_50_(14514)_sardine_input_(1).png,yes,yes,14.0,4.0,14.0,15.0,2.0,0.03138075313807531,33.0,43.0,0.2857142857142857,1.0369565217391303,0.14472493489583332
2024-10-29_10_10_50_(14514)_sardine_input_(2).png,yes,yes,15.0,4.0,15.0,15.0,2.0,0.03138075313807531,35.0,49.0,0.26666666666666666,1.0355648535564854,0.16295572916666667
2024-10-29_10_10_50_(14514)_sardine_input_(3).png,yes,yes,9.0,1.0,9.0,15.0,2.0,0.03138075313807531,19.0,2.0,0.1111111111111111,1.0066006600660067,0.0089697265625
2024-10-29_10_11_01_(14515)_sardine_input_(0).png,yes,yes,15.0,5.0,15.0,15.0,2.0,0.031446540880503145,37.0,58.0,0.3333333333333333,1.0542797494780793,0.1929443359375
2024-10-29_10_11_01_(14515)_sardine_input_(1).png,yes,yes,14.0,4.0,15.0,15.0,2.0,0.031446540880503145,34.0,47.0,0.2857142857142857,1.0361702127659576,0.15674479166666666
2024-10-29_10_11_01_(14515)_sardine_input_(2).png,yes,yes,15.0,4.0,15.0,15.0,2.0,0.031446540880503145,36.0,48.0,0.26666666666666666,1.0418410041841004,0.15899739583333333
2024-10-29_10_11_43_(14517)_sardine_input_(0).png,yes,yes,15.0,5.0,15.0,15.0,2.0,0.031446540880503145,37.0,65.0,0.3333333333333333,1.058455114822547,0.215498046875
2024-10-29_10_11_43_(14517)_sardine_input_(1).png,yes,yes,15.0,4.0,15.0,15.0,2.0,0.031446540880503145,36.0,57.0,0.26666666666666666,1.0459290187891441,0.1889892578125
2024-10-29_10_11_43_(14517)_sardine_input_(2).png,yes,yes,15.0,4.0,15.0,15.0,2.0,0.031446540880503145,35.0,53.0,0.26666666666666666,1.0417536534446765,0.17494303385416668
2024-10-29_10_12_11_(14519)_sardine_input_(0).png,yes,yes,15.0,4.0,15.0,15.0,2.0,0.031446540880503145,36.0,52.0,0.26666666666666666,1.0396659707724425,0.174072265625
2024-10-29_10_12_11_(14519)_sardine_input_(1).png,yes,yes,15.0,5.0,15.0,15.0,2.0,0.031446540880503145,37.0,62.0,0.3333333333333333,1.0564853556485356,0.20689453125
2024-10-29_10_12_11_(14519)_sardine_input_(2).png,yes,yes,15.0,4.0,15.0,15.0,2.0,0.031446540880503145,36.0,56.0,0.26666666666666666,1.0460251046025104,0.18703938802083334
2024-10-29_10_12_25_(14520)_sardine_input_(0).png,yes,yes,14.0,4.0,15.0,15.0,2.0,0.03138075313807531,35.0,52.0,0.2857142857142857,1.0422832980972516,0.17310546875
2024-10-29_10_12_25_(14520)_sardine_input_(1).png,yes,yes,15.0,4.0,15.0,15.0,2.0,0.03138075313807531,36.0,59.0,0.26666666666666666,1.0481171548117154,0.19521484375
2024-10-29_10_12_25_(14520)_sardine_input_(2).png,yes,yes,15.0,4.0,15.0,15.0,2.0,0.03138075313807531,35.0,53.0,0.26666666666666666,1.0418410041841004,0.17763346354166668
2024-10-29_10_12_40_(14521)_sardine_input_(0).png,yes,yes,15.0,5.0,16.0,15.0,2.0,0.031446540880503145,38.0,74.0,0.3333333333333333,1.0690376569037656,0.2454833984375
2024-10-29_10_12_40_(14521)_sardine_input_(1).png,yes,yes,15.0,4.0,15.0,15.0,2.0,0.031446540880503145,37.0,63.0,0.26666666666666666,1.0521920668058455,0.21041341145833334
2024-10-29_10_12_40_(14521)_sardine_input_(2).png,yes,yes,15.0,4.0,15.0,15.0,2.0,0.031446540880503145,36.0,60.0,0.26666666666666666,1.0482180293501049,0.20010091145833334
2024-10-29_10_12_53_(14522)_sardine_input_(0).png,yes,yes,15.0,4.0,15.0,15.0,2.0,0.031446540880503145,36.0,55.0,0.26666666666666666,1.0460251046025104,0.18424641927083332
2024-10-29_10_12_53_(14522)_sardine_input_(1).png,yes,yes,15.0,4.0,15.0,15.0,2.0,0.031446540880503145,37.0,62.0,0.26666666666666666,1.0502092050209204,0.20411946614583334
2024-10-29_10_12_53_(14522)_sardine_input_(2).png,yes,yes,15.0,4.0,15.0,15.0,2.0,0.031446540880503145,36.0,53.0,0.26666666666666666,1.0396659707724425,0.17593098958333334
2024-11-07_09_39_22_(14601)_sardine_input_(0).png,yes,yes,15.0,3.0,15.0,15.0,1.0,0.03138075313807531,34.0,43.0,0.2,1.033402922755741,0.14253743489583334
2024-11-07_09_39_22_(14601)_sardine_input_(1).png,yes,yes,15.0,4.0,15.0,15.0,1.0,0.03138075313807531,35.0,46.0,0.26666666666666666,1.0375782881002087,0.15214680989583335
2024-11-07_09_39_22_(14601)_sardine_input_(2).png,yes,yes,14.0,3.0,15.0,15.0,1.0,0.03138075313807531,34.0,37.0,0.21428571428571427,1.023109243697479,0.12306966145833333
2024-11-07_09_39_38_(14602)_sardine_input_(0).png,yes,yes,15.0,4.0,15.0,15.0,2.0,0.03138075313807531,35.0,47.0,0.26666666666666666,1.0375782881002087,0.15613606770833333
2024-11-07_09_39_38_(14602)_sardine_input_(1).png,yes,yes,15.0,3.0,15.0,15.0,2.0,0.03138075313807531,36.0,44.0,0.2,1.033402922755741,0.1459228515625
2024-11-07_09_39_38_(14602)_sardine_input_(2).png,yes,yes,15.0,4.0,15.0,15.0,2.0,0.03138075313807531,35.0,46.0,0.26666666666666666,1.0354906054279749,0.15297526041666668
2024-11-07_09_39_54_(14603)_sardine_input_(0).png,yes,yes,15.0,4.0,15.0,15.0,2.0,0.031446540880503145,35.0,50.0,0.26666666666666666,1.0396659707724425,0.16638020833333333
2024-11-07_09_39_54_(14603)_sardine_input_(1).png,yes,yes,15.0,4.0,15.0,15.0,2.0,0.031446540880503145,35.0,48.0,0.26666666666666666,1.0396659707724425,0.15958658854166666
2024-11-07_09_39_54_(14603)_sardine_input_(2).png,yes,yes,15.0,4.0,15.0,15.0,2.0,0.031446540880503145,36.0,52.0,0.26666666666666666,1.0418410041841004,0.17441731770833332
2024-11-07_09_40_10_(14604)_sardine_input_(0).png,yes,yes,14.0,3.0,15.0,15.0,2.0,0.031315240083507306,34.0,43.0,0.21428571428571427,1.0340425531914894,0.144140625
2024-11-07_09_40_10_(14604)_sardine_input_(1).png,yes,yes,13.0,4.0,14.0,15.0,2.0,0.031315240083507306,33.0,43.0,0.3076923076923077,1.0542986425339367,0.14289388020833332
2024-11-07_09_40_10_(14604)_sardine_input_(2).png,yes,yes,13.0,3.0,14.0,15.0,2.0,0.031315240083507306,32.0,43.0,0.23076923076923078,1.0358744394618835,0.1449072265625
2024-11-07_09_40_25_(14605)_sardine_input_(0).png,yes,yes,15.0,3.0,15.0,15.0,1.0,0.03171247357293869,38.0,45.0,0.2,1.0313807531380754,0.14660970052083333
2024-11-07_09_40_25_(14605)_sardine_input_(1).png,yes,yes,15.0,3.0,15.0,15.0,1.0,0.03171247357293869,35.0,45.0,0.2,1.033402922755741,0.14803385416666667
2024-11-07_09_40_25_(14605)_sardine_input_(2).png,yes,yes,15.0,4.0,15.0,15.0,1.0,0.03171247357293869,37.0,58.0,0.26666666666666666,1.0418410041841004,0.18838541666666667
2024-11-07_09_40_42_(14606)_sardine_input_(0).png,yes,yes,15.0,4.0,15.0,15.0,1.0,0.03138075313807531,35.0,44.0,0.26666666666666666,1.0354906054279749,0.14557454427083333
2024-11-07_09_40_42_(14606)_sardine_input_(1).png,yes,yes,15.0,4.0,15.0,15.0,1.0,0.03138075313807531,36.0,53.0,0.26666666666666666,1.0459290187891441,0.178466796875
2024-11-07_09_40_42_(14606)_sardine_input_(2).png,yes,yes,15.0,4.0,15.0,15.0,1.0,0.03138075313807531,35.0,49.0,0.26666666666666666,1.0376569037656904,0.16498860677083332
2024-11-07_09_41_05_(14607)_sardine_input_(0).png,yes,yes,14.0,4.0,15.0,15.0,2.0,0.03138075313807531,34.0,45.0,0.2857142857142857,1.0357142857142858,0.15103190104166667
2024-11-07_09_41_05_(14607)_sardine_input_(1).png,yes,yes,15.0,3.0,15.0,15.0,2.0,0.03138075313807531,35.0,45.0,0.2,1.0334728033472804,0.15104817708333335
2024-11-07_09_41_05_(14607)_sardine_input_(2).png,yes,yes,15.0,4.0,15.0,15.0,2.0,0.03138075313807531,36.0,46.0,0.26666666666666666,1.0396659707724425,0.15335774739583333
2024-11-07_09_41_19_(14608)_sardine_input_(0).png,yes,yes,15.0,4.0,15.0,15.0,2.0,0.031446540880503145,36.0,55.0,0.26666666666666666,1.0417536534446765,0.18305501302083332
2024-11-07_09_41_19_(14608)_sardine_input_(1).png,yes,yes,14.0,4.0,14.0,15.0,2.0,0.031446540880503145,34.0,48.0,0.2857142857142857,1.0417582417582418,0.15965169270833332
2024-11-07_09_41_19_(14608)_sardine_input_(2).png,yes,yes,15.0,4.0,15.0,15.0,2.0,0.031446540880503145,36.0,53.0,0.26666666666666666,1.0460251046025104,0.17724934895833333
2024-11-07_09_45_08_(14609)_sardine_input_(0).png,yes,yes,15.0,5.0,15.0,15.0,2.0,0.03138075313807531,37.0,54.0,0.3333333333333333,1.0542797494780793,0.181396484375
2024-11-07_09_45_08_(14609)_sardine_input_(1).png,yes,yes,15.0,4.0,15.0,15.0,2.0,0.03138075313807531,36.0,55.0,0.26666666666666666,1.0459290187891441,0.1838037109375
2024-11-07_09_45_08_(14609)_sardine_input_(2).png,yes,yes,15.0,5.0,15.0,15.0,2.0,0.03138075313807531,37.0,61.0,0.3333333333333333,1.0543933054393306,0.20202962239583333
2024-11-07_09_45_22_(14610)_sardine_input_(0).png,yes,yes,15.0,4.0,15.0,15.0,2.0,0.031446540880503145,36.0,55.0,0.26666666666666666,1.0439330543933054,0.18322265625
2024-11-07_09_45_22_(14610)_sardine_input_(1).png,yes,yes,15.0,4.0,15.0,15.0,2.0,0.031446540880503145,36.0,51.0,0.26666666666666666,1.0459290187891441,0.16951171875
2024-11-07_09_45_22_(14610)_sardine_input_(2).png,yes,yes,15.0,4.0,15.0,15.0,2.0,0.031446540880503145,36.0,57.0,0.26666666666666666,1.0438413361169103,0.18980143229166666
2024-11-07_09_45_37_(14611)_sardine_input_(0).png,yes,yes,13.0,4.0,14.0,15.0,2.0,0.03138075313807531,32.0,46.0,0.3076923076923077,1.046189376443418,0.15406901041666668
2024-11-07_09_45_37_(14611)_sardine_input_(1).png,yes,yes,15.0,5.0,15.0,15.0,2.0,0.03138075313807531,37.0,57.0,0.3333333333333333,1.0543933054393306,0.1887939453125
2024-11-07_09_45_37_(14611)_sardine_input_(2).png,yes,yes,13.0,4.0,14.0,15.0,2.0,0.03138075313807531,33.0,46.0,0.3076923076923077,1.0404494382022471,0.15360514322916666
2024-11-07_09_45_52_(14612)_sardine_input_(0).png,yes,yes,15.0,4.0,15.0,15.0,2.0,0.03138075313807531,36.0,51.0,0.26666666666666666,1.0395833333333333,0.17087076822916666
2024-11-07_09_45_52_(14612)_sardine_input_(1).png,yes,yes,14.0,3.0,15.0,15.0,2.0,0.03138075313807531,34.0,44.0,0.21428571428571427,1.029350104821803,0.14813639322916666
2024-11-07_09_45_52_(14612)_sardine_input_(2).png,yes,yes,15.0,4.0,15.0,15.0,2.0,0.03138075313807531,36.0,55.0,0.26666666666666666,1.0418410041841004,0.1820166015625
2024-11-07_09_46_07_(14613)_sardine_input_(0).png,yes,yes,14.0,4.0,15.0,15.0,2.0,0.031315240083507306,36.0,56.0,0.2857142857142857,1.0502092050209204,0.18608235677083335
2024-11-07_09_46_07_(14613)_sardine_input_(1).png,yes,yes,15.0,4.0,15.0,15.0,2.0,0.031315240083507306,35.0,53.0,0.26666666666666666,1.0396659707724425,0.17779622395833333
2024-11-07_09_46_07_(14613)_sardine_input_(2).png,yes,yes,14.0,4.0,15.0,15.0,2.0,0.031315240083507306,35.0,52.0,0.2857142857142857,1.0355648535564854,0.17380533854166666
2024-11-07_09_46_23_(14614)_sardine_input_(0).png,yes,yes,15.0,4.0,15.0,15.0,2.0,0.031446540880503145,35.0,49.0,0.26666666666666666,1.0355648535564854,0.1624560546875
2024-11-07_09_46_23_(14614)_sardine_input_(1).png,yes,yes,15.0,4.0,15.0,15.0,2.0,0.031446540880503145,36.0,53.0,0.26666666666666666,1.0396659707724425,0.17720865885416667
2024-11-07_09_46_23_(14614)_sardine_input_(2).png,yes,yes,15.0,4.0,15.0,15.0,2.0,0.031446540880503145,35.0,51.0,0.26666666666666666,1.0376569037656904,0.16860026041666668
2024-11-07_09_46_37_(14615)_sardine_input_(0).png,yes,yes,15.0,4.0,15.0,15.0,2.0,0.031446540880503145,35.0,51.0,0.26666666666666666,1.0375,0.16958170572916667
2024-11-07_09_46_37_(14615)_sardine_input_(1).png,yes,yes,15.0,5.0,15.0,15.0,2.0,0.031446540880503145,38.0,63.0,0.3333333333333333,1.0585774058577406,0.20815266927083334
2024-11-07_09_46_37_(14615)_sardine_input_(2).png,yes,yes,15.0,4.0,15.0,15.0,2.0,0.031446540880503145,36.0,53.0,0.26666666666666666,1.0375782881002087,0.1764697265625
2024-11-07_09_47_04_(14616)_sardine_input_(0).png,yes,yes,15.0,4.0,15.0,15.0,2.0,0.03138075313807531,36.0,55.0,0.26666666666666666,1.0458333333333334,0.18210123697916666
2024-11-07_09_47_04_(14616)_sardine_input_(1).png,yes,yes,15.0,4.0,15.0,15.0,2.0,0.03138075313807531,35.0,49.0,0.26666666666666666,1.0355648535564854,0.16493326822916668
2024-11-07_09_47_04_(14616)_sardine_input_(2).png,yes,yes,15.0,5.0,15.0,15.0,2.0,0.03138075313807531,36.0,54.0,0.3333333333333333,1.0542797494780793,0.1806103515625
2024-11-07_09_47_33_(14617)_sardine_input_(0).png,yes,yes,15.0,4.0,15.0,15.0,2.0,0.031446540880503145,36.0,53.0,0.26666666666666666,1.0438413361169103,0.17508951822916666
2024-11-07_09_47_33_(14617)_sardine_input_(1).png,yes,yes,15.0,4.0,15.0,15.0,2.0,0.031446540880503145,35.0,50.0,0.26666666666666666,1.0375782881002087,0.16632975260416666
2024-11-07_09_47_33_(14617)_sardine_input_(2).png,yes,yes,15.0,4.0,15.0,15.0,2.0,0.031446540880503145,36.0,53.0,0.26666666666666666,1.0439330543933054,0.17580078125
2024-11-07_09_47_48_(14618)_sardine_input_(0).png,yes,yes,15.0,4.0,15.0,15.0,2.0,0.03138075313807531,36.0,48.0,0.26666666666666666,1.0438413361169103,0.16002115885416668
2024-11-07_09_47_48_(14618)_sardine_input_(1).png,yes,yes,15.0,4.0,15.0,15.0,2.0,0.03138075313807531,35.0,50.0,0.26666666666666666,1.0523012552301256,0.16603515625
2024-11-07_09_47_48_(14618)_sardine_input_(2).png,yes,yes,15.0,4.0,15.0,15.0,2.0,0.03138075313807531,36.0,53.0,0.26666666666666666,1.0501043841336117,0.1776025390625
2024-11-07_09_48_24_(14619)_sardine_input_(0).png,yes,yes,14.0,4.0,15.0,15.0,2.0,0.031315240083507306,34.0,47.0,0.2857142857142857,1.0358649789029535,0.15828938802083334
2024-11-07_09_48_24_(14619)_sardine_input_(1).png,yes,yes,15.0,4.0,15.0,15.0,2.0,0.031315240083507306,35.0,53.0,0.26666666666666666,1.0375782881002087,0.17762532552083332
2024-11-07_09_48_24_(14619)_sardine_input_(2).png,yes,yes,15.0,4.0,15.0,15.0,2.0,0.031315240083507306,36.0,53.0,0.26666666666666666,1.0438413361169103,0.17654459635416667
2024-11-07_09_48_51_(14620)_sardine_input_(0).png,yes,yes,14.0,4.0,15.0,15.0,2.0,0.03138075313807531,35.0,49.0,0.2857142857142857,1.0335429769392033,0.164111328125
2024-11-07_09_48_51_(14620)_sardine_input_(1).png,yes,yes,15.0,4.0,15.0,15.0,2.0,0.03138075313807531,37.0,59.0,0.26666666666666666,1.0481171548117154,0.196142578125
2024-11-07_09_48_51_(14620)_sardine_input_(2).png,yes,yes,15.0,4.0,15.0,15.0,2.0,0.03138075313807531,39.0,62.0,0.26666666666666666,1.0481171548117154,0.205126953125
2024-11-07_09_49_06_(14621)_sardine_input_(0).png,yes,yes,15.0,4.0,15.0,15.0,2.0,0.03138075313807531,36.0,53.0,0.26666666666666666,1.0396659707724425,0.17585774739583335
2024-11-07_09_49_06_(14621)_sardine_input_(1).png,yes,yes,15.0,4.0,15.0,15.0,2.0,0.03138075313807531,36.0,55.0,0.26666666666666666,1.0417536534446765,0.1830615234375
2024-11-07_09_49_06_(14621)_sardine_input_(2).png,yes,yes,15.0,4.0,15.0,15.0,2.0,0.03138075313807531,36.0,56.0,0.26666666666666666,1.0418410041841004,0.18633463541666667
2024-11-07_09_49_26_(14622)_sardine_input_(0).png,yes,yes,15.0,4.0,15.0,15.0,2.0,0.031446540880503145,36.0,57.0,0.26666666666666666,1.0439330543933054,0.18838216145833334
2024-11-07_09_49_26_(14622)_sardine_input_(1).png,yes,yes,15.0,4.0,15.0,15.0,2.0,0.031446540880503145,38.0,64.0,0.26666666666666666,1.0523012552301256,0.2108447265625
2024-11-07_09_49_26_(14622)_sardine_input_(2).png,yes,yes,15.0,5.0,15.0,15.0,2.0,0.031446540880503145,37.0,56.0,0.3333333333333333,1.0542797494780793,0.18606282552083334
2024-11-07_09_49_51_(14623)_sardine_input_(0).png,yes,yes,15.0,4.0,15.0,15.0,2.0,0.03138075313807531,37.0,58.0,0.26666666666666666,1.0521920668058455,0.19262369791666667
2024-11-07_09_49_51_(14623)_sardine_input_(1).png,yes,yes,15.0,4.0,15.0,15.0,2.0,0.03138075313807531,36.0,54.0,0.26666666666666666,1.0439330543933054,0.18161946614583332
2024-11-07_09_49_51_(14623)_sardine_input_(2).png,yes,yes,15.0,4.0,15.0,15.0,2.0,0.03138075313807531,36.0,59.0,0.26666666666666666,1.0502092050209204,0.19513509114583333
2024-11-07_09_56_07_(14624)_sardine_input_(0).png,yes,yes,15.0,3.0,15.0,15.0,2.0,0.031446540880503145,35.0,46.0,0.2,1.0292275574112735,0.1538232421875
2024-11-07_09_56_07_(14624)_sardine_input_(1).png,yes,yes,15.0,4.0,15.0,15.0,2.0,0.031446540880503145,35.0,50.0,0.26666666666666666,1.033402922755741,0.16462076822916666
2024-11-07_09_56_07_(14624)_sardine_input_(2).png,yes,yes,15.0,5.0,15.0,15.0,2.0,0.031446540880503145,36.0,44.0,0.3333333333333333,1.0521920668058455,0.1454833984375
2024-11-07_09_59_34_(14628)_sardine_input_(0).png,yes,yes,15.0,4.0,15.0,15.0,2.0,0.031315240083507306,36.0,53.0,0.26666666666666666,1.0417536534446765,0.1761376953125
2024-11-07_09_59_34_(14628)_sardine_input_(1).png,yes,yes,14.0,4.0,15.0,15.0,2.0,0.031315240083507306,36.0,53.0,0.2857142857142857,1.0481171548117154,0.1768115234375
2024-11-07_09_59_34_(14628)_sardine_input_(2).png,yes,yes,15.0,4.0,15.0,15.0,2.0,0.031315240083507306,36.0,48.0,0.26666666666666666,1.0354906054279749,0.1603955078125
2024-11-07_09_59_49_(14629)_sardine_input_(0).png,yes,yes,15.0,4.0,15.0,15.0,2.0,0.03138075313807531,35.0,49.0,0.26666666666666666,1.0354906054279749,0.16200358072916668
2024-11-07_09_59_49_(14629)_sardine_input_(1).png,yes,yes,15.0,4.0,15.0,15.0,2.0,0.03138075313807531,36.0,45.0,0.26666666666666666,1.0523012552301256,0.15161295572916667
2024-11-07_09_59_49_(14629)_sardine_input_(2).png,yes,yes,15.0,3.0,15.0,15.0,2.0,0.03138075313807531,35.0,49.0,0.2,1.0334728033472804,0.163525390625
2024-11-07_10_02_41_(14631)_sardine_input_(0).png,yes,yes,15.0,4.0,15.0,15.0,2.0,0.03138075313807531,36.0,53.0,0.26666666666666666,1.0397489539748954,0.1784326171875
2024-11-07_10_02_41_(14631)_sardine_input_(1).png,yes,yes,15.0,4.0,15.0,15.0,2.0,0.03138075313807531,36.0,53.0,0.26666666666666666,1.0396659707724425,0.17656575520833334
2024-11-07_10_02_41_(14631)_sardine_input_(2).png,yes,yes,15.0,4.0,15.0,15.0,2.0,0.03138075313807531,36.0,56.0,0.26666666666666666,1.0439330543933054,0.18703450520833334
2024-11-07_10_02_55_(14632)_sardine_input_(0).png,yes,yes,14.0,4.0,15.0,15.0,2.0,0.031446540880503145,35.0,49.0,0.2857142857142857,1.040084388185654,0.16274251302083334
2024-11-07_10_02_55_(14632)_sardine_input_(1).png,yes,yes,15.0,4.0,15.0,15.0,2.0,0.031446540880503145,35.0,50.0,0.26666666666666666,1.0375782881002087,0.1675
2024-11-07_10_02_55_(14632)_sardine_input_(2).png,yes,yes,15.0,4.0,15.0,15.0,2.0,0.031446540880503145,35.0,49.0,0.26666666666666666,1.0354906054279749,0.161669921875
2024-11-07_10_03_09_(14633)_sardine_input_(0).png,yes,yes,15.0,4.0,15.0,15.0,2.0,0.031446540880503145,36.0,47.0,0.26666666666666666,1.0460251046025104,0.15768229166666667
2024-11-07_10_03_09_(14633)_sardine_input_(1).png,yes,yes,15.0,5.0,15.0,15.0,2.0,0.031446540880503145,36.0,44.0,0.3333333333333333,1.0543933054393306,0.14548014322916666
2024-11-07_10_03_09_(14633)_sardine_input_(2).png,yes,yes,15.0,3.0,15.0,15.0,2.0,0.031446540880503145,41.0,46.0,0.2,1.0292275574112735,0.15257161458333332
2024-11-07_10_03_23_(14634)_sardine_input_(0).png,yes,yes,15.0,4.0,15.0,15.0,2.0,0.031512605042016806,35.0,48.0,0.26666666666666666,1.0354906054279749,0.1596728515625
2024-11-07_10_03_23_(14634)_sardine_input_(1).png,yes,yes,15.0,4.0,15.0,15.0,2.0,0.031512605042016806,35.0,52.0,0.26666666666666666,1.0376569037656904,0.1734765625
2024-11-07_10_03_23_(14634)_sardine_input_(2).png,yes,yes,14.0,4.0,14.0,15.0,2.0,0.031512605042016806,33.0,45.0,0.2857142857142857,1.048888888888889,0.15068522135416668
2024-11-07_10_03_36_(14635)_sardine_input_(0).png,yes,yes,14.0,4.0,15.0,15.0,2.0,0.031446540880503145,35.0,49.0,0.2857142857142857,1.0492505353319057,0.16329915364583333
2024-11-07_10_03_36_(14635)_sardine_input_(1).png,yes,yes,15.0,4.0,15.0,15.0,2.0,0.031446540880503145,36.0,55.0,0.26666666666666666,1.0502092050209204,0.18130859375
2024-11-07_10_03_36_(14635)_sardine_input_(2).png,yes,yes,15.0,4.0,15.0,15.0,2.0,0.031446540880503145,37.0,62.0,0.26666666666666666,1.0523012552301256,0.204619140625
2024-11-07_10_03_49_(14636)_sardine_input_(0).png,yes,yes,15.0,3.0,15.0,15.0,2.0,0.03138075313807531,34.0,44.0,0.2,1.0313152400835073,0.1457763671875
2024-11-07_10_03_49_(14636)_sardine_input_(1).png,yes,yes,15.0,5.0,15.0,15.0,2.0,0.03138075313807531,37.0,59.0,0.3333333333333333,1.0627615062761506,0.19618977864583334
2024-11-07_10_03_49_(14636)_sardine_input_(2).png,yes,yes,15.0,4.0,15.0,15.0,2.0,0.03138075313807531,35.0,48.0,0.26666666666666666,1.0396659707724425,0.1616259765625
2024-11-07_10_04_03_(14637)_sardine_input_(0).png,yes,yes,15.0,5.0,15.0,15.0,2.0,0.031446540880503145,38.0,69.0,0.3333333333333333,1.0627615062761506,0.22744954427083333
2024-11-07_10_04_03_(14637)_sardine_input_(1).png,yes,yes,15.0,4.0,15.0,15.0,2.0,0.031446540880503145,36.0,52.0,0.26666666666666666,1.033402922755741,0.17128092447916668
2024-11-07_10_04_03_(14637)_sardine_input_(2).png,yes,yes,13.0,4.0,14.0,15.0,2.0,0.031446540880503145,32.0,45.0,0.3076923076923077,1.051044083526682,0.1511083984375
2024-11-07_10_04_16_(14638)_sardine_input_(0).png,yes,yes,15.0,4.0,15.0,15.0,2.0,0.031446540880503145,37.0,58.0,0.26666666666666666,1.0417536534446765,0.19164388020833334
2024-11-07_10_04_16_(14638)_sardine_input_(1).png,yes,yes,15.0,4.0,15.0,15.0,2.0,0.031446540880503145,35.0,49.0,0.26666666666666666,1.0396659707724425,0.16191080729166665
2024-11-07_10_04_16_(14638)_sardine_input_(2).png,yes,yes,15.0,4.0,15.0,15.0,2.0,0.031446540880503145,36.0,52.0,0.26666666666666666,1.0376569037656904,0.17425455729166667
2024-11-07_10_04_30_(14639)_sardine_input_(0).png,yes,yes,15.0,4.0,15.0,15.0,2.0,0.031446540880503145,36.0,58.0,0.26666666666666666,1.0439330543933054,0.1941748046875
2024-11-07_10_04_30_(14639)_sardine_input_(1).png,yes,yes,15.0,3.0,15.0,15.0,2.0,0.031446540880503145,35.0,47.0,0.2,1.0334728033472804,0.15707194010416667
2024-11-07_10_04_30_(14639)_sardine_input_(2).png,yes,yes,15.0,4.0,15.0,15.0,2.0,0.031446540880503145,36.0,56.0,0.26666666666666666,1.0460251046025104,0.1873193359375
2024-11-07_10_04_45_(14640)_sardine_input_(0).png,yes,yes,15.0,5.0,15.0,15.0,2.0,0.03138075313807531,37.0,59.0,0.3333333333333333,1.0542797494780793,0.19566569010416668
2024-11-07_10_04_45_(14640)_sardine_input_(1).png,yes,yes,15.0,4.0,15.0,15.0,2.0,0.03138075313807531,35.0,50.0,0.26666666666666666,1.0395833333333333,0.1668212890625
2024-11-07_10_04_45_(14640)_sardine_input_(2).png,yes,yes,15.0,3.0,15.0,15.0,2.0,0.03138075313807531,36.0,50.0,0.2,1.0313152400835073,0.16592447916666667
2024-11-07_10_05_00_(14641)_sardine_input_(0).png,yes,yes,15.0,4.0,15.0,15.0,2.0,0.031446540880503145,34.0,47.0,0.26666666666666666,1.0356394129979036,0.15621419270833334
2024-11-07_10_05_00_(14641)_sardine_input_(1).png,yes,yes,14.0,4.0,15.0,15.0,2.0,0.031446540880503145,35.0,50.0,0.2857142857142857,1.0378947368421052,0.16615071614583332
2024-11-07_10_05_00_(14641)_sardine_input_(2).png,yes,yes,15.0,4.0,15.0,15.0,2.0,0.031446540880503145,35.0,52.0,0.26666666666666666,1.0375782881002087,0.17159342447916667
2024-11-07_10_05_19_(14642)_sardine_input_(0).png,yes,yes,15.0,4.0,15.0,15.0,2.0,0.03138075313807531,35.0,47.0,0.26666666666666666,1.0354906054279749,0.15751139322916666
2024-11-07_10_05_19_(14642)_sardine_input_(1).png,yes,yes,15.0,4.0,15.0,15.0,2.0,0.03138075313807531,35.0,49.0,0.26666666666666666,1.0481171548117154,0.16353190104166668
2024-11-07_10_05_19_(14642)_sardine_input_(2).png,yes,yes,15.0,4.0,15.0,15.0,2.0,0.03138075313807531,35.0,53.0,0.26666666666666666,1.0418410041841004,0.17607259114583335
2024-11-07_10_05_33_(14643)_sardine_input_(0).png,yes,yes,13.0,4.0,14.0,15.0,2.0,0.03138075313807531,32.0,47.0,0.3076923076923077,1.0492957746478873,0.1580126953125
2024-11-07_10_05_33_(14643)_sardine_input_(1).png,yes,yes,14.0,4.0,15.0,15.0,2.0,0.03138075313807531,35.0,49.0,0.2857142857142857,1.0425531914893618,0.16325358072916665
2024-11-07_10_05_33_(14643)_sardine_input_(2).png,yes,yes,14.0,4.0,15.0,15.0,2.0,0.03138075313807531,35.0,50.0,0.2857142857142857,1.048421052631579,0.1665234375
2024-11-07_10_05_45_(14644)_sardine_input_(0).png,yes,yes,15.0,3.0,15.0,15.0,2.0,0.03138075313807531,35.0,47.0,0.2,1.0334728033472804,0.15719889322916666
2024-11-07_10_05_45_(14644)_sardine_input_(1).png,yes,yes,15.0,4.0,15.0,15.0,2.0,0.03138075313807531,36.0,56.0,0.26666666666666666,1.0460251046025104,0.18738606770833333
2024-11-07_10_05_45_(14644)_sardine_input_(2).png,yes,yes,14.0,4.0,15.0,15.0,2.0,0.03138075313807531,36.0,54.0,0.2857142857142857,1.0440251572327044,0.1790185546875
2024-11-07_10_06_01_(14645)_sardine_input_(0).png,yes,yes,15.0,4.0,15.0,15.0,2.0,0.031446540880503145,35.0,50.0,0.26666666666666666,1.0418410041841004,0.16611979166666666
2024-11-07_10_06_01_(14645)_sardine_input_(1).png,yes,yes,15.0,4.0,15.0,15.0,2.0,0.031446540880503145,35.0,50.0,0.26666666666666666,1.0354906054279749,0.16565266927083333
2024-11-07_10_06_01_(14645)_sardine_input_(2).png,yes,yes,15.0,4.0,15.0,15.0,2.0,0.031446540880503145,36.0,56.0,0.26666666666666666,1.0460251046025104,0.18652994791666666
2024-11-07_10_06_14_(14646)_sardine_input_(0).png,yes,yes,15.0,4.0,15.0,15.0,2.0,0.03138075313807531,35.0,48.0,0.26666666666666666,1.0355648535564854,0.15916666666666668
2024-11-07_10_06_14_(14646)_sardine_input_(1).png,yes,yes,15.0,4.0,15.0,15.0,2.0,0.03138075313807531,35.0,48.0,0.26666666666666666,1.0354906054279749,0.16032389322916665
2024-11-07_10_06_14_(14646)_sardine_input_(2).png,yes,yes,15.0,4.0,15.0,15.0,2.0,0.03138075313807531,35.0,52.0,0.26666666666666666,1.0397489539748954,0.17505045572916667
2024-11-07_10_06_28_(14647)_sardine_input_(0).png,yes,yes,15.0,4.0,15.0,15.0,2.0,0.03138075313807531,36.0,56.0,0.26666666666666666,1.0439330543933054,0.185546875
2024-11-07_10_06_28_(14647)_sardine_input_(1).png,yes,yes,14.0,3.0,15.0,15.0,2.0,0.03138075313807531,34.0,46.0,0.21428571428571427,1.0341880341880343,0.152490234375
2024-11-07_10_06_28_(14647)_sardine_input_(2).png,yes,yes,15.0,3.0,15.0,15.0,2.0,0.03138075313807531,34.0,47.0,0.2,1.033402922755741,0.1567236328125
2024-11-07_10_06_42_(14648)_sardine_input_(0).png,yes,yes,15.0,4.0,15.0,15.0,2.0,0.03138075313807531,35.0,50.0,0.26666666666666666,1.0354906054279749,0.16569010416666666
2024-11-07_10_06_42_(14648)_sardine_input_(1).png,yes,yes,15.0,3.0,15.0,15.0,2.0,0.03138075313807531,35.0,46.0,0.2,1.0292275574112735,0.15229329427083332
2024-11-07_10_06_42_(14648)_sardine_input_(2).png,yes,yes,15.0,4.0,15.0,15.0,2.0,0.03138075313807531,36.0,57.0,0.26666666666666666,1.0459290187891441,0.18966959635416666
2024-11-07_10_06_57_(14649)_sardine_input_(0).png,yes,yes,15.0,4.0,15.0,15.0,2.0,0.031446540880503145,37.0,57.0,0.26666666666666666,1.0501043841336117,0.19077799479166666
2024-11-07_10_06_57_(14649)_sardine_input_(1).png,yes,yes,14.0,4.0,15.0,15.0,2.0,0.031446540880503145,34.0,48.0,0.2857142857142857,1.0391304347826087,0.15857259114583333
2024-11-07_10_06_57_(14649)_sardine_input_(2).png,yes,yes,13.0,4.0,14.0,15.0,2.0,0.031446540880503145,33.0,47.0,0.3076923076923077,1.0405405405405406,0.15541666666666668
2024-11-12_09_40_30_(14681)_sardine_input_(0).png,yes,yes,15.0,3.0,15.0,15.0,1.0,0.031446540880503145,35.0,45.0,0.2,1.0292275574112735,0.15021484375
2024-11-12_09_40_30_(14681)_sardine_input_(1).png,yes,yes,15.0,3.0,15.0,15.0,1.0,0.031446540880503145,35.0,51.0,0.2,1.0313152400835073,0.17023274739583333
2024-11-12_09_40_41_(14682)_sardine_input_(0).png,yes,yes,15.0,4.0,15.0,15.0,1.0,0.031446540880503145,35.0,48.0,0.26666666666666666,1.0377358490566038,0.1605908203125
2024-11-12_09_40_41_(14682)_sardine_input_(1).png,yes,yes,14.0,3.0,14.0,15.0,1.0,0.031446540880503145,33.0,47.0,0.21428571428571427,1.037037037037037,0.15786458333333334
2024-11-12_09_40_55_(14683)_sardine_input_(0).png,yes,yes,13.0,4.0,14.0,15.0,2.0,0.03138075313807531,32.0,41.0,0.3076923076923077,1.0430839002267573,0.13575846354166668
2024-11-12_09_40_55_(14683)_sardine_input_(1).png,yes,yes,14.0,3.0,14.0,15.0,2.0,0.03138075313807531,33.0,40.0,0.21428571428571427,1.0259179265658747,0.13302571614583333
2024-11-12_09_40_55_(14683)_sardine_input_(2).png,yes,yes,15.0,4.0,15.0,15.0,2.0,0.03138075313807531,34.0,45.0,0.26666666666666666,1.0354906054279749,0.15063313802083333
2024-11-12_09_41_12_(14684)_sardine_input_(0).png,yes,yes,15.0,4.0,15.0,15.0,2.0,0.03138075313807531,35.0,47.0,0.26666666666666666,1.0354906054279749,0.15753580729166666
2024-11-12_09_41_12_(14684)_sardine_input_(1).png,yes,yes,14.0,3.0,14.0,15.0,2.0,0.03138075313807531,33.0,40.0,0.21428571428571427,1.0305010893246187,0.13362630208333334
2024-11-12_09_41_12_(14684)_sardine_input_(2).png,yes,yes,14.0,4.0,15.0,15.0,2.0,0.03138075313807531,36.0,54.0,0.2857142857142857,1.0440251572327044,0.17974283854166667
2024-11-12_09_41_27_(14685)_sardine_input_(0).png,yes,yes,14.0,4.0,15.0,15.0,2.0,0.031315240083507306,36.0,51.0,0.2857142857142857,1.0502092050209204,0.1705224609375
2024-11-12_09_41_27_(14685)_sardine_input_(1).png,yes,yes,15.0,3.0,15.0,15.0,2.0,0.031315240083507306,35.0,45.0,0.2,1.0313152400835073,0.15091959635416666
2024-11-12_09_41_27_(14685)_sardine_input_(2).png,yes,yes,14.0,4.0,15.0,15.0,2.0,0.031315240083507306,36.0,51.0,0.2857142857142857,1.0418410041841004,0.17228352864583332
2024-11-12_09_41_44_(14686)_sardine_input_(0).png,yes,yes,15.0,5.0,15.0,15.0,2.0,0.03138075313807531,37.0,65.0,0.3333333333333333,1.0585774058577406,0.21495768229166667
2024-11-12_09_41_44_(14686)_sardine_input_(1).png,yes,yes,15.0,4.0,15.0,15.0,2.0,0.03138075313807531,35.0,50.0,0.26666666666666666,1.0397489539748954,0.16647786458333333
2024-11-12_09_41_44_(14686)_sardine_input_(2).png,yes,yes,12.0,3.0,13.0,15.0,2.0,0.03138075313807531,29.0,33.0,0.25,1.0318627450980393,0.11212727864583333
2024-11-12_09_42_00_(14687)_sardine_input_(0).png,yes,yes,15.0,4.0,15.0,15.0,2.0,0.032119914346895075,36.0,52.0,0.26666666666666666,1.0357142857142858,0.1666357421875
2024-11-12_09_42_00_(14687)_sardine_input_(1).png,yes,yes,13.0,3.0,14.0,15.0,2.0,0.032119914346895075,32.0,40.0,0.23076923076923078,1.0352112676056338,0.12741536458333333
2024-11-12_09_42_00_(14687)_sardine_input_(2).png,yes,yes,13.0,3.0,14.0,15.0,2.0,0.032119914346895075,31.0,40.0,0.23076923076923078,1.037914691943128,0.12906901041666666
2024-11-12_09_42_15_(14688)_sardine_input_(0).png,yes,yes,15.0,5.0,15.0,15.0,2.0,0.03138075313807531,37.0,61.0,0.3333333333333333,1.0543933054393306,0.2030419921875
2024-11-12_09_42_15_(14688)_sardine_input_(1).png,yes,yes,15.0,4.0,15.0,15.0,2.0,0.03138075313807531,36.0,48.0,0.26666666666666666,1.048016701461378,0.16085774739583333
2024-11-12_09_42_15_(14688)_sardine_input_(2).png,yes,yes,15.0,4.0,15.0,15.0,2.0,0.03138075313807531,35.0,48.0,0.26666666666666666,1.0375782881002087,0.16132975260416665
2024-11-12_09_42_28_(14689)_sardine_input_(0).png,yes,yes,14.0,3.0,14.0,15.0,2.0,0.03138075313807531,32.0,40.0,0.21428571428571427,1.0353200883002207,0.13272786458333333
2024-11-12_09_42_28_(14689)_sardine_input_(1).png,yes,yes,15.0,4.0,15.0,15.0,2.0,0.03138075313807531,36.0,54.0,0.26666666666666666,1.0417536534446765,0.18156575520833335
2024-11-12_09_42_28_(14689)_sardine_input_(2).png,yes,yes,15.0,4.0,15.0,15.0,2.0,0.03138075313807531,36.0,49.0,0.26666666666666666,1.0417536534446765,0.16451334635416667
2024-11-12_09_42_42_(14690)_sardine_input_(0).png,yes,yes,15.0,4.0,15.0,15.0,2.0,0.031512605042016806,35.0,51.0,0.26666666666666666,1.0459290187891441,0.16759114583333334
2024-11-12_09_42_42_(14690)_sardine_input_(1).png,yes,yes,15.0,4.0,15.0,15.0,2.0,0.031512605042016806,35.0,39.0,0.26666666666666666,1.0375782881002087,0.1298095703125
2024-11-12_09_42_42_(14690)_sardine_input_(2).png,yes,yes,15.0,3.0,15.0,15.0,2.0,0.031512605042016806,36.0,44.0,0.2,1.0313152400835073,0.14591796875
2024-11-12_09_42_57_(14691)_sardine_input_(0).png,yes,yes,14.0,3.0,14.0,15.0,2.0,0.03138075313807531,33.0,42.0,0.21428571428571427,1.0378619153674833,0.14002115885416666
2024-11-12_09_42_57_(14691)_sardine_input_(1).png,yes,yes,15.0,4.0,15.0,15.0,2.0,0.03138075313807531,36.0,56.0,0.26666666666666666,1.0439330543933054,0.18715983072916667
2024-11-12_09_42_57_(14691)_sardine_input_(2).png,yes,yes,15.0,4.0,15.0,15.0,2.0,0.03138075313807531,35.0,51.0,0.26666666666666666,1.0354906054279749,0.17147135416666667
2024-11-12_09_43_13_(14692)_sardine_input_(0).png,yes,yes,14.0,3.0,14.0,15.0,2.0,0.031446540880503145,33.0,40.0,0.21428571428571427,1.032537960954447,0.1347314453125
2024-11-12_09_43_13_(14692)_sardine_input_(1).png,yes,yes,14.0,3.0,15.0,15.0,2.0,0.031446540880503145,33.0,40.0,0.21428571428571427,1.0277185501066097,0.132421875
2024-11-12_09_43_13_(14692)_sardine_input_(2).png,yes,yes,14.0,3.0,15.0,15.0,2.0,0.031446540880503145,34.0,43.0,0.21428571428571427,1.0339702760084926,0.14260904947916667
2024-11-12_09_43_29_(14693)_sardine_input_(0).png,yes,yes,15.0,4.0,15.0,15.0,2.0,0.031446540880503145,35.0,50.0,0.26666666666666666,1.0375782881002087,0.165322265625
2024-11-12_09_43_29_(14693)_sardine_input_(1).png,yes,yes,15.0,4.0,15.0,15.0,2.0,0.031446540880503145,36.0,53.0,0.26666666666666666,1.0397489539748954,0.17502278645833333
2024-11-12_09_43_29_(14693)_sardine_input_(2).png,yes,yes,14.0,3.0,14.0,15.0,2.0,0.031446540880503145,32.0,40.0,0.21428571428571427,1.030905077262693,0.13275716145833333
2024-11-12_09_43_42_(14694)_sardine_input_(0).png,yes,yes,14.0,4.0,14.0,15.0,2.0,0.03138075313807531,34.0,45.0,0.2857142857142857,1.0437636761487965,0.15024251302083333
2024-11-12_09_43_42_(14694)_sardine_input_(1).png,yes,yes,15.0,4.0,15.0,15.0,2.0,0.03138075313807531,35.0,49.0,0.26666666666666666,1.0396659707724425,0.162314453125
2024-11-12_09_43_42_(14694)_sardine_input_(2).png,yes,yes,15.0,4.0,15.0,15.0,2.0,0.03138075313807531,35.0,51.0,0.26666666666666666,1.0354906054279749,0.1686279296875
2024-11-12_09_44_01_(14695)_sardine_input_(0).png,yes,yes,15.0,4.0,15.0,15.0,2.0,0.03177966101694915,35.0,51.0,0.26666666666666666,1.0375782881002087,0.16742838541666666
2024-11-12_09_44_01_(14695)_sardine_input_(1).png,yes,yes,14.0,4.0,15.0,15.0,2.0,0.03177966101694915,34.0,45.0,0.2857142857142857,1.0364025695931478,0.14533528645833332
2024-11-12_09_44_01_(14695)_sardine_input_(2).png,yes,yes,15.0,4.0,15.0,15.0,2.0,0.03177966101694915,36.0,54.0,0.26666666666666666,1.0375782881002087,0.17487955729166665
2024-11-12_09_44_14_(14696)_sardine_input_(0).png,yes,yes,15.0,4.0,15.0,15.0,2.0,0.03138075313807531,35.0,46.0,0.26666666666666666,1.0375782881002087,0.15376627604166668
2024-11-12_09_44_14_(14696)_sardine_input_(1).png,yes,yes,14.0,4.0,15.0,15.0,2.0,0.03138075313807531,34.0,46.0,0.2857142857142857,1.0360934182590233,0.15389485677083334
2024-11-12_09_44_14_(14696)_sardine_input_(2).png,yes,yes,15.0,4.0,15.0,15.0,2.0,0.03138075313807531,35.0,49.0,0.26666666666666666,1.0396659707724425,0.1636083984375
2024-11-12_09_44_30_(14697)_sardine_input_(0).png,yes,yes,14.0,4.0,14.0,15.0,2.0,0.03138075313807531,33.0,45.0,0.2857142857142857,1.0415754923413567,0.15043131510416666
2024-11-12_09_44_30_(14697)_sardine_input_(1).png,yes,yes,15.0,4.0,15.0,15.0,2.0,0.03138075313807531,35.0,49.0,0.26666666666666666,1.0397489539748954,0.16512858072916667
2024-11-12_09_44_30_(14697)_sardine_input_(2).png,yes,yes,15.0,4.0,15.0,15.0,2.0,0.03138075313807531,35.0,45.0,0.26666666666666666,1.0376569037656904,0.15019205729166665
2024-11-12_09_44_46_(14698)_sardine_input_(0).png,yes,yes,14.0,3.0,15.0,15.0,2.0,0.03138075313807531,35.0,44.0,0.21428571428571427,1.0316455696202531,0.14655110677083333
2024-11-12_09_44_46_(14698)_sardine_input_(1).png,yes,yes,14.0,4.0,15.0,15.0,2.0,0.03138075313807531,34.0,44.0,0.2857142857142857,1.0337552742616034,0.14797526041666667
2024-11-12_09_44_46_(14698)_sardine_input_(2).png,yes,yes,15.0,4.0,15.0,15.0,2.0,0.03138075313807531,35.0,49.0,0.26666666666666666,1.0418410041841004,0.1621484375
2024-11-12_09_44_59_(14699)_sardine_input_(0).png,yes,yes,13.0,5.0,14.0,15.0,2.0,0.03138075313807531,34.0,40.0,0.38461538461538464,1.062780269058296,0.13494466145833334
2024-11-12_09_44_59_(14699)_sardine_input_(1).png,yes,yes,14.0,4.0,15.0,15.0,2.0,0.03138075313807531,35.0,48.0,0.2857142857142857,1.0511727078891258,0.15981608072916667
2024-11-12_09_44_59_(14699)_sardine_input_(2).png,yes,yes,15.0,4.0,15.0,15.0,2.0,0.03138075313807531,35.0,51.0,0.26666666666666666,1.0418410041841004,0.16905924479166667
2024-11-12_09_45_14_(14700)_sardine_input_(0).png,yes,yes,14.0,5.0,15.0,15.0,3.0,0.031446540880503145,36.0,55.0,0.35714285714285715,1.0589473684210526,0.1835107421875
2024-11-12_09_45_14_(14700)_sardine_input_(1).png,yes,yes,15.0,5.0,15.0,15.0,3.0,0.031446540880503145,37.0,56.0,0.3333333333333333,1.0564853556485356,0.18509114583333333
2024-11-12_09_45_14_(14700)_sardine_input_(2).png,yes,yes,15.0,4.0,15.0,15.0,3.0,0.031446540880503145,36.0,50.0,0.26666666666666666,1.0438413361169103,0.1646240234375
2024-11-12_09_45_27_(14701)_sardine_input_(0).png,yes,yes,14.0,4.0,14.0,15.0,3.0,0.03138075313807531,33.0,42.0,0.2857142857142857,1.042316258351893,0.14017252604166666
2024-11-12_09_45_27_(14701)_sardine_input_(1).png,yes,yes,15.0,4.0,15.0,15.0,3.0,0.03138075313807531,35.0,44.0,0.26666666666666666,1.0417536534446765,0.146220703125
2024-11-12_09_45_27_(14701)_sardine_input_(2).png,yes,yes,15.0,4.0,15.0,15.0,3.0,0.03138075313807531,36.0,49.0,0.26666666666666666,1.0460251046025104,0.1626611328125
2024-11-12_09_45_41_(14702)_sardine_input_(0).png,yes,yes,15.0,4.0,15.0,15.0,2.0,0.03138075313807531,35.0,50.0,0.26666666666666666,1.0375782881002087,0.16672200520833333
2024-11-12_09_45_41_(14702)_sardine_input_(1).png,yes,yes,14.0,3.0,14.0,15.0,2.0,0.03138075313807531,33.0,41.0,0.21428571428571427,1.0379464285714286,0.13765299479166668
2024-11-12_09_45_41_(14702)_sardine_input_(2).png,yes,yes,15.0,4.0,15.0,15.0,2.0,0.03138075313807531,36.0,49.0,0.26666666666666666,1.0460251046025104,0.16463541666666667
2024-11-12_09_45_56_(14703)_sardine_input_(0).png,yes,yes,15.0,3.0,15.0,15.0,2.0,0.03138075313807531,35.0,47.0,0.2,1.0313807531380754,0.15581705729166667
2024-11-12_09_45_56_(14703)_sardine_input_(1).png,yes,yes,15.0,3.0,15.0,15.0,2.0,0.03138075313807531,34.0,47.0,0.2,1.033402922755741,0.15571614583333335
2024-11-12_09_45_56_(14703)_sardine_input_(2).png,yes,yes,14.0,3.0,15.0,15.0,2.0,0.03138075313807531,34.0,42.0,0.21428571428571427,1.0296610169491525,0.14011067708333333
2024-11-12_09_46_10_(14704)_sardine_input_(0).png,yes,yes,15.0,4.0,15.0,15.0,2.0,0.03138075313807531,35.0,48.0,0.26666666666666666,1.0375782881002087,0.16088541666666667
2024-11-12_09_46_10_(14704)_sardine_input_(1).png,yes,yes,15.0,4.0,15.0,15.0,2.0,0.03138075313807531,36.0,51.0,0.26666666666666666,1.0376569037656904,0.17125651041666667
2024-11-12_09_46_10_(14704)_sardine_input_(2).png,yes,yes,15.0,4.0,15.0,15.0,2.0,0.03138075313807531,35.0,49.0,0.26666666666666666,1.0417536534446765,0.16480305989583333
2024-11-12_09_46_24_(14705)_sardine_input_(0).png,yes,yes,15.0,4.0,15.0,15.0,2.0,0.031446540880503145,35.0,46.0,0.26666666666666666,1.0375782881002087,0.15292643229166666
2024-11-12_09_46_24_(14705)_sardine_input_(1).png,yes,yes,15.0,4.0,15.0,15.0,2.0,0.031446540880503145,36.0,54.0,0.26666666666666666,1.0459290187891441,0.18033203125
2024-11-12_09_46_24_(14705)_sardine_input_(2).png,yes,yes,15.0,3.0,15.0,15.0,2.0,0.031446540880503145,36.0,49.0,0.2,1.033402922755741,0.1643212890625
2024-11-12_09_46_40_(14706)_sardine_input_(0).png,yes,yes,13.0,4.0,14.0,15.0,3.0,0.031446540880503145,33.0,40.0,0.3076923076923077,1.0545454545454545,0.1330712890625
2024-11-12_09_46_40_(14706)_sardine_input_(1).png,yes,yes,15.0,3.0,15.0,15.0,3.0,0.031446540880503145,34.0,43.0,0.2,1.0313807531380754,0.14413248697916667
2024-11-12_09_46_40_(14706)_sardine_input_(2).png,yes,yes,15.0,4.0,15.0,15.0,3.0,0.031446540880503145,36.0,49.0,0.26666666666666666,1.0375782881002087,0.16329915364583333
2024-11-12_09_46_54_(14707)_sardine_input_(0).png,yes,yes,15.0,4.0,15.0,15.0,2.0,0.031446540880503145,36.0,57.0,0.26666666666666666,1.048016701461378,0.1881005859375
2024-11-12_09_46_54_(14707)_sardine_input_(1).png,yes,yes,13.0,4.0,14.0,15.0,2.0,0.031446540880503145,33.0,49.0,0.3076923076923077,1.0511627906976744,0.16173177083333334
2024-11-12_09_46_54_(14707)_sardine_input_(2).png,yes,yes,15.0,5.0,15.0,15.0,2.0,0.031446540880503145,37.0,59.0,0.3333333333333333,1.0543933054393306,0.19654622395833332
2024-11-12_09_47_10_(14708)_sardine_input_(0).png,yes,yes,15.0,4.0,15.0,15.0,1.0,0.03138075313807531,35.0,42.0,0.26666666666666666,1.0459290187891441,0.14156087239583334
2024-11-12_09_47_10_(14708)_sardine_input_(1).png,yes,yes,15.0,3.0,15.0,15.0,1.0,0.03138075313807531,34.0,44.0,0.2,1.0313152400835073,0.14619303385416665
2024-11-12_09_47_10_(14708)_sardine_input_(2).png,yes,yes,15.0,4.0,15.0,15.0,1.0,0.03138075313807531,35.0,44.0,0.26666666666666666,1.0355648535564854,0.14553873697916667
2024-11-12_09_47_23_(14709)_sardine_input_(0).png,yes,yes,14.0,4.0,15.0,15.0,2.0,0.03138075313807531,34.0,44.0,0.2857142857142857,1.0356394129979036,0.14673177083333333
2024-11-12_09_47_23_(14709)_sardine_input_(1).png,yes,yes,15.0,3.0,15.0,15.0,2.0,0.03138075313807531,35.0,47.0,0.2,1.033402922755741,0.15582682291666666
2024-11-12_09_47_23_(14709)_sardine_input_(2).png,yes,yes,15.0,4.0,15.0,15.0,2.0,0.03138075313807531,35.0,49.0,0.26666666666666666,1.0355648535564854,0.16357096354166667
2024-11-12_09_47_36_(14710)_sardine_input_(0).png,yes,yes,13.0,4.0,14.0,15.0,1.0,0.031446540880503145,32.0,41.0,0.3076923076923077,1.0406320541760723,0.13808268229166668
2024-11-12_09_47_36_(14710)_sardine_input_(1).png,yes,yes,15.0,4.0,15.0,15.0,1.0,0.031446540880503145,36.0,50.0,0.26666666666666666,1.0354906054279749,0.16674479166666667
2024-11-12_09_47_36_(14710)_sardine_input_(2).png,yes,yes,15.0,4.0,15.0,15.0,1.0,0.031446540880503145,36.0,50.0,0.26666666666666666,1.0354906054279749,0.16738444010416667
2024-11-12_09_47_49_(14711)_sardine_input_(0).png,yes,yes,13.0,3.0,14.0,15.0,2.0,0.03138075313807531,32.0,42.0,0.23076923076923078,1.0383747178329572,0.139189453125
2024-11-12_09_47_49_(14711)_sardine_input_(1).png,yes,yes,13.0,3.0,14.0,15.0,2.0,0.03138075313807531,32.0,40.0,0.23076923076923078,1.0387243735763099,0.133349609375
2024-11-12_09_47_49_(14711)_sardine_input_(2).png,yes,yes,15.0,4.0,15.0,15.0,2.0,0.03138075313807531,35.0,48.0,0.26666666666666666,1.0396659707724425,0.16130533854166668
2024-11-12_10_03_32_(14712)_sardine_input_(0).png,yes,yes,14.0,3.0,14.0,15.0,1.0,0.03138075313807531,33.0,40.0,0.21428571428571427,1.0305676855895196,0.133232421875
2024-11-12_10_03_32_(14712)_sardine_input_(1).png,yes,yes,14.0,3.0,15.0,15.0,1.0,0.03138075313807531,33.0,39.0,0.21428571428571427,1.027542372881356,0.12892903645833334
2024-11-12_10_03_32_(14712)_sardine_input_(2).png,yes,yes,14.0,4.0,14.0,15.0,1.0,0.03138075313807531,33.0,45.0,0.2857142857142857,1.039911308203991,0.14999186197916667
2024-11-12_10_03_45_(14713)_sardine_input_(0).png,yes,yes,15.0,4.0,15.0,15.0,2.0,0.031446540880503145,36.0,53.0,0.26666666666666666,1.0417536534446765,0.17705403645833334
2024-11-12_10_03_45_(14713)_sardine_input_(1).png,yes,yes,15.0,5.0,15.0,15.0,2.0,0.031446540880503145,37.0,57.0,0.3333333333333333,1.0585774058577406,0.1891796875
2024-11-12_10_03_45_(14713)_sardine_input_(2).png,yes,yes,15.0,4.0,15.0,15.0,2.0,0.031446540880503145,36.0,50.0,0.26666666666666666,1.0355648535564854,0.16595540364583333
2024-11-12_10_03_59_(14714)_sardine_input_(0).png,yes,yes,14.0,3.0,15.0,15.0,2.0,0.031446540880503145,34.0,42.0,0.21428571428571427,1.0343347639484979,0.1412939453125
2024-11-12_10_03_59_(14714)_sardine_input_(1).png,yes,yes,15.0,3.0,15.0,15.0,2.0,0.031446540880503145,35.0,47.0,0.2,1.033402922755741,0.15531087239583333
2024-11-12_10_03_59_(14714)_sardine_input_(2).png,yes,yes,15.0,3.0,15.0,15.0,2.0,0.031446540880503145,35.0,47.0,0.2,1.033402922755741,0.15707682291666666
2024-11-12_10_04_12_(14715)_sardine_input_(0).png,yes,yes,15.0,5.0,15.0,15.0,2.0,0.03138075313807531,38.0,66.0,0.3333333333333333,1.0542797494780793,0.2182958984375
2024-11-12_10_04_12_(14715)_sardine_input_(1).png,yes,yes,15.0,4.0,15.0,15.0,2.0,0.03138075313807531,36.0,56.0,0.26666666666666666,1.0418410041841004,0.18628580729166666
2024-11-12_10_04_12_(14715)_sardine_input_(2).png,yes,yes,15.0,4.0,15.0,15.0,2.0,0.03138075313807531,37.0,64.0,0.26666666666666666,1.0523012552301256,0.2122265625
2024-11-12_10_04_27_(14716)_sardine_input_(0).png,yes,yes,15.0,4.0,15.0,15.0,2.0,0.031446540880503145,36.0,53.0,0.26666666666666666,1.0438413361169103,0.17609700520833332
2024-11-12_10_04_27_(14716)_sardine_input_(1).png,yes,yes,15.0,4.0,15.0,15.0,2.0,0.031446540880503145,36.0,53.0,0.26666666666666666,1.0397489539748954,0.17697102864583333
2024-11-12_10_04_27_(14716)_sardine_input_(2).png,yes,yes,15.0,4.0,15.0,15.0,2.0,0.031446540880503145,37.0,58.0,0.26666666666666666,1.048016701461378,0.19123372395833332
2024-11-12_10_04_40_(14717)_sardine_input_(0).png,yes,yes,15.0,4.0,15.0,15.0,2.0,0.031446540880503145,36.0,45.0,0.26666666666666666,1.0417536534446765,0.1499267578125
2024-11-12_10_04_40_(14717)_sardine_input_(1).png,yes,yes,14.0,3.0,14.0,15.0,2.0,0.031446540880503145,33.0,38.0,0.21428571428571427,1.0260303687635575,0.12592122395833333
2024-11-12_10_04_40_(14717)_sardine_input_(2).png,yes,yes,15.0,4.0,15.0,15.0,2.0,0.031446540880503145,37.0,47.0,0.26666666666666666,1.0375782881002087,0.15542805989583333
2024-11-12_10_04_56_(14718)_sardine_input_(0).png,yes,yes,14.0,3.0,14.0,15.0,2.0,0.03138075313807531,32.0,41.0,0.21428571428571427,1.0379464285714286,0.13832356770833334
2024-11-12_10_04_56_(14718)_sardine_input_(1).png,yes,yes,14.0,4.0,15.0,15.0,2.0,0.03138075313807531,37.0,58.0,0.2857142857142857,1.0482180293501049,0.1941845703125
2024-11-12_10_04_56_(14718)_sardine_input_(2).png,yes,yes,15.0,4.0,15.0,15.0,2.0,0.03138075313807531,35.0,46.0,0.26666666666666666,1.0354906054279749,0.15382975260416668
2024-11-12_10_05_15_(14719)_sardine_input_(0).png,yes,yes,13.0,3.0,13.0,15.0,2.0,0.03138075313807531,31.0,40.0,0.23076923076923078,1.0381861575178997,0.13268229166666667
2024-11-12_10_05_15_(14719)_sardine_input_(1).png,yes,yes,15.0,4.0,15.0,15.0,2.0,0.03138075313807531,35.0,51.0,0.26666666666666666,1.0376569037656904,0.17133626302083332
2024-11-12_10_05_15_(14719)_sardine_input_(2).png,yes,yes,14.0,3.0,14.0,15.0,2.0,0.03138075313807531,33.0,43.0,0.21428571428571427,1.032967032967033,0.14234375
2024-11-12_10_05_32_(14720)_sardine_input_(0).png,yes,yes,14.0,3.0,14.0,15.0,1.0,0.03138075313807531,33.0,40.0,0.21428571428571427,1.0375275938189845,0.13279134114583332
2024-11-12_10_05_32_(14720)_sardine_input_(1).png,yes,yes,14.0,3.0,14.0,15.0,1.0,0.03138075313807531,32.0,38.0,0.21428571428571427,1.0283842794759825,0.1263525390625
2024-11-12_10_05_32_(14720)_sardine_input_(2).png,yes,yes,15.0,4.0,15.0,15.0,1.0,0.03138075313807531,35.0,47.0,0.26666666666666666,1.0355648535564854,0.15850260416666667
2024-11-12_10_05_43_(14721)_sardine_input_(0).png,yes,yes,15.0,4.0,15.0,15.0,2.0,0.03138075313807531,35.0,49.0,0.26666666666666666,1.0354906054279749,0.16417805989583334
2024-11-12_10_05_43_(14721)_sardine_input_(1).png,yes,yes,14.0,3.0,14.0,15.0,2.0,0.03138075313807531,33.0,40.0,0.21428571428571427,1.0302375809935205,0.13431966145833332
2024-11-12_10_05_43_(14721)_sardine_input_(2).png,yes,yes,15.0,4.0,15.0,15.0,2.0,0.03138075313807531,36.0,55.0,0.26666666666666666,1.0417536534446765,0.18236328125
2024-11-12_10_05_58_(14722)_sardine_input_(0).png,yes,yes,14.0,4.0,15.0,15.0,2.0,0.031315240083507306,34.0,45.0,0.2857142857142857,1.0362473347547974,0.151494140625
2024-11-12_10_05_58_(14722)_sardine_input_(1).png,yes,yes,15.0,4.0,15.0,15.0,2.0,0.031315240083507306,36.0,54.0,0.26666666666666666,1.048016701461378,0.17979654947916668
2024-11-12_10_06_09_(14723)_sardine_input_(0).png,yes,yes,13.0,4.0,14.0,15.0,2.0,0.031446540880503145,34.0,50.0,0.3076923076923077,1.0521541950113378,0.16741536458333334
2024-11-12_10_06_09_(14723)_sardine_input_(1).png,yes,yes,15.0,4.0,15.0,15.0,2.0,0.031446540880503145,36.0,56.0,0.26666666666666666,1.048016701461378,0.18724283854166668
2024-11-12_10_21_15_(14724)_sardine_input_(0).png,yes,yes,15.0,4.0,15.0,15.0,2.0,0.031446540880503145,36.0,53.0,0.26666666666666666,1.0438413361169103,0.17728190104166666
2024-11-12_10_21_15_(14724)_sardine_input_(1).png,yes,yes,14.0,4.0,14.0,15.0,2.0,0.031446540880503145,33.0,45.0,0.2857142857142857,1.0376940133037693,0.15073893229166666
2024-11-12_10_21_28_(14725)_sardine_input_(0).png,yes,yes,15.0,5.0,15.0,15.0,2.0,0.031446540880503145,36.0,53.0,0.3333333333333333,1.0543933054393306,0.17733072916666667
2024-11-12_10_21_28_(14725)_sardine_input_(1).png,yes,yes,15.0,5.0,15.0,15.0,2.0,0.031446540880503145,36.0,53.0,0.3333333333333333,1.0564853556485356,0.17620279947916667
2024-11-12_10_21_28_(14725)_sardine_input_(2).png,yes,yes,15.0,4.0,15.0,15.0,2.0,0.031446540880503145,36.0,55.0,0.26666666666666666,1.0481171548117154,0.183837890625
2024-11-12_10_21_40_(14726)_sardine_input_(0).png,yes,yes,15.0,3.0,15.0,15.0,2.0,0.031315240083507306,35.0,46.0,0.2,1.033402922755741,0.15506022135416667
2024-11-12_10_21_40_(14726)_sardine_input_(1).png,yes,yes,14.0,4.0,15.0,15.0,2.0,0.031315240083507306,36.0,54.0,0.2857142857142857,1.0460251046025104,0.18105631510416667
2024-11-12_10_21_40_(14726)_sardine_input_(2).png,yes,yes,15.0,3.0,15.0,15.0,2.0,0.031315240083507306,34.0,46.0,0.2,1.0292275574112735,0.15511393229166667
2024-11-12_10_21_52_(14727)_sardine_input_(0).png,yes,yes,15.0,3.0,15.0,15.0,2.0,0.031446540880503145,36.0,49.0,0.2,1.033402922755741,0.1638330078125
2024-11-12_10_21_52_(14727)_sardine_input_(1).png,yes,yes,15.0,4.0,15.0,15.0,2.0,0.031446540880503145,36.0,51.0,0.26666666666666666,1.0376569037656904,0.16834147135416666
2024-11-12_10_21_52_(14727)_sardine_input_(2).png,yes,yes,15.0,4.0,15.0,15.0,2.0,0.031446540880503145,35.0,49.0,0.26666666666666666,1.0355648535564854,0.16191243489583335
2024-11-12_10_22_06_(14728)_sardine_input_(0).png,yes,yes,15.0,3.0,15.0,15.0,2.0,0.031446540880503145,35.0,49.0,0.2,1.0334728033472804,0.16262369791666667
2024-11-12_10_22_06_(14728)_sardine_input_(1).png,yes,yes,15.0,4.0,15.0,15.0,2.0,0.031446540880503145,35.0,48.0,0.26666666666666666,1.0375782881002087,0.15961751302083332
2024-11-12_10_22_06_(14728)_sardine_input_(2).png,yes,yes,15.0,4.0,15.0,15.0,2.0,0.031446540880503145,36.0,47.0,0.26666666666666666,1.0396659707724425,0.15625325520833333
2024-11-12_10_22_18_(14729)_sardine_input_(0).png,yes,yes,14.0,4.0,15.0,15.0,2.0,0.03138075313807531,34.0,47.0,0.2857142857142857,1.0378151260504203,0.15644368489583332
2024-11-12_10_22_18_(14729)_sardine_input_(1).png,yes,yes,15.0,4.0,15.0,15.0,2.0,0.03138075313807531,36.0,53.0,0.26666666666666666,1.0438413361169103,0.17806477864583334
2024-11-12_10_22_18_(14729)_sardine_input_(2).png,yes,yes,15.0,4.0,15.0,15.0,2.0,0.03138075313807531,37.0,50.0,0.26666666666666666,1.0397489539748954,0.16556803385416666
2024-11-12_10_22_31_(14730)_sardine_input_(0).png,yes,yes,15.0,3.0,15.0,15.0,2.0,0.03138075313807531,35.0,47.0,0.2,1.033402922755741,0.1566259765625
2024-11-12_10_22_31_(14730)_sardine_input_(1).png,yes,yes,13.0,3.0,13.0,15.0,2.0,0.03138075313807531,31.0,39.0,0.23076923076923078,1.0348837209302326,0.12952799479166666
2024-11-12_10_22_31_(14730)_sardine_input_(2).png,yes,yes,14.0,4.0,14.0,15.0,2.0,0.03138075313807531,33.0,41.0,0.2857142857142857,1.037037037037037,0.13748046875
2024-11-12_10_22_44_(14731)_sardine_input_(0).png,yes,yes,15.0,4.0,15.0,15.0,2.0,0.03138075313807531,35.0,47.0,0.26666666666666666,1.033402922755741,0.15576334635416667
2024-11-12_10_22_44_(14731)_sardine_input_(1).png,yes,yes,15.0,6.0,16.0,15.0,2.0,0.03138075313807531,38.0,48.0,0.4,1.0793319415448852,0.16056966145833335
2024-11-12_10_22_44_(14731)_sardine_input_(2).png,yes,yes,15.0,4.0,15.0,15.0,2.0,0.03138075313807531,35.0,49.0,0.26666666666666666,1.0355648535564854,0.1646875
2024-11-12_10_22_56_(14732)_sardine_input_(0).png,yes,yes,15.0,4.0,15.0,15.0,2.0,0.031446540880503145,35.0,50.0,0.26666666666666666,1.0375782881002087,0.16627115885416666
2024-11-12_10_22_56_(14732)_sardine_input_(1).png,yes,yes,15.0,3.0,15.0,15.0,2.0,0.031446540880503145,35.0,44.0,0.2,1.033402922755741,0.14738606770833335
2024-11-12_10_22_56_(14732)_sardine_input_(2).png,yes,yes,15.0,3.0,15.0,15.0,2.0,0.031446540880503145,36.0,44.0,0.2,1.0313152400835073,0.146484375
2024-11-12_10_23_09_(14733)_sardine_input_(0).png,yes,yes,14.0,3.0,14.0,15.0,1.0,0.031446540880503145,33.0,38.0,0.21428571428571427,1.0262008733624455,0.1279638671875
2024-11-12_10_23_09_(14733)_sardine_input_(1).png,yes,yes,15.0,4.0,15.0,15.0,1.0,0.031446540880503145,35.0,45.0,0.26666666666666666,1.0354906054279749,0.14904947916666667
2024-11-12_10_23_09_(14733)_sardine_input_(2).png,yes,yes,15.0,3.0,15.0,15.0,1.0,0.031446540880503145,35.0,41.0,0.2,1.0271398747390397,0.13689127604166668
2024-11-12_10_23_32_(14735)_sardine_input_(0).png,yes,yes,14.0,3.0,14.0,15.0,2.0,0.031315240083507306,33.0,42.0,0.21428571428571427,1.0303687635574836,0.14085123697916666
2024-11-12_10_23_32_(14735)_sardine_input_(1).png,yes,yes,14.0,4.0,15.0,15.0,2.0,0.031315240083507306,37.0,46.0,0.2857142857142857,1.0355648535564854,0.1548193359375
2024-11-12_10_23_32_(14735)_sardine_input_(2).png,yes,yes,15.0,4.0,15.0,15.0,2.0,0.031315240083507306,36.0,48.0,0.26666666666666666,1.0354906054279749,0.1604541015625
2024-11-12_10_23_48_(14736)_sardine_input_(0).png,yes,yes,15.0,4.0,15.0,15.0,2.0,0.03138075313807531,35.0,46.0,0.26666666666666666,1.0375782881002087,0.153681640625
2024-11-12_10_23_48_(14736)_sardine_input_(1).png,yes,yes,15.0,4.0,15.0,15.0,2.0,0.03138075313807531,39.0,49.0,0.26666666666666666,1.0396659707724425,0.16311686197916667
2024-11-12_10_23_48_(14736)_sardine_input_(2).png,yes,yes,15.0,4.0,15.0,15.0,2.0,0.03138075313807531,36.0,51.0,0.26666666666666666,1.0438413361169103,0.17125651041666667
2024-11-14_10_28_20_(14750)_sardine_input_(0).png,yes,yes,15.0,4.0,15.0,15.0,2.0,0.031315240083507306,36.0,44.0,0.26666666666666666,1.0354906054279749,0.1477587890625
2024-11-14_10_28_20_(14750)_sardine_input_(1).png,yes,yes,15.0,4.0,15.0,15.0,2.0,0.031315240083507306,35.0,45.0,0.26666666666666666,1.0459290187891441,0.1496728515625
2024-11-14_10_28_20_(14750)_sardine_input_(2).png,yes,yes,15.0,4.0,15.0,15.0,2.0,0.031315240083507306,35.0,45.0,0.26666666666666666,1.0375782881002087,0.14960774739583332
2024-11-14_10_28_29_(14751)_sardine_input_(0).png,yes,yes,15.0,4.0,15.0,15.0,2.0,0.03138075313807531,37.0,49.0,0.26666666666666666,1.0459290187891441,0.16393391927083334
2024-11-14_10_28_29_(14751)_sardine_input_(1).png,yes,yes,15.0,4.0,15.0,15.0,2.0,0.03138075313807531,35.0,51.0,0.26666666666666666,1.0354906054279749,0.168603515625
2024-11-14_10_28_29_(14751)_sardine_input_(2).png,yes,yes,15.0,3.0,15.0,15.0,2.0,0.03138075313807531,35.0,46.0,0.2,1.0292275574112735,0.1527587890625
2024-11-14_10_29_18_(14753)_sardine_input_(0).png,yes,yes,15.0,4.0,15.0,15.0,2.0,0.031446540880503145,35.0,44.0,0.26666666666666666,1.0354906054279749,0.14741536458333335
2024-11-14_10_29_18_(14753)_sardine_input_(1).png,yes,yes,15.0,3.0,15.0,15.0,2.0,0.031446540880503145,35.0,46.0,0.2,1.0292887029288702,0.1539599609375
2024-11-14_10_29_18_(14753)_sardine_input_(2).png,yes,yes,15.0,3.0,15.0,15.0,2.0,0.031446540880503145,35.0,47.0,0.2,1.033402922755741,0.157587890625
2024-11-14_10_29_29_(14754)_sardine_input_(0).png,yes,yes,15.0,4.0,15.0,15.0,2.0,0.031446540880503145,36.0,48.0,0.26666666666666666,1.0375782881002087,0.1607958984375
2024-11-14_10_29_29_(14754)_sardine_input_(1).png,yes,yes,15.0,4.0,15.0,15.0,2.0,0.031446540880503145,35.0,44.0,0.26666666666666666,1.0396659707724425,0.14673014322916667
2024-11-14_10_29_29_(14754)_sardine_input_(2).png,yes,yes,15.0,3.0,15.0,15.0,2.0,0.031446540880503145,35.0,45.0,0.2,1.0292887029288702,0.14871419270833333
2024-11-14_10_29_39_(14755)_sardine_input_(0).png,yes,yes,15.0,3.0,15.0,15.0,2.0,0.031446540880503145,35.0,45.0,0.2,1.0313152400835073,0.14853190104166666
2024-11-14_10_29_39_(14755)_sardine_input_(1).png,yes,yes,15.0,3.0,15.0,15.0,2.0,0.031446540880503145,35.0,41.0,0.2,1.0271398747390397,0.1376953125
2024-11-14_10_29_39_(14755)_sardine_input_(2).png,yes,yes,15.0,4.0,15.0,15.0,2.0,0.031446540880503145,35.0,44.0,0.26666666666666666,1.0375782881002087,0.146962890625
2024-11-14_10_29_51_(14756)_sardine_input_(0).png,yes,yes,14.0,5.0,15.0,15.0,1.0,0.031315240083507306,34.0,41.0,0.35714285714285715,1.055084745762712,0.13791829427083332
2024-11-14_10_29_51_(14756)_sardine_input_(1).png,yes,yes,14.0,4.0,15.0,15.0,1.0,0.031315240083507306,35.0,41.0,0.2857142857142857,1.0355648535564854,0.13909830729166667
2024-11-14_10_29_51_(14756)_sardine_input_(2).png,yes,yes,14.0,3.0,15.0,15.0,1.0,0.031315240083507306,37.0,43.0,0.21428571428571427,1.029350104821803,0.1427685546875
2024-11-14_10_30_03_(14757)_sardine_input_(0).png,yes,yes,15.0,3.0,15.0,15.0,1.0,0.03138075313807531,35.0,43.0,0.2,1.0313152400835073,0.14469075520833333
2024-11-14_10_30_03_(14757)_sardine_input_(1).png,yes,yes,15.0,3.0,15.0,15.0,1.0,0.03138075313807531,35.0,40.0,0.2,1.0271966527196652,0.13312174479166666
2024-11-14_10_30_03_(14757)_sardine_input_(2).png,yes,yes,15.0,3.0,15.0,15.0,1.0,0.03138075313807531,35.0,42.0,0.2,1.033402922755741,0.1402587890625
2024-11-14_10_30_24_(14758)_sardine_input_(0).png,yes,yes,15.0,4.0,15.0,15.0,1.0,0.03138075313807531,36.0,53.0,0.26666666666666666,1.0397489539748954,0.17578450520833333
2024-11-14_10_30_24_(14758)_sardine_input_(1).png,yes,yes,15.0,3.0,15.0,15.0,1.0,0.03138075313807531,35.0,41.0,0.2,1.033402922755741,0.13617350260416666
2024-11-14_10_30_24_(14758)_sardine_input_(2).png,yes,yes,15.0,3.0,15.0,15.0,1.0,0.03138075313807531,35.0,45.0,0.2,1.0313152400835073,0.15042154947916667
2024-11-14_10_30_39_(14759)_sardine_input_(0).png,yes,yes,14.0,6.0,15.0,15.0,1.0,0.03138075313807531,36.0,29.0,0.42857142857142855,1.0980392156862746,0.0981103515625
2024-11-14_10_30_39_(14759)_sardine_input_(1).png,yes,yes,15.0,3.0,15.0,15.0,1.0,0.03138075313807531,36.0,38.0,0.2,1.0251046025104602,0.12712239583333335
2024-11-14_10_30_39_(14759)_sardine_input_(2).png,yes,yes,15.0,3.0,15.0,15.0,1.0,0.03138075313807531,36.0,37.0,0.2,1.025,0.12342610677083334
2024-11-14_10_30_52_(14760)_sardine_input_(0).png,yes,yes,15.0,3.0,15.0,15.0,1.0,0.03138075313807531,36.0,45.0,0.2,1.033402922755741,0.1518017578125
2024-11-14_10_30_52_(14760)_sardine_input_(1).png,yes,yes,15.0,3.0,15.0,15.0,1.0,0.03138075313807531,36.0,42.0,0.2,1.0313807531380754,0.13944173177083333
2024-11-14_10_30_52_(14760)_sardine_input_(2).png,yes,yes,15.0,3.0,15.0,15.0,1.0,0.03138075313807531,35.0,28.0,0.2,1.0208768267223383,0.09319661458333334
2024-11-14_10_31_03_(14761)_sardine_input_(0).png,yes,yes,14.0,3.0,14.0,15.0,1.0,0.032119914346895075,32.0,37.0,0.21428571428571427,1.0315315315315314,0.11705078125
2024-11-14_10_31_03_(14761)_sardine_input_(1).png,yes,yes,15.0,3.0,15.0,15.0,1.0,0.032119914346895075,35.0,41.0,0.2,1.0250521920668059,0.13065592447916666
2024-11-14_10_31_03_(14761)_sardine_input_(2).png,yes,yes,14.0,3.0,15.0,15.0,1.0,0.032119914346895075,36.0,34.0,0.21428571428571427,1.0237068965517242,0.11004720052083333
2024-11-14_10_31_17_(14762)_sardine_input_(0).png,yes,yes,15.0,3.0,15.0,15.0,1.0,0.031512605042016806,35.0,44.0,0.2,1.0292887029288702,0.1472412109375
2024-11-14_10_31_17_(14762)_sardine_input_(1).png,yes,yes,14.0,4.0,14.0,15.0,1.0,0.031512605042016806,33.0,44.0,0.2857142857142857,1.04,0.14555826822916668
2024-11-14_10_31_17_(14762)_sardine_input_(2).png,yes,yes,15.0,4.0,15.0,15.0,1.0,0.031512605042016806,35.0,46.0,0.26666666666666666,1.0418410041841004,0.1515771484375
2024-11-14_10_31_29_(14763)_sardine_input_(0).png,yes,yes,14.0,3.0,15.0,15.0,2.0,0.03333333333333333,34.0,41.0,0.21428571428571427,1.0337078651685394,0.12098958333333333
2024-11-14_10_31_29_(14763)_sardine_input_(1).png,yes,yes,14.0,4.0,15.0,15.0,2.0,0.03333333333333333,34.0,44.0,0.2857142857142857,1.048498845265589,0.1317578125
2024-11-14_10_31_29_(14763)_sardine_input_(2).png,yes,yes,15.0,3.0,16.0,15.0,2.0,0.03333333333333333,36.0,43.0,0.2,1.023157894736842,0.1259765625
2024-11-14_10_31_40_(14764)_sardine_input_(0).png,yes,yes,15.0,3.0,15.0,15.0,2.0,0.03225806451612903,36.0,44.0,0.2,1.0271398747390397,0.1381103515625
2024-11-14_10_31_40_(14764)_sardine_input_(1).png,yes,yes,15.0,3.0,15.0,15.0,2.0,0.03225806451612903,35.0,47.0,0.2,1.032119914346895,0.14744303385416666
2024-11-14_10_31_40_(14764)_sardine_input_(2).png,yes,yes,15.0,4.0,15.0,15.0,2.0,0.03225806451612903,35.0,43.0,0.26666666666666666,1.0313152400835073,0.1364404296875
2024-11-14_10_31_52_(14765)_sardine_input_(0).png,yes,yes,15.0,3.0,15.0,15.0,1.0,0.03164556962025317,35.0,41.0,0.2,1.0271966527196652,0.13380533854166668
2024-11-14_10_31_52_(14765)_sardine_input_(1).png,yes,yes,15.0,4.0,15.0,15.0,1.0,0.03164556962025317,36.0,41.0,0.26666666666666666,1.033402922755741,0.136064453125
2024-11-14_10_31_52_(14765)_sardine_input_(2).png,yes,yes,15.0,5.0,16.0,15.0,1.0,0.03164556962025317,38.0,45.0,0.3333333333333333,1.0647181628392484,0.14691080729166667
2024-11-14_10_32_04_(14766)_sardine_input_(0).png,yes,yes,15.0,3.0,15.0,15.0,2.0,0.03138075313807531,35.0,43.0,0.2,1.033402922755741,0.14373697916666667
2024-11-14_10_32_04_(14766)_sardine_input_(1).png,yes,yes,14.0,3.0,14.0,15.0,2.0,0.03138075313807531,32.0,38.0,0.21428571428571427,1.0333333333333334,0.12861979166666668
2024-11-14_10_32_04_(14766)_sardine_input_(2).png,yes,yes,15.0,3.0,15.0,15.0,2.0,0.03138075313807531,34.0,41.0,0.2,1.0313152400835073,0.1365771484375
2024-11-14_10_32_20_(14767)_sardine_input_(0).png,yes,yes,15.0,4.0,15.0,15.0,1.0,0.03138075313807531,35.0,46.0,0.26666666666666666,1.0375782881002087,0.15402669270833333
2024-11-14_10_32_20_(14767)_sardine_input_(1).png,yes,yes,13.0,3.0,14.0,15.0,1.0,0.03138075313807531,32.0,38.0,0.23076923076923078,1.0337078651685394,0.12603352864583334
2024-11-14_10_32_20_(14767)_sardine_input_(2).png,yes,yes,15.0,3.0,15.0,15.0,1.0,0.03138075313807531,35.0,39.0,0.2,1.0271398747390397,0.129755859375
2024-11-14_10_36_53_(14777)_sardine_input_(0).png,yes,yes,15.0,4.0,15.0,15.0,1.0,0.031446540880503145,35.0,48.0,0.26666666666666666,1.0459290187891441,0.15981119791666668
2024-11-14_10_36_53_(14777)_sardine_input_(1).png,yes,yes,15.0,4.0,15.0,15.0,1.0,0.031446540880503145,36.0,47.0,0.26666666666666666,1.048016701461378,0.15708984375
2024-11-14_10_36_53_(14777)_sardine_input_(2).png,yes,yes,15.0,4.0,15.0,15.0,1.0,0.031446540880503145,35.0,48.0,0.26666666666666666,1.0418410041841004,0.16091471354166667
2024-11-14_10_37_00_(14778)_sardine_input_(0).png,yes,yes,15.0,4.0,15.0,15.0,2.0,0.03138075313807531,36.0,48.0,0.26666666666666666,1.0439330543933054,0.16112955729166667
2024-11-14_10_37_00_(14778)_sardine_input_(1).png,yes,yes,15.0,4.0,15.0,15.0,2.0,0.03138075313807531,35.0,45.0,0.26666666666666666,1.0375782881002087,0.14943033854166668
2024-11-14_10_37_00_(14778)_sardine_input_(2).png,yes,yes,15.0,4.0,15.0,15.0,2.0,0.03138075313807531,36.0,52.0,0.26666666666666666,1.0417536534446765,0.17305501302083334
2024-11-14_10_37_13_(14779)_sardine_input_(0).png,yes,yes,15.0,3.0,15.0,15.0,1.0,0.03138075313807531,34.0,44.0,0.2,1.0313152400835073,0.14823893229166665
2024-11-14_10_37_13_(14779)_sardine_input_(1).png,yes,yes,14.0,4.0,15.0,15.0,1.0,0.03138075313807531,33.0,39.0,0.2857142857142857,1.0368763557483731,0.13077311197916666
2024-11-14_10_37_13_(14779)_sardine_input_(2).png,yes,yes,15.0,4.0,15.0,15.0,1.0,0.03138075313807531,35.0,45.0,0.26666666666666666,1.0375782881002087,0.15193684895833334
2024-11-14_10_37_24_(14780)_sardine_input_(0).png,yes,yes,14.0,4.0,15.0,15.0,2.0,0.03138075313807531,34.0,42.0,0.2857142857142857,1.0365591397849463,0.14082356770833335
2024-11-14_10_37_24_(14780)_sardine_input_(1).png,yes,yes,15.0,3.0,15.0,15.0,2.0,0.03138075313807531,35.0,45.0,0.2,1.0292887029288702,0.15015462239583333
2024-11-14_10_37_24_(14780)_sardine_input_(2).png,yes,yes,15.0,4.0,15.0,15.0,2.0,0.03138075313807531,36.0,50.0,0.26666666666666666,1.0438413361169103,0.165546875
2024-11-14_10_37_35_(14781)_sardine_input_(0).png,yes,yes,14.0,4.0,15.0,15.0,2.0,0.031512605042016806,34.0,43.0,0.2857142857142857,1.036480686695279,0.1427294921875
2024-11-14_10_37_35_(14781)_sardine_input_(1).png,yes,yes,15.0,4.0,15.0,15.0,2.0,0.031512605042016806,37.0,41.0,0.26666666666666666,1.0438413361169103,0.13644368489583333
2024-11-14_10_37_35_(14781)_sardine_input_(2).png,yes,yes,15.0,5.0,15.0,15.0,2.0,0.031512605042016806,37.0,44.0,0.3333333333333333,1.0542797494780793,0.1458544921875
2024-11-14_10_37_49_(14782)_sardine_input_(0).png,yes,yes,15.0,3.0,15.0,15.0,1.0,0.03225806451612903,35.0,39.0,0.2,1.025369978858351,0.12509928385416666
2024-11-14_10_37_49_(14782)_sardine_input_(1).png,yes,yes,15.0,3.0,15.0,15.0,1.0,0.03225806451612903,34.0,40.0,0.2,1.0299785867237687,0.12665201822916666
2024-11-14_10_37_49_(14782)_sardine_input_(2).png,yes,yes,14.0,3.0,15.0,15.0,1.0,0.03225806451612903,34.0,42.0,0.21428571428571427,1.0323974082073435,0.13215169270833332
2024-11-14_10_38_02_(14783)_sardine_input_(0).png,yes,yes,15.0,3.0,15.0,15.0,1.0,0.03138075313807531,35.0,44.0,0.2,1.033402922755741,0.14620279947916667
2024-11-14_10_38_02_(14783)_sardine_input_(1).png,yes,yes,15.0,4.0,15.0,15.0,1.0,0.03138075313807531,37.0,46.0,0.26666666666666666,1.0334728033472804,0.1525244140625
2024-11-14_10_38_02_(14783)_sardine_input_(2).png,yes,yes,15.0,4.0,15.0,15.0,1.0,0.03138075313807531,37.0,47.0,0.26666666666666666,1.0376569037656904,0.15761393229166668
2024-11-14_10_38_28_(14785)_sardine_input_(0).png,yes,yes,15.0,3.0,15.0,15.0,2.0,0.03138075313807531,34.0,45.0,0.2,1.0313152400835073,0.14932454427083333
2024-11-14_10_38_28_(14785)_sardine_input_(1).png,yes,yes,14.0,3.0,14.0,15.0,2.0,0.03138075313807531,32.0,37.0,0.21428571428571427,1.0288248337028825,0.12449869791666666
2024-11-14_10_38_28_(14785)_sardine_input_(2).png,yes,yes,15.0,4.0,15.0,15.0,2.0,0.03138075313807531,36.0,43.0,0.26666666666666666,1.0439330543933054,0.144423828125
2024-11-14_10_38_40_(14786)_sardine_input_(0).png,yes,yes,14.0,3.0,15.0,15.0,2.0,0.03138075313807531,34.0,47.0,0.21428571428571427,1.0342612419700214,0.15697591145833334
2024-11-14_10_38_40_(14786)_sardine_input_(1).png,yes,yes,15.0,4.0,15.0,15.0,2.0,0.03138075313807531,36.0,53.0,0.26666666666666666,1.0438413361169103,0.178193359375
2024-11-14_10_38_40_(14786)_sardine_input_(2).png,yes,yes,15.0,4.0,15.0,15.0,2.0,0.03138075313807531,35.0,50.0,0.26666666666666666,1.0396659707724425,0.16748697916666666
2024-11-14_10_38_53_(14787)_sardine_input_(0).png,yes,yes,14.0,6.0,15.0,15.0,2.0,0.03138075313807531,36.0,38.0,0.42857142857142855,1.078723404255319,0.12590983072916667
2024-11-14_10_38_53_(14787)_sardine_input_(1).png,yes,yes,15.0,5.0,15.0,15.0,2.0,0.03138075313807531,36.0,42.0,0.3333333333333333,1.0542797494780793,0.13959635416666666
2024-11-14_10_38_53_(14787)_sardine_input_(2).png,yes,yes,14.0,4.0,15.0,15.0,2.0,0.03138075313807531,34.0,41.0,0.2857142857142857,1.0382978723404255,0.1388134765625
2024-11-14_10_39_09_(14788)_sardine_input_(0).png,yes,yes,14.0,4.0,14.0,15.0,1.0,0.03138075313807531,33.0,43.0,0.2857142857142857,1.0375275938189845,0.14426106770833333
2024-11-14_10_39_09_(14788)_sardine_input_(1).png,yes,yes,15.0,3.0,15.0,15.0,1.0,0.03138075313807531,35.0,41.0,0.2,1.0251046025104602,0.13822916666666665
2024-11-14_10_39_09_(14788)_sardine_input_(2).png,yes,yes,15.0,3.0,15.0,15.0,1.0,0.03138075313807531,37.0,41.0,0.2,1.0250521920668059,0.13769856770833333
2024-11-14_10_39_25_(14789)_sardine_input_(0).png,yes,yes,15.0,4.0,15.0,15.0,2.0,0.031315240083507306,35.0,47.0,0.26666666666666666,1.0438413361169103,0.15865234375
2024-11-14_10_39_25_(14789)_sardine_input_(1).png,yes,yes,14.0,3.0,15.0,15.0,2.0,0.031315240083507306,34.0,44.0,0.21428571428571427,1.0340425531914894,0.14662109375
2024-11-14_10_39_25_(14789)_sardine_input_(2).png,yes,yes,14.0,4.0,15.0,15.0,2.0,0.031315240083507306,36.0,48.0,0.2857142857142857,1.0440251572327044,0.1617919921875
2024-11-14_10_39_42_(14790)_sardine_input_(0).png,yes,yes,15.0,3.0,15.0,15.0,1.0,0.03138075313807531,35.0,47.0,0.2,1.0313807531380754,0.15608723958333334
2024-11-14_10_39_42_(14790)_sardine_input_(1).png,yes,yes,15.0,3.0,15.0,15.0,1.0,0.03138075313807531,34.0,41.0,0.2,1.033402922755741,0.1373095703125
2024-11-14_10_39_42_(14790)_sardine_input_(2).png,yes,yes,15.0,4.0,15.0,15.0,1.0,0.03138075313807531,35.0,49.0,0.26666666666666666,1.0375782881002087,0.16384114583333334
2024-11-14_10_40_10_(14791)_sardine_input_(0).png,yes,yes,15.0,3.0,15.0,15.0,2.0,0.03138075313807531,35.0,49.0,0.2,1.0334728033472804,0.16309244791666666
2024-11-14_10_40_10_(14791)_sardine_input_(1).png,yes,yes,13.0,4.0,13.0,15.0,2.0,0.03138075313807531,31.0,43.0,0.3076923076923077,1.05,0.14359212239583333
2024-11-14_10_40_10_(14791)_sardine_input_(2).png,yes,yes,14.0,3.0,15.0,15.0,2.0,0.03138075313807531,34.0,44.0,0.21428571428571427,1.0338266384778012,0.14664713541666666
2024-11-14_10_40_26_(14792)_sardine_input_(0).png,yes,yes,13.0,5.0,14.0,15.0,2.0,0.03138075313807531,33.0,38.0,0.38461538461538464,1.0740740740740742,0.12780924479166667
2024-11-14_10_40_26_(14792)_sardine_input_(1).png,yes,yes,15.0,4.0,15.0,15.0,2.0,0.03138075313807531,35.0,44.0,0.26666666666666666,1.033402922755741,0.1471435546875
2024-11-14_10_40_26_(14792)_sardine_input_(2).png,yes,yes,15.0,4.0,15.0,15.0,2.0,0.03138075313807531,36.0,48.0,0.26666666666666666,1.0459290187891441,0.15946126302083333
2024-11-14_10_40_40_(14793)_sardine_input_(0).png,yes,yes,15.0,4.0,15.0,15.0,1.0,0.031446540880503145,35.0,38.0,0.26666666666666666,1.0459290187891441,0.12630045572916668
2024-11-14_10_40_40_(14793)_sardine_input_(1).png,yes,yes,15.0,3.0,15.0,15.0,1.0,0.031446540880503145,35.0,37.0,0.2,1.0271398747390397,0.12447916666666667
2024-11-14_10_40_40_(14793)_sardine_input_(2).png,yes,yes,15.0,3.0,15.0,15.0,1.0,0.031446540880503145,34.0,43.0,0.2,1.0250521920668059,0.14162434895833334
2024-11-19_09_13_22_(14831)_sardine_input_(0).png,yes,yes,15.0,3.0,16.0,15.0,1.0,0.027829313543599257,37.0,41.0,0.2,1.0245183887915936,0.1724951171875
2024-11-19_09_13_22_(14831)_sardine_input_(1).png,yes,yes,16.0,4.0,16.0,15.0,1.0,0.027829313543599257,38.0,41.0,0.25,1.032258064516129,0.17448893229166668
2024-11-19_09_13_22_(14831)_sardine_input_(2).png,yes,yes,15.0,3.0,16.0,15.0,1.0,0.027829313543599257,36.0,35.0,0.2,1.017636684303351,0.14790201822916665
2024-11-19_09_13_41_(14832)_sardine_input_(0).png,yes,yes,17.0,3.0,18.0,15.0,1.0,0.032327586206896554,40.0,45.0,0.17647058823529413,1.0218181818181817,0.14135091145833334
2024-11-19_09_13_41_(14832)_sardine_input_(1).png,yes,yes,17.0,4.0,17.0,15.0,1.0,0.032327586206896554,42.0,39.0,0.23529411764705882,1.0260223048327137,0.12403483072916667
2024-11-19_09_13_41_(14832)_sardine_input_(2).png,yes,yes,17.0,7.0,19.0,15.0,1.0,0.032327586206896554,44.0,46.0,0.4117647058823529,1.0882882882882883,0.145283203125
2024-11-19_09_14_02_(14833)_sardine_input_(0).png,yes,yes,17.0,5.0,18.0,15.0,1.0,0.032397408207343416,44.0,42.0,0.29411764705882354,1.04735883424408,0.13153645833333333
2024-11-19_09_14_02_(14833)_sardine_input_(1).png,yes,yes,17.0,3.0,18.0,15.0,1.0,0.032397408207343416,41.0,47.0,0.17647058823529413,1.0180831826401446,0.14618977864583332
2024-11-19_09_14_02_(14833)_sardine_input_(2).png,yes,yes,17.0,4.0,18.0,15.0,1.0,0.032397408207343416,44.0,47.0,0.23529411764705882,1.0327868852459017,0.14607584635416668
2024-11-19_09_14_26_(14834)_sardine_input_(0).png,yes,yes,18.0,3.0,19.0,15.0,1.0,0.034013605442176874,45.0,51.0,0.16666666666666666,1.01985559566787,0.14404459635416667
2024-11-19_09_14_26_(14834)_sardine_input_(1).png,yes,yes,18.0,4.0,18.0,15.0,1.0,0.034013605442176874,48.0,48.0,0.2222222222222222,1.029520295202952,0.1361865234375
2024-11-19_09_14_26_(14834)_sardine_input_(2).png,yes,yes,18.0,3.0,18.0,15.0,1.0,0.034013605442176874,44.0,46.0,0.16666666666666666,1.0205607476635514,0.131767578125
2024-11-19_09_14_49_(14835)_sardine_input_(0).png,yes,yes,17.0,3.0,18.0,15.0,1.0,0.03177966101694915,43.0,47.0,0.17647058823529413,1.0196779964221825,0.151708984375
2024-11-19_09_14_49_(14835)_sardine_input_(1).png,yes,yes,17.0,3.0,17.0,15.0,1.0,0.03177966101694915,43.0,44.0,0.17647058823529413,1.0219378427787935,0.14197591145833333
2024-11-19_09_14_49_(14835)_sardine_input_(2).png,yes,yes,18.0,4.0,18.0,15.0,1.0,0.03177966101694915,44.0,42.0,0.2222222222222222,1.0228070175438597,0.13582194010416668
2024-11-19_09_15_13_(14836)_sardine_input_(0).png,yes,yes,16.0,3.0,16.0,15.0,1.0,0.03,38.0,42.0,0.1875,1.021978021978022,0.15421712239583332
2024-11-19_09_15_13_(14836)_sardine_input_(1).png,yes,yes,17.0,3.0,17.0,15.0,1.0,0.03,42.0,43.0,0.17647058823529413,1.024390243902439,0.1571337890625
2024-11-19_09_15_13_(14836)_sardine_input_(2).png,yes,yes,19.0,4.0,19.0,15.0,1.0,0.03,48.0,49.0,0.21052631578947367,1.028301886792453,0.1779150390625
2024-11-19_09_15_32_(14837)_sardine_input_(0).png,yes,yes,16.0,3.0,16.0,15.0,1.0,0.029940119760479042,37.0,39.0,0.1875,1.0198915009041591,0.14314453125
2024-11-19_09_15_32_(14837)_sardine_input_(1).png,yes,yes,16.0,3.0,17.0,15.0,1.0,0.029940119760479042,38.0,43.0,0.1875,1.025089605734767,0.15781575520833332
2024-11-19_09_15_32_(14837)_sardine_input_(2).png,yes,yes,17.0,3.0,17.0,15.0,1.0,0.029940119760479042,41.0,43.0,0.17647058823529413,1.0263157894736843,0.159736328125
2024-11-19_09_15_49_(14838)_sardine_input_(0).png,yes,yes,18.0,4.0,19.0,15.0,1.0,0.033936651583710405,45.0,50.0,0.2222222222222222,1.0256410256410255,0.1437841796875
2024-11-19_09_15_49_(14838)_sardine_input_(1).png,yes,yes,17.0,5.0,18.0,15.0,1.0,0.033936651583710405,44.0,39.0,0.29411764705882354,1.0499040307101728,0.11189615885416666
2024-11-19_09_15_49_(14838)_sardine_input_(2).png,yes,yes,18.0,4.0,19.0,15.0,1.0,0.033936651583710405,44.0,48.0,0.2222222222222222,1.0346715328467153,0.13765625
2024-11-19_09_16_11_(14839)_sardine_input_(0).png,yes,yes,16.0,3.0,16.0,15.0,1.0,0.030181086519114688,39.0,42.0,0.1875,1.0242085661080074,0.1527880859375
2024-11-19_09_16_11_(14839)_sardine_input_(1).png,yes,yes,17.0,3.0,17.0,15.0,1.0,0.030181086519114688,40.0,47.0,0.17647058823529413,1.0240549828178693,0.17057291666666666
2024-11-19_09_16_11_(14839)_sardine_input_(2).png,yes,yes,17.0,4.0,17.0,15.0,1.0,0.030181086519114688,41.0,43.0,0.23529411764705882,1.0281195079086116,0.15665201822916666
2024-11-19_09_16_31_(14840)_sardine_input_(0).png,yes,yes,17.0,3.0,17.0,15.0,1.0,0.030864197530864196,39.0,45.0,0.17647058823529413,1.019927536231884,0.154228515625
2024-11-19_09_16_31_(14840)_sardine_input_(1).png,yes,yes,17.0,4.0,18.0,15.0,1.0,0.030864197530864196,42.0,45.0,0.23529411764705882,1.035273368606702,0.15626953125
2024-11-19_09_16_31_(14840)_sardine_input_(2).png,yes,yes,17.0,3.0,17.0,15.0,1.0,0.030864197530864196,38.0,41.0,0.17647058823529413,1.0235081374321882,0.14331217447916667
2024-11-19_09_16_49_(14841)_sardine_input_(0).png,yes,yes,18.0,3.0,18.0,15.0,1.0,0.031914893617021274,44.0,44.0,0.16666666666666666,1.018835616438356,0.14281901041666667
2024-11-19_09_16_49_(14841)_sardine_input_(1).png,yes,yes,18.0,3.0,18.0,15.0,1.0,0.031914893617021274,44.0,45.0,0.16666666666666666,1.0188679245283019,0.14431803385416667
2024-11-19_09_16_49_(14841)_sardine_input_(2).png,yes,yes,17.0,3.0,18.0,15.0,1.0,0.031914893617021274,43.0,43.0,0.17647058823529413,1.0197841726618706,0.13995279947916667
2024-11-19_09_17_13_(14842)_sardine_input_(0).png,yes,yes,17.0,4.0,17.0,15.0,1.0,0.030800821355236138,41.0,45.0,0.23529411764705882,1.039426523297491,0.1549072265625
2024-11-19_09_17_13_(14842)_sardine_input_(1).png,yes,yes,17.0,4.0,18.0,15.0,1.0,0.030800821355236138,43.0,49.0,0.23529411764705882,1.036144578313253,0.16846516927083333
2024-11-19_09_17_13_(14842)_sardine_input_(2).png,yes,yes,17.0,2.0,17.0,15.0,1.0,0.030800821355236138,42.0,36.0,0.11764705882352941,1.0105820105820107,0.12456868489583334
2024-11-19_09_17_33_(14843)_sardine_input_(0).png,yes,yes,16.0,3.0,17.0,15.0,1.0,0.028409090909090908,38.0,43.0,0.1875,1.0238095238095237,0.17493001302083333
2024-11-19_09_17_33_(14843)_sardine_input_(1).png,yes,yes,16.0,3.0,16.0,15.0,1.0,0.028409090909090908,38.0,40.0,0.1875,1.0189328743545611,0.16420084635416668
2024-11-19_09_17_33_(14843)_sardine_input_(2).png,yes,yes,16.0,3.0,16.0,15.0,1.0,0.028409090909090908,39.0,38.0,0.1875,1.0189003436426116,0.15603352864583334
2024-11-19_09_17_56_(14844)_sardine_input_(0).png,yes,yes,17.0,3.0,17.0,15.0,1.0,0.029239766081871343,41.0,43.0,0.17647058823529413,1.02020202020202,0.16542805989583334
2024-11-19_09_17_56_(14844)_sardine_input_(1).png,yes,yes,17.0,4.0,18.0,15.0,1.0,0.029239766081871343,41.0,44.0,0.23529411764705882,1.0260162601626017,0.169072265625
2024-11-19_09_17_56_(14844)_sardine_input_(2).png,yes,yes,16.0,3.0,17.0,15.0,1.0,0.029239766081871343,40.0,35.0,0.1875,1.0263157894736843,0.13666666666666666
2024-11-19_09_18_15_(14845)_sardine_input.jpeg,yes,no,,,,,,,,,,,
2024-11-19_09_18_34_(14846)_sardine_input_(0).png,yes,yes,15.0,3.0,16.0,15.0,2.0,0.02626970227670753,36.0,38.0,0.2,1.021630615640599,0.182861328125
2024-11-19_09_18_34_(14846)_sardine_input_(1).png,yes,yes,15.0,3.0,15.0,15.0,2.0,0.02626970227670753,36.0,40.0,0.2,1.0238095238095237,0.19139811197916667
2024-11-19_09_18_34_(14846)_sardine_input_(2).png,yes,yes,15.0,3.0,16.0,15.0,2.0,0.02626970227670753,36.0,38.0,0.2,1.0214876033057851,0.18388834635416668
2024-11-19_09_18_51_(14847)_sardine_input_(0).png,yes,yes,15.0,3.0,15.0,15.0,1.0,0.02702702702702703,35.0,42.0,0.2,1.0263157894736843,0.189384765625
2024-11-19_09_18_51_(14847)_sardine_input_(1).png,yes,yes,15.0,3.0,15.0,15.0,1.0,0.02702702702702703,34.0,38.0,0.2,1.024778761061947,0.17194661458333332
2024-11-19_09_18_51_(14847)_sardine_input_(2).png,yes,yes,16.0,3.0,16.0,15.0,1.0,0.02702702702702703,36.0,45.0,0.1875,1.025,0.20078125
2024-11-19_09_19_08_(14848)_sardine_input_(0).png,yes,yes,15.0,3.0,15.0,15.0,1.0,0.02835538752362949,37.0,38.0,0.2,1.0255009107468125,0.15569010416666668
2024-11-19_09_19_08_(14848)_sardine_input_(1).png,yes,yes,16.0,3.0,16.0,15.0,1.0,0.02835538752362949,38.0,45.0,0.1875,1.0243055555555556,0.18366048177083333
2024-11-19_09_19_08_(14848)_sardine_input_(2).png,yes,yes,17.0,4.0,17.0,15.0,1.0,0.02835538752362949,40.0,46.0,0.23529411764705882,1.025974025974026,0.18756998697916666
2024-11-19_09_19_22_(14849)_sardine_input_(0).png,yes,yes,15.0,3.0,15.0,15.0,1.0,0.026881720430107527,36.0,41.0,0.2,1.025996533795494,0.18525716145833335
2024-11-19_09_19_22_(14849)_sardine_input_(1).png,yes,yes,14.0,3.0,15.0,15.0,1.0,0.026881720430107527,34.0,41.0,0.21428571428571427,1.0306306306306305,0.184873046875
2024-11-19_09_19_22_(14849)_sardine_input_(2).png,yes,yes,16.0,3.0,16.0,15.0,1.0,0.026881720430107527,36.0,44.0,0.1875,1.0251256281407035,0.20157389322916666
2024-11-19_09_19_41_(14850)_sardine_input_(0).png,yes,yes,16.0,3.0,17.0,15.0,1.0,0.02608695652173913,39.0,44.0,0.1875,1.021875,0.21070475260416666
2024-11-19_09_19_41_(14850)_sardine_input_(1).png,yes,yes,15.0,3.0,16.0,15.0,1.0,0.02608695652173913,36.0,38.0,0.2,1.0181219110378912,0.18576334635416666
2024-11-19_09_19_41_(14850)_sardine_input_(2).png,yes,yes,16.0,3.0,16.0,15.0,1.0,0.02608695652173913,39.0,35.0,0.1875,1.021172638436482,0.17078125
2024-11-19_09_20_16_(14852)_sardine_input_(0).png,yes,yes,16.0,3.0,16.0,15.0,1.0,0.026362038664323375,37.0,44.0,0.1875,1.0260162601626017,0.20675130208333334
2024-11-19_09_20_16_(14852)_sardine_input_(1).png,yes,yes,15.0,3.0,15.0,15.0,1.0,0.026362038664323375,35.0,36.0,0.2,1.0185185185185186,0.17187174479166667
2024-11-19_09_20_16_(14852)_sardine_input_(2).png,yes,yes,16.0,3.0,16.0,15.0,1.0,0.026362038664323375,37.0,44.0,0.1875,1.0191387559808613,0.20840494791666667
2024-11-19_09_20_34_(14853)_sardine_input_(0).png,yes,yes,15.0,3.0,15.0,15.0,2.0,0.02697841726618705,35.0,43.0,0.2,1.0261780104712042,0.19290201822916667
2024-11-19_09_20_34_(14853)_sardine_input_(1).png,yes,yes,15.0,3.0,16.0,15.0,2.0,0.02697841726618705,37.0,40.0,0.2,1.0272108843537415,0.18222819010416666
2024-11-19_09_20_34_(14853)_sardine_input_(2).png,yes,yes,16.0,3.0,16.0,15.0,2.0,0.02697841726618705,37.0,38.0,0.1875,1.02020202020202,0.17314778645833334
2024-11-19_09_20_52_(14854)_sardine_input_(0).png,yes,yes,15.0,3.0,16.0,15.0,1.0,0.02640845070422535,36.0,41.0,0.2,1.026890756302521,0.19387044270833334
2024-11-19_09_20_52_(14854)_sardine_input_(1).png,yes,yes,15.0,3.0,15.0,15.0,1.0,0.02640845070422535,36.0,38.0,0.2,1.0222222222222221,0.1793310546875
2024-11-19_09_20_52_(14854)_sardine_input_(2).png,yes,yes,16.0,3.0,16.0,15.0,1.0,0.02640845070422535,36.0,40.0,0.1875,1.0212071778140293,0.18963704427083333
2024-11-19_09_21_07_(14855)_sardine_input_(0).png,yes,yes,16.0,4.0,16.0,15.0,1.0,0.026737967914438502,37.0,44.0,0.25,1.027552674230146,0.201416015625
2024-11-19_09_21_07_(14855)_sardine_input_(1).png,yes,yes,15.0,3.0,16.0,15.0,1.0,0.026737967914438502,36.0,38.0,0.2,1.0220713073005094,0.17574869791666667
2024-11-19_09_21_07_(14855)_sardine_input_(2).png,yes,yes,17.0,3.0,17.0,15.0,1.0,0.026737967914438502,39.0,50.0,0.17647058823529413,1.0250391236306728,0.22990397135416665
2024-11-19_09_21_20_(14856)_sardine_input_(0).png,yes,yes,15.0,3.0,16.0,15.0,1.0,0.027624309392265192,37.0,42.0,0.2,1.024263431542461,0.17999674479166666
2024-11-19_09_21_20_(14856)_sardine_input_(1).png,yes,yes,15.0,3.0,15.0,15.0,1.0,0.027624309392265192,36.0,39.0,0.2,1.0231729055258467,0.16784342447916667
2024-11-19_09_21_20_(14856)_sardine_input_(2).png,yes,yes,15.0,3.0,15.0,15.0,1.0,0.027624309392265192,34.0,36.0,0.2,1.0218978102189782,0.1576806640625
2024-11-19_09_38_22_(14857)_sardine_input_(0).png,yes,yes,15.0,4.0,15.0,15.0,1.0,0.028089887640449437,35.0,45.0,0.26666666666666666,1.0353817504655494,0.18588053385416667
2024-11-19_09_38_22_(14857)_sardine_input_(1).png,yes,yes,15.0,3.0,16.0,15.0,1.0,0.028089887640449437,35.0,42.0,0.2,1.0233393177737882,0.175751953125
2024-11-19_09_38_22_(14857)_sardine_input_(2).png,yes,yes,15.0,3.0,15.0,15.0,1.0,0.028089887640449437,35.0,44.0,0.2,1.0315985130111525,0.1822412109375
2024-11-19_09_38_37_(14858)_sardine_input.jpeg,yes,no,,,,,,,,,,,
2024-11-19_09_38_53_(14859)_sardine_input_(0).png,yes,yes,15.0,4.0,15.0,15.0,1.0,0.024469820554649267,35.0,40.0,0.26666666666666666,1.0352564102564104,0.22183919270833333
2024-11-19_09_38_53_(14859)_sardine_input_(1).png,yes,yes,15.0,3.0,15.0,15.0,1.0,0.024469820554649267,34.0,36.0,0.2,1.0209003215434083,0.2003125
2024-11-19_09_38_53_(14859)_sardine_input_(2).png,yes,yes,14.0,3.0,14.0,15.0,1.0,0.024469820554649267,32.0,37.0,0.21428571428571427,1.0220713073005094,0.20598470052083334
2024-11-19_09_39_12_(14860)_sardine_input_(0).png,yes,yes,15.0,3.0,15.0,15.0,1.0,0.025728987993138937,35.0,39.0,0.2,1.030664395229983,0.1956494140625
2024-11-19_09_39_12_(14860)_sardine_input_(1).png,yes,yes,15.0,2.0,15.0,15.0,1.0,0.025728987993138937,34.0,32.0,0.13333333333333333,1.0148026315789473,0.15802083333333333
2024-11-19_09_39_12_(14860)_sardine_input_(2).png,yes,yes,15.0,3.0,15.0,15.0,1.0,0.025728987993138937,35.0,36.0,0.2,1.02,0.1788427734375
2024-11-19_09_39_28_(14861)_sardine_input_(0).png,yes,yes,15.0,2.0,15.0,15.0,1.0,0.02555366269165247,34.0,33.0,0.13333333333333333,1.016474464579901,0.16641438802083333
2024-11-19_09_39_28_(14861)_sardine_input_(1).png,yes,yes,16.0,3.0,16.0,15.0,1.0,0.02555366269165247,37.0,45.0,0.1875,1.026813880126183,0.22776041666666666
2024-11-19_09_39_28_(14861)_sardine_input_(2).png,yes,yes,16.0,3.0,16.0,15.0,1.0,0.02555366269165247,37.0,39.0,0.1875,1.0282574568288854,0.1970166015625
2024-11-19_09_39_42_(14862)_sardine_input_(0).png,yes,yes,17.0,3.0,17.0,15.0,2.0,0.028089887640449437,40.0,47.0,0.17647058823529413,1.022875816993464,0.19428385416666666
2024-11-19_09_39_42_(14862)_sardine_input_(1).png,yes,yes,16.0,3.0,17.0,15.0,2.0,0.028089887640449437,39.0,43.0,0.1875,1.018181818181818,0.178310546875
2024-11-19_09_39_42_(14862)_sardine_input_(2).png,yes,yes,17.0,3.0,17.0,15.0,2.0,0.028089887640449437,41.0,43.0,0.17647058823529413,1.0195121951219512,0.18028971354166667
2024-11-19_09_40_01_(14863)_sardine_input_(0).png,yes,yes,14.0,3.0,14.0,15.0,1.0,0.02512562814070352,33.0,39.0,0.21428571428571427,1.0295652173913044,0.20222819010416668
2024-11-19_09_40_01_(14863)_sardine_input_(1).png,yes,yes,14.0,2.0,15.0,15.0,1.0,0.02512562814070352,33.0,31.0,0.14285714285714285,1.0135593220338983,0.16312337239583333
2024-11-19_09_40_01_(14863)_sardine_input_(2).png,yes,yes,14.0,3.0,15.0,15.0,1.0,0.02512562814070352,34.0,34.0,0.21428571428571427,1.0272572402044293,0.18002278645833333
2024-11-19_09_40_16_(14864)_sardine_input_(0).png,yes,yes,15.0,3.0,15.0,15.0,1.0,0.02508361204013378,34.0,38.0,0.2,1.0247524752475248,0.2002587890625
2024-11-19_09_40_16_(14864)_sardine_input_(1).png,yes,yes,15.0,3.0,16.0,15.0,1.0,0.02508361204013378,35.0,38.0,0.2,1.0222575516693164,0.2008203125
2024-11-19_09_40_16_(14864)_sardine_input_(2).png,yes,yes,15.0,2.0,15.0,15.0,1.0,0.02508361204013378,34.0,35.0,0.13333333333333333,1.0145395799676897,0.18173990885416666
2024-11-19_09_40_31_(14865)_sardine_input_(0).png,yes,yes,14.0,3.0,15.0,15.0,1.0,0.02631578947368421,34.0,38.0,0.21428571428571427,1.0246913580246915,0.18267740885416667
2024-11-19_09_40_31_(14865)_sardine_input_(1).png,yes,yes,15.0,3.0,15.0,15.0,1.0,0.02631578947368421,34.0,39.0,0.2,1.0242214532871972,0.18675130208333332
2024-11-19_09_40_31_(14865)_sardine_input_(2).png,yes,yes,15.0,3.0,16.0,15.0,1.0,0.02631578947368421,36.0,39.0,0.2,1.0234505862646566,0.18438313802083334
2024-11-19_09_40_46_(14866)_sardine_input_(0).png,yes,yes,14.0,4.0,15.0,15.0,1.0,0.02640845070422535,35.0,35.0,0.2857142857142857,1.0482142857142858,0.167578125
2024-11-19_09_40_46_(14866)_sardine_input_(1).png,yes,yes,15.0,3.0,15.0,15.0,1.0,0.02640845070422535,34.0,38.0,0.2,1.0245183887915936,0.17743815104166666
2024-11-19_09_40_46_(14866)_sardine_input_(2).png,yes,yes,16.0,3.0,16.0,15.0,1.0,0.02640845070422535,37.0,41.0,0.1875,1.019108280254777,0.19250651041666667
2024-11-19_09_41_01_(14867)_sardine_input_(0).png,yes,yes,15.0,3.0,16.0,15.0,1.0,0.02727272727272727,37.0,36.0,0.2,1.0222222222222221,0.1607568359375
2024-11-19_09_41_01_(14867)_sardine_input_(1).png,yes,yes,16.0,4.0,16.0,15.0,1.0,0.02727272727272727,38.0,39.0,0.25,1.0315091210613598,0.1744677734375
2024-11-19_09_41_01_(14867)_sardine_input_(2).png,yes,yes,16.0,4.0,17.0,15.0,1.0,0.02727272727272727,38.0,41.0,0.25,1.0364238410596027,0.18218424479166667
2024-11-19_09_41_17_(14868)_sardine_input_(0).png,yes,yes,16.0,4.0,16.0,15.0,1.0,0.027624309392265192,37.0,46.0,0.25,1.0307692307692307,0.19628092447916667
2024-11-19_09_41_17_(14868)_sardine_input_(1).png,yes,yes,15.0,3.0,16.0,15.0,1.0,0.027624309392265192,36.0,40.0,0.2,1.0225694444444444,0.173564453125
2024-11-19_09_41_17_(14868)_sardine_input_(2).png,yes,yes,15.0,3.0,15.0,15.0,1.0,0.027624309392265192,36.0,38.0,0.2,1.0230905861456483,0.16332194010416667
2024-11-19_09_41_32_(14869)_sardine_input_(0).png,yes,yes,15.0,3.0,16.0,15.0,1.0,0.026690391459074734,37.0,41.0,0.2,1.026890756302521,0.19138997395833332
2024-11-19_09_41_32_(14869)_sardine_input_(1).png,yes,yes,16.0,3.0,16.0,15.0,1.0,0.026690391459074734,37.0,41.0,0.1875,1.0213464696223318,0.18759602864583333
2024-11-19_09_41_32_(14869)_sardine_input_(2).png,yes,yes,15.0,3.0,16.0,15.0,1.0,0.026690391459074734,36.0,35.0,0.2,1.0287648054145515,0.16134440104166667
2024-11-19_09_41_46_(14870)_sardine_input_(0).png,yes,yes,14.0,3.0,15.0,15.0,1.0,0.02608695652173913,34.0,36.0,0.21428571428571427,1.0280701754385966,0.17636393229166666
2024-11-19_09_41_46_(14870)_sardine_input_(1).png,yes,yes,15.0,3.0,15.0,15.0,1.0,0.02608695652173913,34.0,38.0,0.2,1.023972602739726,0.18580729166666668
2024-11-19_09_41_46_(14870)_sardine_input_(2).png,yes,yes,15.0,3.0,16.0,15.0,1.0,0.02608695652173913,36.0,37.0,0.2,1.0229132569558101,0.17863932291666668
2024-11-19_09_42_02_(14871)_sardine_input_(0).png,yes,yes,16.0,3.0,16.0,15.0,1.0,0.027522935779816515,36.0,39.0,0.1875,1.0203389830508474,0.16952799479166666
2024-11-19_09_42_02_(14871)_sardine_input_(1).png,yes,yes,17.0,3.0,18.0,15.0,1.0,0.027522935779816515,39.0,52.0,0.17647058823529413,1.0234741784037558,0.22720703125
2024-11-19_09_42_02_(14871)_sardine_input_(2).png,yes,yes,15.0,4.0,16.0,15.0,1.0,0.027522935779816515,37.0,37.0,0.26666666666666666,1.0442477876106195,0.163291015625
2024-11-19_09_42_16_(14872)_sardine_input_(0).png,yes,yes,15.0,3.0,15.0,15.0,1.0,0.02707581227436823,35.0,41.0,0.2,1.0281195079086116,0.182998046875
2024-11-19_09_42_16_(14872)_sardine_input_(1).png,yes,yes,15.0,3.0,15.0,15.0,1.0,0.02707581227436823,36.0,37.0,0.2,1.0208333333333333,0.16717122395833334
2024-11-19_09_42_16_(14872)_sardine_input_(2).png,yes,yes,15.0,3.0,15.0,15.0,1.0,0.02707581227436823,36.0,32.0,0.2,1.0212765957446808,0.14240559895833332
2024-11-19_09_42_32_(14873)_sardine_input_(0).png,yes,yes,16.0,3.0,17.0,15.0,1.0,0.029411764705882353,41.0,44.0,0.1875,1.0243478260869565,0.1693310546875
2024-11-19_09_42_32_(14873)_sardine_input_(1).png,yes,yes,16.0,4.0,17.0,15.0,1.0,0.029411764705882353,39.0,47.0,0.25,1.0277777777777777,0.17717122395833335
2024-11-19_09_42_32_(14873)_sardine_input_(2).png,yes,yes,16.0,3.0,16.0,15.0,1.0,0.029411764705882353,37.0,38.0,0.1875,1.0196078431372548,0.14438802083333332
2024-11-19_09_42_49_(14874)_sardine_input_(0).png,yes,yes,16.0,4.0,16.0,15.0,1.0,0.028846153846153848,39.0,37.0,0.25,1.0375,0.14857096354166666
2024-11-19_09_42_49_(14874)_sardine_input_(1).png,yes,yes,16.0,3.0,16.0,15.0,1.0,0.028846153846153848,39.0,43.0,0.1875,1.0226876090750436,0.16844075520833332
2024-11-19_09_42_49_(14874)_sardine_input_(2).png,yes,yes,16.0,3.0,16.0,15.0,1.0,0.028846153846153848,38.0,40.0,0.1875,1.0227272727272727,0.1570458984375
2024-11-19_09_43_09_(14875)_sardine_input_(0).png,yes,yes,14.0,3.0,15.0,15.0,1.0,0.026785714285714284,33.0,38.0,0.21428571428571427,1.0272727272727273,0.17677897135416668
2024-11-19_09_43_09_(14875)_sardine_input_(1).png,yes,yes,14.0,3.0,14.0,15.0,1.0,0.026785714285714284,33.0,34.0,0.21428571428571427,1.0238532110091743,0.15533854166666666
2024-11-19_09_43_09_(14875)_sardine_input_(2).png,yes,yes,14.0,3.0,15.0,15.0,1.0,0.026785714285714284,33.0,37.0,0.21428571428571427,1.0232974910394266,0.17134440104166668
2024-11-19_09_43_27_(14876)_sardine_input_(0).png,yes,yes,15.0,3.0,15.0,15.0,1.0,0.02862595419847328,34.0,42.0,0.2,1.0304761904761905,0.16805501302083334
2024-11-19_09_43_27_(14876)_sardine_input_(1).png,yes,yes,15.0,4.0,16.0,15.0,1.0,0.02862595419847328,37.0,42.0,0.26666666666666666,1.0344202898550725,0.16906087239583334
2024-11-19_09_43_27_(14876)_sardine_input_(2).png,yes,yes,16.0,3.0,16.0,15.0,1.0,0.02862595419847328,36.0,39.0,0.1875,1.0266903914590748,0.15531412760416666
2024-11-19_09_43_45_(14877)_sardine_input_(0).png,yes,yes,16.0,3.0,16.0,15.0,1.0,0.02727272727272727,37.0,42.0,0.1875,1.0254668930390491,0.18691243489583334
2024-11-19_09_43_45_(14877)_sardine_input_(1).png,yes,yes,16.0,3.0,16.0,15.0,1.0,0.02727272727272727,36.0,41.0,0.1875,1.0202702702702702,0.18360188802083333
2024-11-19_09_43_45_(14877)_sardine_input_(2).png,yes,yes,16.0,3.0,16.0,15.0,1.0,0.02727272727272727,37.0,41.0,0.1875,1.0220713073005094,0.18017252604166667
2024-11-19_09_44_00_(14878)_sardine_input_(0).png,yes,yes,16.0,3.0,17.0,15.0,1.0,0.029013539651837523,38.0,46.0,0.1875,1.0262697022767076,0.17991048177083332
2024-11-19_09_44_00_(14878)_sardine_input_(1).png,yes,yes,17.0,4.0,18.0,15.0,1.0,0.029013539651837523,41.0,41.0,0.23529411764705882,1.0258899676375404,0.16211588541666666
2024-11-19_09_44_00_(14878)_sardine_input_(2).png,yes,yes,16.0,3.0,16.0,15.0,1.0,0.029013539651837523,40.0,38.0,0.1875,1.0211640211640212,0.14983723958333334
2024-11-19_09_44_16_(14879)_sardine_input_(0).png,yes,yes,16.0,3.0,16.0,15.0,1.0,0.028790786948176585,38.0,45.0,0.1875,1.0280701754385966,0.17999837239583333
2024-11-19_09_44_16_(14879)_sardine_input_(1).png,yes,yes,15.0,3.0,15.0,15.0,1.0,0.028790786948176585,34.0,36.0,0.2,1.020446096654275,0.141982421875
2024-11-19_09_44_16_(14879)_sardine_input_(2).png,yes,yes,16.0,3.0,16.0,15.0,1.0,0.028790786948176585,37.0,40.0,0.1875,1.0212014134275618,0.159833984375
2024-11-19_09_44_34_(14880)_sardine_input_(0).png,yes,yes,15.0,4.0,16.0,15.0,1.0,0.028409090909090908,39.0,40.0,0.26666666666666666,1.039426523297491,0.16372721354166667
2024-11-19_09_44_34_(14880)_sardine_input_(1).png,yes,yes,16.0,3.0,16.0,15.0,1.0,0.028409090909090908,38.0,40.0,0.1875,1.0209059233449478,0.16204915364583333
2024-11-19_09_44_34_(14880)_sardine_input_(2).png,yes,yes,16.0,3.0,17.0,15.0,1.0,0.028409090909090908,42.0,40.0,0.1875,1.02020202020202,0.1634912109375
2024-11-19_09_44_49_(14881)_sardine_input_(0).png,yes,yes,16.0,3.0,16.0,15.0,1.0,0.027522935779816515,38.0,44.0,0.1875,1.0273504273504273,0.19291341145833332
2024-11-19_09_44_49_(14881)_sardine_input_(1).png,yes,yes,16.0,4.0,17.0,15.0,1.0,0.027522935779816515,40.0,39.0,0.25,1.034710743801653,0.16957845052083334
2024-11-19_09_44_49_(14881)_sardine_input_(2).png,yes,yes,17.0,3.0,17.0,15.0,1.0,0.027522935779816515,41.0,43.0,0.17647058823529413,1.0241157556270097,0.18883463541666667
2024-11-19_09_45_04_(14882)_sardine_input_(0).png,yes,yes,16.0,3.0,17.0,15.0,2.0,0.02737226277372263,38.0,42.0,0.1875,1.0228384991843393,0.18459635416666667
2024-11-19_09_45_04_(14882)_sardine_input_(1).png,yes,yes,15.0,3.0,16.0,15.0,2.0,0.02737226277372263,37.0,38.0,0.2,1.0262237762237763,0.1662255859375
2024-11-19_09_45_04_(14882)_sardine_input_(2).png,yes,yes,16.0,5.0,16.0,15.0,2.0,0.02737226277372263,39.0,39.0,0.3125,1.0476190476190477,0.170966796875
2024-11-19_09_45_19_(14883)_sardine_input_(0).png,yes,yes,14.0,3.0,15.0,15.0,1.0,0.02654867256637168,34.0,38.0,0.21428571428571427,1.0251346499102334,0.1796142578125
2024-11-19_09_45_19_(14883)_sardine_input_(1).png,yes,yes,16.0,3.0,16.0,15.0,1.0,0.02654867256637168,36.0,43.0,0.1875,1.0230263157894737,0.2029931640625
2024-11-19_09_45_19_(14883)_sardine_input_(2).png,yes,yes,15.0,3.0,15.0,15.0,1.0,0.02654867256637168,35.0,36.0,0.2,1.022530329289428,0.17045572916666665
2024-11-19_09_45_29_(14884)_sardine_input_(0).png,yes,yes,14.0,3.0,15.0,15.0,2.0,0.026041666666666668,34.0,40.0,0.21428571428571427,1.0313588850174216,0.1965087890625
2024-11-19_09_45_29_(14884)_sardine_input_(1).png,yes,yes,15.0,3.0,16.0,15.0,2.0,0.026041666666666668,36.0,46.0,0.2,1.0276872964169381,0.22235677083333333
2024-11-19_09_45_29_(14884)_sardine_input_(2).png,yes,yes,15.0,4.0,15.0,15.0,2.0,0.026041666666666668,37.0,36.0,0.26666666666666666,1.0381944444444444,0.172978515625
2024-11-21_09_33_42_(14963)_sardine_input_(0).png,yes,yes,16.0,4.0,17.0,15.0,2.0,0.030181086519114688,40.0,44.0,0.25,1.0338078291814947,0.16019368489583333
2024-11-21_09_33_42_(14963)_sardine_input_(1).png,yes,yes,16.0,4.0,17.0,15.0,2.0,0.030181086519114688,39.0,45.0,0.25,1.0306306306306305,0.163662109375
2024-11-21_09_33_42_(14963)_sardine_input_(2).png,yes,yes,17.0,4.0,17.0,15.0,2.0,0.030181086519114688,42.0,40.0,0.23529411764705882,1.0350877192982457,0.145107421875
2024-11-21_09_33_52_(14964)_sardine_input_(0).png,yes,yes,16.0,3.0,16.0,15.0,1.0,0.028790786948176585,38.0,42.0,0.1875,1.0209424083769634,0.166376953125
2024-11-21_09_33_52_(14964)_sardine_input_(1).png,yes,yes,16.0,4.0,17.0,15.0,1.0,0.028790786948176585,39.0,39.0,0.25,1.0344827586206897,0.15631998697916666
2024-11-21_09_33_52_(14964)_sardine_input_(2).png,yes,yes,15.0,3.0,16.0,15.0,1.0,0.028790786948176585,37.0,40.0,0.2,1.0252252252252252,0.157734375
2024-11-21_09_34_10_(14965)_sardine_input_(0).png,yes,yes,15.0,4.0,16.0,15.0,1.0,0.028462998102466792,36.0,37.0,0.26666666666666666,1.0399274047186933,0.15030436197916666
2024-11-21_09_34_10_(14965)_sardine_input_(1).png,yes,yes,16.0,4.0,17.0,15.0,1.0,0.028462998102466792,38.0,44.0,0.25,1.0287648054145515,0.176982421875
2024-11-21_09_34_10_(14965)_sardine_input_(2).png,yes,yes,15.0,3.0,16.0,15.0,1.0,0.028462998102466792,36.0,37.0,0.2,1.019572953736655,0.14990071614583333
2024-11-21_09_34_27_(14966)_sardine_input_(0).png,yes,yes,17.0,3.0,17.0,15.0,2.0,0.028517110266159697,40.0,45.0,0.17647058823529413,1.0212418300653594,0.18039225260416666
2024-11-21_09_34_27_(14966)_sardine_input_(1).png,yes,yes,16.0,4.0,16.0,15.0,2.0,0.028517110266159697,38.0,39.0,0.25,1.0336879432624113,0.1572216796875
2024-11-21_09_34_27_(14966)_sardine_input_(2).png,yes,yes,17.0,5.0,17.0,15.0,2.0,0.028517110266159697,41.0,42.0,0.29411764705882354,1.044776119402985,0.1694873046875
2024-11-21_09_34_39_(14967)_sardine_input_(0).png,yes,yes,15.0,3.0,16.0,15.0,2.0,0.027932960893854747,37.0,41.0,0.2,1.024561403508772,0.17476399739583334
2024-11-21_09_34_39_(14967)_sardine_input_(1).png,yes,yes,15.0,4.0,15.0,15.0,2.0,0.027932960893854747,36.0,37.0,0.26666666666666666,1.0364298724954462,0.1547314453125
2024-11-21_09_34_39_(14967)_sardine_input_(2).png,yes,yes,15.0,3.0,16.0,15.0,2.0,0.027932960893854747,36.0,39.0,0.2,1.0213143872113677,0.1657421875
2024-11-21_09_34_51_(14968)_sardine_input_(0).png,yes,yes,15.0,3.0,16.0,15.0,1.0,0.028142589118198873,36.0,42.0,0.2,1.0252252252252252,0.17505045572916667
2024-11-21_09_34_51_(14968)_sardine_input_(1).png,yes,yes,15.0,3.0,15.0,15.0,1.0,0.028142589118198873,36.0,39.0,0.2,1.0294659300184161,0.16326171875
2024-11-21_09_34_51_(14968)_sardine_input_(2).png,yes,yes,16.0,3.0,16.0,15.0,1.0,0.028142589118198873,37.0,42.0,0.1875,1.0223752151462995,0.17653971354166667
2024-11-21_09_35_11_(14969)_sardine_input_(0).png,yes,yes,17.0,5.0,18.0,15.0,2.0,0.03171247357293869,42.0,42.0,0.29411764705882354,1.0438756855575868,0.138310546875
2024-11-21_09_35_11_(14969)_sardine_input_(1).png,yes,yes,17.0,3.0,17.0,15.0,2.0,0.03171247357293869,41.0,44.0,0.17647058823529413,1.0203703703703704,0.14453287760416667
2024-11-21_09_35_11_(14969)_sardine_input_(2).png,yes,yes,17.0,6.0,18.0,15.0,2.0,0.03171247357293869,42.0,44.0,0.35294117647058826,1.0678899082568807,0.14546061197916665
2024-11-21_09_35_28_(14970)_sardine_input_(0).png,yes,yes,16.0,3.0,16.0,15.0,1.0,0.02895752895752896,38.0,42.0,0.1875,1.0287253141831239,0.166591796875
2024-11-21_09_35_28_(14970)_sardine_input_(1).png,yes,yes,16.0,3.0,16.0,15.0,1.0,0.02895752895752896,38.0,46.0,0.1875,1.0268336314847943,0.18005045572916667
2024-11-21_09_35_28_(14970)_sardine_input_(2).png,yes,yes,16.0,3.0,17.0,15.0,1.0,0.02895752895752896,38.0,42.0,0.1875,1.0224137931034483,0.1665283203125
2024-11-21_09_35_42_(14971)_sardine_input_(0).png,yes,yes,16.0,3.0,16.0,15.0,1.0,0.029585798816568046,37.0,44.0,0.1875,1.0216216216216216,0.16583984375
2024-11-21_09_35_42_(14971)_sardine_input_(1).png,yes,yes,15.0,3.0,16.0,15.0,1.0,0.029585798816568046,36.0,33.0,0.2,1.0169172932330828,0.12356770833333333
2024-11-21_09_35_42_(14971)_sardine_input_(2).png,yes,yes,15.0,3.0,15.0,15.0,1.0,0.029585798816568046,35.0,36.0,0.2,1.0212355212355213,0.13390787760416667
2024-11-21_09_35_56_(14972)_sardine_input_(0).png,yes,yes,14.0,3.0,15.0,15.0,1.0,0.025,33.0,36.0,0.21428571428571427,1.0218120805369129,0.19103515625
2024-11-21_09_35_56_(14972)_sardine_input_(1).png,yes,yes,15.0,3.0,15.0,15.0,1.0,0.025,35.0,42.0,0.2,1.0276872964169381,0.22067220052083333
2024-11-21_09_35_56_(14972)_sardine_input_(2).png,yes,yes,15.0,2.0,15.0,15.0,1.0,0.025,33.0,27.0,0.13333333333333333,1.0099173553719007,0.145771484375
2024-11-21_09_36_14_(14973)_sardine_input_(0).png,yes,yes,17.0,4.0,17.0,15.0,1.0,0.027422303473491772,39.0,44.0,0.23529411764705882,1.0289855072463767,0.1934912109375
2024-11-21_09_36_14_(14973)_sardine_input_(1).png,yes,yes,15.0,3.0,16.0,15.0,1.0,0.027422303473491772,36.0,38.0,0.2,1.0223752151462995,0.16616048177083334
2024-11-21_09_36_14_(14973)_sardine_input_(2).png,yes,yes,17.0,3.0,17.0,15.0,1.0,0.027422303473491772,42.0,43.0,0.17647058823529413,1.023659305993691,0.1882763671875
2024-11-21_09_36_30_(14974)_sardine_input_(0).png,yes,yes,17.0,3.0,17.0,15.0,1.0,0.027985074626865673,39.0,46.0,0.17647058823529413,1.0210696920583469,0.19137858072916666
2024-11-21_09_36_30_(14974)_sardine_input_(1).png,yes,yes,16.0,3.0,16.0,15.0,1.0,0.027985074626865673,37.0,42.0,0.1875,1.0220713073005094,0.1776318359375
2024-11-21_09_36_30_(14974)_sardine_input_(2).png,yes,yes,16.0,3.0,16.0,15.0,1.0,0.027985074626865673,38.0,39.0,0.1875,1.027972027972028,0.1657861328125
2024-11-21_09_36_45_(14975)_sardine_input_(0).png,yes,yes,15.0,3.0,15.0,15.0,1.0,0.02626970227670753,35.0,37.0,0.2,1.0222602739726028,0.178720703125
2024-11-21_09_36_45_(14975)_sardine_input_(1).png,yes,yes,16.0,3.0,16.0,15.0,1.0,0.02626970227670753,37.0,39.0,0.1875,1.0193861066235865,0.18726399739583333
2024-11-21_09_36_45_(14975)_sardine_input_(2).png,yes,yes,16.0,2.0,16.0,15.0,1.0,0.02626970227670753,36.0,34.0,0.125,1.0146103896103895,0.1619287109375
2024-11-21_09_37_04_(14976)_sardine_input_(0).png,yes,yes,15.0,3.0,15.0,15.0,1.0,0.02631578947368421,34.0,34.0,0.2,1.018835616438356,0.16173177083333334
2024-11-21_09_37_04_(14976)_sardine_input_(1).png,yes,yes,15.0,4.0,16.0,15.0,1.0,0.02631578947368421,36.0,39.0,0.26666666666666666,1.0364842454394694,0.18398274739583334
2024-11-21_09_37_04_(14976)_sardine_input_(2).png,yes,yes,16.0,3.0,17.0,15.0,1.0,0.02631578947368421,38.0,42.0,0.1875,1.021909233176839,0.19847819010416667
2024-11-21_09_37_19_(14977)_sardine_input_(0).png,yes,yes,15.0,2.0,15.0,15.0,2.0,0.026223776223776224,34.0,36.0,0.13333333333333333,1.0189982728842832,0.17437825520833333
2024-11-21_09_37_19_(14977)_sardine_input_(1).png,yes,yes,15.0,3.0,16.0,15.0,2.0,0.026223776223776224,37.0,36.0,0.2,1.0231788079470199,0.173974609375
2024-11-21_09_37_19_(14977)_sardine_input_(2).png,yes,yes,16.0,4.0,17.0,15.0,2.0,0.026223776223776224,41.0,39.0,0.25,1.0330188679245282,0.18750813802083333
2024-11-21_09_37_38_(14978)_sardine_input_(0).png,yes,yes,14.0,3.0,15.0,15.0,2.0,0.02586206896551724,34.0,38.0,0.21428571428571427,1.0278260869565217,0.18772298177083332
2024-11-21_09_37_38_(14978)_sardine_input_(1).png,yes,yes,14.0,4.0,15.0,15.0,2.0,0.02586206896551724,33.0,39.0,0.2857142857142857,1.0412186379928314,0.1938525390625
2024-11-21_09_37_38_(14978)_sardine_input_(2).png,yes,yes,15.0,3.0,15.0,15.0,2.0,0.02586206896551724,34.0,37.0,0.2,1.0220338983050847,0.18430013020833333
2024-11-21_09_37_53_(14979)_sardine_input_(0).png,yes,yes,16.0,3.0,17.0,15.0,1.0,0.027675276752767528,38.0,44.0,0.1875,1.0214876033057851,0.18791015625
2024-11-21_09_37_53_(14979)_sardine_input_(1).png,yes,yes,15.0,3.0,16.0,15.0,1.0,0.027675276752767528,36.0,36.0,0.2,1.020979020979021,0.15666666666666668
2024-11-21_09_37_53_(14979)_sardine_input_(2).png,yes,yes,17.0,3.0,17.0,15.0,1.0,0.027675276752767528,38.0,39.0,0.17647058823529413,1.0178282009724473,0.16979817708333333
2024-11-21_09_38_11_(14980)_sardine_input_(0).png,yes,yes,14.0,3.0,15.0,15.0,2.0,0.026362038664323375,34.0,39.0,0.21428571428571427,1.0285204991087344,0.18307454427083333
2024-11-21_09_38_11_(14980)_sardine_input_(1).png,yes,yes,14.0,4.0,15.0,15.0,2.0,0.026362038664323375,34.0,35.0,0.2857142857142857,1.0396396396396397,0.16566080729166666
2024-11-21_09_38_11_(14980)_sardine_input_(2).png,yes,yes,15.0,2.0,16.0,15.0,2.0,0.026362038664323375,35.0,35.0,0.13333333333333333,1.015,0.1655859375
2024-11-21_09_38_29_(14981)_sardine_input_(0).png,yes,yes,14.0,3.0,15.0,15.0,1.0,0.025423728813559324,34.0,38.0,0.21428571428571427,1.0254668930390491,0.1915869140625
2024-11-21_09_38_29_(14981)_sardine_input_(1).png,yes,yes,14.0,3.0,15.0,15.0,1.0,0.025423728813559324,34.0,34.0,0.21428571428571427,1.0223752151462995,0.17464029947916668
2024-11-21_09_38_29_(14981)_sardine_input_(2).png,yes,yes,14.0,3.0,15.0,15.0,1.0,0.025423728813559324,33.0,35.0,0.21428571428571427,1.0220713073005094,0.17960774739583332
2024-11-21_09_38_45_(14982)_sardine_input_(0).png,yes,yes,15.0,4.0,16.0,15.0,2.0,0.026785714285714284,37.0,42.0,0.26666666666666666,1.035472972972973,0.19173665364583334
2024-11-21_09_38_45_(14982)_sardine_input_(1).png,yes,yes,15.0,2.0,16.0,15.0,2.0,0.026785714285714284,37.0,31.0,0.13333333333333333,1.0134228187919463,0.1440283203125
2024-11-21_09_38_45_(14982)_sardine_input_(2).png,yes,yes,16.0,4.0,17.0,15.0,2.0,0.026785714285714284,39.0,41.0,0.25,1.028616852146264,0.189072265625
2024-11-21_09_39_02_(14983)_sardine_input_(0).png,yes,yes,16.0,3.0,16.0,15.0,1.0,0.026595744680851064,36.0,38.0,0.1875,1.018032786885246,0.17530598958333332
2024-11-21_09_39_02_(14983)_sardine_input_(1).png,yes,yes,16.0,3.0,16.0,15.0,1.0,0.026595744680851064,38.0,41.0,0.1875,1.0246305418719213,0.19110514322916666
2024-11-21_09_39_02_(14983)_sardine_input_(2).png,yes,yes,16.0,3.0,16.0,15.0,1.0,0.026595744680851064,38.0,36.0,0.1875,1.0161550888529887,0.1683642578125
2024-11-21_09_39_21_(14984)_sardine_input_(0).png,yes,yes,16.0,3.0,16.0,15.0,1.0,0.026785714285714284,38.0,38.0,0.1875,1.0276422764227642,0.1734912109375
2024-11-21_09_39_21_(14984)_sardine_input_(1).png,yes,yes,16.0,3.0,16.0,15.0,1.0,0.026785714285714284,39.0,35.0,0.1875,1.0230263157894737,0.1609765625
2024-11-21_09_39_21_(14984)_sardine_input_(2).png,yes,yes,16.0,3.0,16.0,15.0,1.0,0.026785714285714284,38.0,38.0,0.1875,1.0164473684210527,0.1758447265625
2024-11-21_09_39_39_(14985)_sardine_input_(0).png,yes,yes,16.0,4.0,16.0,15.0,1.0,0.02824858757062147,37.0,39.0,0.25,1.0362694300518134,0.16220052083333333
2024-11-21_09_39_39_(14985)_sardine_input_(1).png,yes,yes,16.0,5.0,17.0,15.0,1.0,0.02824858757062147,39.0,43.0,0.3125,1.0577933450087567,0.17740234375
2024-11-21_09_39_39_(14985)_sardine_input_(2).png,yes,yes,18.0,3.0,18.0,15.0,1.0,0.02824858757062147,43.0,41.0,0.16666666666666666,1.0141065830721003,0.17103190104166666
2024-11-21_09_58_00_(14986)_sardine_input_(0).png,yes,yes,14.0,3.0,15.0,15.0,2.0,0.02512562814070352,34.0,39.0,0.21428571428571427,1.0286195286195285,0.204775390625
2024-11-21_09_58_00_(14986)_sardine_input_(1).png,yes,yes,15.0,3.0,15.0,15.0,2.0,0.02512562814070352,34.0,38.0,0.2,1.023217247097844,0.19679524739583334
2024-11-21_09_58_13_(14987)_sardine_input_(0).png,yes,yes,15.0,3.0,16.0,15.0,2.0,0.026223776223776224,36.0,43.0,0.2,1.0249584026622296,0.20514485677083333
2024-11-21_09_58_13_(14987)_sardine_input_(1).png,yes,yes,16.0,3.0,17.0,15.0,2.0,0.026223776223776224,39.0,41.0,0.1875,1.0235109717868338,0.19617838541666666
2024-11-21_09_58_28_(14988)_sardine_input_(0).png,yes,yes,15.0,3.0,15.0,15.0,2.0,0.025597269624573378,35.0,40.0,0.2,1.0249584026622296,0.2027001953125
2024-11-21_09_58_28_(14988)_sardine_input_(1).png,yes,yes,15.0,3.0,16.0,15.0,2.0,0.025597269624573378,36.0,43.0,0.2,1.0241935483870968,0.21372721354166666
2024-11-21_09_58_36_(14989)_sardine_input_(0).png,yes,yes,15.0,3.0,16.0,15.0,2.0,0.02654867256637168,35.0,45.0,0.2,1.0289115646258504,0.2118310546875
2024-11-21_09_58_36_(14989)_sardine_input_(1).png,yes,yes,15.0,4.0,15.0,15.0,2.0,0.02654867256637168,35.0,39.0,0.26666666666666666,1.0456942003514937,0.18144205729166665
2024-11-21_09_58_47_(14990)_sardine_input_(0).png,yes,yes,14.0,5.0,15.0,15.0,1.0,0.026362038664323375,35.0,35.0,0.35714285714285715,1.07168458781362,0.16852213541666666
2024-11-21_09_58_47_(14990)_sardine_input_(1).png,yes,yes,15.0,4.0,16.0,15.0,1.0,0.026362038664323375,37.0,40.0,0.26666666666666666,1.0426621160409557,0.18816569010416667
2024-11-21_09_59_00_(14991)_sardine_input_(0).png,yes,yes,15.0,3.0,16.0,15.0,1.0,0.025728987993138937,37.0,41.0,0.2,1.0262295081967212,0.20468912760416666
2024-11-21_09_59_00_(14991)_sardine_input_(1).png,yes,yes,16.0,3.0,16.0,15.0,1.0,0.025728987993138937,38.0,44.0,0.1875,1.0235109717868338,0.22031412760416666
2024-11-21_09_59_09_(14992)_sardine_input_(0).png,yes,yes,15.0,3.0,15.0,15.0,2.0,0.02555366269165247,35.0,37.0,0.2,1.0214521452145215,0.18876139322916666
2024-11-21_09_59_09_(14992)_sardine_input_(1).png,yes,yes,15.0,3.0,15.0,15.0,2.0,0.02555366269165247,36.0,40.0,0.2,1.0249584026622296,0.20337727864583333
2024-11-21_09_59_17_(14993)_sardine_input_(0).png,yes,yes,15.0,3.0,15.0,15.0,1.0,0.025380710659898477,34.0,35.0,0.2,1.0219594594594594,0.17732259114583335
2024-11-21_09_59_17_(14993)_sardine_input_(1).png,yes,yes,15.0,4.0,16.0,15.0,1.0,0.025380710659898477,36.0,40.0,0.26666666666666666,1.039344262295082,0.20295572916666665
2024-11-21_09_59_25_(14994)_sardine_input_(0).png,yes,yes,15.0,3.0,15.0,15.0,1.0,0.024,36.0,43.0,0.2,1.0251572327044025,0.24504231770833335
2024-11-21_09_59_25_(14994)_sardine_input_(1).png,yes,yes,15.0,3.0,15.0,15.0,1.0,0.024,34.0,42.0,0.2,1.0282574568288854,0.23924641927083334
2024-11-21_09_59_34_(14995)_sardine_input_(0).png,yes,yes,15.0,3.0,15.0,15.0,2.0,0.023622047244094488,34.0,41.0,0.2,1.0267716535433071,0.23958821614583334
2024-11-21_09_59_34_(14995)_sardine_input_(1).png,yes,yes,15.0,3.0,15.0,15.0,2.0,0.023622047244094488,34.0,41.0,0.2,1.0265625,0.24255696614583333
2024-11-21_09_59_43_(14996)_sardine_input_(0).png,yes,yes,14.0,3.0,15.0,15.0,1.0,0.02358490566037736,34.0,45.0,0.21428571428571427,1.0330708661417323,0.265830078125
2024-11-21_09_59_43_(14996)_sardine_input_(1).png,yes,yes,14.0,3.0,15.0,15.0,1.0,0.02358490566037736,34.0,39.0,0.21428571428571427,1.0303514376996805,0.2311279296875
2024-11-21_09_59_52_(14997)_sardine_input_(0).png,yes,yes,15.0,5.0,16.0,15.0,2.0,0.02533783783783784,37.0,42.0,0.3333333333333333,1.0564516129032258,0.2165478515625
2024-11-21_09_59_52_(14997)_sardine_input_(1).png,yes,yes,16.0,3.0,16.0,15.0,2.0,0.02533783783783784,37.0,43.0,0.1875,1.025,0.21998697916666668
2024-11-21_10_00_03_(14998)_sardine_input_(0).png,yes,yes,15.0,3.0,15.0,15.0,2.0,0.025210084033613446,36.0,40.0,0.2,1.0261865793780687,0.20796061197916665
2024-11-21_10_00_03_(14998)_sardine_input_(1).png,yes,yes,15.0,3.0,16.0,15.0,2.0,0.025210084033613446,36.0,44.0,0.2,1.025518341307815,0.2277978515625
2024-11-21_10_00_12_(14999)_sardine_input_(0).png,yes,yes,15.0,4.0,15.0,15.0,1.0,0.024154589371980676,35.0,41.0,0.26666666666666666,1.0332278481012658,0.2321240234375
2024-11-21_10_00_12_(14999)_sardine_input_(1).png,yes,yes,15.0,3.0,15.0,15.0,1.0,0.024154589371980676,35.0,41.0,0.2,1.0250391236306728,0.23322428385416666
2024-11-21_10_00_22_(15000)_sardine_input_(0).png,yes,yes,16.0,4.0,16.0,15.0,2.0,0.026041666666666668,37.0,50.0,0.25,1.0304487179487178,0.24274251302083333
2024-11-21_10_00_22_(15000)_sardine_input_(1).png,yes,yes,16.0,4.0,16.0,15.0,2.0,0.026041666666666668,37.0,47.0,0.25,1.028892455858748,0.22590657552083335
2024-11-21_10_00_32_(15001)_sardine_input_(0).png,yes,yes,16.0,4.0,16.0,15.0,1.0,0.025996533795493933,37.0,40.0,0.25,1.0304975922953452,0.19483235677083333
2024-11-21_10_00_32_(15001)_sardine_input_(1).png,yes,yes,15.0,3.0,16.0,15.0,1.0,0.025996533795493933,37.0,40.0,0.2,1.0282861896838602,0.19321614583333332
2024-11-21_10_00_42_(15002)_sardine_input_(0).png,yes,yes,15.0,3.0,15.0,15.0,2.0,0.02358490566037736,34.0,42.0,0.2,1.0282131661442007,0.2487451171875
2024-11-21_10_00_42_(15002)_sardine_input_(1).png,yes,yes,14.0,3.0,15.0,15.0,2.0,0.02358490566037736,33.0,43.0,0.21428571428571427,1.0322061191626408,0.2554443359375
2024-11-21_10_00_53_(15003)_sardine_input_(0).png,yes,yes,15.0,3.0,15.0,15.0,1.0,0.025996533795493933,36.0,40.0,0.2,1.0267558528428093,0.19688313802083332
2024-11-21_10_00_53_(15003)_sardine_input_(1).png,yes,yes,16.0,3.0,16.0,15.0,1.0,0.025996533795493933,37.0,42.0,0.1875,1.0221870047543582,0.20384765625
2024-11-21_10_01_06_(15004)_sardine_input_(0).png,yes,yes,14.0,4.0,15.0,15.0,1.0,0.026041666666666668,34.0,35.0,0.2857142857142857,1.0440140845070423,0.171591796875
2024-11-21_10_01_06_(15004)_sardine_input_(1).png,yes,yes,15.0,3.0,16.0,15.0,1.0,0.026041666666666668,36.0,41.0,0.2,1.026622296173045,0.19883951822916668
2024-11-21_10_01_17_(15005)_sardine_input_(0).png,yes,yes,15.0,3.0,15.0,15.0,1.0,0.024671052631578948,34.0,43.0,0.2,1.030844155844156,0.23316569010416666
2024-11-21_10_01_17_(15005)_sardine_input_(1).png,yes,yes,15.0,3.0,15.0,15.0,1.0,0.024671052631578948,35.0,43.0,0.2,1.027331189710611,0.23343098958333333
2024-11-21_10_01_28_(15006)_sardine_input_(0).png,yes,yes,15.0,4.0,16.0,15.0,1.0,0.025252525252525252,36.0,43.0,0.26666666666666666,1.0324675324675325,0.22243001302083334
2024-11-21_10_01_28_(15006)_sardine_input_(1).png,yes,yes,15.0,4.0,16.0,15.0,1.0,0.025252525252525252,36.0,40.0,0.26666666666666666,1.0409165302782324,0.20595052083333334
2024-11-21_10_01_38_(15007)_sardine_input_(0).png,yes,yes,15.0,4.0,15.0,15.0,1.0,0.02608695652173913,35.0,48.0,0.26666666666666666,1.0429553264604812,0.23087890625
2024-11-21_10_01_38_(15007)_sardine_input_(1).png,yes,yes,14.0,4.0,15.0,15.0,1.0,0.02608695652173913,34.0,38.0,0.2857142857142857,1.0390070921985815,0.1852490234375
2024-11-21_10_01_51_(15008)_sardine_input_(0).png,yes,yes,14.0,3.0,15.0,15.0,1.0,0.025996533795493933,34.0,38.0,0.21428571428571427,1.0278745644599303,0.185185546875
2024-11-21_10_01_51_(15008)_sardine_input_(1).png,yes,yes,15.0,3.0,15.0,15.0,1.0,0.025996533795493933,36.0,40.0,0.2,1.0267558528428093,0.19532877604166668
2024-11-21_10_02_01_(15009)_sardine_input_(0).png,yes,yes,15.0,3.0,15.0,15.0,1.0,0.024509803921568627,34.0,44.0,0.2,1.0291734197730957,0.241787109375
2024-11-21_10_02_01_(15009)_sardine_input_(1).png,yes,yes,15.0,4.0,15.0,15.0,1.0,0.024509803921568627,35.0,45.0,0.26666666666666666,1.0373376623376624,0.24898600260416667
2024-11-21_10_02_11_(15010)_sardine_input_(0).png,yes,yes,15.0,3.0,15.0,15.0,1.0,0.025,35.0,44.0,0.2,1.0310457516339868,0.23080240885416667
2024-11-21_10_02_11_(15010)_sardine_input_(1).png,yes,yes,16.0,3.0,16.0,15.0,1.0,0.025,37.0,49.0,0.1875,1.028125,0.25685546875
2024-11-26_09_36_21_(15037)_sardine_input_(0).png,yes,yes,16.0,4.0,17.0,15.0,1.0,0.028680688336520075,40.0,43.0,0.25,1.0389830508474576,0.17329752604166668
2024-11-26_09_36_21_(15037)_sardine_input_(1).png,yes,yes,16.0,3.0,17.0,15.0,1.0,0.028680688336520075,42.0,45.0,0.1875,1.0255102040816326,0.180771484375
2024-11-26_09_36_37_(15038)_sardine_input_(0).png,yes,yes,16.0,3.0,16.0,15.0,1.0,0.02626970227670753,41.0,39.0,0.1875,1.0206022187004755,0.18847330729166667
2024-11-26_09_36_37_(15038)_sardine_input_(1).png,yes,yes,16.0,4.0,16.0,15.0,1.0,0.02626970227670753,38.0,43.0,0.25,1.0320512820512822,0.20531575520833334
2024-11-26_09_37_02_(15039)_sardine_input_(0).png,yes,yes,16.0,4.0,16.0,15.0,1.0,0.02555366269165247,39.0,42.0,0.25,1.032967032967033,0.21053548177083334
2024-11-26_09_37_02_(15039)_sardine_input_(1).png,yes,yes,16.0,4.0,17.0,15.0,1.0,0.02555366269165247,38.0,45.0,0.25,1.0453834115805947,0.228740234375
2024-11-26_09_37_15_(15040)_sardine_input_(0).png,yes,yes,16.0,3.0,16.0,15.0,1.0,0.026737967914438502,38.0,47.0,0.1875,1.0275080906148868,0.21678873697916667
2024-11-26_09_37_15_(15040)_sardine_input_(1).png,yes,yes,15.0,3.0,16.0,15.0,1.0,0.026737967914438502,37.0,38.0,0.2,1.027027027027027,0.17401692708333333
2024-11-26_09_37_31_(15041)_sardine_input_(0).png,yes,yes,16.0,4.0,16.0,15.0,1.0,0.02626970227670753,38.0,44.0,0.25,1.0292207792207793,0.21007649739583334
2024-11-26_09_37_31_(15041)_sardine_input_(1).png,yes,yes,16.0,4.0,16.0,15.0,1.0,0.02626970227670753,37.0,43.0,0.25,1.040983606557377,0.20462239583333333
2024-11-26_09_37_43_(15042)_sardine_input_(0).png,yes,yes,15.0,4.0,16.0,15.0,1.0,0.02640845070422535,37.0,43.0,0.26666666666666666,1.0397350993377483,0.20201171875
2024-11-26_09_37_43_(15042)_sardine_input_(1).png,yes,yes,15.0,4.0,16.0,15.0,1.0,0.02640845070422535,40.0,40.0,0.26666666666666666,1.035,0.18897623697916666
2024-11-26_09_37_56_(15043)_sardine_input_(0).png,yes,yes,15.0,3.0,16.0,15.0,1.0,0.025252525252525252,37.0,42.0,0.2,1.0269413629160062,0.21644694010416668
2024-11-26_09_37_56_(15043)_sardine_input_(1).png,yes,yes,16.0,5.0,16.0,15.0,1.0,0.025252525252525252,40.0,41.0,0.3125,1.0469483568075117,0.21112630208333333
2024-11-26_09_38_10_(15044)_sardine_input_(0).png,yes,yes,15.0,3.0,16.0,15.0,1.0,0.024752475247524754,37.0,39.0,0.2,1.0235478806907379,0.20974772135416667
2024-11-26_09_38_10_(15044)_sardine_input_(1).png,yes,yes,15.0,3.0,16.0,15.0,1.0,0.024752475247524754,36.0,38.0,0.2,1.023659305993691,0.20514485677083333
2024-11-26_09_38_23_(15045)_sardine_input_(0).png,yes,yes,16.0,3.0,16.0,15.0,1.0,0.025951557093425604,38.0,39.0,0.1875,1.023659305993691,0.19127604166666667
2024-11-26_09_38_23_(15045)_sardine_input_(1).png,yes,yes,16.0,4.0,17.0,15.0,1.0,0.025951557093425604,39.0,42.0,0.25,1.04251968503937,0.20715983072916666
2024-11-26_09_38_36_(15046)_sardine_input_(0).png,yes,yes,16.0,3.0,17.0,15.0,2.0,0.02631578947368421,41.0,39.0,0.1875,1.0251572327044025,0.18798502604166667
2024-11-26_09_38_36_(15046)_sardine_input_(1).png,yes,yes,16.0,4.0,17.0,15.0,2.0,0.02631578947368421,42.0,44.0,0.25,1.0375586854460095,0.21069173177083333
2024-11-26_09_39_06_(15048)_sardine_input_(0).png,yes,yes,15.0,3.0,15.0,15.0,1.0,0.025728987993138937,35.0,38.0,0.2,1.0235294117647058,0.18749837239583333
2024-11-26_09_39_06_(15048)_sardine_input_(1).png,yes,yes,15.0,3.0,15.0,15.0,1.0,0.025728987993138937,35.0,39.0,0.2,1.0281456953642385,0.19409993489583333
2024-11-26_09_39_13_(15049)_sardine_input_(0).png,yes,yes,16.0,5.0,17.0,15.0,1.0,0.026833631484794274,40.0,41.0,0.3125,1.0495049504950495,0.1877197265625
2024-11-26_09_39_13_(15049)_sardine_input_(1).png,yes,yes,16.0,3.0,16.0,15.0,1.0,0.026833631484794274,38.0,41.0,0.1875,1.0227272727272727,0.18948079427083334
2024-11-26_09_39_28_(15050)_sardine_input_(0).png,yes,yes,16.0,3.0,17.0,15.0,2.0,0.02702702702702703,38.0,46.0,0.1875,1.0225806451612902,0.20573567708333335
2024-11-26_09_39_28_(15050)_sardine_input_(1).png,yes,yes,16.0,3.0,17.0,15.0,2.0,0.02702702702702703,41.0,40.0,0.1875,1.0210696920583469,0.1798388671875
2024-11-26_09_39_40_(15051)_sardine_input_(0).png,yes,yes,16.0,3.0,16.0,15.0,1.0,0.026501766784452298,39.0,43.0,0.1875,1.0256,0.20112955729166668
2024-11-26_09_39_40_(15051)_sardine_input_(1).png,yes,yes,16.0,4.0,16.0,15.0,1.0,0.026501766784452298,39.0,37.0,0.25,1.0406504065040652,0.17451822916666668
2024-11-26_09_39_56_(15052)_sardine_input_(0).png,yes,yes,16.0,4.0,17.0,15.0,1.0,0.027675276752767528,40.0,41.0,0.25,1.0367278797996662,0.17546223958333335
2024-11-26_09_39_56_(15052)_sardine_input_(1).png,yes,yes,16.0,3.0,16.0,15.0,1.0,0.027675276752767528,39.0,42.0,0.1875,1.0219594594594594,0.17923014322916667
2024-12-03_10_04_32_(17678)_sardine_input_(0).png,yes,yes,16.0,3.0,16.0,15.0,1.0,0.027472527472527472,37.0,42.0,0.1875,1.0220713073005094,0.18159993489583334
2024-12-03_10_04_32_(17678)_sardine_input_(1).png,yes,yes,15.0,4.0,16.0,15.0,1.0,0.027472527472527472,37.0,44.0,0.26666666666666666,1.0416666666666667,0.19060221354166668
2024-12-03_10_04_44_(17679)_sardine_input_(0).png,yes,yes,16.0,3.0,16.0,15.0,1.0,0.026041666666666668,37.0,43.0,0.1875,1.0254777070063694,0.2079345703125
2024-12-03_10_04_44_(17679)_sardine_input_(1).png,yes,yes,15.0,3.0,16.0,15.0,1.0,0.026041666666666668,38.0,36.0,0.2,1.024671052631579,0.1768408203125
2024-12-10_10_44_03_(17812)_sardine_input_(0).png,yes,yes,16.0,3.0,17.0,15.0,1.0,0.026690391459074734,37.0,45.0,0.1875,1.0207667731629393,0.20724446614583333
2024-12-10_10_44_03_(17812)_sardine_input_(1).png,yes,yes,16.0,3.0,16.0,15.0,1.0,0.026690391459074734,42.0,38.0,0.1875,1.027823240589198,0.17680989583333334
2024-12-17_10_21_28_(17878)_sardine_input_(0).png,yes,yes,15.0,3.0,15.0,15.0,1.0,0.025041736227045076,36.0,38.0,0.2,1.0262295081967212,0.19745442708333333
2024-12-17_10_21_28_(17878)_sardine_input_(1).png,yes,yes,15.0,3.0,15.0,15.0,1.0,0.025041736227045076,35.0,33.0,0.2,1.026272577996716,0.17279459635416666
2024-12-17_10_21_53_(17879)_sardine_input_(0).png,yes,yes,15.0,3.0,15.0,15.0,2.0,0.024509803921568627,36.0,39.0,0.2,1.0284810126582278,0.21283040364583333
2024-12-17_10_21_53_(17879)_sardine_input_(1).png,yes,yes,15.0,3.0,16.0,15.0,2.0,0.024509803921568627,35.0,40.0,0.2,1.0250391236306728,0.2193603515625
2024-12-17_10_22_04_(17880)_sardine_input_(0).png,yes,yes,15.0,3.0,15.0,15.0,2.0,0.024875621890547265,35.0,39.0,0.2,1.0258481421647818,0.20701334635416666
2024-12-17_10_22_04_(17880)_sardine_input_(1).png,yes,yes,15.0,3.0,16.0,15.0,2.0,0.024875621890547265,37.0,41.0,0.2,1.0234741784037558,0.21948567708333333
2024-12-17_10_22_17_(17881)_sardine_input_(0).png,yes,yes,15.0,3.0,15.0,15.0,2.0,0.02586206896551724,34.0,38.0,0.2,1.0256849315068493,0.18535319010416668
2024-12-17_10_22_17_(17881)_sardine_input_(1).png,yes,yes,15.0,4.0,16.0,15.0,2.0,0.02586206896551724,37.0,40.0,0.26666666666666666,1.0330578512396693,0.1959423828125
2024-12-17_10_22_32_(17882)_sardine_input_(0).png,yes,yes,14.0,3.0,15.0,15.0,2.0,0.02555366269165247,34.0,34.0,0.21428571428571427,1.024263431542461,0.17240559895833332
2024-12-17_10_22_32_(17882)_sardine_input_(1).png,yes,yes,15.0,3.0,15.0,15.0,2.0,0.02555366269165247,35.0,38.0,0.2,1.021311475409836,0.19329264322916667
2024-12-17_10_23_00_(17883)_sardine_input_(0).png,yes,yes,15.0,3.0,15.0,15.0,1.0,0.025996533795493933,36.0,38.0,0.2,1.025,0.1849951171875
2024-12-17_10_23_00_(17883)_sardine_input_(1).png,yes,yes,16.0,3.0,16.0,15.0,1.0,0.025996533795493933,37.0,42.0,0.1875,1.0257648953301126,0.20659016927083335
2024-12-17_10_23_21_(17884)_sardine_input_(0).png,yes,yes,15.0,3.0,15.0,15.0,2.0,0.02586206896551724,35.0,38.0,0.2,1.0255972696245734,0.188837890625
2024-12-17_10_23_21_(17884)_sardine_input_(1).png,yes,yes,16.0,4.0,17.0,15.0,2.0,0.02586206896551724,39.0,45.0,0.25,1.0328125,0.22152180989583334
2024-12-17_10_23_44_(17885)_sardine_input_(0).png,yes,yes,15.0,3.0,15.0,15.0,2.0,0.02654867256637168,35.0,41.0,0.2,1.0255536626916524,0.19296061197916667
2024-12-17_10_23_44_(17885)_sardine_input_(1).png,yes,yes,15.0,3.0,15.0,15.0,2.0,0.02654867256637168,36.0,40.0,0.2,1.0255536626916524,0.1882080078125
2024-12-17_10_23_55_(17886)_sardine_input_(0).png,yes,yes,15.0,3.0,15.0,15.0,1.0,0.025295109612141653,36.0,39.0,0.2,1.028052805280528,0.20154947916666666
2024-12-17_10_23_55_(17886)_sardine_input_(1).png,yes,yes,15.0,3.0,16.0,15.0,1.0,0.025295109612141653,37.0,38.0,0.2,1.0253565768621236,0.19589680989583333
2024-12-17_10_24_19_(17887)_sardine_input_(0).png,yes,yes,15.0,3.0,15.0,15.0,2.0,0.024958402662229616,35.0,42.0,0.2,1.0275974025974026,0.22202962239583332
2024-12-17_10_24_19_(17887)_sardine_input_(1).png,yes,yes,15.0,3.0,15.0,15.0,2.0,0.024958402662229616,35.0,42.0,0.2,1.029126213592233,0.22237630208333334
2024-12-17_10_24_33_(17888)_sardine_input_(0).png,yes,yes,15.0,3.0,15.0,15.0,2.0,0.024916943521594685,36.0,37.0,0.2,1.030844155844156,0.19419759114583332
2024-12-17_10_24_33_(17888)_sardine_input_(1).png,yes,yes,15.0,3.0,15.0,15.0,2.0,0.024916943521594685,35.0,36.0,0.2,1.021138211382114,0.19350911458333334
2024-12-17_10_24_50_(17889)_sardine_input_(0).png,yes,yes,15.0,3.0,16.0,15.0,2.0,0.02577319587628866,36.0,41.0,0.2,1.0229885057471264,0.20245442708333333
2024-12-17_10_24_50_(17889)_sardine_input_(1).png,yes,yes,15.0,3.0,16.0,15.0,2.0,0.02577319587628866,36.0,42.0,0.2,1.0227642276422764,0.20589518229166667
2024-12-17_10_26_23_(17892)_sardine_input_(0).png,yes,yes,14.0,3.0,14.0,15.0,2.0,0.025684931506849314,33.0,38.0,0.21428571428571427,1.0300884955752212,0.19239420572916666
2024-12-17_10_26_23_(17892)_sardine_input_(1).png,yes,yes,14.0,3.0,14.0,15.0,2.0,0.025684931506849314,32.0,35.0,0.21428571428571427,1.0265957446808511,0.17607259114583335
2024-12-17_10_27_31_(17893)_sardine_input_(0).png,yes,yes,16.0,4.0,17.0,15.0,2.0,0.02895752895752896,39.0,43.0,0.25,1.0273037542662116,0.16819986979166668
2024-12-17_10_27_31_(17893)_sardine_input_(1).png,yes,yes,16.0,3.0,16.0,15.0,2.0,0.02895752895752896,38.0,38.0,0.1875,1.0194690265486726,0.15065266927083334
2024-12-17_10_27_42_(17894)_sardine_input_(0).png,yes,yes,15.0,3.0,15.0,15.0,2.0,0.02617801047120419,35.0,44.0,0.2,1.0287648054145515,0.20929850260416666
2024-12-17_10_27_42_(17894)_sardine_input_(1).png,yes,yes,15.0,3.0,16.0,15.0,2.0,0.02617801047120419,36.0,43.0,0.2,1.0263591433278418,0.20812662760416667
2024-12-17_10_27_50_(17895)_sardine_input_(0).png,yes,yes,14.0,3.0,14.0,15.0,2.0,0.02577319587628866,33.0,36.0,0.21428571428571427,1.024866785079929,0.17895182291666667
2024-12-17_10_27_50_(17895)_sardine_input_(1).png,yes,yes,14.0,3.0,15.0,15.0,2.0,0.02577319587628866,34.0,39.0,0.21428571428571427,1.027681660899654,0.19389811197916668
2024-12-17_10_28_00_(17896)_sardine_input_(0).png,yes,yes,15.0,4.0,16.0,15.0,2.0,0.025466893039049237,36.0,46.0,0.26666666666666666,1.0321543408360128,0.23479329427083334
2024-12-17_10_28_00_(17896)_sardine_input_(1).png,yes,yes,16.0,3.0,16.0,15.0,2.0,0.025466893039049237,37.0,45.0,0.1875,1.0251177394034536,0.22605631510416666
2024-12-17_10_29_53_(17900)_sardine_input_(0).png,yes,yes,15.0,3.0,15.0,15.0,1.0,0.025210084033613446,34.0,37.0,0.2,1.021630615640599,0.19124348958333334
2024-12-17_10_29_53_(17900)_sardine_input_(1).png,yes,yes,15.0,3.0,15.0,15.0,1.0,0.025210084033613446,36.0,40.0,0.2,1.0263157894736843,0.20763671875
2024-12-17_10_30_12_(17901)_sardine_input_(0).png,yes,yes,15.0,3.0,16.0,15.0,2.0,0.025951557093425604,36.0,39.0,0.2,1.0212418300653594,0.18947916666666667
2024-12-17_10_30_12_(17901)_sardine_input_(1).png,yes,yes,16.0,3.0,16.0,15.0,2.0,0.025951557093425604,39.0,39.0,0.1875,1.0225806451612902,0.1927197265625
2024-12-17_10_32_19_(17908)_sardine_input_(0).png,yes,yes,22.0,4.0,23.0,15.0,2.0,0.036585365853658534,51.0,83.0,0.18181818181818182,1.0227642276422764,0.20324381510416667
2024-12-17_10_32_19_(17908)_sardine_input_(1).png,yes,yes,22.0,5.0,23.0,15.0,2.0,0.036585365853658534,52.0,84.0,0.22727272727272727,1.0224358974358974,0.20536458333333332
2024-12-17_10_32_30_(17909)_sardine_input_(0).png,yes,yes,15.0,3.0,16.0,15.0,2.0,0.02697841726618705,36.0,45.0,0.2,1.0258620689655173,0.20171061197916668
2024-12-17_10_32_30_(17909)_sardine_input_(1).png,yes,yes,15.0,3.0,15.0,15.0,2.0,0.02697841726618705,35.0,48.0,0.2,1.0313588850174216,0.21479166666666666
2024-12-17_10_34_01_(17913)_sardine_input_(0).png,yes,yes,15.0,3.0,16.0,15.0,2.0,0.024469820554649267,35.0,47.0,0.2,1.0314465408805031,0.25872233072916667
2024-12-17_10_34_01_(17913)_sardine_input_(1).png,yes,yes,15.0,3.0,15.0,15.0,2.0,0.024469820554649267,35.0,45.0,0.2,1.0299684542586751,0.24642415364583334
2024-12-17_10_34_22_(17914)_sardine_input_(0).png,yes,yes,15.0,4.0,16.0,15.0,1.0,0.024271844660194174,36.0,48.0,0.26666666666666666,1.0328638497652582,0.2663720703125
2024-12-17_10_34_22_(17914)_sardine_input_(1).png,yes,yes,15.0,3.0,15.0,15.0,1.0,0.024271844660194174,35.0,41.0,0.2,1.025078369905956,0.23082845052083334
2024-12-17_10_35_31_(17917)_sardine_input_(0).png,yes,yes,16.0,3.0,16.0,15.0,2.0,0.02608695652173913,37.0,50.0,0.1875,1.0292207792207793,0.24339518229166668
2024-12-17_10_35_31_(17917)_sardine_input_(1).png,yes,yes,16.0,3.0,17.0,15.0,2.0,0.02608695652173913,37.0,47.0,0.1875,1.0267295597484276,0.22895345052083332
2024-12-17_10_36_12_(17919)_sardine_input_(0).png,yes,yes,15.0,3.0,15.0,15.0,2.0,0.025597269624573378,35.0,39.0,0.2,1.026890756302521,0.1961474609375
2024-12-17_10_36_12_(17919)_sardine_input_(1).png,yes,yes,15.0,3.0,15.0,15.0,2.0,0.025597269624573378,35.0,37.0,0.2,1.023728813559322,0.18654296875
2024-12-17_10_36_27_(17920)_sardine_input_(0).png,yes,yes,15.0,3.0,15.0,15.0,1.0,0.023474178403755867,34.0,42.0,0.2,1.0312989045383412,0.2504150390625
2024-12-17_10_36_27_(17920)_sardine_input_(1).png,yes,yes,14.0,3.0,15.0,15.0,1.0,0.023474178403755867,37.0,44.0,0.21428571428571427,1.031347962382445,0.2607145182291667
2024-12-19_09_54_44_(17953)_sardine_input_(0).png,yes,yes,15.0,3.0,15.0,15.0,2.0,0.025684931506849314,34.0,41.0,0.2,1.0273037542662116,0.206396484375
2024-12-19_09_54_44_(17953)_sardine_input_(1).png,yes,yes,15.0,4.0,15.0,15.0,2.0,0.025684931506849314,35.0,36.0,0.26666666666666666,1.0427350427350428,0.181123046875
2024-12-19_09_54_53_(17954)_sardine_input_(0).png,yes,yes,15.0,3.0,16.0,15.0,1.0,0.02512562814070352,36.0,42.0,0.2,1.0220125786163523,0.21831705729166667
2024-12-19_09_54_53_(17954)_sardine_input_(1).png,yes,yes,16.0,3.0,16.0,15.0,1.0,0.02512562814070352,41.0,47.0,0.1875,1.0282131661442007,0.2443310546875
2024-12-19_09_55_04_(17955)_sardine_input_(0).png,yes,yes,16.0,4.0,17.0,15.0,1.0,0.026041666666666668,39.0,41.0,0.25,1.0377952755905513,0.19879557291666666
2024-12-19_09_55_04_(17955)_sardine_input_(1).png,yes,yes,16.0,3.0,16.0,15.0,1.0,0.026041666666666668,37.0,40.0,0.1875,1.0190779014308426,0.19466634114583334
2024-12-19_09_55_11_(17956)_sardine_input_(0).png,yes,yes,15.0,4.0,16.0,15.0,1.0,0.025951557093425604,36.0,42.0,0.26666666666666666,1.0345963756177925,0.20365885416666665
2024-12-19_09_55_11_(17956)_sardine_input_(1).png,yes,yes,15.0,3.0,16.0,15.0,1.0,0.025951557093425604,37.0,44.0,0.2,1.0293159609120521,0.2159033203125
2024-12-19_09_55_19_(17957)_sardine_input_(0).png,yes,yes,14.0,3.0,15.0,15.0,2.0,0.02403846153846154,33.0,39.0,0.21428571428571427,1.0297029702970297,0.22419108072916666
2024-12-19_09_55_19_(17957)_sardine_input_(1).png,yes,yes,15.0,3.0,15.0,15.0,2.0,0.02403846153846154,35.0,42.0,0.2,1.0297805642633229,0.2410791015625
2024-12-19_09_55_34_(17958)_sardine_input_(0).png,yes,yes,16.0,3.0,16.0,15.0,1.0,0.02654867256637168,39.0,40.0,0.1875,1.0224719101123596,0.18757486979166665
2024-12-19_09_55_34_(17958)_sardine_input_(1).png,yes,yes,16.0,4.0,17.0,15.0,1.0,0.02654867256637168,42.0,41.0,0.25,1.0391849529780564,0.19331705729166668
2024-12-19_09_57_21_(17959)_sardine_input_(0).png,yes,yes,15.0,3.0,15.0,15.0,2.0,0.024875621890547265,35.0,37.0,0.2,1.0243111831442464,0.19683919270833333
2024-12-19_09_57_21_(17959)_sardine_input_(1).png,yes,yes,15.0,3.0,16.0,15.0,2.0,0.024875621890547265,37.0,39.0,0.2,1.0219435736677116,0.20593912760416666
2024-12-19_09_57_28_(17960)_sardine_input_(0).png,yes,yes,15.0,3.0,15.0,15.0,1.0,0.025041736227045076,34.0,43.0,0.2,1.0279605263157894,0.22328776041666668
2024-12-19_09_57_28_(17960)_sardine_input_(1).png,yes,yes,15.0,3.0,15.0,15.0,1.0,0.025041736227045076,35.0,47.0,0.2,1.032520325203252,0.24477376302083334
2024-12-19_09_57_35_(17961)_sardine_input_(0).png,yes,yes,15.0,3.0,15.0,15.0,1.0,0.025684931506849314,35.0,42.0,0.2,1.028099173553719,0.2112548828125
2024-12-19_09_57_35_(17961)_sardine_input_(1).png,yes,yes,15.0,4.0,16.0,15.0,1.0,0.025684931506849314,36.0,37.0,0.26666666666666666,1.0330578512396693,0.187138671875
2024-12-19_09_57_45_(17962)_sardine_input_(0).png,yes,yes,14.0,3.0,14.0,15.0,2.0,0.025380710659898477,34.0,38.0,0.21428571428571427,1.0278745644599303,0.19403157552083333
2024-12-19_09_57_45_(17962)_sardine_input_(1).png,yes,yes,15.0,3.0,15.0,15.0,2.0,0.025380710659898477,34.0,40.0,0.2,1.0248756218905473,0.20365559895833332
2024-12-19_09_57_53_(17963)_sardine_input_(0).png,yes,yes,15.0,3.0,16.0,15.0,1.0,0.02613240418118467,37.0,42.0,0.2,1.026143790849673,0.20488606770833334
2024-12-19_09_57_53_(17963)_sardine_input_(1).png,yes,yes,16.0,3.0,16.0,15.0,1.0,0.02613240418118467,37.0,47.0,0.1875,1.0256821829855538,0.22617838541666666
2024-12-19_09_57_53_(17963)_sardine_input_(2).png,yes,yes,14.0,1.0,14.0,15.0,1.0,0.02613240418118467,33.0,20.0,0.07142857142857142,1.0035087719298246,0.09701009114583334
2024-12-19_09_58_05_(17964)_sardine_input_(0).png,yes,yes,15.0,3.0,16.0,15.0,1.0,0.025167785234899327,36.0,48.0,0.2,1.0284810126582278,0.24678059895833335
2024-12-19_09_58_05_(17964)_sardine_input_(1).png,yes,yes,15.0,3.0,16.0,15.0,1.0,0.025167785234899327,36.0,43.0,0.2,1.0285261489698891,0.222763671875
2024-12-19_09_58_14_(17965)_sardine_input_(0).png,yes,yes,14.0,3.0,14.0,15.0,2.0,0.024916943521594685,33.0,36.0,0.21428571428571427,1.0256849315068493,0.18918782552083332
2024-12-19_09_58_14_(17965)_sardine_input_(1).png,yes,yes,15.0,3.0,15.0,15.0,2.0,0.024916943521594685,36.0,38.0,0.2,1.0292207792207793,0.19933756510416667
2024-12-19_09_58_23_(17966)_sardine_input_(0).png,yes,yes,16.0,3.0,16.0,15.0,2.0,0.025510204081632654,38.0,45.0,0.1875,1.02660406885759,0.22877278645833332
2024-12-19_09_58_23_(17966)_sardine_input_(1).png,yes,yes,16.0,3.0,16.0,15.0,2.0,0.025510204081632654,37.0,43.0,0.1875,1.021875,0.2156787109375
2024-12-19_09_58_33_(17967)_sardine_input_(0).png,yes,yes,16.0,3.0,16.0,15.0,2.0,0.025380710659898477,37.0,44.0,0.1875,1.028169014084507,0.22410807291666668
2024-12-19_09_58_33_(17967)_sardine_input_(1).png,yes,yes,15.0,4.0,16.0,15.0,2.0,0.025380710659898477,37.0,40.0,0.26666666666666666,1.035031847133758,0.20215983072916666
2024-12-19_09_58_43_(17968)_sardine_input_(0).png,yes,yes,15.0,3.0,16.0,15.0,1.0,0.024469820554649267,36.0,39.0,0.2,1.0298273155416013,0.21690266927083332
2024-12-19_09_58_43_(17968)_sardine_input_(1).png,yes,yes,15.0,3.0,15.0,15.0,1.0,0.024469820554649267,35.0,38.0,0.2,1.0224,0.211337890625
2024-12-19_09_58_51_(17969)_sardine_input_(0).png,yes,yes,15.0,3.0,15.0,15.0,1.0,0.025210084033613446,35.0,43.0,0.2,1.0260162601626017,0.22250162760416667
2024-12-19_09_58_51_(17969)_sardine_input_(1).png,yes,yes,15.0,3.0,16.0,15.0,1.0,0.025210084033613446,37.0,40.0,0.2,1.028391167192429,0.20705891927083334
2024-12-19_09_59_00_(17970)_sardine_input_(0).png,yes,yes,15.0,4.0,15.0,15.0,2.0,0.02459016393442623,36.0,35.0,0.26666666666666666,1.0338164251207729,0.1935498046875
2024-12-19_09_59_00_(17970)_sardine_input_(1).png,yes,yes,15.0,3.0,16.0,15.0,2.0,0.02459016393442623,37.0,37.0,0.2,1.021909233176839,0.20432779947916666
2024-12-19_09_59_09_(17971)_sardine_input_(0).png,yes,yes,15.0,4.0,15.0,15.0,2.0,0.02508361204013378,36.0,39.0,0.26666666666666666,1.0380165289256198,0.20573893229166668
2024-12-19_09_59_09_(17971)_sardine_input_(1).png,yes,yes,15.0,3.0,15.0,15.0,2.0,0.02508361204013378,36.0,40.0,0.2,1.022508038585209,0.21055013020833332
2024-12-19_09_59_18_(17972)_sardine_input_(0).png,yes,yes,14.0,3.0,15.0,15.0,1.0,0.023734177215189875,34.0,38.0,0.21428571428571427,1.0288461538461537,0.22177897135416666
2024-12-19_09_59_18_(17972)_sardine_input_(1).png,yes,yes,15.0,3.0,15.0,15.0,1.0,0.023734177215189875,35.0,38.0,0.2,1.021909233176839,0.2228662109375
2024-12-19_09_59_58_(17973)_sardine_input_(0).png,yes,yes,15.0,3.0,15.0,15.0,1.0,0.02586206896551724,35.0,36.0,0.2,1.0240137221269296,0.17974934895833333
2024-12-19_09_59_58_(17973)_sardine_input_(1).png,yes,yes,15.0,4.0,16.0,15.0,1.0,0.02586206896551724,36.0,38.0,0.26666666666666666,1.0343137254901962,0.18604654947916666
2024-12-19_10_00_07_(17974)_sardine_input_(0).png,yes,yes,16.0,3.0,17.0,15.0,1.0,0.025996533795493933,37.0,49.0,0.1875,1.02660406885759,0.23811686197916668
2024-12-19_10_00_07_(17974)_sardine_input_(1).png,yes,yes,16.0,3.0,16.0,15.0,1.0,0.025996533795493933,37.0,43.0,0.1875,1.0222575516693164,0.21042154947916666
2024-12-19_10_00_17_(17975)_sardine_input_(0).png,yes,yes,17.0,3.0,17.0,15.0,1.0,0.027675276752767528,39.0,44.0,0.17647058823529413,1.021103896103896,0.1871240234375
2024-12-19_10_00_17_(17975)_sardine_input_(1).png,yes,yes,17.0,5.0,18.0,15.0,1.0,0.027675276752767528,58.0,49.0,0.29411764705882354,1.043956043956044,0.21012858072916665
2024-12-19_10_00_25_(17976)_sardine_input_(0).png,yes,yes,16.0,4.0,16.0,15.0,1.0,0.025817555938037865,38.0,50.0,0.25,1.029733959311424,0.24898763020833334
2024-12-19_10_00_25_(17976)_sardine_input_(1).png,yes,yes,16.0,3.0,16.0,15.0,1.0,0.025817555938037865,38.0,44.0,0.1875,1.0251177394034536,0.218115234375
2024-12-19_10_00_35_(17977)_sardine_input_(0).png,yes,yes,17.0,4.0,17.0,15.0,2.0,0.02717391304347826,39.0,51.0,0.23529411764705882,1.0267716535433071,0.22826497395833334
2024-12-19_10_00_35_(17977)_sardine_input_(1).png,yes,yes,17.0,5.0,18.0,15.0,2.0,0.02717391304347826,42.0,51.0,0.29411764705882354,1.05,0.22518880208333333
2024-12-19_10_00_44_(17978)_sardine_input_(0).png,yes,yes,16.0,3.0,16.0,15.0,2.0,0.025951557093425604,37.0,43.0,0.1875,1.0224719101123596,0.2126513671875
2024-12-19_10_00_44_(17978)_sardine_input_(1).png,yes,yes,16.0,3.0,16.0,15.0,2.0,0.025951557093425604,38.0,49.0,0.1875,1.0266457680250785,0.24070475260416666
2024-12-19_10_00_54_(17979)_sardine_input_(0).png,yes,yes,16.0,3.0,16.0,15.0,2.0,0.026501766784452298,40.0,37.0,0.1875,1.021138211382114,0.1758154296875
2024-12-19_10_00_54_(17979)_sardine_input_(1).png,yes,yes,16.0,3.0,17.0,15.0,2.0,0.026501766784452298,42.0,40.0,0.1875,1.0251177394034536,0.18858561197916668
2024-12-19_10_01_04_(17980)_sardine_input_(0).png,yes,yes,15.0,3.0,15.0,15.0,1.0,0.025996533795493933,36.0,39.0,0.2,1.0218855218855218,0.18906575520833332
2024-12-19_10_01_04_(17980)_sardine_input_(1).png,yes,yes,15.0,3.0,15.0,15.0,1.0,0.025996533795493933,34.0,39.0,0.2,1.0328151986183074,0.1884912109375
2024-12-19_10_01_14_(17981)_sardine_input_(0).png,yes,yes,17.0,4.0,17.0,15.0,1.0,0.026833631484794274,41.0,50.0,0.23529411764705882,1.02660406885759,0.23020182291666666
2024-12-19_10_01_14_(17981)_sardine_input_(1).png,yes,yes,17.0,5.0,17.0,15.0,1.0,0.026833631484794274,61.0,48.0,0.29411764705882354,1.0408163265306123,0.22061848958333333
2024-12-19_10_01_25_(17982)_sardine_input_(0).png,yes,yes,15.0,3.0,15.0,15.0,1.0,0.024916943521594685,35.0,42.0,0.2,1.0291734197730957,0.22527180989583334
2024-12-19_10_01_25_(17982)_sardine_input_(1).png,yes,yes,15.0,3.0,16.0,15.0,1.0,0.024916943521594685,37.0,40.0,0.2,1.0297805642633229,0.213974609375
2024-12-19_10_01_35_(17983)_sardine_input_(0).png,yes,yes,16.0,5.0,16.0,15.0,2.0,0.02631578947368421,39.0,38.0,0.3125,1.0455284552845527,0.18309733072916667
2024-12-19_10_01_35_(17983)_sardine_input_(1).png,yes,yes,16.0,3.0,16.0,15.0,2.0,0.02631578947368421,40.0,40.0,0.1875,1.0258481421647818,0.18835774739583333
2024-12-19_10_02_56_(17984)_sardine_input_(0).png,yes,yes,15.0,3.0,15.0,15.0,1.0,0.024958402662229616,35.0,36.0,0.2,1.022801302931596,0.188251953125
2024-12-19_10_02_56_(17984)_sardine_input_(1).png,yes,yes,15.0,3.0,16.0,15.0,1.0,0.024958402662229616,36.0,35.0,0.2,1.018987341772152,0.1865869140625
2024-12-19_10_03_07_(17985)_sardine_input_(0).png,yes,yes,15.0,3.0,16.0,15.0,2.0,0.02577319587628866,36.0,42.0,0.2,1.0258481421647818,0.20722330729166666
2024-12-19_10_03_07_(17985)_sardine_input_(1).png,yes,yes,16.0,5.0,17.0,15.0,2.0,0.02577319587628866,39.0,44.0,0.3125,1.0509554140127388,0.2170361328125
2024-12-19_10_03_16_(17986)_sardine_input_(0).png,yes,yes,15.0,4.0,16.0,15.0,2.0,0.025,36.0,38.0,0.26666666666666666,1.032258064516129,0.19864095052083333
2024-12-19_10_03_16_(17986)_sardine_input_(1).png,yes,yes,15.0,3.0,16.0,15.0,2.0,0.025,38.0,40.0,0.2,1.0203442879499218,0.21327962239583334
2024-12-19_10_03_25_(17987)_sardine_input_(0).png,yes,yes,15.0,4.0,16.0,15.0,1.0,0.024549918166939442,40.0,41.0,0.26666666666666666,1.0469483568075117,0.2225048828125
2024-12-19_10_03_25_(17987)_sardine_input_(1).png,yes,yes,15.0,3.0,16.0,15.0,1.0,0.024549918166939442,37.0,43.0,0.2,1.02660406885759,0.237060546875
2024-12-19_10_03_33_(17988)_sardine_input_(0).png,yes,yes,14.0,3.0,14.0,15.0,1.0,0.024549918166939442,33.0,37.0,0.21428571428571427,1.0252100840336134,0.2030908203125
2024-12-19_10_03_33_(17988)_sardine_input_(1).png,yes,yes,15.0,3.0,15.0,15.0,1.0,0.024549918166939442,33.0,36.0,0.2,1.0196078431372548,0.19902669270833334
2024-12-19_10_03_41_(17989)_sardine_input_(0).png,yes,yes,15.0,3.0,16.0,15.0,1.0,0.02613240418118467,36.0,42.0,0.2,1.0264462809917356,0.20309407552083333
2024-12-19_10_03_41_(17989)_sardine_input_(1).png,yes,yes,16.0,3.0,16.0,15.0,1.0,0.02613240418118467,37.0,41.0,0.1875,1.0188087774294672,0.196865234375
2024-12-19_10_03_49_(17990)_sardine_input_(0).png,yes,yes,15.0,3.0,15.0,15.0,1.0,0.024916943521594685,36.0,42.0,0.2,1.030844155844156,0.2221484375
2024-12-19_10_03_49_(17990)_sardine_input_(1).png,yes,yes,15.0,3.0,15.0,15.0,1.0,0.024916943521594685,35.0,34.0,0.2,1.0214168039538716,0.1820751953125
2024-12-19_10_03_58_(17991)_sardine_input_(0).png,yes,yes,15.0,3.0,16.0,15.0,2.0,0.02564102564102564,36.0,42.0,0.2,1.0242718446601942,0.21224934895833333
2024-12-19_10_03_58_(17991)_sardine_input_(1).png,yes,yes,16.0,3.0,16.0,15.0,2.0,0.02564102564102564,37.0,46.0,0.1875,1.025078369905956,0.229091796875
2024-12-19_10_04_06_(17992)_sardine_input_(0).png,yes,yes,15.0,4.0,16.0,15.0,1.0,0.02564102564102564,36.0,46.0,0.26666666666666666,1.0328407224958949,0.22962239583333333
2024-12-19_10_04_06_(17992)_sardine_input_(1).png,yes,yes,16.0,3.0,16.0,15.0,1.0,0.02564102564102564,37.0,43.0,0.1875,1.0250391236306728,0.21418294270833332
2024-12-19_10_04_16_(17993)_sardine_input_(0).png,yes,yes,13.0,3.0,14.0,15.0,1.0,0.023923444976076555,32.0,39.0,0.23076923076923078,1.0324786324786326,0.222080078125
2024-12-19_10_04_16_(17993)_sardine_input_(1).png,yes,yes,15.0,3.0,15.0,15.0,1.0,0.023923444976076555,35.0,35.0,0.2,1.0188087774294672,0.20416829427083333
2024-12-19_10_04_29_(17994)_sardine_input_(0).png,yes,yes,16.0,4.0,16.0,15.0,2.0,0.026690391459074734,38.0,43.0,0.25,1.0361842105263157,0.19650553385416666
2024-12-19_10_04_29_(17994)_sardine_input_(1).png,yes,yes,17.0,3.0,17.0,15.0,2.0,0.026690391459074734,41.0,47.0,0.17647058823529413,1.0266457680250785,0.215888671875
2024-12-19_10_04_40_(17995)_sardine_input_(0).png,yes,yes,16.0,4.0,16.0,15.0,2.0,0.026501766784452298,38.0,43.0,0.25,1.0307941653160453,0.19998046875
2024-12-19_10_04_40_(17995)_sardine_input_(1).png,yes,yes,16.0,3.0,17.0,15.0,2.0,0.026501766784452298,39.0,47.0,0.1875,1.025078369905956,0.22139485677083334
2024-12-19_10_04_49_(17996)_sardine_input_(0).png,yes,yes,15.0,3.0,16.0,15.0,1.0,0.025423728813559324,36.0,39.0,0.2,1.0289389067524115,0.19804850260416668
2024-12-19_10_04_49_(17996)_sardine_input_(1).png,yes,yes,15.0,3.0,15.0,15.0,1.0,0.025423728813559324,36.0,39.0,0.2,1.0245901639344261,0.19993326822916666
2024-12-19_10_05_10_(17998)_sardine_input_(0).png,yes,yes,16.0,3.0,16.0,15.0,2.0,0.026223776223776224,37.0,41.0,0.1875,1.0225806451612902,0.19695149739583334
2024-12-19_10_05_10_(17998)_sardine_input_(1).png,yes,yes,15.0,3.0,16.0,15.0,2.0,0.026223776223776224,41.0,40.0,0.2,1.0234113712374582,0.19029134114583332
2024-12-19_10_05_32_(17999)_sardine_input_(0).png,yes,yes,15.0,3.0,16.0,15.0,3.0,0.026223776223776224,36.0,40.0,0.2,1.023217247097844,0.193515625
2024-12-19_10_05_32_(17999)_sardine_input_(1).png,yes,yes,7.0,1.0,7.0,15.0,3.0,0.026223776223776224,17.0,10.0,0.14285714285714285,1.03125,0.04986653645833333
2024-12-19_10_05_32_(17999)_sardine_input_(2).png,yes,yes,15.0,3.0,16.0,15.0,3.0,0.026223776223776224,39.0,37.0,0.2,1.0229885057471264,0.17664876302083332
2024-12-19_10_05_40_(18000)_sardine_input_(0).png,yes,yes,15.0,3.0,15.0,15.0,1.0,0.025295109612141653,36.0,40.0,0.2,1.0277777777777777,0.20373372395833333
2024-12-19_10_05_40_(18000)_sardine_input_(1).png,yes,yes,16.0,4.0,16.0,15.0,1.0,0.025295109612141653,37.0,45.0,0.25,1.0344287949921753,0.23233561197916666
2024-12-19_10_05_49_(18001)_sardine_input_(0).png,yes,yes,15.0,4.0,15.0,15.0,1.0,0.024469820554649267,41.0,38.0,0.26666666666666666,1.051779935275081,0.20972981770833332
2024-12-19_10_05_49_(18001)_sardine_input_(1).png,yes,yes,15.0,3.0,16.0,15.0,1.0,0.024469820554649267,35.0,44.0,0.2,1.02660406885759,0.24208821614583334
2024-12-19_10_05_57_(18002)_sardine_input_(0).png,yes,yes,15.0,3.0,15.0,15.0,1.0,0.025041736227045076,35.0,39.0,0.2,1.0243506493506493,0.20673828125
2024-12-19_10_05_57_(18002)_sardine_input_(1).png,yes,yes,14.0,3.0,15.0,15.0,1.0,0.025041736227045076,35.0,37.0,0.21428571428571427,1.0234113712374582,0.1921875
2024-12-19_10_06_08_(18003)_sardine_input_(0).png,yes,yes,15.0,3.0,16.0,15.0,1.0,0.02555366269165247,36.0,39.0,0.2,1.0209339774557167,0.19731770833333334
2024-12-19_10_06_08_(18003)_sardine_input_(1).png,yes,yes,16.0,4.0,16.0,15.0,1.0,0.02555366269165247,39.0,42.0,0.25,1.0391236306729263,0.20972330729166666
2024-12-19_10_06_17_(18004)_sardine_input_(0).png,yes,yes,15.0,3.0,15.0,15.0,1.0,0.025,35.0,38.0,0.2,1.024671052631579,0.20201822916666667
2024-12-19_10_06_17_(18004)_sardine_input_(1).png,yes,yes,15.0,3.0,15.0,15.0,1.0,0.025,35.0,40.0,0.2,1.0224358974358974,0.210810546875
2024-12-19_10_06_26_(18005)_sardine_input_(0).png,yes,yes,15.0,3.0,15.0,15.0,2.0,0.026362038664323375,35.0,34.0,0.2,1.0189003436426116,0.163466796875
2024-12-19_10_06_26_(18005)_sardine_input_(1).png,yes,yes,16.0,3.0,16.0,15.0,2.0,0.026362038664323375,38.0,42.0,0.1875,1.022653721682848,0.20039225260416665
2024-12-19_10_06_35_(18006)_sardine_input_(0).png,yes,yes,16.0,3.0,17.0,15.0,2.0,0.026455026455026454,39.0,40.0,0.1875,1.0204081632653061,0.18957194010416667
2024-12-19_10_06_35_(18006)_sardine_input_(1).png,yes,yes,16.0,3.0,17.0,15.0,2.0,0.026455026455026454,40.0,42.0,0.1875,1.0188679245283019,0.19860188802083334
2024-12-19_10_06_43_(18007)_sardine_input_(0).png,yes,yes,16.0,3.0,17.0,15.0,2.0,0.026833631484794274,39.0,43.0,0.1875,1.027552674230146,0.19782552083333332
2024-12-19_10_06_43_(18007)_sardine_input_(1).png,yes,yes,17.0,3.0,17.0,15.0,2.0,0.026833631484794274,42.0,43.0,0.17647058823529413,1.025078369905956,0.19467122395833333
