,filename,filename_id,actual_class,predicted_class,reason
0,2025-01-21_10_16_46_(18770)_sardine_input.jpeg,2025-01-21_10_16_46_(18770)_sardine_input_(1).jpeg,Good,Good,
1,2025-01-21_10_16_46_(18770)_sardine_input.jpeg,2025-01-21_10_16_46_(18770)_sardine_input_(2).jpeg,Good,Good,
2,2025-01-21_10_22_30_(18795)_sardine_input.jpeg,2025-01-21_10_22_30_(18795)_sardine_input_(1).jpeg,Good,Good,
3,2025-01-21_10_22_30_(18795)_sardine_input.jpeg,2025-01-21_10_22_30_(18795)_sardine_input_(2).jpeg,Good,Good,
4,2025-01-21_10_18_01_(18776)_sardine_input.jpeg,2025-01-21_10_18_01_(18776)_sardine_input_(1).jpeg,Good,Good,
5,2025-01-21_10_18_01_(18776)_sardine_input.jpeg,2025-01-21_10_18_01_(18776)_sardine_input_(2).jpeg,Good,Good,
6,2025-01-21_10_21_59_(18791)_sardine_input.jpeg,2025-01-21_10_21_59_(18791)_sardine_input_(1).jpeg,Good,Good,
7,2025-01-21_10_21_59_(18791)_sardine_input.jpeg,2025-01-21_10_21_59_(18791)_sardine_input_(2).jpeg,Good,Good,
8,2025-01-21_10_17_41_(18774)_sardine_input.jpeg,2025-01-21_10_17_41_(18774)_sardine_input_(1).jpeg,Good,Good,
9,2025-01-21_10_17_41_(18774)_sardine_input.jpeg,2025-01-21_10_17_41_(18774)_sardine_input_(2).jpeg,Good,Bad,Softness
10,2025-01-21_10_22_04_(18792)_sardine_input.jpeg,2025-01-21_10_22_04_(18792)_sardine_input_(1).jpeg,Good,Good,
11,2025-01-21_10_22_04_(18792)_sardine_input.jpeg,2025-01-21_10_22_04_(18792)_sardine_input_(2).jpeg,Good,Good,
12,2025-01-21_10_23_19_(18800)_sardine_input.jpeg,2025-01-21_10_23_19_(18800)_sardine_input_(1).jpeg,Good,Good,
13,2025-01-21_10_23_19_(18800)_sardine_input.jpeg,2025-01-21_10_23_19_(18800)_sardine_input_(2).jpeg,Good,Good,
14,2025-01-21_10_22_22_(18794)_sardine_input.jpeg,2025-01-21_10_22_22_(18794)_sardine_input_(1).jpeg,Good,Good,
15,2025-01-21_10_22_22_(18794)_sardine_input.jpeg,2025-01-21_10_22_22_(18794)_sardine_input_(2).jpeg,Good,Good,
16,2025-01-21_10_22_12_(18793)_sardine_input.jpeg,2025-01-21_10_22_12_(18793)_sardine_input_(1).jpeg,Good,Good,
17,2025-01-21_10_22_12_(18793)_sardine_input.jpeg,2025-01-21_10_22_12_(18793)_sardine_input_(2).jpeg,Good,Good,
18,2025-01-21_10_14_13_(18757)_sardine_input.jpeg,2025-01-21_10_14_13_(18757)_sardine_input_(1).jpeg,Good,Bad,Softness
19,2025-01-21_10_14_13_(18757)_sardine_input.jpeg,2025-01-21_10_14_13_(18757)_sardine_input_(2).jpeg,Good,Good,
20,2025-01-21_10_19_34_(18781)_sardine_input.jpeg,2025-01-21_10_19_34_(18781)_sardine_input_(1).jpeg,Good,Good,
21,2025-01-21_10_19_34_(18781)_sardine_input.jpeg,2025-01-21_10_19_34_(18781)_sardine_input_(2).jpeg,Good,Good,
22,2025-01-21_10_15_55_(18765)_sardine_input.jpeg,2025-01-21_10_15_55_(18765)_sardine_input_(1).jpeg,Good,Good,
23,2025-01-21_10_15_55_(18765)_sardine_input.jpeg,2025-01-21_10_15_55_(18765)_sardine_input_(2).jpeg,Good,Good,
24,2025-01-21_10_14_44_(18760)_sardine_input.jpeg,2025-01-21_10_14_44_(18760)_sardine_input_(1).jpeg,Good,Good,
25,2025-01-21_10_14_44_(18760)_sardine_input.jpeg,2025-01-21_10_14_44_(18760)_sardine_input_(2).jpeg,Good,Bad,Softness
26,2025-01-21_10_14_01_(18756)_sardine_input.jpeg,2025-01-21_10_14_01_(18756)_sardine_input_(1).jpeg,Good,Good,
27,2025-01-21_10_14_01_(18756)_sardine_input.jpeg,2025-01-21_10_14_01_(18756)_sardine_input_(2).jpeg,Good,Good,
28,2025-01-21_10_13_40_(18754)_sardine_input.jpeg,2025-01-21_10_13_40_(18754)_sardine_input_(1).jpeg,Good,Good,
29,2025-01-21_10_13_40_(18754)_sardine_input.jpeg,2025-01-21_10_13_40_(18754)_sardine_input_(2).jpeg,Good,Good,
30,2025-01-21_10_15_37_(18763)_sardine_input.jpeg,2025-01-21_10_15_37_(18763)_sardine_input_(1).jpeg,Good,Good,
31,2025-01-21_10_15_37_(18763)_sardine_input.jpeg,2025-01-21_10_15_37_(18763)_sardine_input_(2).jpeg,Good,Good,
32,2025-01-21_10_22_38_(18796)_sardine_input.jpeg,2025-01-21_10_22_38_(18796)_sardine_input_(1).jpeg,Good,Good,
33,2025-01-21_10_22_38_(18796)_sardine_input.jpeg,2025-01-21_10_22_38_(18796)_sardine_input_(2).jpeg,Good,Good,
34,2025-01-21_10_15_46_(18764)_sardine_input.jpeg,2025-01-21_10_15_46_(18764)_sardine_input_(1).jpeg,Good,Good,
35,2025-01-21_10_15_46_(18764)_sardine_input.jpeg,2025-01-21_10_15_46_(18764)_sardine_input_(2).jpeg,Good,Good,
36,2025-01-21_10_16_27_(18768)_sardine_input.jpeg,2025-01-21_10_16_27_(18768)_sardine_input_(1).jpeg,Good,Good,
37,2025-01-21_10_16_27_(18768)_sardine_input.jpeg,2025-01-21_10_16_27_(18768)_sardine_input_(2).jpeg,Good,Good,
38,2025-01-21_10_17_31_(18773)_sardine_input.jpeg,2025-01-21_10_17_31_(18773)_sardine_input_(1).jpeg,Good,Good,
39,2025-01-21_10_17_31_(18773)_sardine_input.jpeg,2025-01-21_10_17_31_(18773)_sardine_input_(2).jpeg,Good,Good,
40,2025-01-21_10_16_54_(18771)_sardine_input.jpeg,2025-01-21_10_16_54_(18771)_sardine_input_(1).jpeg,Good,Good,
41,2025-01-21_10_16_54_(18771)_sardine_input.jpeg,2025-01-21_10_16_54_(18771)_sardine_input_(2).jpeg,Good,Good,
42,2025-01-21_10_14_23_(18758)_sardine_input.jpeg,2025-01-21_10_14_23_(18758)_sardine_input_(1).jpeg,Good,Good,
43,2025-01-21_10_14_23_(18758)_sardine_input.jpeg,2025-01-21_10_14_23_(18758)_sardine_input_(2).jpeg,Good,Good,
44,2025-01-21_10_17_51_(18775)_sardine_input.jpeg,2025-01-21_10_17_51_(18775)_sardine_input_(1).jpeg,Good,Good,
45,2025-01-21_10_17_51_(18775)_sardine_input.jpeg,2025-01-21_10_17_51_(18775)_sardine_input_(2).jpeg,Good,Good,
46,2025-01-21_10_22_49_(18797)_sardine_input.jpeg,2025-01-21_10_22_49_(18797)_sardine_input_(1).jpeg,Good,Good,
47,2025-01-21_10_22_49_(18797)_sardine_input.jpeg,2025-01-21_10_22_49_(18797)_sardine_input_(2).jpeg,Good,Good,
48,2025-01-21_10_16_36_(18769)_sardine_input.jpeg,2025-01-21_10_16_36_(18769)_sardine_input_(1).jpeg,Good,Good,
49,2025-01-21_10_16_36_(18769)_sardine_input.jpeg,2025-01-21_10_16_36_(18769)_sardine_input_(2).jpeg,Good,Good,
50,2025-01-21_10_23_01_(18798)_sardine_input.jpeg,2025-01-21_10_23_01_(18798)_sardine_input_(1).jpeg,Good,Good,
51,2025-01-21_10_23_01_(18798)_sardine_input.jpeg,2025-01-21_10_23_01_(18798)_sardine_input_(2).jpeg,Good,Bad,Softness
52,2025-01-21_10_14_35_(18759)_sardine_input.jpeg,2025-01-21_10_14_35_(18759)_sardine_input_(1).jpeg,Good,Bad,Softness
53,2025-01-21_10_14_35_(18759)_sardine_input.jpeg,2025-01-21_10_14_35_(18759)_sardine_input_(2).jpeg,Good,Good,
54,2025-01-21_10_23_57_(18804)_sardine_input.jpeg,2025-01-21_10_23_57_(18804)_sardine_input_(1).jpeg,Good,Good,
55,2025-01-21_10_23_57_(18804)_sardine_input.jpeg,2025-01-21_10_23_57_(18804)_sardine_input_(2).jpeg,Good,Good,
56,2025-01-21_10_23_36_(18802)_sardine_input.jpeg,2025-01-21_10_23_36_(18802)_sardine_input_(1).jpeg,Good,Good,
57,2025-01-21_10_23_36_(18802)_sardine_input.jpeg,2025-01-21_10_23_36_(18802)_sardine_input_(2).jpeg,Good,Good,
58,2025-01-21_10_18_32_(18779)_sardine_input.jpeg,2025-01-21_10_18_32_(18779)_sardine_input_(1).jpeg,Good,Good,
59,2025-01-21_10_18_32_(18779)_sardine_input.jpeg,2025-01-21_10_18_32_(18779)_sardine_input_(2).jpeg,Good,Bad,Softness
60,2025-01-21_10_15_14_(18761)_sardine_input.jpeg,2025-01-21_10_15_14_(18761)_sardine_input_(1).jpeg,Good,Good,
61,2025-01-21_10_15_14_(18761)_sardine_input.jpeg,2025-01-21_10_15_14_(18761)_sardine_input_(2).jpeg,Good,Good,
62,2025-01-21_10_15_27_(18762)_sardine_input.jpeg,2025-01-21_10_15_27_(18762)_sardine_input_(1).jpeg,Good,Good,
63,2025-01-21_10_15_27_(18762)_sardine_input.jpeg,2025-01-21_10_15_27_(18762)_sardine_input_(2).jpeg,Good,Good,
64,2025-01-21_10_19_23_(18780)_sardine_input.jpeg,2025-01-21_10_19_23_(18780)_sardine_input_(1).jpeg,Good,Good,
65,2025-01-21_10_19_23_(18780)_sardine_input.jpeg,2025-01-21_10_19_23_(18780)_sardine_input_(2).jpeg,Good,Good,
66,2025-01-21_10_23_46_(18803)_sardine_input.jpeg,2025-01-21_10_23_46_(18803)_sardine_input_(1).jpeg,Good,Good,
67,2025-01-21_10_23_46_(18803)_sardine_input.jpeg,2025-01-21_10_23_46_(18803)_sardine_input_(2).jpeg,Good,Good,
68,2025-01-21_10_16_08_(18766)_sardine_input.jpeg,2025-01-21_10_16_08_(18766)_sardine_input_(1).jpeg,Good,Good,
69,2025-01-21_10_16_08_(18766)_sardine_input.jpeg,2025-01-21_10_16_08_(18766)_sardine_input_(2).jpeg,Good,Good,
70,2025-01-21_10_18_12_(18777)_sardine_input.jpeg,2025-01-21_10_18_12_(18777)_sardine_input_(1).jpeg,Good,Bad,Softness
71,2025-01-21_10_18_12_(18777)_sardine_input.jpeg,2025-01-21_10_18_12_(18777)_sardine_input_(2).jpeg,Good,Bad,Softness
72,2025-01-21_10_16_18_(18767)_sardine_input.jpeg,2025-01-21_10_16_18_(18767)_sardine_input_(1).jpeg,Good,Good,
73,2025-01-21_10_16_18_(18767)_sardine_input.jpeg,2025-01-21_10_16_18_(18767)_sardine_input_(2).jpeg,Good,Bad,Softness
74,2025-01-21_10_23_11_(18799)_sardine_input.jpeg,2025-01-21_10_23_11_(18799)_sardine_input_(1).jpeg,Good,Good,
75,2025-01-21_10_23_11_(18799)_sardine_input.jpeg,2025-01-21_10_23_11_(18799)_sardine_input_(2).jpeg,Good,Good,
76,2025-01-21_10_18_22_(18778)_sardine_input.jpeg,2025-01-21_10_18_22_(18778)_sardine_input_(1).jpeg,Good,Good,
77,2025-01-21_10_18_22_(18778)_sardine_input.jpeg,2025-01-21_10_18_22_(18778)_sardine_input_(2).jpeg,Good,Good,
78,2025-01-21_10_13_52_(18755)_sardine_input.jpeg,2025-01-21_10_13_52_(18755)_sardine_input_(1).jpeg,Good,Good,
79,2025-01-21_10_13_52_(18755)_sardine_input.jpeg,2025-01-21_10_13_52_(18755)_sardine_input_(2).jpeg,Good,Good,
80,2025-01-21_10_23_27_(18801)_sardine_input.jpeg,2025-01-21_10_23_27_(18801)_sardine_input_(1).jpeg,Good,Bad,Softness
81,2025-01-21_10_23_27_(18801)_sardine_input.jpeg,2025-01-21_10_23_27_(18801)_sardine_input_(2).jpeg,Good,Good,
82,2025-01-21_10_55_37_(18891)_sardine_input.jpeg,2025-01-21_10_55_37_(18891)_sardine_input_(1).jpeg,Good,Good,
83,2025-01-21_10_55_37_(18891)_sardine_input.jpeg,2025-01-21_10_55_37_(18891)_sardine_input_(2).jpeg,Good,Good,
84,2025-01-21_10_59_25_(18917)_sardine_input.jpeg,2025-01-21_10_59_25_(18917)_sardine_input_(1).jpeg,Good,Good,
85,2025-01-21_10_59_25_(18917)_sardine_input.jpeg,2025-01-21_10_59_25_(18917)_sardine_input_(2).jpeg,Good,Good,
86,2025-01-21_10_28_56_(18825)_sardine_input.jpeg,2025-01-21_10_28_56_(18825)_sardine_input_(1).jpeg,Good,Good,
87,2025-01-21_10_28_56_(18825)_sardine_input.jpeg,2025-01-21_10_28_56_(18825)_sardine_input_(2).jpeg,Good,Good,
88,2025-01-21_10_35_32_(18851)_sardine_input.jpeg,2025-01-21_10_35_32_(18851)_sardine_input_(1).jpeg,Good,Bad,Softness
89,2025-01-21_10_35_32_(18851)_sardine_input.jpeg,2025-01-21_10_35_32_(18851)_sardine_input_(2).jpeg,Good,Good,
90,2025-01-21_10_53_08_(18876)_sardine_input.jpeg,2025-01-21_10_53_08_(18876)_sardine_input_(1).jpeg,Good,Good,
91,2025-01-21_10_53_08_(18876)_sardine_input.jpeg,2025-01-21_10_53_08_(18876)_sardine_input_(2).jpeg,Good,Good,
92,2025-01-21_10_55_53_(18893)_sardine_input.jpeg,2025-01-21_10_55_53_(18893)_sardine_input_(1).jpeg,Good,Good,
93,2025-01-21_10_55_53_(18893)_sardine_input.jpeg,2025-01-21_10_55_53_(18893)_sardine_input_(2).jpeg,Good,Good,
94,2025-01-21_10_34_34_(18845)_sardine_input.jpeg,2025-01-21_10_34_34_(18845)_sardine_input_(1).jpeg,Good,Good,
95,2025-01-21_10_34_34_(18845)_sardine_input.jpeg,2025-01-21_10_34_34_(18845)_sardine_input_(2).jpeg,Good,Bad,Softness
96,2025-01-21_10_56_01_(18894)_sardine_input.jpeg,2025-01-21_10_56_01_(18894)_sardine_input_(1).jpeg,Good,Good,
97,2025-01-21_10_56_01_(18894)_sardine_input.jpeg,2025-01-21_10_56_01_(18894)_sardine_input_(2).jpeg,Good,Good,
98,2025-01-21_10_28_22_(18821)_sardine_input.jpeg,2025-01-21_10_28_22_(18821)_sardine_input_(1).jpeg,Good,Good,
99,2025-01-21_10_28_22_(18821)_sardine_input.jpeg,2025-01-21_10_28_22_(18821)_sardine_input_(2).jpeg,Good,Good,
100,2025-01-21_10_27_24_(18815)_sardine_input.jpeg,2025-01-21_10_27_24_(18815)_sardine_input_(1).jpeg,Good,Good,
101,2025-01-21_10_27_24_(18815)_sardine_input.jpeg,2025-01-21_10_27_24_(18815)_sardine_input_(2).jpeg,Good,Good,
102,2025-01-21_10_57_25_(18903)_sardine_input.jpeg,2025-01-21_10_57_25_(18903)_sardine_input_(1).jpeg,Good,Good,
103,2025-01-21_10_57_25_(18903)_sardine_input.jpeg,2025-01-21_10_57_25_(18903)_sardine_input_(2).jpeg,Good,Good,
104,2025-01-21_10_55_46_(18892)_sardine_input.jpeg,2025-01-21_10_55_46_(18892)_sardine_input_(1).jpeg,Good,Good,
105,2025-01-21_10_55_46_(18892)_sardine_input.jpeg,2025-01-21_10_55_46_(18892)_sardine_input_(2).jpeg,Good,Good,
106,2025-01-21_10_56_12_(18895)_sardine_input.jpeg,2025-01-21_10_56_12_(18895)_sardine_input_(1).jpeg,Good,Good,
107,2025-01-21_10_56_12_(18895)_sardine_input.jpeg,2025-01-21_10_56_12_(18895)_sardine_input_(2).jpeg,Good,Good,
108,2025-01-21_10_53_54_(18881)_sardine_input.jpeg,2025-01-21_10_53_54_(18881)_sardine_input_(1).jpeg,Good,Good,
109,2025-01-21_10_53_54_(18881)_sardine_input.jpeg,2025-01-21_10_53_54_(18881)_sardine_input_(2).jpeg,Good,Good,
110,2025-01-21_10_29_49_(18830)_sardine_input.jpeg,2025-01-21_10_29_49_(18830)_sardine_input_(1).jpeg,Good,Good,
111,2025-01-21_10_29_49_(18830)_sardine_input.jpeg,2025-01-21_10_29_49_(18830)_sardine_input_(2).jpeg,Good,Good,
112,2025-01-21_10_57_32_(18904)_sardine_input.jpeg,2025-01-21_10_57_32_(18904)_sardine_input_(1).jpeg,Good,Good,
113,2025-01-21_10_57_32_(18904)_sardine_input.jpeg,2025-01-21_10_57_32_(18904)_sardine_input_(2).jpeg,Good,Good,
114,2025-01-21_10_54_45_(18885)_sardine_input.jpeg,2025-01-21_10_54_45_(18885)_sardine_input_(1).jpeg,Good,Good,
115,2025-01-21_10_54_45_(18885)_sardine_input.jpeg,2025-01-21_10_54_45_(18885)_sardine_input_(2).jpeg,Good,Good,
116,2025-01-21_10_28_12_(18820)_sardine_input.jpeg,2025-01-21_10_28_12_(18820)_sardine_input_(1).jpeg,Good,Bad,Softness
117,2025-01-21_10_28_12_(18820)_sardine_input.jpeg,2025-01-21_10_28_12_(18820)_sardine_input_(2).jpeg,Good,Good,
118,2025-01-21_10_31_06_(18837)_sardine_input.jpeg,2025-01-21_10_31_06_(18837)_sardine_input_(1).jpeg,Good,Good,
119,2025-01-21_10_31_06_(18837)_sardine_input.jpeg,2025-01-21_10_31_06_(18837)_sardine_input_(2).jpeg,Good,Good,
120,2025-01-21_10_24_05_(18805)_sardine_input.jpeg,2025-01-21_10_24_05_(18805)_sardine_input_(1).jpeg,Good,Good,
121,2025-01-21_10_24_05_(18805)_sardine_input.jpeg,2025-01-21_10_24_05_(18805)_sardine_input_(2).jpeg,Good,Good,
122,2025-01-21_10_26_11_(18811)_sardine_input.jpeg,2025-01-21_10_26_11_(18811)_sardine_input_(1).jpeg,Good,Good,
123,2025-01-21_10_26_11_(18811)_sardine_input.jpeg,2025-01-21_10_26_11_(18811)_sardine_input_(2).jpeg,Good,Bad,Softness
124,2025-01-21_10_55_04_(18887)_sardine_input.jpeg,2025-01-21_10_55_04_(18887)_sardine_input_(1).jpeg,Good,Good,
125,2025-01-21_10_55_04_(18887)_sardine_input.jpeg,2025-01-21_10_55_04_(18887)_sardine_input_(2).jpeg,Good,Bad,Softness
126,2025-01-21_10_29_24_(18828)_sardine_input.jpeg,2025-01-21_10_29_24_(18828)_sardine_input_(1).jpeg,Good,Good,
127,2025-01-21_10_29_24_(18828)_sardine_input.jpeg,2025-01-21_10_29_24_(18828)_sardine_input_(2).jpeg,Good,Good,
128,2025-01-21_10_55_21_(18889)_sardine_input.jpeg,2025-01-21_10_55_21_(18889)_sardine_input_(1).jpeg,Good,Good,
129,2025-01-21_10_55_21_(18889)_sardine_input.jpeg,2025-01-21_10_55_21_(18889)_sardine_input_(2).jpeg,Good,Good,
130,2025-01-21_10_58_58_(18914)_sardine_input.jpeg,2025-01-21_10_58_58_(18914)_sardine_input_(1).jpeg,Good,Bad,Softness
131,2025-01-21_10_58_58_(18914)_sardine_input.jpeg,2025-01-21_10_58_58_(18914)_sardine_input_(2).jpeg,Good,Good,
132,2025-01-21_10_54_12_(18882)_sardine_input.jpeg,2025-01-21_10_54_12_(18882)_sardine_input_(1).jpeg,Good,Good,
133,2025-01-21_10_54_12_(18882)_sardine_input.jpeg,2025-01-21_10_54_12_(18882)_sardine_input_(2).jpeg,Good,Good,
134,2025-01-21_10_59_15_(18916)_sardine_input.jpeg,2025-01-21_10_59_15_(18916)_sardine_input_(1).jpeg,Good,Good,
135,2025-01-21_10_59_15_(18916)_sardine_input.jpeg,2025-01-21_10_59_15_(18916)_sardine_input_(2).jpeg,Good,Good,
136,2025-01-21_10_26_21_(18812)_sardine_input.jpeg,2025-01-21_10_26_21_(18812)_sardine_input_(1).jpeg,Good,Good,
137,2025-01-21_10_26_21_(18812)_sardine_input.jpeg,2025-01-21_10_26_21_(18812)_sardine_input_(2).jpeg,Good,Good,
138,2025-01-21_10_58_06_(18908)_sardine_input.jpeg,2025-01-21_10_58_06_(18908)_sardine_input_(1).jpeg,Good,Good,
139,2025-01-21_10_58_06_(18908)_sardine_input.jpeg,2025-01-21_10_58_06_(18908)_sardine_input_(2).jpeg,Good,Bad,Softness
140,2025-01-21_10_58_40_(18912)_sardine_input.jpeg,2025-01-21_10_58_40_(18912)_sardine_input_(1).jpeg,Good,Good,
141,2025-01-21_10_58_40_(18912)_sardine_input.jpeg,2025-01-21_10_58_40_(18912)_sardine_input_(2).jpeg,Good,Good,
142,2025-01-21_10_57_57_(18907)_sardine_input.jpeg,2025-01-21_10_57_57_(18907)_sardine_input_(1).jpeg,Good,Good,
143,2025-01-21_10_57_57_(18907)_sardine_input.jpeg,2025-01-21_10_57_57_(18907)_sardine_input_(2).jpeg,Good,Bad,Softness
144,2025-01-21_10_58_32_(18911)_sardine_input.jpeg,2025-01-21_10_58_32_(18911)_sardine_input_(1).jpeg,Good,Good,
145,2025-01-21_10_58_32_(18911)_sardine_input.jpeg,2025-01-21_10_58_32_(18911)_sardine_input_(2).jpeg,Good,Good,
146,2025-01-21_10_25_04_(18809)_sardine_input.jpeg,2025-01-21_10_25_04_(18809)_sardine_input_(1).jpeg,Good,Good,
147,2025-01-21_10_25_04_(18809)_sardine_input.jpeg,2025-01-21_10_25_04_(18809)_sardine_input_(2).jpeg,Good,Good,
148,2025-01-21_10_58_25_(18910)_sardine_input.jpeg,2025-01-21_10_58_25_(18910)_sardine_input_(1).jpeg,Good,Good,
149,2025-01-21_10_58_25_(18910)_sardine_input.jpeg,2025-01-21_10_58_25_(18910)_sardine_input_(2).jpeg,Good,Good,
150,2025-01-21_10_53_28_(18878)_sardine_input.jpeg,2025-01-21_10_53_28_(18878)_sardine_input_(1).jpeg,Good,Good,
151,2025-01-21_10_53_28_(18878)_sardine_input.jpeg,2025-01-21_10_53_28_(18878)_sardine_input_(2).jpeg,Good,Good,
152,2025-01-21_10_25_13_(18810)_sardine_input.jpeg,2025-01-21_10_25_13_(18810)_sardine_input_(1).jpeg,Good,Bad,Softness
153,2025-01-21_10_25_13_(18810)_sardine_input.jpeg,2025-01-21_10_25_13_(18810)_sardine_input_(2).jpeg,Good,Good,
154,2025-01-21_10_33_54_(18841)_sardine_input.jpeg,2025-01-21_10_33_54_(18841)_sardine_input_(1).jpeg,Good,Bad,Softness
155,2025-01-21_10_33_54_(18841)_sardine_input.jpeg,2025-01-21_10_33_54_(18841)_sardine_input_(2).jpeg,Good,Good,
156,2025-01-21_10_28_38_(18823)_sardine_input.jpeg,2025-01-21_10_28_38_(18823)_sardine_input_(1).jpeg,Good,Good,
157,2025-01-21_10_28_38_(18823)_sardine_input.jpeg,2025-01-21_10_28_38_(18823)_sardine_input_(2).jpeg,Good,Good,
158,2025-01-21_10_35_22_(18850)_sardine_input.jpeg,2025-01-21_10_35_22_(18850)_sardine_input_(1).jpeg,Good,Good,
159,2025-01-21_10_35_22_(18850)_sardine_input.jpeg,2025-01-21_10_35_22_(18850)_sardine_input_(2).jpeg,Good,Bad,Softness
160,2025-01-21_10_29_04_(18826)_sardine_input.jpeg,2025-01-21_10_29_04_(18826)_sardine_input_(1).jpeg,Good,Good,
161,2025-01-21_10_29_04_(18826)_sardine_input.jpeg,2025-01-21_10_29_04_(18826)_sardine_input_(2).jpeg,Good,Good,
162,2025-01-21_10_29_13_(18827)_sardine_input.jpeg,2025-01-21_10_29_13_(18827)_sardine_input_(1).jpeg,Good,Good,
163,2025-01-21_10_29_13_(18827)_sardine_input.jpeg,2025-01-21_10_29_13_(18827)_sardine_input_(2).jpeg,Good,Bad,Softness
164,2025-01-21_10_54_37_(18884)_sardine_input.jpeg,2025-01-21_10_54_37_(18884)_sardine_input_(1).jpeg,Good,Good,
165,2025-01-21_10_54_37_(18884)_sardine_input.jpeg,2025-01-21_10_54_37_(18884)_sardine_input_(2).jpeg,Good,Good,
166,2025-01-21_10_29_33_(18829)_sardine_input.jpeg,2025-01-21_10_29_33_(18829)_sardine_input_(1).jpeg,Good,Good,
167,2025-01-21_10_29_33_(18829)_sardine_input.jpeg,2025-01-21_10_29_33_(18829)_sardine_input_(2).jpeg,Good,Good,
168,2025-01-21_10_30_50_(18835)_sardine_input.jpeg,2025-01-21_10_30_50_(18835)_sardine_input_(1).jpeg,Good,Good,
169,2025-01-21_10_30_50_(18835)_sardine_input.jpeg,2025-01-21_10_30_50_(18835)_sardine_input_(2).jpeg,Good,Good,
170,2025-01-21_10_27_32_(18816)_sardine_input.jpeg,2025-01-21_10_27_32_(18816)_sardine_input_(1).jpeg,Good,Good,
171,2025-01-21_10_27_32_(18816)_sardine_input.jpeg,2025-01-21_10_27_32_(18816)_sardine_input_(2).jpeg,Good,Good,
172,2025-01-21_10_51_00_(18869)_sardine_input.jpeg,2025-01-21_10_51_00_(18869)_sardine_input_(1).jpeg,Good,Good,
173,2025-01-21_10_51_00_(18869)_sardine_input.jpeg,2025-01-21_10_51_00_(18869)_sardine_input_(2).jpeg,Good,Good,
174,2025-01-21_10_30_59_(18836)_sardine_input.jpeg,2025-01-21_10_30_59_(18836)_sardine_input_(1).jpeg,Good,Good,
175,2025-01-21_10_30_59_(18836)_sardine_input.jpeg,2025-01-21_10_30_59_(18836)_sardine_input_(2).jpeg,Good,Good,
176,2025-01-21_10_33_45_(18840)_sardine_input.jpeg,2025-01-21_10_33_45_(18840)_sardine_input_(1).jpeg,Good,Bad,Softness
177,2025-01-21_10_33_45_(18840)_sardine_input.jpeg,2025-01-21_10_33_45_(18840)_sardine_input_(2).jpeg,Good,Good,
178,2025-01-21_10_57_41_(18905)_sardine_input.jpeg,2025-01-21_10_57_41_(18905)_sardine_input_(1).jpeg,Good,Good,
179,2025-01-21_10_57_41_(18905)_sardine_input.jpeg,2025-01-21_10_57_41_(18905)_sardine_input_(2).jpeg,Good,Good,
180,2025-01-21_10_53_36_(18879)_sardine_input.jpeg,2025-01-21_10_53_36_(18879)_sardine_input_(1).jpeg,Good,Good,
181,2025-01-21_10_53_36_(18879)_sardine_input.jpeg,2025-01-21_10_53_36_(18879)_sardine_input_(2).jpeg,Good,Bad,Softness
182,2025-01-21_10_27_41_(18817)_sardine_input.jpeg,2025-01-21_10_27_41_(18817)_sardine_input_(1).jpeg,Good,Good,
183,2025-01-21_10_27_41_(18817)_sardine_input.jpeg,2025-01-21_10_27_41_(18817)_sardine_input_(2).jpeg,Good,Good,
184,2025-01-21_10_35_52_(18853)_sardine_input.jpeg,2025-01-21_10_35_52_(18853)_sardine_input_(1).jpeg,Good,Good,
185,2025-01-21_10_35_52_(18853)_sardine_input.jpeg,2025-01-21_10_35_52_(18853)_sardine_input_(2).jpeg,Good,Bad,Softness
186,2025-01-21_10_24_13_(18806)_sardine_input.jpeg,2025-01-21_10_24_13_(18806)_sardine_input_(1).jpeg,Good,Good,
187,2025-01-21_10_24_13_(18806)_sardine_input.jpeg,2025-01-21_10_24_13_(18806)_sardine_input_(2).jpeg,Good,Bad,Softness
188,2025-01-21_10_28_30_(18822)_sardine_input.jpeg,2025-01-21_10_28_30_(18822)_sardine_input_(1).jpeg,Good,Good,
189,2025-01-21_10_28_30_(18822)_sardine_input.jpeg,2025-01-21_10_28_30_(18822)_sardine_input_(2).jpeg,Good,Bad,Softness
190,2025-01-21_10_52_43_(18873)_sardine_input.jpeg,2025-01-21_10_52_43_(18873)_sardine_input_(1).jpeg,Good,Good,
191,2025-01-21_10_52_43_(18873)_sardine_input.jpeg,2025-01-21_10_52_43_(18873)_sardine_input_(2).jpeg,Good,Good,
192,2025-01-21_10_26_59_(18813)_sardine_input.jpeg,2025-01-21_10_26_59_(18813)_sardine_input_(1).jpeg,Good,Good,
193,2025-01-21_10_26_59_(18813)_sardine_input.jpeg,2025-01-21_10_26_59_(18813)_sardine_input_(2).jpeg,Good,Good,
194,2025-01-21_10_31_16_(18838)_sardine_input.jpeg,2025-01-21_10_31_16_(18838)_sardine_input_(1).jpeg,Good,Good,
195,2025-01-21_10_31_16_(18838)_sardine_input.jpeg,2025-01-21_10_31_16_(18838)_sardine_input_(2).jpeg,Good,Good,
196,2025-01-21_10_34_52_(18847)_sardine_input.jpeg,2025-01-21_10_34_52_(18847)_sardine_input_(1).jpeg,Good,Good,
197,2025-01-21_10_34_52_(18847)_sardine_input.jpeg,2025-01-21_10_34_52_(18847)_sardine_input_(2).jpeg,Good,Good,
198,2025-01-21_10_51_08_(18870)_sardine_input.jpeg,2025-01-21_10_51_08_(18870)_sardine_input_(1).jpeg,Good,Bad,Softness
199,2025-01-21_10_51_08_(18870)_sardine_input.jpeg,2025-01-21_10_51_08_(18870)_sardine_input_(2).jpeg,Good,Good,
200,2025-01-21_10_30_41_(18834)_sardine_input.jpeg,2025-01-21_10_30_41_(18834)_sardine_input_(1).jpeg,Good,Good,
201,2025-01-21_10_30_41_(18834)_sardine_input.jpeg,2025-01-21_10_30_41_(18834)_sardine_input_(2).jpeg,Good,Good,
202,2025-01-21_10_27_13_(18814)_sardine_input.jpeg,2025-01-21_10_27_13_(18814)_sardine_input_(1).jpeg,Good,Good,
203,2025-01-21_10_27_13_(18814)_sardine_input.jpeg,2025-01-21_10_27_13_(18814)_sardine_input_(2).jpeg,Good,Good,
204,2025-01-21_10_27_54_(18818)_sardine_input.jpeg,2025-01-21_10_27_54_(18818)_sardine_input_(1).jpeg,Good,Good,
205,2025-01-21_10_27_54_(18818)_sardine_input.jpeg,2025-01-21_10_27_54_(18818)_sardine_input_(2).jpeg,Good,Good,
206,2025-01-21_10_51_27_(18872)_sardine_input.jpeg,2025-01-21_10_51_27_(18872)_sardine_input_(1).jpeg,Good,Good,
207,2025-01-21_10_51_27_(18872)_sardine_input.jpeg,2025-01-21_10_51_27_(18872)_sardine_input_(2).jpeg,Good,Good,
208,2025-01-21_10_34_14_(18843)_sardine_input.jpeg,2025-01-21_10_34_14_(18843)_sardine_input_(1).jpeg,Good,Good,
209,2025-01-21_10_34_14_(18843)_sardine_input.jpeg,2025-01-21_10_34_14_(18843)_sardine_input_(2).jpeg,Good,Good,
210,2025-01-21_10_56_25_(18896)_sardine_input.jpeg,2025-01-21_10_56_25_(18896)_sardine_input_(1).jpeg,Good,Bad,Softness
211,2025-01-21_10_56_25_(18896)_sardine_input.jpeg,2025-01-21_10_56_25_(18896)_sardine_input_(2).jpeg,Good,Good,
212,2025-01-21_10_35_11_(18849)_sardine_input.jpeg,2025-01-21_10_35_11_(18849)_sardine_input_(1).jpeg,Good,Good,
213,2025-01-21_10_35_11_(18849)_sardine_input.jpeg,2025-01-21_10_35_11_(18849)_sardine_input_(2).jpeg,Good,Good,
214,2025-01-21_10_57_10_(18901)_sardine_input.jpeg,2025-01-21_10_57_10_(18901)_sardine_input_(1).jpeg,Good,Good,
215,2025-01-21_10_57_10_(18901)_sardine_input.jpeg,2025-01-21_10_57_10_(18901)_sardine_input_(2).jpeg,Good,Good,
216,2025-01-21_10_55_29_(18890)_sardine_input.jpeg,2025-01-21_10_55_29_(18890)_sardine_input_(1).jpeg,Good,Good,
217,2025-01-21_10_55_29_(18890)_sardine_input.jpeg,2025-01-21_10_55_29_(18890)_sardine_input_(2).jpeg,Good,Bad,Softness
218,2025-01-21_10_53_00_(18875)_sardine_input.jpeg,2025-01-21_10_53_00_(18875)_sardine_input_(1).jpeg,Good,Good,
219,2025-01-21_10_53_00_(18875)_sardine_input.jpeg,2025-01-21_10_53_00_(18875)_sardine_input_(2).jpeg,Good,Good,
220,2025-01-21_10_59_34_(18918)_sardine_input.jpeg,2025-01-21_10_59_34_(18918)_sardine_input_(1).jpeg,Good,Good,
221,2025-01-21_10_59_34_(18918)_sardine_input.jpeg,2025-01-21_10_59_34_(18918)_sardine_input_(2).jpeg,Good,Good,
222,2025-01-21_10_34_04_(18842)_sardine_input.jpeg,2025-01-21_10_34_04_(18842)_sardine_input_(1).jpeg,Good,Bad,Softness
223,2025-01-21_10_34_04_(18842)_sardine_input.jpeg,2025-01-21_10_34_04_(18842)_sardine_input_(2).jpeg,Good,Good,
224,2025-01-21_10_55_12_(18888)_sardine_input.jpeg,2025-01-21_10_55_12_(18888)_sardine_input_(1).jpeg,Good,Good,
225,2025-01-21_10_55_12_(18888)_sardine_input.jpeg,2025-01-21_10_55_12_(18888)_sardine_input_(2).jpeg,Good,Good,
226,2025-01-21_10_35_40_(18852)_sardine_input.jpeg,2025-01-21_10_35_40_(18852)_sardine_input_(1).jpeg,Good,Good,
227,2025-01-21_10_35_40_(18852)_sardine_input.jpeg,2025-01-21_10_35_40_(18852)_sardine_input_(2).jpeg,Good,Good,
228,2025-01-21_10_58_16_(18909)_sardine_input.jpeg,2025-01-21_10_58_16_(18909)_sardine_input_(1).jpeg,Good,Good,
229,2025-01-21_10_58_16_(18909)_sardine_input.jpeg,2025-01-21_10_58_16_(18909)_sardine_input_(2).jpeg,Good,Bad,Softness
230,2025-01-21_10_56_36_(18897)_sardine_input.jpeg,2025-01-21_10_56_36_(18897)_sardine_input_(1).jpeg,Good,Good,
231,2025-01-21_10_56_36_(18897)_sardine_input.jpeg,2025-01-21_10_56_36_(18897)_sardine_input_(2).jpeg,Good,Good,
232,2025-01-21_10_57_03_(18900)_sardine_input.jpeg,2025-01-21_10_57_03_(18900)_sardine_input_(1).jpeg,Good,Good,
233,2025-01-21_10_57_03_(18900)_sardine_input.jpeg,2025-01-21_10_57_03_(18900)_sardine_input_(2).jpeg,Good,Good,
234,2025-01-21_10_28_47_(18824)_sardine_input.jpeg,2025-01-21_10_28_47_(18824)_sardine_input_(1).jpeg,Good,Bad,Softness
235,2025-01-21_10_28_47_(18824)_sardine_input.jpeg,2025-01-21_10_28_47_(18824)_sardine_input_(2).jpeg,Good,Good,
236,2025-01-21_10_57_18_(18902)_sardine_input.jpeg,2025-01-21_10_57_18_(18902)_sardine_input_(1).jpeg,Good,Good,
237,2025-01-21_10_57_18_(18902)_sardine_input.jpeg,2025-01-21_10_57_18_(18902)_sardine_input_(2).jpeg,Good,Good,
238,2025-01-21_10_56_55_(18899)_sardine_input.jpeg,2025-01-21_10_56_55_(18899)_sardine_input_(1).jpeg,Good,Good,
239,2025-01-21_10_56_55_(18899)_sardine_input.jpeg,2025-01-21_10_56_55_(18899)_sardine_input_(2).jpeg,Good,Good,
240,2025-01-21_10_53_46_(18880)_sardine_input.jpeg,2025-01-21_10_53_46_(18880)_sardine_input_(1).jpeg,Good,Good,
241,2025-01-21_10_53_46_(18880)_sardine_input.jpeg,2025-01-21_10_53_46_(18880)_sardine_input_(2).jpeg,Good,Good,
242,2025-01-21_10_53_18_(18877)_sardine_input.jpeg,2025-01-21_10_53_18_(18877)_sardine_input_(1).jpeg,Good,Good,
243,2025-01-21_10_53_18_(18877)_sardine_input.jpeg,2025-01-21_10_53_18_(18877)_sardine_input_(2).jpeg,Good,Bad,Softness
244,2025-01-21_10_35_00_(18848)_sardine_input.jpeg,2025-01-21_10_35_00_(18848)_sardine_input_(1).jpeg,Good,Bad,Softness
245,2025-01-21_10_35_00_(18848)_sardine_input.jpeg,2025-01-21_10_35_00_(18848)_sardine_input_(2).jpeg,Good,Good,
246,2025-01-21_10_28_03_(18819)_sardine_input.jpeg,2025-01-21_10_28_03_(18819)_sardine_input_(1).jpeg,Good,Good,
247,2025-01-21_10_28_03_(18819)_sardine_input.jpeg,2025-01-21_10_28_03_(18819)_sardine_input_(2).jpeg,Good,Good,
248,2025-01-21_10_31_23_(18839)_sardine_input.jpeg,2025-01-21_10_31_23_(18839)_sardine_input_(1).jpeg,Good,Good,
249,2025-01-21_10_31_23_(18839)_sardine_input.jpeg,2025-01-21_10_31_23_(18839)_sardine_input_(2).jpeg,Good,Good,
250,2025-01-21_10_58_49_(18913)_sardine_input.jpeg,2025-01-21_10_58_49_(18913)_sardine_input_(1).jpeg,Good,Good,
251,2025-01-21_10_58_49_(18913)_sardine_input.jpeg,2025-01-21_10_58_49_(18913)_sardine_input_(2).jpeg,Good,Bad,Softness
252,2025-01-21_10_24_33_(18808)_sardine_input.jpeg,2025-01-21_10_24_33_(18808)_sardine_input_(1).jpeg,Good,Good,
253,2025-01-21_10_24_33_(18808)_sardine_input.jpeg,2025-01-21_10_24_33_(18808)_sardine_input_(2).jpeg,Good,Good,
254,2025-01-21_10_34_24_(18844)_sardine_input.jpeg,2025-01-21_10_34_24_(18844)_sardine_input_(1).jpeg,Good,Good,
255,2025-01-21_10_34_24_(18844)_sardine_input.jpeg,2025-01-21_10_34_24_(18844)_sardine_input_(2).jpeg,Good,Good,
256,2025-01-21_11_01_38_(18930)_sardine_input.jpeg,2025-01-21_11_01_38_(18930)_sardine_input_(1).jpeg,Bad,Bad,Softness
257,2025-01-21_11_01_38_(18930)_sardine_input.jpeg,2025-01-21_11_01_38_(18930)_sardine_input_(2).jpeg,Bad,Bad,Softness
258,2025-01-21_10_41_20_(18862)_sardine_input.jpeg,2025-01-21_10_41_20_(18862)_sardine_input_(1).jpeg,Bad,Good,
259,2025-01-21_10_41_20_(18862)_sardine_input.jpeg,2025-01-21_10_41_20_(18862)_sardine_input_(2).jpeg,Bad,Good,
260,2025-01-21_10_21_25_(18789)_sardine_input.jpeg,2025-01-21_10_21_25_(18789)_sardine_input_(1).jpeg,Bad,Good,
261,2025-01-21_10_21_25_(18789)_sardine_input.jpeg,2025-01-21_10_21_25_(18789)_sardine_input_(2).jpeg,Bad,Good,
262,2025-01-21_10_20_44_(18786)_sardine_input.jpeg,2025-01-21_10_20_44_(18786)_sardine_input_(1).jpeg,Bad,Good,
263,2025-01-21_10_20_44_(18786)_sardine_input.jpeg,2025-01-21_10_20_44_(18786)_sardine_input_(2).jpeg,Bad,Good,
264,2025-01-21_10_42_14_(18867)_sardine_input.jpeg,2025-01-21_10_42_14_(18867)_sardine_input_(1).jpeg,Bad,Bad,Softness
265,2025-01-21_10_42_14_(18867)_sardine_input.jpeg,2025-01-21_10_42_14_(18867)_sardine_input_(2).jpeg,Bad,Good,
266,2025-01-21_10_42_26_(18868)_sardine_input.jpeg,2025-01-21_10_42_26_(18868)_sardine_input_(1).jpeg,Bad,Bad,Softness
267,2025-01-21_10_42_26_(18868)_sardine_input.jpeg,2025-01-21_10_42_26_(18868)_sardine_input_(2).jpeg,Bad,Good,
268,2025-01-21_11_00_57_(18926)_sardine_input.jpeg,2025-01-21_11_00_57_(18926)_sardine_input_(1).jpeg,Bad,Good,
269,2025-01-21_11_00_57_(18926)_sardine_input.jpeg,2025-01-21_11_00_57_(18926)_sardine_input_(2).jpeg,Bad,Bad,Softness
270,2025-01-21_11_00_05_(18921)_sardine_input.jpeg,2025-01-21_11_00_05_(18921)_sardine_input_(1).jpeg,Bad,Good,
271,2025-01-21_11_00_05_(18921)_sardine_input.jpeg,2025-01-21_11_00_05_(18921)_sardine_input_(2).jpeg,Bad,Good,
272,2025-01-21_10_39_47_(18854)_sardine_input.jpeg,2025-01-21_10_39_47_(18854)_sardine_input_(1).jpeg,Bad,Good,
273,2025-01-21_10_39_47_(18854)_sardine_input.jpeg,2025-01-21_10_39_47_(18854)_sardine_input_(2).jpeg,Bad,Good,
274,2025-01-21_10_30_13_(18832)_sardine_input.jpeg,2025-01-21_10_30_13_(18832)_sardine_input_(1).jpeg,Bad,Bad,Softness
275,2025-01-21_10_30_13_(18832)_sardine_input.jpeg,2025-01-21_10_30_13_(18832)_sardine_input_(2).jpeg,Bad,Bad,Softness
276,2025-01-21_10_19_45_(18782)_sardine_input.jpeg,2025-01-21_10_19_45_(18782)_sardine_input_(1).jpeg,Bad,Bad,Softness
277,2025-01-21_10_19_45_(18782)_sardine_input.jpeg,2025-01-21_10_19_45_(18782)_sardine_input_(2).jpeg,Bad,Bad,Softness
278,2025-01-21_10_40_47_(18859)_sardine_input.jpeg,2025-01-21_10_40_47_(18859)_sardine_input_(1).jpeg,Bad,Good,
279,2025-01-21_10_40_47_(18859)_sardine_input.jpeg,2025-01-21_10_40_47_(18859)_sardine_input_(2).jpeg,Bad,Good,
280,2025-01-21_11_00_24_(18923)_sardine_input.jpeg,2025-01-21_11_00_24_(18923)_sardine_input_(1).jpeg,Bad,Bad,Softness
281,2025-01-21_11_00_24_(18923)_sardine_input.jpeg,2025-01-21_11_00_24_(18923)_sardine_input_(2).jpeg,Bad,Bad,Softness
282,2025-01-21_10_40_58_(18860)_sardine_input.jpeg,2025-01-21_10_40_58_(18860)_sardine_input_(1).jpeg,Bad,Bad,Softness
283,2025-01-21_10_40_58_(18860)_sardine_input.jpeg,2025-01-21_10_40_58_(18860)_sardine_input_(2).jpeg,Bad,Good,
284,2025-01-21_10_59_55_(18920)_sardine_input.jpeg,2025-01-21_10_59_55_(18920)_sardine_input_(1).jpeg,Bad,Bad,Softness
285,2025-01-21_10_59_55_(18920)_sardine_input.jpeg,2025-01-21_10_59_55_(18920)_sardine_input_(2).jpeg,Bad,Bad,Softness
286,2025-01-21_10_41_50_(18865)_sardine_input.jpeg,2025-01-21_10_41_50_(18865)_sardine_input_(1).jpeg,Bad,Good,
287,2025-01-21_10_41_50_(18865)_sardine_input.jpeg,2025-01-21_10_41_50_(18865)_sardine_input_(2).jpeg,Bad,Good,
288,2025-01-21_10_41_40_(18864)_sardine_input.jpeg,2025-01-21_10_41_40_(18864)_sardine_input_(1).jpeg,Bad,Good,
289,2025-01-21_10_41_40_(18864)_sardine_input.jpeg,2025-01-21_10_41_40_(18864)_sardine_input_(2).jpeg,Bad,Good,
290,2025-01-21_10_20_28_(18785)_sardine_input.jpeg,2025-01-21_10_20_28_(18785)_sardine_input_(1).jpeg,Bad,Bad,Softness
291,2025-01-21_10_20_28_(18785)_sardine_input.jpeg,2025-01-21_10_20_28_(18785)_sardine_input_(2).jpeg,Bad,Bad,Softness
292,2025-01-21_10_59_43_(18919)_sardine_input.jpeg,2025-01-21_10_59_43_(18919)_sardine_input_(1).jpeg,Bad,Good,
293,2025-01-21_10_59_43_(18919)_sardine_input.jpeg,2025-01-21_10_59_43_(18919)_sardine_input_(2).jpeg,Bad,Bad,Softness
294,2025-01-21_10_20_13_(18784)_sardine_input.jpeg,2025-01-21_10_20_13_(18784)_sardine_input_(1).jpeg,Bad,Good,
295,2025-01-21_10_20_13_(18784)_sardine_input.jpeg,2025-01-21_10_20_13_(18784)_sardine_input_(2).jpeg,Bad,Good,
296,2025-01-21_10_40_11_(18856)_sardine_input.jpeg,2025-01-21_10_40_11_(18856)_sardine_input_(1).jpeg,Bad,Good,
297,2025-01-21_10_40_11_(18856)_sardine_input.jpeg,2025-01-21_10_40_11_(18856)_sardine_input_(2).jpeg,Bad,Good,
298,2025-01-21_10_42_02_(18866)_sardine_input.jpeg,2025-01-21_10_42_02_(18866)_sardine_input_(1).jpeg,Bad,Good,
299,2025-01-21_10_42_02_(18866)_sardine_input.jpeg,2025-01-21_10_42_02_(18866)_sardine_input_(2).jpeg,Bad,Good,
300,2025-01-21_10_39_58_(18855)_sardine_input.jpeg,2025-01-21_10_39_58_(18855)_sardine_input_(1).jpeg,Bad,Good,
301,2025-01-21_10_39_58_(18855)_sardine_input.jpeg,2025-01-21_10_39_58_(18855)_sardine_input_(2).jpeg,Bad,Bad,Softness
302,2025-01-21_10_21_44_(18790)_sardine_input.jpeg,2025-01-21_10_21_44_(18790)_sardine_input_(1).jpeg,Bad,Bad,Softness
303,2025-01-21_10_21_44_(18790)_sardine_input.jpeg,2025-01-21_10_21_44_(18790)_sardine_input_(2).jpeg,Bad,Good,
304,2025-01-21_10_21_13_(18788)_sardine_input.jpeg,2025-01-21_10_21_13_(18788)_sardine_input_(1).jpeg,Bad,Bad,Damaged
305,2025-01-21_10_21_13_(18788)_sardine_input.jpeg,2025-01-21_10_21_13_(18788)_sardine_input_(2).jpeg,Bad,Bad,Softness
306,2025-01-21_11_01_29_(18929)_sardine_input.jpeg,2025-01-21_11_01_29_(18929)_sardine_input_(1).jpeg,Bad,Bad,Softness
307,2025-01-21_11_01_29_(18929)_sardine_input.jpeg,2025-01-21_11_01_29_(18929)_sardine_input_(2).jpeg,Bad,Bad,Softness
308,2025-01-21_11_00_48_(18925)_sardine_input.jpeg,2025-01-21_11_00_48_(18925)_sardine_input_(1).jpeg,Bad,Good,
309,2025-01-21_11_00_48_(18925)_sardine_input.jpeg,2025-01-21_11_00_48_(18925)_sardine_input_(2).jpeg,Bad,Good,
310,2025-01-21_11_01_06_(18927)_sardine_input.jpeg,2025-01-21_11_01_06_(18927)_sardine_input_(1).jpeg,Bad,Bad,Softness
311,2025-01-21_11_01_06_(18927)_sardine_input.jpeg,2025-01-21_11_01_06_(18927)_sardine_input_(2).jpeg,Bad,Good,
312,2025-01-21_10_19_56_(18783)_sardine_input.jpeg,2025-01-21_10_19_56_(18783)_sardine_input_(1).jpeg,Bad,Bad,Softness
313,2025-01-21_10_19_56_(18783)_sardine_input.jpeg,2025-01-21_10_19_56_(18783)_sardine_input_(2).jpeg,Bad,Good,
314,2025-01-21_10_41_29_(18863)_sardine_input.jpeg,2025-01-21_10_41_29_(18863)_sardine_input_(1).jpeg,Bad,Good,
315,2025-01-21_10_41_29_(18863)_sardine_input.jpeg,2025-01-21_10_41_29_(18863)_sardine_input_(2).jpeg,Bad,Good,
316,2025-01-21_11_00_14_(18922)_sardine_input.jpeg,2025-01-21_11_00_14_(18922)_sardine_input_(1).jpeg,Bad,Bad,Softness
317,2025-01-21_11_00_14_(18922)_sardine_input.jpeg,2025-01-21_11_00_14_(18922)_sardine_input_(2).jpeg,Bad,Good,
318,2025-01-21_10_51_19_(18871)_sardine_input.jpeg,2025-01-21_10_51_19_(18871)_sardine_input_(1).jpeg,Bad,Bad,Softness
319,2025-01-21_10_51_19_(18871)_sardine_input.jpeg,2025-01-21_10_51_19_(18871)_sardine_input_(2).jpeg,Bad,Good,
320,2025-01-21_10_21_03_(18787)_sardine_input.jpeg,2025-01-21_10_21_03_(18787)_sardine_input_(1).jpeg,Bad,Bad,Softness
321,2025-01-21_10_21_03_(18787)_sardine_input.jpeg,2025-01-21_10_21_03_(18787)_sardine_input_(2).jpeg,Bad,Bad,Softness
322,2025-01-21_11_00_35_(18924)_sardine_input.jpeg,2025-01-21_11_00_35_(18924)_sardine_input_(1).jpeg,Bad,Bad,Softness
323,2025-01-21_11_00_35_(18924)_sardine_input.jpeg,2025-01-21_11_00_35_(18924)_sardine_input_(2).jpeg,Bad,Good,
324,2025-01-21_10_41_08_(18861)_sardine_input.jpeg,2025-01-21_10_41_08_(18861)_sardine_input_(1).jpeg,Bad,Good,
325,2025-01-21_10_41_08_(18861)_sardine_input.jpeg,2025-01-21_10_41_08_(18861)_sardine_input_(2).jpeg,Bad,Good,
326,2025-01-21_10_30_00_(18831)_sardine_input.jpeg,2025-01-21_10_30_00_(18831)_sardine_input_(1).jpeg,Bad,Bad,Softness
327,2025-01-21_10_30_00_(18831)_sardine_input.jpeg,2025-01-21_10_30_00_(18831)_sardine_input_(2).jpeg,Bad,Good,
328,2025-01-21_10_30_24_(18833)_sardine_input.jpeg,2025-01-21_10_30_24_(18833)_sardine_input_(1).jpeg,Bad,Bad,Softness
329,2025-01-21_10_30_24_(18833)_sardine_input.jpeg,2025-01-21_10_30_24_(18833)_sardine_input_(2).jpeg,Bad,Good,
330,2025-01-21_10_40_34_(18858)_sardine_input.jpeg,2025-01-21_10_40_34_(18858)_sardine_input_(1).jpeg,Bad,Bad,Softness
331,2025-01-21_10_40_34_(18858)_sardine_input.jpeg,2025-01-21_10_40_34_(18858)_sardine_input_(2).jpeg,Bad,Good,
332,2025-01-21_10_40_22_(18857)_sardine_input.jpeg,2025-01-21_10_40_22_(18857)_sardine_input_(1).jpeg,Bad,Good,
333,2025-01-21_10_40_22_(18857)_sardine_input.jpeg,2025-01-21_10_40_22_(18857)_sardine_input_(2).jpeg,Bad,Good,
334,2025-01-21_11_01_18_(18928)_sardine_input.jpeg,2025-01-21_11_01_18_(18928)_sardine_input_(1).jpeg,Bad,Good,
335,2025-01-21_11_01_18_(18928)_sardine_input.jpeg,2025-01-21_11_01_18_(18928)_sardine_input_(2).jpeg,Bad,Bad,Softness
336,2025-01-23_10_34_55_(19010)_sardine_input.jpeg,2025-01-23_10_34_55_(19010)_sardine_input_(1).jpeg,Good,Bad,Softness
337,2025-01-23_10_34_55_(19010)_sardine_input.jpeg,2025-01-23_10_34_55_(19010)_sardine_input_(2).jpeg,Good,Good,
338,2025-01-23_10_20_39_(18934)_sardine_input.jpeg,2025-01-23_10_20_39_(18934)_sardine_input_(1).jpeg,Good,Good,
339,2025-01-23_10_20_39_(18934)_sardine_input.jpeg,2025-01-23_10_20_39_(18934)_sardine_input_(2).jpeg,Good,Good,
340,2025-01-23_10_35_42_(19015)_sardine_input.jpeg,2025-01-23_10_35_42_(19015)_sardine_input_(1).jpeg,Good,Good,
341,2025-01-23_10_35_42_(19015)_sardine_input.jpeg,2025-01-23_10_35_42_(19015)_sardine_input_(2).jpeg,Good,Good,
342,2025-01-23_10_30_07_(18980)_sardine_input.jpeg,2025-01-23_10_30_07_(18980)_sardine_input_(1).jpeg,Good,Good,
343,2025-01-23_10_30_07_(18980)_sardine_input.jpeg,2025-01-23_10_30_07_(18980)_sardine_input_(2).jpeg,Good,Good,
344,2025-01-23_10_20_23_(18933)_sardine_input.jpeg,2025-01-23_10_20_23_(18933)_sardine_input_(1).jpeg,Good,Bad,Softness
345,2025-01-23_10_20_23_(18933)_sardine_input.jpeg,2025-01-23_10_20_23_(18933)_sardine_input_(2).jpeg,Good,Good,
346,2025-01-23_10_34_28_(19007)_sardine_input.jpeg,2025-01-23_10_34_28_(19007)_sardine_input_(1).jpeg,Good,Good,
347,2025-01-23_10_34_28_(19007)_sardine_input.jpeg,2025-01-23_10_34_28_(19007)_sardine_input_(2).jpeg,Good,Good,
348,2025-01-23_10_40_06_(19031)_sardine_input.jpeg,2025-01-23_10_40_06_(19031)_sardine_input_(1).jpeg,Good,Good,
349,2025-01-23_10_40_06_(19031)_sardine_input.jpeg,2025-01-23_10_40_06_(19031)_sardine_input_(2).jpeg,Good,Bad,Softness
350,2025-01-23_10_40_47_(19033)_sardine_input.jpeg,2025-01-23_10_40_47_(19033)_sardine_input_(1).jpeg,Good,Good,
351,2025-01-23_10_40_47_(19033)_sardine_input.jpeg,2025-01-23_10_40_47_(19033)_sardine_input_(2).jpeg,Good,Good,
352,2025-01-23_10_36_54_(19022)_sardine_input.jpeg,2025-01-23_10_36_54_(19022)_sardine_input_(1).jpeg,Good,Good,
353,2025-01-23_10_36_54_(19022)_sardine_input.jpeg,2025-01-23_10_36_54_(19022)_sardine_input_(2).jpeg,Good,Good,
354,2025-01-23_10_30_24_(18982)_sardine_input.jpeg,2025-01-23_10_30_24_(18982)_sardine_input_(1).jpeg,Good,Good,
355,2025-01-23_10_30_24_(18982)_sardine_input.jpeg,2025-01-23_10_30_24_(18982)_sardine_input_(2).jpeg,Good,Good,
356,2025-01-23_10_39_48_(19029)_sardine_input.jpeg,2025-01-23_10_39_48_(19029)_sardine_input_(1).jpeg,Good,Good,
357,2025-01-23_10_39_48_(19029)_sardine_input.jpeg,2025-01-23_10_39_48_(19029)_sardine_input_(2).jpeg,Good,Good,
358,2025-01-23_10_39_20_(19025)_sardine_input.jpeg,2025-01-23_10_39_20_(19025)_sardine_input_(1).jpeg,Good,Good,
359,2025-01-23_10_39_20_(19025)_sardine_input.jpeg,2025-01-23_10_39_20_(19025)_sardine_input_(2).jpeg,Good,Good,
360,2025-01-23_10_30_31_(18983)_sardine_input.jpeg,2025-01-23_10_30_31_(18983)_sardine_input_(1).jpeg,Good,Good,
361,2025-01-23_10_30_31_(18983)_sardine_input.jpeg,2025-01-23_10_30_31_(18983)_sardine_input_(2).jpeg,Good,Good,
362,2025-01-23_10_41_01_(19035)_sardine_input.jpeg,2025-01-23_10_41_01_(19035)_sardine_input_(1).jpeg,Good,Good,
363,2025-01-23_10_41_01_(19035)_sardine_input.jpeg,2025-01-23_10_41_01_(19035)_sardine_input_(2).jpeg,Good,Good,
364,2025-01-23_10_31_18_(18989)_sardine_input.jpeg,2025-01-23_10_31_18_(18989)_sardine_input_(1).jpeg,Good,Good,
365,2025-01-23_10_31_18_(18989)_sardine_input.jpeg,2025-01-23_10_31_18_(18989)_sardine_input_(2).jpeg,Good,Good,
366,2025-01-23_10_36_48_(19021)_sardine_input.jpeg,2025-01-23_10_36_48_(19021)_sardine_input_(1).jpeg,Good,Good,
367,2025-01-23_10_36_48_(19021)_sardine_input.jpeg,2025-01-23_10_36_48_(19021)_sardine_input_(2).jpeg,Good,Good,
368,2025-01-23_10_35_32_(19014)_sardine_input.jpeg,2025-01-23_10_35_32_(19014)_sardine_input_(1).jpeg,Good,Good,
369,2025-01-23_10_35_32_(19014)_sardine_input.jpeg,2025-01-23_10_35_32_(19014)_sardine_input_(2).jpeg,Good,Good,
370,2025-01-23_10_30_00_(18979)_sardine_input.jpeg,2025-01-23_10_30_00_(18979)_sardine_input_(1).jpeg,Good,Bad,Softness
371,2025-01-23_10_30_00_(18979)_sardine_input.jpeg,2025-01-23_10_30_00_(18979)_sardine_input_(2).jpeg,Good,Good,
372,2025-01-23_10_31_29_(18990)_sardine_input.jpeg,2025-01-23_10_31_29_(18990)_sardine_input_(1).jpeg,Good,Bad,Softness
373,2025-01-23_10_31_29_(18990)_sardine_input.jpeg,2025-01-23_10_31_29_(18990)_sardine_input_(2).jpeg,Good,Good,
374,2025-01-23_10_29_29_(18976)_sardine_input.jpeg,2025-01-23_10_29_29_(18976)_sardine_input_(1).jpeg,Good,Bad,Softness
375,2025-01-23_10_29_29_(18976)_sardine_input.jpeg,2025-01-23_10_29_29_(18976)_sardine_input_(2).jpeg,Good,Bad,Softness
376,2025-01-23_10_42_46_(19044)_sardine_input.jpeg,2025-01-23_10_42_46_(19044)_sardine_input_(1).jpeg,Good,Good,
377,2025-01-23_10_42_46_(19044)_sardine_input.jpeg,2025-01-23_10_42_46_(19044)_sardine_input_(2).jpeg,Good,Good,
378,2025-01-23_10_36_39_(19020)_sardine_input.jpeg,2025-01-23_10_36_39_(19020)_sardine_input_(1).jpeg,Good,Good,
379,2025-01-23_10_36_39_(19020)_sardine_input.jpeg,2025-01-23_10_36_39_(19020)_sardine_input_(2).jpeg,Good,Good,
380,2025-01-23_10_24_10_(18950)_sardine_input.jpeg,2025-01-23_10_24_10_(18950)_sardine_input_(1).jpeg,Good,Bad,Softness
381,2025-01-23_10_24_10_(18950)_sardine_input.jpeg,2025-01-23_10_24_10_(18950)_sardine_input_(2).jpeg,Good,Good,
382,2025-01-23_10_30_57_(18986)_sardine_input.jpeg,2025-01-23_10_30_57_(18986)_sardine_input_(1).jpeg,Good,Good,
383,2025-01-23_10_30_57_(18986)_sardine_input.jpeg,2025-01-23_10_30_57_(18986)_sardine_input_(2).jpeg,Good,Good,
384,2025-01-23_10_29_46_(18978)_sardine_input.jpeg,2025-01-23_10_29_46_(18978)_sardine_input_(1).jpeg,Good,Good,
385,2025-01-23_10_29_46_(18978)_sardine_input.jpeg,2025-01-23_10_29_46_(18978)_sardine_input_(2).jpeg,Good,Good,
386,2025-01-23_10_35_04_(19011)_sardine_input.jpeg,2025-01-23_10_35_04_(19011)_sardine_input_(1).jpeg,Good,Bad,Softness
387,2025-01-23_10_35_04_(19011)_sardine_input.jpeg,2025-01-23_10_35_04_(19011)_sardine_input_(2).jpeg,Good,Good,
388,2025-01-23_10_34_45_(19009)_sardine_input.jpeg,2025-01-23_10_34_45_(19009)_sardine_input_(1).jpeg,Good,Bad,Softness
389,2025-01-23_10_34_45_(19009)_sardine_input.jpeg,2025-01-23_10_34_45_(19009)_sardine_input_(2).jpeg,Good,Good,
390,2025-01-23_10_43_01_(19046)_sardine_input.jpeg,2025-01-23_10_43_01_(19046)_sardine_input_(1).jpeg,Good,Good,
391,2025-01-23_10_43_01_(19046)_sardine_input.jpeg,2025-01-23_10_43_01_(19046)_sardine_input_(2).jpeg,Good,Good,
392,2025-01-23_10_31_12_(18988)_sardine_input.jpeg,2025-01-23_10_31_12_(18988)_sardine_input_(1).jpeg,Good,Good,
393,2025-01-23_10_31_12_(18988)_sardine_input.jpeg,2025-01-23_10_31_12_(18988)_sardine_input_(2).jpeg,Good,Good,
394,2025-01-23_10_24_20_(18951)_sardine_input.jpeg,2025-01-23_10_24_20_(18951)_sardine_input_(1).jpeg,Good,Good,
395,2025-01-23_10_24_20_(18951)_sardine_input.jpeg,2025-01-23_10_24_20_(18951)_sardine_input_(2).jpeg,Good,Good,
396,2025-01-23_10_39_03_(19023)_sardine_input.jpeg,2025-01-23_10_39_03_(19023)_sardine_input_(1).jpeg,Good,Good,
397,2025-01-23_10_39_03_(19023)_sardine_input.jpeg,2025-01-23_10_39_03_(19023)_sardine_input_(2).jpeg,Good,Good,
398,2025-01-23_10_23_52_(18948)_sardine_input.jpeg,2025-01-23_10_23_52_(18948)_sardine_input_(1).jpeg,Good,Good,
399,2025-01-23_10_23_52_(18948)_sardine_input.jpeg,2025-01-23_10_23_52_(18948)_sardine_input_(2).jpeg,Good,Good,
400,2025-01-23_10_35_14_(19012)_sardine_input.jpeg,2025-01-23_10_35_14_(19012)_sardine_input_(1).jpeg,Good,Good,
401,2025-01-23_10_35_14_(19012)_sardine_input.jpeg,2025-01-23_10_35_14_(19012)_sardine_input_(2).jpeg,Good,Good,
402,2025-01-23_10_24_00_(18949)_sardine_input.jpeg,2025-01-23_10_24_00_(18949)_sardine_input_(1).jpeg,Good,Good,
403,2025-01-23_10_24_00_(18949)_sardine_input.jpeg,2025-01-23_10_24_00_(18949)_sardine_input_(2).jpeg,Good,Bad,Softness
404,2025-01-23_10_24_36_(18953)_sardine_input.jpeg,2025-01-23_10_24_36_(18953)_sardine_input_(1).jpeg,Good,Good,
405,2025-01-23_10_24_36_(18953)_sardine_input.jpeg,2025-01-23_10_24_36_(18953)_sardine_input_(2).jpeg,Good,Bad,Softness
406,2025-01-23_10_39_12_(19024)_sardine_input.jpeg,2025-01-23_10_39_12_(19024)_sardine_input_(1).jpeg,Good,Good,
407,2025-01-23_10_39_12_(19024)_sardine_input.jpeg,2025-01-23_10_39_12_(19024)_sardine_input_(2).jpeg,Good,Good,
408,2025-01-23_10_30_50_(18985)_sardine_input.jpeg,2025-01-23_10_30_50_(18985)_sardine_input_(1).jpeg,Good,Good,
409,2025-01-23_10_30_50_(18985)_sardine_input.jpeg,2025-01-23_10_30_50_(18985)_sardine_input_(2).jpeg,Good,Good,
410,2025-01-23_10_42_38_(19043)_sardine_input.jpeg,2025-01-23_10_42_38_(19043)_sardine_input_(1).jpeg,Good,Good,
411,2025-01-23_10_42_38_(19043)_sardine_input.jpeg,2025-01-23_10_42_38_(19043)_sardine_input_(2).jpeg,Good,Good,
412,2025-01-23_10_30_40_(18984)_sardine_input.jpeg,2025-01-23_10_30_40_(18984)_sardine_input_(1).jpeg,Good,Good,
413,2025-01-23_10_30_40_(18984)_sardine_input.jpeg,2025-01-23_10_30_40_(18984)_sardine_input_(2).jpeg,Good,Good,
414,2025-01-23_10_40_55_(19034)_sardine_input.jpeg,2025-01-23_10_40_55_(19034)_sardine_input_(1).jpeg,Good,Good,
415,2025-01-23_10_40_55_(19034)_sardine_input.jpeg,2025-01-23_10_40_55_(19034)_sardine_input_(2).jpeg,Good,Good,
416,2025-01-23_10_42_54_(19045)_sardine_input.jpeg,2025-01-23_10_42_54_(19045)_sardine_input_(1).jpeg,Good,Good,
417,2025-01-23_10_42_54_(19045)_sardine_input.jpeg,2025-01-23_10_42_54_(19045)_sardine_input_(2).jpeg,Good,Good,
418,2025-01-23_10_30_15_(18981)_sardine_input.jpeg,2025-01-23_10_30_15_(18981)_sardine_input_(1).jpeg,Good,Good,
419,2025-01-23_10_30_15_(18981)_sardine_input.jpeg,2025-01-23_10_30_15_(18981)_sardine_input_(2).jpeg,Good,Good,
420,2025-01-23_10_31_05_(18987)_sardine_input.jpeg,2025-01-23_10_31_05_(18987)_sardine_input_(1).jpeg,Good,Good,
421,2025-01-23_10_31_05_(18987)_sardine_input.jpeg,2025-01-23_10_31_05_(18987)_sardine_input_(2).jpeg,Good,Good,
422,2025-01-23_10_36_04_(19016)_sardine_input.jpeg,2025-01-23_10_36_04_(19016)_sardine_input_(1).jpeg,Good,Good,
423,2025-01-23_10_36_04_(19016)_sardine_input.jpeg,2025-01-23_10_36_04_(19016)_sardine_input_(2).jpeg,Good,Good,
424,2025-01-23_10_19_57_(18931)_sardine_input.jpeg,2025-01-23_10_19_57_(18931)_sardine_input_(1).jpeg,Good,Good,
425,2025-01-23_10_19_57_(18931)_sardine_input.jpeg,2025-01-23_10_19_57_(18931)_sardine_input_(2).jpeg,Good,Good,
426,2025-01-23_10_34_21_(19006)_sardine_input.jpeg,2025-01-23_10_34_21_(19006)_sardine_input_(1).jpeg,Good,Good,
427,2025-01-23_10_34_21_(19006)_sardine_input.jpeg,2025-01-23_10_34_21_(19006)_sardine_input_(2).jpeg,Good,Bad,Softness
428,2025-01-23_10_23_44_(18947)_sardine_input.jpeg,2025-01-23_10_23_44_(18947)_sardine_input_(1).jpeg,Good,Good,
429,2025-01-23_10_23_44_(18947)_sardine_input.jpeg,2025-01-23_10_23_44_(18947)_sardine_input_(2).jpeg,Good,Bad,Softness
430,2025-01-23_10_29_38_(18977)_sardine_input.jpeg,2025-01-23_10_29_38_(18977)_sardine_input_(1).jpeg,Good,Good,
431,2025-01-23_10_29_38_(18977)_sardine_input.jpeg,2025-01-23_10_29_38_(18977)_sardine_input_(2).jpeg,Good,Good,
432,2025-01-23_10_35_23_(19013)_sardine_input.jpeg,2025-01-23_10_35_23_(19013)_sardine_input_(1).jpeg,Good,Bad,Softness
433,2025-01-23_10_35_23_(19013)_sardine_input.jpeg,2025-01-23_10_35_23_(19013)_sardine_input_(2).jpeg,Good,Good,
434,2025-01-23_10_40_39_(19032)_sardine_input.jpeg,2025-01-23_10_40_39_(19032)_sardine_input_(1).jpeg,Good,Good,
435,2025-01-23_10_40_39_(19032)_sardine_input.jpeg,2025-01-23_10_40_39_(19032)_sardine_input_(2).jpeg,Good,Bad,Damaged
436,2025-01-23_10_39_57_(19030)_sardine_input.jpeg,2025-01-23_10_39_57_(19030)_sardine_input_(1).jpeg,Good,Good,
437,2025-01-23_10_39_57_(19030)_sardine_input.jpeg,2025-01-23_10_39_57_(19030)_sardine_input_(2).jpeg,Good,Good,
438,2025-01-23_10_36_13_(19017)_sardine_input.jpeg,2025-01-23_10_36_13_(19017)_sardine_input_(1).jpeg,Good,Good,
439,2025-01-23_10_36_13_(19017)_sardine_input.jpeg,2025-01-23_10_36_13_(19017)_sardine_input_(2).jpeg,Good,Good,
440,2025-01-23_10_39_40_(19028)_sardine_input.jpeg,2025-01-23_10_39_40_(19028)_sardine_input_(1).jpeg,Good,Bad,Damaged
441,2025-01-23_10_39_40_(19028)_sardine_input.jpeg,2025-01-23_10_39_40_(19028)_sardine_input_(2).jpeg,Good,Good,
442,2025-01-23_10_29_13_(18974)_sardine_input.jpeg,2025-01-23_10_29_13_(18974)_sardine_input_(1).jpeg,Good,Good,
443,2025-01-23_10_29_13_(18974)_sardine_input.jpeg,2025-01-23_10_29_13_(18974)_sardine_input_(2).jpeg,Good,Good,
444,2025-01-23_10_34_36_(19008)_sardine_input.jpeg,2025-01-23_10_34_36_(19008)_sardine_input_(1).jpeg,Good,Good,
445,2025-01-23_10_34_36_(19008)_sardine_input.jpeg,2025-01-23_10_34_36_(19008)_sardine_input_(2).jpeg,Good,Good,
446,2025-01-23_10_21_12_(18935)_sardine_input.jpeg,2025-01-23_10_21_12_(18935)_sardine_input_(1).jpeg,Good,Good,
447,2025-01-23_10_21_12_(18935)_sardine_input.jpeg,2025-01-23_10_21_12_(18935)_sardine_input_(2).jpeg,Good,Good,
448,2025-01-23_10_20_13_(18932)_sardine_input.jpeg,2025-01-23_10_20_13_(18932)_sardine_input_(1).jpeg,Good,Good,
449,2025-01-23_10_20_13_(18932)_sardine_input.jpeg,2025-01-23_10_20_13_(18932)_sardine_input_(2).jpeg,Good,Good,
450,2025-01-23_10_22_06_(18938)_sardine_input.jpeg,2025-01-23_10_22_06_(18938)_sardine_input_(1).jpeg,Bad,Good,
451,2025-01-23_10_22_06_(18938)_sardine_input.jpeg,2025-01-23_10_22_06_(18938)_sardine_input_(2).jpeg,Bad,Bad,Softness
452,2025-01-23_10_21_52_(18937)_sardine_input.jpeg,2025-01-23_10_21_52_(18937)_sardine_input_(1).jpeg,Bad,Bad,Softness
453,2025-01-23_10_21_52_(18937)_sardine_input.jpeg,2025-01-23_10_21_52_(18937)_sardine_input_(2).jpeg,Bad,Bad,Softness
454,2025-01-23_10_22_25_(18940)_sardine_input.jpeg,2025-01-23_10_22_25_(18940)_sardine_input_(1).jpeg,Bad,Bad,Softness
455,2025-01-23_10_22_25_(18940)_sardine_input.jpeg,2025-01-23_10_22_25_(18940)_sardine_input_(2).jpeg,Bad,Bad,Softness
456,2025-01-23_10_22_17_(18939)_sardine_input.jpeg,2025-01-23_10_22_17_(18939)_sardine_input_(1).jpeg,Bad,Good,
457,2025-01-23_10_22_17_(18939)_sardine_input.jpeg,2025-01-23_10_22_17_(18939)_sardine_input_(2).jpeg,Bad,Bad,Softness
458,2025-01-23_10_21_35_(18936)_sardine_input.jpeg,2025-01-23_10_21_35_(18936)_sardine_input_(1).jpeg,Bad,Bad,Softness
459,2025-01-23_10_21_35_(18936)_sardine_input.jpeg,2025-01-23_10_21_35_(18936)_sardine_input_(2).jpeg,Bad,Bad,Softness
460,2025-01-23_10_22_49_(18942)_sardine_input.jpeg,2025-01-23_10_22_49_(18942)_sardine_input_(1).jpeg,Bad,Bad,Softness
461,2025-01-23_10_22_49_(18942)_sardine_input.jpeg,2025-01-23_10_22_49_(18942)_sardine_input_(2).jpeg,Bad,Bad,Softness
462,2025-01-23_10_41_38_(19037)_sardine_input.jpeg,2025-01-23_10_41_38_(19037)_sardine_input_(1).jpeg,Bad,Bad,Softness
463,2025-01-23_10_41_38_(19037)_sardine_input.jpeg,2025-01-23_10_41_38_(19037)_sardine_input_(2).jpeg,Bad,Good,
464,2025-01-23_10_28_09_(18967)_sardine_input.jpeg,2025-01-23_10_28_09_(18967)_sardine_input_(1).jpeg,Bad,Good,
465,2025-01-23_10_28_09_(18967)_sardine_input.jpeg,2025-01-23_10_28_09_(18967)_sardine_input_(2).jpeg,Bad,Bad,Softness
466,2025-01-23_10_23_02_(18943)_sardine_input.jpeg,2025-01-23_10_23_02_(18943)_sardine_input_(1).jpeg,Bad,Bad,Softness
467,2025-01-23_10_23_02_(18943)_sardine_input.jpeg,2025-01-23_10_23_02_(18943)_sardine_input_(2).jpeg,Bad,Bad,Softness
468,2025-01-23_10_32_47_(18996)_sardine_input.jpeg,2025-01-23_10_32_47_(18996)_sardine_input_(1).jpeg,Bad,Bad,Softness
469,2025-01-23_10_32_47_(18996)_sardine_input.jpeg,2025-01-23_10_32_47_(18996)_sardine_input_(2).jpeg,Bad,Bad,Softness
470,2025-01-23_10_33_54_(19003)_sardine_input.jpeg,2025-01-23_10_33_54_(19003)_sardine_input_(1).jpeg,Bad,Bad,Softness
471,2025-01-23_10_33_54_(19003)_sardine_input.jpeg,2025-01-23_10_33_54_(19003)_sardine_input_(2).jpeg,Bad,Bad,Softness
472,2025-01-23_10_26_37_(18961)_sardine_input.jpeg,2025-01-23_10_26_37_(18961)_sardine_input_(1).jpeg,Bad,Bad,Softness
473,2025-01-23_10_26_37_(18961)_sardine_input.jpeg,2025-01-23_10_26_37_(18961)_sardine_input_(2).jpeg,Bad,Bad,Softness
474,2025-01-23_10_25_25_(18956)_sardine_input.jpeg,2025-01-23_10_25_25_(18956)_sardine_input_(1).jpeg,Bad,Bad,Softness
475,2025-01-23_10_25_25_(18956)_sardine_input.jpeg,2025-01-23_10_25_25_(18956)_sardine_input_(2).jpeg,Bad,Bad,Softness
476,2025-01-23_10_42_30_(19042)_sardine_input.jpeg,2025-01-23_10_42_30_(19042)_sardine_input_(1).jpeg,Bad,Bad,Softness
477,2025-01-23_10_42_30_(19042)_sardine_input.jpeg,2025-01-23_10_42_30_(19042)_sardine_input_(2).jpeg,Bad,Bad,Softness
478,2025-01-23_10_27_40_(18964)_sardine_input.jpeg,2025-01-23_10_27_40_(18964)_sardine_input_(1).jpeg,Bad,Bad,Damaged
479,2025-01-23_10_27_40_(18964)_sardine_input.jpeg,2025-01-23_10_27_40_(18964)_sardine_input_(2).jpeg,Bad,Good,
480,2025-01-23_10_31_58_(18992)_sardine_input.jpeg,2025-01-23_10_31_58_(18992)_sardine_input_(1).jpeg,Bad,Bad,Softness
481,2025-01-23_10_31_58_(18992)_sardine_input.jpeg,2025-01-23_10_31_58_(18992)_sardine_input_(2).jpeg,Bad,Bad,Softness
482,2025-01-23_10_23_36_(18946)_sardine_input.jpeg,2025-01-23_10_23_36_(18946)_sardine_input_(1).jpeg,Bad,Bad,Softness
483,2025-01-23_10_23_36_(18946)_sardine_input.jpeg,2025-01-23_10_23_36_(18946)_sardine_input_(2).jpeg,Bad,Bad,Softness
484,2025-01-23_10_34_02_(19004)_sardine_input.jpeg,2025-01-23_10_34_02_(19004)_sardine_input_(1).jpeg,Bad,Bad,Softness
485,2025-01-23_10_34_02_(19004)_sardine_input.jpeg,2025-01-23_10_34_02_(19004)_sardine_input_(2).jpeg,Bad,Bad,Softness
486,2025-01-23_10_23_25_(18945)_sardine_input.jpeg,2025-01-23_10_23_25_(18945)_sardine_input_(1).jpeg,Bad,Bad,Softness
487,2025-01-23_10_23_25_(18945)_sardine_input.jpeg,2025-01-23_10_23_25_(18945)_sardine_input_(2).jpeg,Bad,Bad,Softness
488,2025-01-23_10_32_27_(18994)_sardine_input.jpeg,2025-01-23_10_32_27_(18994)_sardine_input_(1).jpeg,Bad,Good,
489,2025-01-23_10_32_27_(18994)_sardine_input.jpeg,2025-01-23_10_32_27_(18994)_sardine_input_(2).jpeg,Bad,Bad,Softness
490,2025-01-23_10_28_56_(18972)_sardine_input.jpeg,2025-01-23_10_28_56_(18972)_sardine_input_(1).jpeg,Bad,Bad,Softness
491,2025-01-23_10_28_56_(18972)_sardine_input.jpeg,2025-01-23_10_28_56_(18972)_sardine_input_(2).jpeg,Bad,Good,
492,2025-01-23_10_41_56_(19039)_sardine_input.jpeg,2025-01-23_10_41_56_(19039)_sardine_input_(1).jpeg,Bad,Bad,Softness
493,2025-01-23_10_41_56_(19039)_sardine_input.jpeg,2025-01-23_10_41_56_(19039)_sardine_input_(2).jpeg,Bad,Bad,Softness
494,2025-01-23_10_33_15_(18999)_sardine_input.jpeg,2025-01-23_10_33_15_(18999)_sardine_input_(1).jpeg,Bad,Bad,Softness
495,2025-01-23_10_33_15_(18999)_sardine_input.jpeg,2025-01-23_10_33_15_(18999)_sardine_input_(2).jpeg,Bad,Good,
496,2025-01-23_10_31_50_(18991)_sardine_input.jpeg,2025-01-23_10_31_50_(18991)_sardine_input_(1).jpeg,Bad,Bad,Softness
497,2025-01-23_10_31_50_(18991)_sardine_input.jpeg,2025-01-23_10_31_50_(18991)_sardine_input_(2).jpeg,Bad,Bad,Softness
498,2025-01-23_10_42_07_(19040)_sardine_input.jpeg,2025-01-23_10_42_07_(19040)_sardine_input_(1).jpeg,Bad,Bad,Softness
499,2025-01-23_10_42_07_(19040)_sardine_input.jpeg,2025-01-23_10_42_07_(19040)_sardine_input_(2).jpeg,Bad,Bad,Softness
500,2025-01-23_10_28_39_(18970)_sardine_input.jpeg,2025-01-23_10_28_39_(18970)_sardine_input_(1).jpeg,Bad,Bad,Softness
501,2025-01-23_10_28_39_(18970)_sardine_input.jpeg,2025-01-23_10_28_39_(18970)_sardine_input_(2).jpeg,Bad,Bad,Softness
502,2025-01-23_10_32_55_(18997)_sardine_input.jpeg,2025-01-23_10_32_55_(18997)_sardine_input_(1).jpeg,Bad,Bad,Softness
503,2025-01-23_10_32_55_(18997)_sardine_input.jpeg,2025-01-23_10_32_55_(18997)_sardine_input_(2).jpeg,Bad,Bad,Softness
504,2025-01-23_10_26_46_(18962)_sardine_input.jpeg,2025-01-23_10_26_46_(18962)_sardine_input_(1).jpeg,Bad,Bad,Softness
505,2025-01-23_10_26_46_(18962)_sardine_input.jpeg,2025-01-23_10_26_46_(18962)_sardine_input_(2).jpeg,Bad,Bad,Softness
506,2025-01-23_10_41_46_(19038)_sardine_input.jpeg,2025-01-23_10_41_46_(19038)_sardine_input_(1).jpeg,Bad,Bad,Softness
507,2025-01-23_10_41_46_(19038)_sardine_input.jpeg,2025-01-23_10_41_46_(19038)_sardine_input_(2).jpeg,Bad,Bad,Softness
508,2025-01-23_10_33_26_(19000)_sardine_input.jpeg,2025-01-23_10_33_26_(19000)_sardine_input_(1).jpeg,Bad,Bad,Softness
509,2025-01-23_10_33_26_(19000)_sardine_input.jpeg,2025-01-23_10_33_26_(19000)_sardine_input_(2).jpeg,Bad,Bad,Softness
510,2025-01-23_10_33_35_(19001)_sardine_input.jpeg,2025-01-23_10_33_35_(19001)_sardine_input_(1).jpeg,Bad,Bad,Softness
511,2025-01-23_10_33_35_(19001)_sardine_input.jpeg,2025-01-23_10_33_35_(19001)_sardine_input_(2).jpeg,Bad,Bad,Softness
512,2025-01-23_10_34_10_(19005)_sardine_input.jpeg,2025-01-23_10_34_10_(19005)_sardine_input_(1).jpeg,Bad,Bad,Softness
513,2025-01-23_10_34_10_(19005)_sardine_input.jpeg,2025-01-23_10_34_10_(19005)_sardine_input_(2).jpeg,Bad,Bad,Softness
514,2025-01-23_10_32_38_(18995)_sardine_input.jpeg,2025-01-23_10_32_38_(18995)_sardine_input_(1).jpeg,Bad,Bad,Softness
515,2025-01-23_10_32_38_(18995)_sardine_input.jpeg,2025-01-23_10_32_38_(18995)_sardine_input_(2).jpeg,Bad,Bad,Softness
516,2025-01-23_10_25_53_(18958)_sardine_input.jpeg,2025-01-23_10_25_53_(18958)_sardine_input_(1).jpeg,Bad,Bad,Softness
517,2025-01-23_10_25_53_(18958)_sardine_input.jpeg,2025-01-23_10_25_53_(18958)_sardine_input_(2).jpeg,Bad,Bad,Softness
518,2025-01-23_10_25_36_(18957)_sardine_input.jpeg,2025-01-23_10_25_36_(18957)_sardine_input_(1).jpeg,Bad,Bad,Softness
519,2025-01-23_10_25_36_(18957)_sardine_input.jpeg,2025-01-23_10_25_36_(18957)_sardine_input_(2).jpeg,Bad,Good,
520,2025-01-23_10_28_48_(18971)_sardine_input.jpeg,2025-01-23_10_28_48_(18971)_sardine_input_(1).jpeg,Bad,Good,
521,2025-01-23_10_28_48_(18971)_sardine_input.jpeg,2025-01-23_10_28_48_(18971)_sardine_input_(2).jpeg,Bad,Good,
522,2025-01-23_10_25_12_(18955)_sardine_input.jpeg,2025-01-23_10_25_12_(18955)_sardine_input_(1).jpeg,Bad,Good,
523,2025-01-23_10_25_12_(18955)_sardine_input.jpeg,2025-01-23_10_25_12_(18955)_sardine_input_(2).jpeg,Bad,Bad,Softness
524,2025-01-23_10_41_29_(19036)_sardine_input.jpeg,2025-01-23_10_41_29_(19036)_sardine_input_(1).jpeg,Bad,Bad,Softness
525,2025-01-23_10_41_29_(19036)_sardine_input.jpeg,2025-01-23_10_41_29_(19036)_sardine_input_(2).jpeg,Bad,Bad,Softness
526,2025-01-23_10_42_16_(19041)_sardine_input.jpeg,2025-01-23_10_42_16_(19041)_sardine_input_(1).jpeg,Bad,Good,
527,2025-01-23_10_42_16_(19041)_sardine_input.jpeg,2025-01-23_10_42_16_(19041)_sardine_input_(2).jpeg,Bad,Bad,Softness
528,2025-01-23_10_33_45_(19002)_sardine_input.jpeg,2025-01-23_10_33_45_(19002)_sardine_input_(1).jpeg,Bad,Bad,Softness
529,2025-01-23_10_33_45_(19002)_sardine_input.jpeg,2025-01-23_10_33_45_(19002)_sardine_input_(2).jpeg,Bad,Bad,Softness
530,2025-01-23_10_27_51_(18965)_sardine_input.jpeg,2025-01-23_10_27_51_(18965)_sardine_input_(1).jpeg,Bad,Bad,Softness
531,2025-01-23_10_27_51_(18965)_sardine_input.jpeg,2025-01-23_10_27_51_(18965)_sardine_input_(2).jpeg,Bad,Bad,Softness
532,2025-01-23_10_28_01_(18966)_sardine_input.jpeg,2025-01-23_10_28_01_(18966)_sardine_input_(1).jpeg,Bad,Bad,Softness
533,2025-01-23_10_28_01_(18966)_sardine_input.jpeg,2025-01-23_10_28_01_(18966)_sardine_input_(2).jpeg,Bad,Bad,Softness
534,2025-01-23_10_23_13_(18944)_sardine_input.jpeg,2025-01-23_10_23_13_(18944)_sardine_input_(1).jpeg,Bad,Bad,Softness
535,2025-01-23_10_23_13_(18944)_sardine_input.jpeg,2025-01-23_10_23_13_(18944)_sardine_input_(2).jpeg,Bad,Bad,Softness
536,2025-01-23_10_28_29_(18969)_sardine_input.jpeg,2025-01-23_10_28_29_(18969)_sardine_input_(1).jpeg,Bad,Bad,Softness
537,2025-01-23_10_28_29_(18969)_sardine_input.jpeg,2025-01-23_10_28_29_(18969)_sardine_input_(2).jpeg,Bad,Good,
538,2025-01-23_10_33_05_(18998)_sardine_input.jpeg,2025-01-23_10_33_05_(18998)_sardine_input_(1).jpeg,Bad,Good,
539,2025-01-23_10_33_05_(18998)_sardine_input.jpeg,2025-01-23_10_33_05_(18998)_sardine_input_(2).jpeg,Bad,Bad,Softness
540,2024-12-03_10_04_32_(17678)_sardine_input.jpeg,2024-12-03_10_04_32_(17678)_sardine_input_(1).jpeg,Good,Good,
541,2024-12-03_10_04_32_(17678)_sardine_input.jpeg,2024-12-03_10_04_32_(17678)_sardine_input_(2).jpeg,Good,Good,
542,2024-12-03_10_04_44_(17679)_sardine_input.jpeg,2024-12-03_10_04_44_(17679)_sardine_input_(1).jpeg,Good,Good,
543,2024-12-03_10_04_44_(17679)_sardine_input.jpeg,2024-12-03_10_04_44_(17679)_sardine_input_(2).jpeg,Good,Bad,Softness
544,2024-12-03_10_15_33_(17683)_sardine_input.jpeg,2024-12-03_10_15_33_(17683)_sardine_input_(1).jpeg,Bad,Bad,Softness
545,2024-12-03_10_15_33_(17683)_sardine_input.jpeg,2024-12-03_10_15_33_(17683)_sardine_input_(2).jpeg,Bad,Bad,Softness
546,2024-12-03_10_14_57_(17680)_sardine_input.jpeg,2024-12-03_10_14_57_(17680)_sardine_input_(1).jpeg,Bad,Good,
547,2024-12-03_10_14_57_(17680)_sardine_input.jpeg,2024-12-03_10_14_57_(17680)_sardine_input_(2).jpeg,Bad,Bad,Softness
548,2024-12-03_10_17_49_(17694)_sardine_input.jpeg,2024-12-03_10_17_49_(17694)_sardine_input_(1).jpeg,Bad,Bad,Softness
549,2024-12-03_10_17_49_(17694)_sardine_input.jpeg,2024-12-03_10_17_49_(17694)_sardine_input_(2).jpeg,Bad,Bad,Softness
550,2024-12-03_10_16_56_(17690)_sardine_input.jpeg,2024-12-03_10_16_56_(17690)_sardine_input_(1).jpeg,Bad,Good,
551,2024-12-03_10_16_56_(17690)_sardine_input.jpeg,2024-12-03_10_16_56_(17690)_sardine_input_(2).jpeg,Bad,Good,
552,2024-12-03_10_18_22_(17697)_sardine_input.jpeg,2024-12-03_10_18_22_(17697)_sardine_input_(1).jpeg,Bad,Bad,Softness
553,2024-12-03_10_18_22_(17697)_sardine_input.jpeg,2024-12-03_10_18_22_(17697)_sardine_input_(2).jpeg,Bad,Bad,Softness
554,2024-12-03_10_18_12_(17696)_sardine_input.jpeg,2024-12-03_10_18_12_(17696)_sardine_input_(1).jpeg,Bad,Bad,Softness
555,2024-12-03_10_18_12_(17696)_sardine_input.jpeg,2024-12-03_10_18_12_(17696)_sardine_input_(2).jpeg,Bad,Bad,Softness
556,2024-12-03_10_17_23_(17692)_sardine_input.jpeg,2024-12-03_10_17_23_(17692)_sardine_input_(1).jpeg,Bad,Bad,Softness
557,2024-12-03_10_17_23_(17692)_sardine_input.jpeg,2024-12-03_10_17_23_(17692)_sardine_input_(2).jpeg,Bad,Bad,Softness
558,2024-12-03_10_20_06_(17705)_sardine_input.jpeg,2024-12-03_10_20_06_(17705)_sardine_input_(1).jpeg,Bad,Good,
559,2024-12-03_10_20_06_(17705)_sardine_input.jpeg,2024-12-03_10_20_06_(17705)_sardine_input_(2).jpeg,Bad,Bad,Softness
560,2024-12-03_10_16_23_(17687)_sardine_input.jpeg,2024-12-03_10_16_23_(17687)_sardine_input_(1).jpeg,Bad,Bad,Damaged
561,2024-12-03_10_16_23_(17687)_sardine_input.jpeg,2024-12-03_10_16_23_(17687)_sardine_input_(2).jpeg,Bad,Bad,Softness
562,2024-12-03_10_19_16_(17701)_sardine_input.jpeg,2024-12-03_10_19_16_(17701)_sardine_input_(1).jpeg,Bad,Bad,Softness
563,2024-12-03_10_19_16_(17701)_sardine_input.jpeg,2024-12-03_10_19_16_(17701)_sardine_input_(2).jpeg,Bad,Good,
564,2024-12-03_10_15_09_(17681)_sardine_input.jpeg,2024-12-03_10_15_09_(17681)_sardine_input_(1).jpeg,Bad,Bad,Softness
565,2024-12-03_10_15_09_(17681)_sardine_input.jpeg,2024-12-03_10_15_09_(17681)_sardine_input_(2).jpeg,Bad,Good,
566,2024-12-03_10_19_29_(17702)_sardine_input.jpeg,2024-12-03_10_19_29_(17702)_sardine_input_(1).jpeg,Bad,Bad,Softness
567,2024-12-03_10_19_29_(17702)_sardine_input.jpeg,2024-12-03_10_19_29_(17702)_sardine_input_(2).jpeg,Bad,Good,
568,2024-12-03_10_16_45_(17689)_sardine_input.jpeg,2024-12-03_10_16_45_(17689)_sardine_input_(1).jpeg,Bad,Bad,Softness
569,2024-12-03_10_16_45_(17689)_sardine_input.jpeg,2024-12-03_10_16_45_(17689)_sardine_input_(2).jpeg,Bad,Bad,Softness
570,2024-12-03_10_15_56_(17685)_sardine_input.jpeg,2024-12-03_10_15_56_(17685)_sardine_input_(1).jpeg,Bad,Bad,Softness
571,2024-12-03_10_15_56_(17685)_sardine_input.jpeg,2024-12-03_10_15_56_(17685)_sardine_input_(2).jpeg,Bad,Bad,Softness
572,2024-12-03_10_16_10_(17686)_sardine_input.jpeg,2024-12-03_10_16_10_(17686)_sardine_input_(1).jpeg,Bad,Good,
573,2024-12-03_10_16_10_(17686)_sardine_input.jpeg,2024-12-03_10_16_10_(17686)_sardine_input_(2).jpeg,Bad,Bad,Softness
574,2024-12-03_10_18_47_(17699)_sardine_input.jpeg,2024-12-03_10_18_47_(17699)_sardine_input_(1).jpeg,Bad,Good,
575,2024-12-03_10_18_47_(17699)_sardine_input.jpeg,2024-12-03_10_18_47_(17699)_sardine_input_(2).jpeg,Bad,Good,
576,2024-12-03_10_16_34_(17688)_sardine_input.jpeg,2024-12-03_10_16_34_(17688)_sardine_input_(1).jpeg,Bad,Good,
577,2024-12-03_10_16_34_(17688)_sardine_input.jpeg,2024-12-03_10_16_34_(17688)_sardine_input_(2).jpeg,Bad,Good,
578,2024-12-03_10_19_42_(17703)_sardine_input.jpeg,2024-12-03_10_19_42_(17703)_sardine_input_(1).jpeg,Bad,Bad,Softness
579,2024-12-03_10_19_42_(17703)_sardine_input.jpeg,2024-12-03_10_19_42_(17703)_sardine_input_(2).jpeg,Bad,Bad,Softness
580,2024-12-03_10_17_36_(17693)_sardine_input.jpeg,2024-12-03_10_17_36_(17693)_sardine_input_(1).jpeg,Bad,Bad,Softness
581,2024-12-03_10_17_36_(17693)_sardine_input.jpeg,2024-12-03_10_17_36_(17693)_sardine_input_(2).jpeg,Bad,Good,
582,2024-12-03_10_19_03_(17700)_sardine_input.jpeg,2024-12-03_10_19_03_(17700)_sardine_input_(1).jpeg,Bad,Bad,Softness
583,2024-12-03_10_19_03_(17700)_sardine_input.jpeg,2024-12-03_10_19_03_(17700)_sardine_input_(2).jpeg,Bad,Bad,Softness
584,2024-12-03_10_17_08_(17691)_sardine_input.jpeg,2024-12-03_10_17_08_(17691)_sardine_input_(1).jpeg,Bad,Good,
585,2024-12-03_10_17_08_(17691)_sardine_input.jpeg,2024-12-03_10_17_08_(17691)_sardine_input_(2).jpeg,Bad,Bad,Softness
586,2024-12-03_10_20_50_(17708)_sardine_input.jpeg,2024-12-03_10_20_50_(17708)_sardine_input_(1).jpeg,Bad,Bad,Softness
587,2024-12-03_10_20_50_(17708)_sardine_input.jpeg,2024-12-03_10_20_50_(17708)_sardine_input_(2).jpeg,Bad,Bad,Softness
588,2024-12-03_10_20_26_(17706)_sardine_input.jpeg,2024-12-03_10_20_26_(17706)_sardine_input_(1).jpeg,Bad,Bad,Softness
589,2024-12-03_10_20_26_(17706)_sardine_input.jpeg,2024-12-03_10_20_26_(17706)_sardine_input_(2).jpeg,Bad,Bad,Softness
590,2024-12-03_10_19_55_(17704)_sardine_input.jpeg,2024-12-03_10_19_55_(17704)_sardine_input_(1).jpeg,Bad,Bad,Softness
591,2024-12-03_10_19_55_(17704)_sardine_input.jpeg,2024-12-03_10_19_55_(17704)_sardine_input_(2).jpeg,Bad,Bad,Softness
592,2024-12-03_10_15_20_(17682)_sardine_input.jpeg,2024-12-03_10_15_20_(17682)_sardine_input_(1).jpeg,Bad,Bad,Softness
593,2024-12-03_10_15_20_(17682)_sardine_input.jpeg,2024-12-03_10_15_20_(17682)_sardine_input_(2).jpeg,Bad,Good,
594,2024-12-19_09_57_45_(17962)_sardine_input.jpeg,2024-12-19_09_57_45_(17962)_sardine_input_(1).jpeg,Good,Good,
595,2024-12-19_09_57_45_(17962)_sardine_input.jpeg,2024-12-19_09_57_45_(17962)_sardine_input_(2).jpeg,Good,Good,
596,2024-12-19_09_59_18_(17972)_sardine_input.jpeg,2024-12-19_09_59_18_(17972)_sardine_input_(1).jpeg,Good,Good,
597,2024-12-19_09_59_18_(17972)_sardine_input.jpeg,2024-12-19_09_59_18_(17972)_sardine_input_(2).jpeg,Good,Good,
598,2024-12-19_10_05_49_(18001)_sardine_input.jpeg,2024-12-19_10_05_49_(18001)_sardine_input_(1).jpeg,Good,Good,
599,2024-12-19_10_05_49_(18001)_sardine_input.jpeg,2024-12-19_10_05_49_(18001)_sardine_input_(2).jpeg,Good,Good,
600,2024-12-19_10_03_58_(17991)_sardine_input.jpeg,2024-12-19_10_03_58_(17991)_sardine_input_(1).jpeg,Good,Good,
601,2024-12-19_10_03_58_(17991)_sardine_input.jpeg,2024-12-19_10_03_58_(17991)_sardine_input_(2).jpeg,Good,Good,
602,2024-12-19_10_03_07_(17985)_sardine_input.jpeg,2024-12-19_10_03_07_(17985)_sardine_input_(1).jpeg,Good,Bad,Softness
603,2024-12-19_10_03_07_(17985)_sardine_input.jpeg,2024-12-19_10_03_07_(17985)_sardine_input_(2).jpeg,Good,Good,
604,2024-12-19_09_57_21_(17959)_sardine_input.jpeg,2024-12-19_09_57_21_(17959)_sardine_input_(1).jpeg,Good,Good,
605,2024-12-19_09_57_21_(17959)_sardine_input.jpeg,2024-12-19_09_57_21_(17959)_sardine_input_(2).jpeg,Good,Good,
606,2024-12-19_09_55_19_(17957)_sardine_input.jpeg,2024-12-19_09_55_19_(17957)_sardine_input_(1).jpeg,Good,Good,
607,2024-12-19_09_55_19_(17957)_sardine_input.jpeg,2024-12-19_09_55_19_(17957)_sardine_input_(2).jpeg,Good,Good,
608,2024-12-19_10_02_56_(17984)_sardine_input.jpeg,2024-12-19_10_02_56_(17984)_sardine_input_(1).jpeg,Good,Good,
609,2024-12-19_10_02_56_(17984)_sardine_input.jpeg,2024-12-19_10_02_56_(17984)_sardine_input_(2).jpeg,Good,Good,
610,2024-12-19_10_00_54_(17979)_sardine_input.jpeg,2024-12-19_10_00_54_(17979)_sardine_input_(1).jpeg,Good,Good,
611,2024-12-19_10_00_54_(17979)_sardine_input.jpeg,2024-12-19_10_00_54_(17979)_sardine_input_(2).jpeg,Good,Good,
612,2024-12-19_10_05_10_(17998)_sardine_input.jpeg,2024-12-19_10_05_10_(17998)_sardine_input_(1).jpeg,Good,Good,
613,2024-12-19_10_05_10_(17998)_sardine_input.jpeg,2024-12-19_10_05_10_(17998)_sardine_input_(2).jpeg,Good,Good,
614,2024-12-19_10_00_17_(17975)_sardine_input.jpeg,2024-12-19_10_00_17_(17975)_sardine_input_(1).jpeg,Good,Good,
615,2024-12-19_10_00_17_(17975)_sardine_input.jpeg,2024-12-19_10_00_17_(17975)_sardine_input_(2).jpeg,Good,Good,
616,2024-12-19_09_57_35_(17961)_sardine_input.jpeg,2024-12-19_09_57_35_(17961)_sardine_input_(1).jpeg,Good,Good,
617,2024-12-19_09_57_35_(17961)_sardine_input.jpeg,2024-12-19_09_57_35_(17961)_sardine_input_(2).jpeg,Good,Good,
618,2024-12-19_10_01_35_(17983)_sardine_input.jpeg,2024-12-19_10_01_35_(17983)_sardine_input_(1).jpeg,Good,Good,
619,2024-12-19_10_01_35_(17983)_sardine_input.jpeg,2024-12-19_10_01_35_(17983)_sardine_input_(2).jpeg,Good,Good,
620,2024-12-19_10_06_26_(18005)_sardine_input.jpeg,2024-12-19_10_06_26_(18005)_sardine_input_(1).jpeg,Good,Good,
621,2024-12-19_10_06_26_(18005)_sardine_input.jpeg,2024-12-19_10_06_26_(18005)_sardine_input_(2).jpeg,Good,Good,
622,2024-12-19_10_01_14_(17981)_sardine_input.jpeg,2024-12-19_10_01_14_(17981)_sardine_input_(1).jpeg,Good,Bad,Softness
623,2024-12-19_10_01_14_(17981)_sardine_input.jpeg,2024-12-19_10_01_14_(17981)_sardine_input_(2).jpeg,Good,Bad,Softness
624,2024-12-19_09_55_04_(17955)_sardine_input.jpeg,2024-12-19_09_55_04_(17955)_sardine_input_(1).jpeg,Good,Good,
625,2024-12-19_09_55_04_(17955)_sardine_input.jpeg,2024-12-19_09_55_04_(17955)_sardine_input_(2).jpeg,Good,Good,
626,2024-12-19_10_05_57_(18002)_sardine_input.jpeg,2024-12-19_10_05_57_(18002)_sardine_input_(1).jpeg,Good,Good,
627,2024-12-19_10_05_57_(18002)_sardine_input.jpeg,2024-12-19_10_05_57_(18002)_sardine_input_(2).jpeg,Good,Good,
628,2024-12-19_10_01_04_(17980)_sardine_input.jpeg,2024-12-19_10_01_04_(17980)_sardine_input_(1).jpeg,Good,Good,
629,2024-12-19_10_01_04_(17980)_sardine_input.jpeg,2024-12-19_10_01_04_(17980)_sardine_input_(2).jpeg,Good,Good,
630,2024-12-19_09_58_51_(17969)_sardine_input.jpeg,2024-12-19_09_58_51_(17969)_sardine_input_(1).jpeg,Good,Good,
631,2024-12-19_09_58_51_(17969)_sardine_input.jpeg,2024-12-19_09_58_51_(17969)_sardine_input_(2).jpeg,Good,Good,
632,2024-12-19_10_04_49_(17996)_sardine_input.jpeg,2024-12-19_10_04_49_(17996)_sardine_input_(1).jpeg,Good,Bad,Softness
633,2024-12-19_10_04_49_(17996)_sardine_input.jpeg,2024-12-19_10_04_49_(17996)_sardine_input_(2).jpeg,Good,Good,
634,2024-12-19_10_04_06_(17992)_sardine_input.jpeg,2024-12-19_10_04_06_(17992)_sardine_input_(1).jpeg,Good,Good,
635,2024-12-19_10_04_06_(17992)_sardine_input.jpeg,2024-12-19_10_04_06_(17992)_sardine_input_(2).jpeg,Good,Bad,Softness
636,2024-12-19_09_58_05_(17964)_sardine_input.jpeg,2024-12-19_09_58_05_(17964)_sardine_input_(1).jpeg,Good,Bad,Softness
637,2024-12-19_09_58_05_(17964)_sardine_input.jpeg,2024-12-19_09_58_05_(17964)_sardine_input_(2).jpeg,Good,Good,
638,2024-12-19_10_05_32_(17999)_sardine_input.jpeg,2024-12-19_10_05_32_(17999)_sardine_input_(1).jpeg,Good,Good,
639,2024-12-19_10_05_32_(17999)_sardine_input.jpeg,2024-12-19_10_05_32_(17999)_sardine_input_(2).jpeg,Good,Good,
640,2024-12-19_10_05_32_(17999)_sardine_input.jpeg,2024-12-19_10_05_32_(17999)_sardine_input_(3).jpeg,Good,Good,
641,2024-12-19_10_05_40_(18000)_sardine_input.jpeg,2024-12-19_10_05_40_(18000)_sardine_input_(1).jpeg,Good,Good,
642,2024-12-19_10_05_40_(18000)_sardine_input.jpeg,2024-12-19_10_05_40_(18000)_sardine_input_(2).jpeg,Good,Good,
643,2024-12-19_10_06_43_(18007)_sardine_input.jpeg,2024-12-19_10_06_43_(18007)_sardine_input_(1).jpeg,Good,Good,
644,2024-12-19_10_06_43_(18007)_sardine_input.jpeg,2024-12-19_10_06_43_(18007)_sardine_input_(2).jpeg,Good,Good,
645,2024-12-19_10_06_08_(18003)_sardine_input.jpeg,2024-12-19_10_06_08_(18003)_sardine_input_(1).jpeg,Good,Good,
646,2024-12-19_10_06_08_(18003)_sardine_input.jpeg,2024-12-19_10_06_08_(18003)_sardine_input_(2).jpeg,Good,Good,
647,2024-12-19_10_03_25_(17987)_sardine_input.jpeg,2024-12-19_10_03_25_(17987)_sardine_input_(1).jpeg,Good,Good,
648,2024-12-19_10_03_25_(17987)_sardine_input.jpeg,2024-12-19_10_03_25_(17987)_sardine_input_(2).jpeg,Good,Bad,Softness
649,2024-12-19_09_54_44_(17953)_sardine_input.jpeg,2024-12-19_09_54_44_(17953)_sardine_input_(1).jpeg,Good,Good,
650,2024-12-19_09_54_44_(17953)_sardine_input.jpeg,2024-12-19_09_54_44_(17953)_sardine_input_(2).jpeg,Good,Good,
651,2024-12-19_09_58_43_(17968)_sardine_input.jpeg,2024-12-19_09_58_43_(17968)_sardine_input_(1).jpeg,Good,Good,
652,2024-12-19_09_58_43_(17968)_sardine_input.jpeg,2024-12-19_09_58_43_(17968)_sardine_input_(2).jpeg,Good,Good,
653,2024-12-19_10_00_07_(17974)_sardine_input.jpeg,2024-12-19_10_00_07_(17974)_sardine_input_(1).jpeg,Good,Good,
654,2024-12-19_10_00_07_(17974)_sardine_input.jpeg,2024-12-19_10_00_07_(17974)_sardine_input_(2).jpeg,Good,Good,
655,2024-12-19_09_55_34_(17958)_sardine_input.jpeg,2024-12-19_09_55_34_(17958)_sardine_input_(1).jpeg,Good,Good,
656,2024-12-19_09_55_34_(17958)_sardine_input.jpeg,2024-12-19_09_55_34_(17958)_sardine_input_(2).jpeg,Good,Good,
657,2024-12-19_10_06_17_(18004)_sardine_input.jpeg,2024-12-19_10_06_17_(18004)_sardine_input_(1).jpeg,Good,Good,
658,2024-12-19_10_06_17_(18004)_sardine_input.jpeg,2024-12-19_10_06_17_(18004)_sardine_input_(2).jpeg,Good,Good,
659,2024-12-19_10_00_25_(17976)_sardine_input.jpeg,2024-12-19_10_00_25_(17976)_sardine_input_(1).jpeg,Good,Bad,Damaged
660,2024-12-19_10_00_25_(17976)_sardine_input.jpeg,2024-12-19_10_00_25_(17976)_sardine_input_(2).jpeg,Good,Good,
661,2024-12-19_09_59_58_(17973)_sardine_input.jpeg,2024-12-19_09_59_58_(17973)_sardine_input_(1).jpeg,Good,Good,
662,2024-12-19_09_59_58_(17973)_sardine_input.jpeg,2024-12-19_09_59_58_(17973)_sardine_input_(2).jpeg,Good,Good,
663,2024-12-19_10_00_35_(17977)_sardine_input.jpeg,2024-12-19_10_00_35_(17977)_sardine_input_(1).jpeg,Good,Good,
664,2024-12-19_10_00_35_(17977)_sardine_input.jpeg,2024-12-19_10_00_35_(17977)_sardine_input_(2).jpeg,Good,Good,
665,2024-12-19_10_00_44_(17978)_sardine_input.jpeg,2024-12-19_10_00_44_(17978)_sardine_input_(1).jpeg,Good,Good,
666,2024-12-19_10_00_44_(17978)_sardine_input.jpeg,2024-12-19_10_00_44_(17978)_sardine_input_(2).jpeg,Good,Good,
667,2024-12-19_09_59_09_(17971)_sardine_input.jpeg,2024-12-19_09_59_09_(17971)_sardine_input_(1).jpeg,Good,Good,
668,2024-12-19_09_59_09_(17971)_sardine_input.jpeg,2024-12-19_09_59_09_(17971)_sardine_input_(2).jpeg,Good,Good,
669,2024-12-19_09_55_11_(17956)_sardine_input.jpeg,2024-12-19_09_55_11_(17956)_sardine_input_(1).jpeg,Good,Good,
670,2024-12-19_09_55_11_(17956)_sardine_input.jpeg,2024-12-19_09_55_11_(17956)_sardine_input_(2).jpeg,Good,Good,
671,2024-12-19_09_58_14_(17965)_sardine_input.jpeg,2024-12-19_09_58_14_(17965)_sardine_input_(1).jpeg,Good,Good,
672,2024-12-19_09_58_14_(17965)_sardine_input.jpeg,2024-12-19_09_58_14_(17965)_sardine_input_(2).jpeg,Good,Bad,Softness
673,2024-12-19_09_59_00_(17970)_sardine_input.jpeg,2024-12-19_09_59_00_(17970)_sardine_input_(1).jpeg,Good,Good,
674,2024-12-19_09_59_00_(17970)_sardine_input.jpeg,2024-12-19_09_59_00_(17970)_sardine_input_(2).jpeg,Good,Bad,Softness
675,2024-12-19_10_04_16_(17993)_sardine_input.jpeg,2024-12-19_10_04_16_(17993)_sardine_input_(1).jpeg,Good,Good,
676,2024-12-19_10_04_16_(17993)_sardine_input.jpeg,2024-12-19_10_04_16_(17993)_sardine_input_(2).jpeg,Good,Good,
677,2024-12-19_10_03_41_(17989)_sardine_input.jpeg,2024-12-19_10_03_41_(17989)_sardine_input_(1).jpeg,Good,Good,
678,2024-12-19_10_03_41_(17989)_sardine_input.jpeg,2024-12-19_10_03_41_(17989)_sardine_input_(2).jpeg,Good,Good,
679,2024-12-19_10_04_40_(17995)_sardine_input.jpeg,2024-12-19_10_04_40_(17995)_sardine_input_(1).jpeg,Good,Good,
680,2024-12-19_10_04_40_(17995)_sardine_input.jpeg,2024-12-19_10_04_40_(17995)_sardine_input_(2).jpeg,Good,Good,
681,2024-12-19_09_54_53_(17954)_sardine_input.jpeg,2024-12-19_09_54_53_(17954)_sardine_input_(1).jpeg,Good,Good,
682,2024-12-19_09_54_53_(17954)_sardine_input.jpeg,2024-12-19_09_54_53_(17954)_sardine_input_(2).jpeg,Good,Good,
683,2024-12-19_10_03_33_(17988)_sardine_input.jpeg,2024-12-19_10_03_33_(17988)_sardine_input_(1).jpeg,Good,Good,
684,2024-12-19_10_03_33_(17988)_sardine_input.jpeg,2024-12-19_10_03_33_(17988)_sardine_input_(2).jpeg,Good,Good,
685,2024-12-19_09_57_28_(17960)_sardine_input.jpeg,2024-12-19_09_57_28_(17960)_sardine_input_(1).jpeg,Good,Good,
686,2024-12-19_09_57_28_(17960)_sardine_input.jpeg,2024-12-19_09_57_28_(17960)_sardine_input_(2).jpeg,Good,Good,
687,2024-12-19_10_01_25_(17982)_sardine_input.jpeg,2024-12-19_10_01_25_(17982)_sardine_input_(1).jpeg,Good,Good,
688,2024-12-19_10_01_25_(17982)_sardine_input.jpeg,2024-12-19_10_01_25_(17982)_sardine_input_(2).jpeg,Good,Good,
689,2024-12-19_09_58_23_(17966)_sardine_input.jpeg,2024-12-19_09_58_23_(17966)_sardine_input_(1).jpeg,Good,Good,
690,2024-12-19_09_58_23_(17966)_sardine_input.jpeg,2024-12-19_09_58_23_(17966)_sardine_input_(2).jpeg,Good,Good,
691,2024-12-19_09_57_53_(17963)_sardine_input.jpeg,2024-12-19_09_57_53_(17963)_sardine_input_(1).jpeg,Good,Good,
692,2024-12-19_09_57_53_(17963)_sardine_input.jpeg,2024-12-19_09_57_53_(17963)_sardine_input_(2).jpeg,Good,Good,
693,2024-12-19_10_03_49_(17990)_sardine_input.jpeg,2024-12-19_10_03_49_(17990)_sardine_input_(1).jpeg,Good,Good,
694,2024-12-19_10_03_49_(17990)_sardine_input.jpeg,2024-12-19_10_03_49_(17990)_sardine_input_(2).jpeg,Good,Good,
695,2024-12-19_10_04_29_(17994)_sardine_input.jpeg,2024-12-19_10_04_29_(17994)_sardine_input_(1).jpeg,Good,Bad,Softness
696,2024-12-19_10_04_29_(17994)_sardine_input.jpeg,2024-12-19_10_04_29_(17994)_sardine_input_(2).jpeg,Good,Good,
697,2024-12-19_10_03_16_(17986)_sardine_input.jpeg,2024-12-19_10_03_16_(17986)_sardine_input_(1).jpeg,Good,Good,
698,2024-12-19_10_03_16_(17986)_sardine_input.jpeg,2024-12-19_10_03_16_(17986)_sardine_input_(2).jpeg,Good,Good,
699,2024-12-19_09_58_33_(17967)_sardine_input.jpeg,2024-12-19_09_58_33_(17967)_sardine_input_(1).jpeg,Good,Good,
700,2024-12-19_09_58_33_(17967)_sardine_input.jpeg,2024-12-19_09_58_33_(17967)_sardine_input_(2).jpeg,Good,Bad,Softness
701,2024-12-19_10_06_35_(18006)_sardine_input.jpeg,2024-12-19_10_06_35_(18006)_sardine_input_(1).jpeg,Good,Good,
702,2024-12-19_10_06_35_(18006)_sardine_input.jpeg,2024-12-19_10_06_35_(18006)_sardine_input_(2).jpeg,Good,Good,
703,2024-12-19_10_06_53_(18008)_sardine_input.jpeg,2024-12-19_10_06_53_(18008)_sardine_input_(1).jpeg,Bad,Bad,Damaged
704,2024-12-19_10_06_53_(18008)_sardine_input.jpeg,2024-12-19_10_06_53_(18008)_sardine_input_(2).jpeg,Bad,Good,
705,2024-12-19_10_07_04_(18009)_sardine_input.jpeg,2024-12-19_10_07_04_(18009)_sardine_input_(1).jpeg,Bad,Good,
706,2024-12-19_10_07_04_(18009)_sardine_input.jpeg,2024-12-19_10_07_04_(18009)_sardine_input_(2).jpeg,Bad,Good,
707,2024-12-19_10_04_59_(17997)_sardine_input.jpeg,2024-12-19_10_04_59_(17997)_sardine_input_(1).jpeg,Bad,Good,
708,2024-12-19_10_04_59_(17997)_sardine_input.jpeg,2024-12-19_10_04_59_(17997)_sardine_input_(2).jpeg,Bad,Bad,Softness
709,2024-12-17_10_34_45_(17915)_sardine_input.jpeg,2024-12-17_10_34_45_(17915)_sardine_input_(1).jpeg,Bad,Bad,Softness
710,2024-12-17_10_34_45_(17915)_sardine_input.jpeg,2024-12-17_10_34_45_(17915)_sardine_input_(2).jpeg,Bad,Bad,Softness
711,2024-12-17_10_32_00_(17907)_sardine_input.jpeg,2024-12-17_10_32_00_(17907)_sardine_input_(1).jpeg,Bad,Good,
712,2024-12-17_10_32_00_(17907)_sardine_input.jpeg,2024-12-17_10_32_00_(17907)_sardine_input_(2).jpeg,Bad,Bad,Softness
713,2024-12-17_10_36_02_(17918)_sardine_input.jpeg,2024-12-17_10_36_02_(17918)_sardine_input_(1).jpeg,Bad,Bad,Softness
714,2024-12-17_10_36_02_(17918)_sardine_input.jpeg,2024-12-17_10_36_02_(17918)_sardine_input_(2).jpeg,Bad,Good,
715,2024-12-17_10_25_18_(17890)_sardine_input.jpeg,2024-12-17_10_25_18_(17890)_sardine_input_(1).jpeg,Bad,Good,
716,2024-12-17_10_25_18_(17890)_sardine_input.jpeg,2024-12-17_10_25_18_(17890)_sardine_input_(2).jpeg,Bad,Good,
717,2024-12-17_10_26_06_(17891)_sardine_input.jpeg,2024-12-17_10_26_06_(17891)_sardine_input_(1).jpeg,Bad,Good,
718,2024-12-17_10_26_06_(17891)_sardine_input.jpeg,2024-12-17_10_26_06_(17891)_sardine_input_(2).jpeg,Bad,Bad,Softness
719,2024-12-17_10_30_40_(17902)_sardine_input.jpeg,2024-12-17_10_30_40_(17902)_sardine_input_(1).jpeg,Bad,Bad,Softness
720,2024-12-17_10_30_40_(17902)_sardine_input.jpeg,2024-12-17_10_30_40_(17902)_sardine_input_(2).jpeg,Bad,Good,
721,2024-12-17_10_31_46_(17906)_sardine_input.jpeg,2024-12-17_10_31_46_(17906)_sardine_input_(1).jpeg,Bad,Good,
722,2024-12-17_10_31_46_(17906)_sardine_input.jpeg,2024-12-17_10_31_46_(17906)_sardine_input_(2).jpeg,Bad,Bad,Softness
723,2024-12-17_10_32_45_(17910)_sardine_input.jpeg,2024-12-17_10_32_45_(17910)_sardine_input_(1).jpeg,Bad,Good,
724,2024-12-17_10_32_45_(17910)_sardine_input.jpeg,2024-12-17_10_32_45_(17910)_sardine_input_(2).jpeg,Bad,Bad,Softness
725,2024-12-17_10_33_14_(17911)_sardine_input.jpeg,2024-12-17_10_33_14_(17911)_sardine_input_(1).jpeg,Bad,Bad,Softness
726,2024-12-17_10_33_14_(17911)_sardine_input.jpeg,2024-12-17_10_33_14_(17911)_sardine_input_(2).jpeg,Bad,Good,
727,2024-12-17_10_31_28_(17905)_sardine_input.jpeg,2024-12-17_10_31_28_(17905)_sardine_input_(1).jpeg,Bad,Bad,Softness
728,2024-12-17_10_31_28_(17905)_sardine_input.jpeg,2024-12-17_10_31_28_(17905)_sardine_input_(2).jpeg,Bad,Good,
729,2024-12-17_10_29_28_(17897)_sardine_input.jpeg,2024-12-17_10_29_28_(17897)_sardine_input_(1).jpeg,Bad,Good,
730,2024-12-17_10_29_28_(17897)_sardine_input.jpeg,2024-12-17_10_29_28_(17897)_sardine_input_(2).jpeg,Bad,Good,
731,2024-12-17_10_33_45_(17912)_sardine_input.jpeg,2024-12-17_10_33_45_(17912)_sardine_input_(1).jpeg,Bad,Good,
732,2024-12-17_10_33_45_(17912)_sardine_input.jpeg,2024-12-17_10_33_45_(17912)_sardine_input_(2).jpeg,Bad,Bad,Softness
733,2024-12-17_10_30_51_(17903)_sardine_input.jpeg,2024-12-17_10_30_51_(17903)_sardine_input_(1).jpeg,Bad,Good,
734,2024-12-17_10_30_51_(17903)_sardine_input.jpeg,2024-12-17_10_30_51_(17903)_sardine_input_(2).jpeg,Bad,Bad,Softness
735,2024-12-17_10_29_44_(17899)_sardine_input.jpeg,2024-12-17_10_29_44_(17899)_sardine_input_(1).jpeg,Bad,Bad,Softness
736,2024-12-17_10_29_44_(17899)_sardine_input.jpeg,2024-12-17_10_29_44_(17899)_sardine_input_(2).jpeg,Bad,Good,
737,2024-12-17_10_35_17_(17916)_sardine_input.jpeg,2024-12-17_10_35_17_(17916)_sardine_input_(1).jpeg,Bad,Bad,Softness
738,2024-12-17_10_35_17_(17916)_sardine_input.jpeg,2024-12-17_10_35_17_(17916)_sardine_input_(2).jpeg,Bad,Good,
739,2024-12-17_10_31_14_(17904)_sardine_input.jpeg,2024-12-17_10_31_14_(17904)_sardine_input_(1).jpeg,Bad,Good,
740,2024-12-17_10_31_14_(17904)_sardine_input.jpeg,2024-12-17_10_31_14_(17904)_sardine_input_(2).jpeg,Bad,Bad,Softness
741,2024-12-17_10_29_36_(17898)_sardine_input.jpeg,2024-12-17_10_29_36_(17898)_sardine_input_(1).jpeg,Bad,Bad,Softness
742,2024-12-17_10_29_36_(17898)_sardine_input.jpeg,2024-12-17_10_29_36_(17898)_sardine_input_(2).jpeg,Bad,Bad,Softness
743,2024-12-17_10_22_17_(17881)_sardine_input.jpeg,2024-12-17_10_22_17_(17881)_sardine_input_(1).jpeg,Good,Bad,Softness
744,2024-12-17_10_22_17_(17881)_sardine_input.jpeg,2024-12-17_10_22_17_(17881)_sardine_input_(2).jpeg,Good,Bad,Softness
745,2024-12-17_10_27_31_(17893)_sardine_input.jpeg,2024-12-17_10_27_31_(17893)_sardine_input_(1).jpeg,Good,Bad,Softness
746,2024-12-17_10_27_31_(17893)_sardine_input.jpeg,2024-12-17_10_27_31_(17893)_sardine_input_(2).jpeg,Good,Good,
747,2024-12-17_10_26_23_(17892)_sardine_input.jpeg,2024-12-17_10_26_23_(17892)_sardine_input_(1).jpeg,Good,Bad,Softness
748,2024-12-17_10_26_23_(17892)_sardine_input.jpeg,2024-12-17_10_26_23_(17892)_sardine_input_(2).jpeg,Good,Good,
749,2024-12-17_10_21_28_(17878)_sardine_input.jpeg,2024-12-17_10_21_28_(17878)_sardine_input_(1).jpeg,Good,Good,
750,2024-12-17_10_21_28_(17878)_sardine_input.jpeg,2024-12-17_10_21_28_(17878)_sardine_input_(2).jpeg,Good,Good,
751,2024-12-17_10_28_00_(17896)_sardine_input.jpeg,2024-12-17_10_28_00_(17896)_sardine_input_(1).jpeg,Good,Good,
752,2024-12-17_10_28_00_(17896)_sardine_input.jpeg,2024-12-17_10_28_00_(17896)_sardine_input_(2).jpeg,Good,Good,
753,2024-12-17_10_34_22_(17914)_sardine_input.jpeg,2024-12-17_10_34_22_(17914)_sardine_input_(1).jpeg,Good,Good,
754,2024-12-17_10_34_22_(17914)_sardine_input.jpeg,2024-12-17_10_34_22_(17914)_sardine_input_(2).jpeg,Good,Good,
755,2024-12-17_10_36_27_(17920)_sardine_input.jpeg,2024-12-17_10_36_27_(17920)_sardine_input_(1).jpeg,Good,Good,
756,2024-12-17_10_36_27_(17920)_sardine_input.jpeg,2024-12-17_10_36_27_(17920)_sardine_input_(2).jpeg,Good,Good,
757,2024-12-17_10_23_55_(17886)_sardine_input.jpeg,2024-12-17_10_23_55_(17886)_sardine_input_(1).jpeg,Good,Bad,Softness
758,2024-12-17_10_23_55_(17886)_sardine_input.jpeg,2024-12-17_10_23_55_(17886)_sardine_input_(2).jpeg,Good,Good,
759,2024-12-17_10_32_30_(17909)_sardine_input.jpeg,2024-12-17_10_32_30_(17909)_sardine_input_(1).jpeg,Good,Good,
760,2024-12-17_10_32_30_(17909)_sardine_input.jpeg,2024-12-17_10_32_30_(17909)_sardine_input_(2).jpeg,Good,Good,
761,2024-12-17_10_27_50_(17895)_sardine_input.jpeg,2024-12-17_10_27_50_(17895)_sardine_input_(1).jpeg,Good,Bad,Softness
762,2024-12-17_10_27_50_(17895)_sardine_input.jpeg,2024-12-17_10_27_50_(17895)_sardine_input_(2).jpeg,Good,Good,
763,2024-12-17_10_23_44_(17885)_sardine_input.jpeg,2024-12-17_10_23_44_(17885)_sardine_input_(1).jpeg,Good,Good,
764,2024-12-17_10_23_44_(17885)_sardine_input.jpeg,2024-12-17_10_23_44_(17885)_sardine_input_(2).jpeg,Good,Good,
765,2024-12-17_10_24_50_(17889)_sardine_input.jpeg,2024-12-17_10_24_50_(17889)_sardine_input_(1).jpeg,Good,Good,
766,2024-12-17_10_24_50_(17889)_sardine_input.jpeg,2024-12-17_10_24_50_(17889)_sardine_input_(2).jpeg,Good,Bad,Softness
767,2024-12-17_10_32_19_(17908)_sardine_input.jpeg,2024-12-17_10_32_19_(17908)_sardine_input_(1).jpeg,Good,Good,
768,2024-12-17_10_32_19_(17908)_sardine_input.jpeg,2024-12-17_10_32_19_(17908)_sardine_input_(2).jpeg,Good,Good,
769,2024-12-17_10_35_31_(17917)_sardine_input.jpeg,2024-12-17_10_35_31_(17917)_sardine_input_(1).jpeg,Good,Good,
770,2024-12-17_10_35_31_(17917)_sardine_input.jpeg,2024-12-17_10_35_31_(17917)_sardine_input_(2).jpeg,Good,Bad,Softness
771,2024-12-17_10_22_32_(17882)_sardine_input.jpeg,2024-12-17_10_22_32_(17882)_sardine_input_(1).jpeg,Good,Good,
772,2024-12-17_10_22_32_(17882)_sardine_input.jpeg,2024-12-17_10_22_32_(17882)_sardine_input_(2).jpeg,Good,Good,
773,2024-12-17_10_24_33_(17888)_sardine_input.jpeg,2024-12-17_10_24_33_(17888)_sardine_input_(1).jpeg,Good,Good,
774,2024-12-17_10_24_33_(17888)_sardine_input.jpeg,2024-12-17_10_24_33_(17888)_sardine_input_(2).jpeg,Good,Bad,Softness
775,2024-12-17_10_23_00_(17883)_sardine_input.jpeg,2024-12-17_10_23_00_(17883)_sardine_input_(1).jpeg,Good,Bad,Softness
776,2024-12-17_10_23_00_(17883)_sardine_input.jpeg,2024-12-17_10_23_00_(17883)_sardine_input_(2).jpeg,Good,Good,
777,2024-12-17_10_22_04_(17880)_sardine_input.jpeg,2024-12-17_10_22_04_(17880)_sardine_input_(1).jpeg,Good,Good,
778,2024-12-17_10_22_04_(17880)_sardine_input.jpeg,2024-12-17_10_22_04_(17880)_sardine_input_(2).jpeg,Good,Good,
779,2024-12-17_10_30_12_(17901)_sardine_input.jpeg,2024-12-17_10_30_12_(17901)_sardine_input_(1).jpeg,Good,Bad,Softness
780,2024-12-17_10_30_12_(17901)_sardine_input.jpeg,2024-12-17_10_30_12_(17901)_sardine_input_(2).jpeg,Good,Good,
781,2024-12-17_10_23_21_(17884)_sardine_input.jpeg,2024-12-17_10_23_21_(17884)_sardine_input_(1).jpeg,Good,Bad,Softness
782,2024-12-17_10_23_21_(17884)_sardine_input.jpeg,2024-12-17_10_23_21_(17884)_sardine_input_(2).jpeg,Good,Bad,Softness
783,2024-12-17_10_29_53_(17900)_sardine_input.jpeg,2024-12-17_10_29_53_(17900)_sardine_input_(1).jpeg,Good,Good,
784,2024-12-17_10_29_53_(17900)_sardine_input.jpeg,2024-12-17_10_29_53_(17900)_sardine_input_(2).jpeg,Good,Good,
785,2024-12-17_10_27_42_(17894)_sardine_input.jpeg,2024-12-17_10_27_42_(17894)_sardine_input_(1).jpeg,Good,Good,
786,2024-12-17_10_27_42_(17894)_sardine_input.jpeg,2024-12-17_10_27_42_(17894)_sardine_input_(2).jpeg,Good,Bad,Softness
787,2024-12-17_10_36_12_(17919)_sardine_input.jpeg,2024-12-17_10_36_12_(17919)_sardine_input_(1).jpeg,Good,Good,
788,2024-12-17_10_36_12_(17919)_sardine_input.jpeg,2024-12-17_10_36_12_(17919)_sardine_input_(2).jpeg,Good,Good,
789,2024-12-17_10_21_53_(17879)_sardine_input.jpeg,2024-12-17_10_21_53_(17879)_sardine_input_(1).jpeg,Good,Good,
790,2024-12-17_10_21_53_(17879)_sardine_input.jpeg,2024-12-17_10_21_53_(17879)_sardine_input_(2).jpeg,Good,Good,
791,2024-12-17_10_24_19_(17887)_sardine_input.jpeg,2024-12-17_10_24_19_(17887)_sardine_input_(1).jpeg,Good,Good,
792,2024-12-17_10_24_19_(17887)_sardine_input.jpeg,2024-12-17_10_24_19_(17887)_sardine_input_(2).jpeg,Good,Good,
793,2024-12-17_10_34_01_(17913)_sardine_input.jpeg,2024-12-17_10_34_01_(17913)_sardine_input_(1).jpeg,Good,Good,
794,2024-12-17_10_34_01_(17913)_sardine_input.jpeg,2024-12-17_10_34_01_(17913)_sardine_input_(2).jpeg,Good,Good,
795,2024-12-24_10_04_34_(18094)_sardine_input.jpeg,2024-12-24_10_04_34_(18094)_sardine_input_(1).jpeg,Good,Bad,Softness
796,2024-12-24_10_04_34_(18094)_sardine_input.jpeg,2024-12-24_10_04_34_(18094)_sardine_input_(2).jpeg,Good,Good,
797,2024-12-24_10_04_04_(18090)_sardine_input.jpeg,2024-12-24_10_04_04_(18090)_sardine_input_(1).jpeg,Good,Good,
798,2024-12-24_10_04_04_(18090)_sardine_input.jpeg,2024-12-24_10_04_04_(18090)_sardine_input_(2).jpeg,Good,Good,
799,2024-12-24_10_03_55_(18089)_sardine_input.jpeg,2024-12-24_10_03_55_(18089)_sardine_input_(1).jpeg,Good,Good,
800,2024-12-24_10_03_55_(18089)_sardine_input.jpeg,2024-12-24_10_03_55_(18089)_sardine_input_(2).jpeg,Good,Good,
801,2024-12-24_10_06_51_(18106)_sardine_input.jpeg,2024-12-24_10_06_51_(18106)_sardine_input_(1).jpeg,Good,Good,
802,2024-12-24_10_06_51_(18106)_sardine_input.jpeg,2024-12-24_10_06_51_(18106)_sardine_input_(2).jpeg,Good,Good,
803,2024-12-24_10_04_19_(18092)_sardine_input.jpeg,2024-12-24_10_04_19_(18092)_sardine_input_(1).jpeg,Good,Good,
804,2024-12-24_10_04_19_(18092)_sardine_input.jpeg,2024-12-24_10_04_19_(18092)_sardine_input_(2).jpeg,Good,Good,
805,2024-12-24_10_07_07_(18108)_sardine_input.jpeg,2024-12-24_10_07_07_(18108)_sardine_input_(1).jpeg,Good,Good,
806,2024-12-24_10_07_07_(18108)_sardine_input.jpeg,2024-12-24_10_07_07_(18108)_sardine_input_(2).jpeg,Good,Good,
807,2024-12-24_10_08_24_(18117)_sardine_input.jpeg,2024-12-24_10_08_24_(18117)_sardine_input_(1).jpeg,Good,Good,
808,2024-12-24_10_08_24_(18117)_sardine_input.jpeg,2024-12-24_10_08_24_(18117)_sardine_input_(2).jpeg,Good,Good,
809,2024-12-24_10_04_47_(18095)_sardine_input.jpeg,2024-12-24_10_04_47_(18095)_sardine_input_(1).jpeg,Good,Good,
810,2024-12-24_10_04_47_(18095)_sardine_input.jpeg,2024-12-24_10_04_47_(18095)_sardine_input_(2).jpeg,Good,Good,
811,2024-12-24_10_07_57_(18114)_sardine_input.jpeg,2024-12-24_10_07_57_(18114)_sardine_input_(1).jpeg,Good,Good,
812,2024-12-24_10_07_57_(18114)_sardine_input.jpeg,2024-12-24_10_07_57_(18114)_sardine_input_(2).jpeg,Good,Good,
813,2024-12-24_10_07_17_(18109)_sardine_input.jpeg,2024-12-24_10_07_17_(18109)_sardine_input_(1).jpeg,Good,Bad,Softness
814,2024-12-24_10_07_17_(18109)_sardine_input.jpeg,2024-12-24_10_07_17_(18109)_sardine_input_(2).jpeg,Good,Good,
815,2024-12-24_10_08_41_(18118)_sardine_input.jpeg,2024-12-24_10_08_41_(18118)_sardine_input_(1).jpeg,Good,Good,
816,2024-12-24_10_08_41_(18118)_sardine_input.jpeg,2024-12-24_10_08_41_(18118)_sardine_input_(2).jpeg,Good,Good,
817,2024-12-24_10_07_49_(18113)_sardine_input.jpeg,2024-12-24_10_07_49_(18113)_sardine_input_(1).jpeg,Good,Good,
818,2024-12-24_10_07_49_(18113)_sardine_input.jpeg,2024-12-24_10_07_49_(18113)_sardine_input_(2).jpeg,Good,Good,
819,2024-12-24_10_04_27_(18093)_sardine_input.jpeg,2024-12-24_10_04_27_(18093)_sardine_input_(1).jpeg,Good,Good,
820,2024-12-24_10_04_27_(18093)_sardine_input.jpeg,2024-12-24_10_04_27_(18093)_sardine_input_(2).jpeg,Good,Good,
821,2024-12-24_10_06_35_(18104)_sardine_input.jpeg,2024-12-24_10_06_35_(18104)_sardine_input_(1).jpeg,Good,Good,
822,2024-12-24_10_06_35_(18104)_sardine_input.jpeg,2024-12-24_10_06_35_(18104)_sardine_input_(2).jpeg,Good,Good,
823,2024-12-24_10_07_41_(18112)_sardine_input.jpeg,2024-12-24_10_07_41_(18112)_sardine_input_(1).jpeg,Good,Good,
824,2024-12-24_10_07_41_(18112)_sardine_input.jpeg,2024-12-24_10_07_41_(18112)_sardine_input_(2).jpeg,Good,Good,
825,2024-12-24_10_08_06_(18115)_sardine_input.jpeg,2024-12-24_10_08_06_(18115)_sardine_input_(1).jpeg,Good,Good,
826,2024-12-24_10_08_06_(18115)_sardine_input.jpeg,2024-12-24_10_08_06_(18115)_sardine_input_(2).jpeg,Good,Good,
827,2024-12-24_10_05_05_(18096)_sardine_input.jpeg,2024-12-24_10_05_05_(18096)_sardine_input_(1).jpeg,Good,Bad,Softness
828,2024-12-24_10_05_05_(18096)_sardine_input.jpeg,2024-12-24_10_05_05_(18096)_sardine_input_(2).jpeg,Good,Good,
829,2024-12-24_10_04_11_(18091)_sardine_input.jpeg,2024-12-24_10_04_11_(18091)_sardine_input_(1).jpeg,Good,Good,
830,2024-12-24_10_04_11_(18091)_sardine_input.jpeg,2024-12-24_10_04_11_(18091)_sardine_input_(2).jpeg,Good,Good,
831,2024-12-24_10_07_26_(18110)_sardine_input.jpeg,2024-12-24_10_07_26_(18110)_sardine_input_(1).jpeg,Good,Good,
832,2024-12-24_10_07_26_(18110)_sardine_input.jpeg,2024-12-24_10_07_26_(18110)_sardine_input_(2).jpeg,Good,Good,
833,2024-12-24_10_07_33_(18111)_sardine_input.jpeg,2024-12-24_10_07_33_(18111)_sardine_input_(1).jpeg,Good,Good,
834,2024-12-24_10_07_33_(18111)_sardine_input.jpeg,2024-12-24_10_07_33_(18111)_sardine_input_(2).jpeg,Good,Good,
835,2024-12-24_10_06_27_(18103)_sardine_input.jpeg,2024-12-24_10_06_27_(18103)_sardine_input_(1).jpeg,Good,Good,
836,2024-12-24_10_06_27_(18103)_sardine_input.jpeg,2024-12-24_10_06_27_(18103)_sardine_input_(2).jpeg,Good,Good,
837,2024-12-24_10_08_16_(18116)_sardine_input.jpeg,2024-12-24_10_08_16_(18116)_sardine_input_(1).jpeg,Good,Good,
838,2024-12-24_10_08_16_(18116)_sardine_input.jpeg,2024-12-24_10_08_16_(18116)_sardine_input_(2).jpeg,Good,Good,
839,2024-12-24_10_05_29_(18098)_sardine_input.jpeg,2024-12-24_10_05_29_(18098)_sardine_input_(1).jpeg,Good,Good,
840,2024-12-24_10_05_29_(18098)_sardine_input.jpeg,2024-12-24_10_05_29_(18098)_sardine_input_(2).jpeg,Good,Good,
841,2024-12-24_10_06_07_(18101)_sardine_input.jpeg,2024-12-24_10_06_07_(18101)_sardine_input_(1).jpeg,Good,Good,
842,2024-12-24_10_06_07_(18101)_sardine_input.jpeg,2024-12-24_10_06_07_(18101)_sardine_input_(2).jpeg,Good,Bad,Softness
843,2024-12-24_10_03_47_(18088)_sardine_input.jpeg,2024-12-24_10_03_47_(18088)_sardine_input_(1).jpeg,Good,Good,
844,2024-12-24_10_03_47_(18088)_sardine_input.jpeg,2024-12-24_10_03_47_(18088)_sardine_input_(2).jpeg,Good,Good,
845,2024-12-24_10_03_38_(18087)_sardine_input.jpeg,2024-12-24_10_03_38_(18087)_sardine_input_(1).jpeg,Good,Good,
846,2024-12-24_10_03_38_(18087)_sardine_input.jpeg,2024-12-24_10_03_38_(18087)_sardine_input_(2).jpeg,Good,Good,
847,2024-12-24_10_06_18_(18102)_sardine_input.jpeg,2024-12-24_10_06_18_(18102)_sardine_input_(1).jpeg,Good,Good,
848,2024-12-24_10_06_18_(18102)_sardine_input.jpeg,2024-12-24_10_06_18_(18102)_sardine_input_(2).jpeg,Good,Good,
849,2024-12-24_10_05_56_(18100)_sardine_input.jpeg,2024-12-24_10_05_56_(18100)_sardine_input_(1).jpeg,Good,Good,
850,2024-12-24_10_05_56_(18100)_sardine_input.jpeg,2024-12-24_10_05_56_(18100)_sardine_input_(2).jpeg,Good,Bad,Softness
851,2024-12-24_10_06_43_(18105)_sardine_input.jpeg,2024-12-24_10_06_43_(18105)_sardine_input_(1).jpeg,Good,Good,
852,2024-12-24_10_06_43_(18105)_sardine_input.jpeg,2024-12-24_10_06_43_(18105)_sardine_input_(2).jpeg,Good,Good,
853,2024-12-24_10_07_01_(18107)_sardine_input.jpeg,2024-12-24_10_07_01_(18107)_sardine_input_(1).jpeg,Good,Good,
854,2024-12-24_10_07_01_(18107)_sardine_input.jpeg,2024-12-24_10_07_01_(18107)_sardine_input_(2).jpeg,Good,Good,
855,2024-12-24_10_10_27_(18129)_sardine_input.jpeg,2024-12-24_10_10_27_(18129)_sardine_input_(1).jpeg,Bad,Good,
856,2024-12-24_10_10_27_(18129)_sardine_input.jpeg,2024-12-24_10_10_27_(18129)_sardine_input_(2).jpeg,Bad,Bad,Softness
857,2024-12-24_10_09_11_(18121)_sardine_input.jpeg,2024-12-24_10_09_11_(18121)_sardine_input_(1).jpeg,Bad,Bad,Softness
858,2024-12-24_10_09_11_(18121)_sardine_input.jpeg,2024-12-24_10_09_11_(18121)_sardine_input_(2).jpeg,Bad,Bad,Softness
859,2024-12-24_10_09_21_(18122)_sardine_input.jpeg,2024-12-24_10_09_21_(18122)_sardine_input_(1).jpeg,Bad,Bad,Softness
860,2024-12-24_10_09_21_(18122)_sardine_input.jpeg,2024-12-24_10_09_21_(18122)_sardine_input_(2).jpeg,Bad,Good,
861,2024-12-24_10_10_40_(18130)_sardine_input.jpeg,2024-12-24_10_10_40_(18130)_sardine_input_(1).jpeg,Bad,Bad,Damaged
862,2024-12-24_10_10_40_(18130)_sardine_input.jpeg,2024-12-24_10_10_40_(18130)_sardine_input_(2).jpeg,Bad,Good,
863,2024-12-24_10_10_08_(18127)_sardine_input.jpeg,2024-12-24_10_10_08_(18127)_sardine_input_(1).jpeg,Bad,Bad,Softness
864,2024-12-24_10_10_08_(18127)_sardine_input.jpeg,2024-12-24_10_10_08_(18127)_sardine_input_(2).jpeg,Bad,Good,
865,2024-12-24_10_10_16_(18128)_sardine_input.jpeg,2024-12-24_10_10_16_(18128)_sardine_input_(1).jpeg,Bad,Good,
866,2024-12-24_10_10_16_(18128)_sardine_input.jpeg,2024-12-24_10_10_16_(18128)_sardine_input_(2).jpeg,Bad,Bad,Softness
867,2024-12-24_10_09_03_(18120)_sardine_input.jpeg,2024-12-24_10_09_03_(18120)_sardine_input_(1).jpeg,Bad,Bad,Damaged
868,2024-12-24_10_09_03_(18120)_sardine_input.jpeg,2024-12-24_10_09_03_(18120)_sardine_input_(2).jpeg,Bad,Bad,Softness
869,2024-12-24_10_09_59_(18126)_sardine_input.jpeg,2024-12-24_10_09_59_(18126)_sardine_input_(1).jpeg,Bad,Good,
870,2024-12-24_10_09_59_(18126)_sardine_input.jpeg,2024-12-24_10_09_59_(18126)_sardine_input_(2).jpeg,Bad,Good,
871,2024-12-24_10_09_31_(18123)_sardine_input.jpeg,2024-12-24_10_09_31_(18123)_sardine_input_(1).jpeg,Bad,Good,
872,2024-12-24_10_09_31_(18123)_sardine_input.jpeg,2024-12-24_10_09_31_(18123)_sardine_input_(2).jpeg,Bad,Good,
873,2024-12-24_10_09_41_(18124)_sardine_input.jpeg,2024-12-24_10_09_41_(18124)_sardine_input_(1).jpeg,Bad,Good,
874,2024-12-24_10_09_41_(18124)_sardine_input.jpeg,2024-12-24_10_09_41_(18124)_sardine_input_(2).jpeg,Bad,Good,
875,2024-12-24_10_09_51_(18125)_sardine_input.jpeg,2024-12-24_10_09_51_(18125)_sardine_input_(1).jpeg,Bad,Good,
876,2024-12-24_10_09_51_(18125)_sardine_input.jpeg,2024-12-24_10_09_51_(18125)_sardine_input_(2).jpeg,Bad,Good,
877,2024-12-24_10_10_51_(18131)_sardine_input.jpeg,2024-12-24_10_10_51_(18131)_sardine_input_(1).jpeg,Bad,Good,
878,2024-12-24_10_10_51_(18131)_sardine_input.jpeg,2024-12-24_10_10_51_(18131)_sardine_input_(2).jpeg,Bad,Bad,Softness
879,2024-12-24_10_08_53_(18119)_sardine_input.jpeg,2024-12-24_10_08_53_(18119)_sardine_input_(1).jpeg,Bad,Bad,Softness
880,2024-12-24_10_08_53_(18119)_sardine_input.jpeg,2024-12-24_10_08_53_(18119)_sardine_input_(2).jpeg,Bad,Good,
881,2025-01-02_11_05_59_(18532)_sardine_input.jpeg,2025-01-02_11_05_59_(18532)_sardine_input_(1).jpeg,Bad,Bad,Softness
882,2025-01-02_11_05_59_(18532)_sardine_input.jpeg,2025-01-02_11_05_59_(18532)_sardine_input_(2).jpeg,Bad,Good,
883,2025-01-02_11_00_55_(18502)_sardine_input.jpeg,2025-01-02_11_00_55_(18502)_sardine_input_(1).jpeg,Bad,Bad,Softness
884,2025-01-02_11_00_55_(18502)_sardine_input.jpeg,2025-01-02_11_00_55_(18502)_sardine_input_(2).jpeg,Bad,Good,
885,2025-01-02_11_04_40_(18524)_sardine_input.jpeg,2025-01-02_11_04_40_(18524)_sardine_input_(1).jpeg,Bad,Bad,Softness
886,2025-01-02_11_04_40_(18524)_sardine_input.jpeg,2025-01-02_11_04_40_(18524)_sardine_input_(2).jpeg,Bad,Good,
887,2025-01-02_11_02_25_(18511)_sardine_input.jpeg,2025-01-02_11_02_25_(18511)_sardine_input_(1).jpeg,Bad,Bad,Softness
888,2025-01-02_11_02_25_(18511)_sardine_input.jpeg,2025-01-02_11_02_25_(18511)_sardine_input_(2).jpeg,Bad,Good,
889,2025-01-02_10_58_48_(18489)_sardine_input.jpeg,2025-01-02_10_58_48_(18489)_sardine_input_(1).jpeg,Bad,Bad,Softness
890,2025-01-02_10_58_48_(18489)_sardine_input.jpeg,2025-01-02_10_58_48_(18489)_sardine_input_(2).jpeg,Bad,Good,
891,2025-01-02_11_01_26_(18505)_sardine_input.jpeg,2025-01-02_11_01_26_(18505)_sardine_input_(1).jpeg,Bad,Good,
892,2025-01-02_11_01_26_(18505)_sardine_input.jpeg,2025-01-02_11_01_26_(18505)_sardine_input_(2).jpeg,Bad,Good,
893,2025-01-02_11_02_36_(18512)_sardine_input.jpeg,2025-01-02_11_02_36_(18512)_sardine_input_(1).jpeg,Bad,Bad,Softness
894,2025-01-02_11_02_36_(18512)_sardine_input.jpeg,2025-01-02_11_02_36_(18512)_sardine_input_(2).jpeg,Bad,Good,
895,2025-01-02_11_03_00_(18514)_sardine_input.jpeg,2025-01-02_11_03_00_(18514)_sardine_input_(1).jpeg,Bad,Good,
896,2025-01-02_11_03_00_(18514)_sardine_input.jpeg,2025-01-02_11_03_00_(18514)_sardine_input_(2).jpeg,Bad,Bad,Softness
897,2025-01-02_10_59_36_(18494)_sardine_input.jpeg,2025-01-02_10_59_36_(18494)_sardine_input_(1).jpeg,Good,Good,
898,2025-01-02_10_59_36_(18494)_sardine_input.jpeg,2025-01-02_10_59_36_(18494)_sardine_input_(2).jpeg,Good,Good,
899,2025-01-02_10_58_01_(18483)_sardine_input.jpeg,2025-01-02_10_58_01_(18483)_sardine_input_(1).jpeg,Good,Good,
900,2025-01-02_10_58_01_(18483)_sardine_input.jpeg,2025-01-02_10_58_01_(18483)_sardine_input_(2).jpeg,Good,Good,
901,2025-01-02_10_58_25_(18486)_sardine_input.jpeg,2025-01-02_10_58_25_(18486)_sardine_input_(1).jpeg,Good,Good,
902,2025-01-02_10_58_25_(18486)_sardine_input.jpeg,2025-01-02_10_58_25_(18486)_sardine_input_(2).jpeg,Good,Good,
903,2025-01-02_10_58_33_(18487)_sardine_input.jpeg,2025-01-02_10_58_33_(18487)_sardine_input_(1).jpeg,Good,Good,
904,2025-01-02_10_58_33_(18487)_sardine_input.jpeg,2025-01-02_10_58_33_(18487)_sardine_input_(2).jpeg,Good,Good,
905,2025-01-02_10_59_52_(18496)_sardine_input.jpeg,2025-01-02_10_59_52_(18496)_sardine_input_(1).jpeg,Good,Good,
906,2025-01-02_10_59_52_(18496)_sardine_input.jpeg,2025-01-02_10_59_52_(18496)_sardine_input_(2).jpeg,Good,Good,
907,2025-01-02_10_58_18_(18485)_sardine_input.jpeg,2025-01-02_10_58_18_(18485)_sardine_input_(1).jpeg,Good,Bad,Damaged
908,2025-01-02_10_58_18_(18485)_sardine_input.jpeg,2025-01-02_10_58_18_(18485)_sardine_input_(2).jpeg,Good,Bad,Damaged
909,2025-01-02_11_00_25_(18499)_sardine_input.jpeg,2025-01-02_11_00_25_(18499)_sardine_input_(1).jpeg,Good,Good,
910,2025-01-02_11_00_25_(18499)_sardine_input.jpeg,2025-01-02_11_00_25_(18499)_sardine_input_(2).jpeg,Good,Good,
911,2025-01-02_10_58_09_(18484)_sardine_input.jpeg,2025-01-02_10_58_09_(18484)_sardine_input_(1).jpeg,Good,Good,
912,2025-01-02_10_58_09_(18484)_sardine_input.jpeg,2025-01-02_10_58_09_(18484)_sardine_input_(2).jpeg,Good,Bad,Softness
913,2025-01-02_10_58_57_(18490)_sardine_input.jpeg,2025-01-02_10_58_57_(18490)_sardine_input_(1).jpeg,Good,Good,
914,2025-01-02_10_58_57_(18490)_sardine_input.jpeg,2025-01-02_10_58_57_(18490)_sardine_input_(2).jpeg,Good,Good,
915,2025-01-02_11_00_38_(18500)_sardine_input.jpeg,2025-01-02_11_00_38_(18500)_sardine_input_(1).jpeg,Good,Good,
916,2025-01-02_11_00_38_(18500)_sardine_input.jpeg,2025-01-02_11_00_38_(18500)_sardine_input_(2).jpeg,Good,Good,
917,2025-01-02_11_00_48_(18501)_sardine_input.jpeg,2025-01-02_11_00_48_(18501)_sardine_input_(1).jpeg,Good,Good,
918,2025-01-02_11_00_48_(18501)_sardine_input.jpeg,2025-01-02_11_00_48_(18501)_sardine_input_(2).jpeg,Good,Good,
919,2025-01-02_10_58_43_(18488)_sardine_input.jpeg,2025-01-02_10_58_43_(18488)_sardine_input_(1).jpeg,Good,Good,
920,2025-01-02_10_58_43_(18488)_sardine_input.jpeg,2025-01-02_10_58_43_(18488)_sardine_input_(2).jpeg,Good,Good,
921,2025-01-02_10_59_13_(18492)_sardine_input.jpeg,2025-01-02_10_59_13_(18492)_sardine_input_(1).jpeg,Good,Good,
922,2025-01-02_10_59_13_(18492)_sardine_input.jpeg,2025-01-02_10_59_13_(18492)_sardine_input_(2).jpeg,Good,Good,
923,2025-01-02_11_00_18_(18498)_sardine_input.jpeg,2025-01-02_11_00_18_(18498)_sardine_input_(1).jpeg,Good,Good,
924,2025-01-02_11_00_18_(18498)_sardine_input.jpeg,2025-01-02_11_00_18_(18498)_sardine_input_(2).jpeg,Good,Good,
925,2025-01-02_11_00_01_(18497)_sardine_input.jpeg,2025-01-02_11_00_01_(18497)_sardine_input_(1).jpeg,Good,Good,
926,2025-01-02_11_00_01_(18497)_sardine_input.jpeg,2025-01-02_11_00_01_(18497)_sardine_input_(2).jpeg,Good,Good,
927,2025-01-02_10_59_06_(18491)_sardine_input.jpeg,2025-01-02_10_59_06_(18491)_sardine_input_(1).jpeg,Good,Good,
928,2025-01-02_10_59_06_(18491)_sardine_input.jpeg,2025-01-02_10_59_06_(18491)_sardine_input_(2).jpeg,Good,Good,
929,2025-01-02_10_59_26_(18493)_sardine_input.jpeg,2025-01-02_10_59_26_(18493)_sardine_input_(1).jpeg,Good,Good,
930,2025-01-02_10_59_26_(18493)_sardine_input.jpeg,2025-01-02_10_59_26_(18493)_sardine_input_(2).jpeg,Good,Bad,Damaged
931,2025-01-02_10_57_48_(18482)_sardine_input.jpeg,2025-01-02_10_57_48_(18482)_sardine_input_(1).jpeg,Good,Good,
932,2025-01-02_10_57_48_(18482)_sardine_input.jpeg,2025-01-02_10_57_48_(18482)_sardine_input_(2).jpeg,Good,Good,
933,2025-01-02_11_01_36_(18506)_sardine_input.jpeg,2025-01-02_11_01_36_(18506)_sardine_input_(1).jpeg,Good,Good,
934,2025-01-02_11_01_36_(18506)_sardine_input.jpeg,2025-01-02_11_01_36_(18506)_sardine_input_(2).jpeg,Good,Good,
935,2025-01-02_11_05_31_(18529)_sardine_input.jpeg,2025-01-02_11_05_31_(18529)_sardine_input_(1).jpeg,Good,Bad,Softness
936,2025-01-02_11_05_31_(18529)_sardine_input.jpeg,2025-01-02_11_05_31_(18529)_sardine_input_(2).jpeg,Good,Good,
937,2025-01-02_11_05_22_(18528)_sardine_input.jpeg,2025-01-02_11_05_22_(18528)_sardine_input_(1).jpeg,Good,Good,
938,2025-01-02_11_05_22_(18528)_sardine_input.jpeg,2025-01-02_11_05_22_(18528)_sardine_input_(2).jpeg,Good,Bad,Damaged
939,2025-01-02_11_02_48_(18513)_sardine_input.jpeg,2025-01-02_11_02_48_(18513)_sardine_input_(1).jpeg,Good,Bad,Softness
940,2025-01-02_11_02_48_(18513)_sardine_input.jpeg,2025-01-02_11_02_48_(18513)_sardine_input_(2).jpeg,Good,Good,
941,2025-01-02_11_05_42_(18530)_sardine_input.jpeg,2025-01-02_11_05_42_(18530)_sardine_input_(1).jpeg,Good,Good,
942,2025-01-02_11_05_42_(18530)_sardine_input.jpeg,2025-01-02_11_05_42_(18530)_sardine_input_(2).jpeg,Good,Good,
943,2025-01-02_11_03_58_(18520)_sardine_input.jpeg,2025-01-02_11_03_58_(18520)_sardine_input_(1).jpeg,Good,Good,
944,2025-01-02_11_03_58_(18520)_sardine_input.jpeg,2025-01-02_11_03_58_(18520)_sardine_input_(2).jpeg,Good,Good,
945,2025-01-02_11_06_10_(18533)_sardine_input.jpeg,2025-01-02_11_06_10_(18533)_sardine_input_(1).jpeg,Good,Good,
946,2025-01-02_11_06_10_(18533)_sardine_input.jpeg,2025-01-02_11_06_10_(18533)_sardine_input_(2).jpeg,Good,Good,
947,2025-01-02_11_05_02_(18526)_sardine_input.jpeg,2025-01-02_11_05_02_(18526)_sardine_input_(1).jpeg,Good,Good,
948,2025-01-02_11_05_02_(18526)_sardine_input.jpeg,2025-01-02_11_05_02_(18526)_sardine_input_(2).jpeg,Good,Good,
949,2025-01-02_11_06_20_(18534)_sardine_input.jpeg,2025-01-02_11_06_20_(18534)_sardine_input_(1).jpeg,Good,Good,
950,2025-01-02_11_06_20_(18534)_sardine_input.jpeg,2025-01-02_11_06_20_(18534)_sardine_input_(2).jpeg,Good,Good,
951,2025-01-02_11_01_04_(18503)_sardine_input.jpeg,2025-01-02_11_01_04_(18503)_sardine_input_(1).jpeg,Good,Good,
952,2025-01-02_11_01_04_(18503)_sardine_input.jpeg,2025-01-02_11_01_04_(18503)_sardine_input_(2).jpeg,Good,Good,
953,2025-01-02_11_03_10_(18515)_sardine_input.jpeg,2025-01-02_11_03_10_(18515)_sardine_input_(1).jpeg,Good,Good,
954,2025-01-02_11_03_10_(18515)_sardine_input.jpeg,2025-01-02_11_03_10_(18515)_sardine_input_(2).jpeg,Good,Bad,Softness
955,2025-01-02_11_01_53_(18508)_sardine_input.jpeg,2025-01-02_11_01_53_(18508)_sardine_input_(1).jpeg,Good,Good,
956,2025-01-02_11_01_53_(18508)_sardine_input.jpeg,2025-01-02_11_01_53_(18508)_sardine_input_(2).jpeg,Good,Good,
957,2025-01-02_11_04_29_(18523)_sardine_input.jpeg,2025-01-02_11_04_29_(18523)_sardine_input_(1).jpeg,Good,Good,
958,2025-01-02_11_04_29_(18523)_sardine_input.jpeg,2025-01-02_11_04_29_(18523)_sardine_input_(2).jpeg,Good,Good,
959,2025-01-02_11_06_32_(18535)_sardine_input.jpeg,2025-01-02_11_06_32_(18535)_sardine_input_(1).jpeg,Good,Good,
960,2025-01-02_11_06_32_(18535)_sardine_input.jpeg,2025-01-02_11_06_32_(18535)_sardine_input_(2).jpeg,Good,Good,
961,2025-01-02_11_03_49_(18519)_sardine_input.jpeg,2025-01-02_11_03_49_(18519)_sardine_input_(1).jpeg,Good,Good,
962,2025-01-02_11_03_49_(18519)_sardine_input.jpeg,2025-01-02_11_03_49_(18519)_sardine_input_(2).jpeg,Good,Good,
963,2025-01-02_11_04_52_(18525)_sardine_input.jpeg,2025-01-02_11_04_52_(18525)_sardine_input_(1).jpeg,Good,Good,
964,2025-01-02_11_04_52_(18525)_sardine_input.jpeg,2025-01-02_11_04_52_(18525)_sardine_input_(2).jpeg,Good,Good,
965,2025-01-02_11_02_11_(18510)_sardine_input.jpeg,2025-01-02_11_02_11_(18510)_sardine_input_(1).jpeg,Good,Bad,Softness
966,2025-01-02_11_02_11_(18510)_sardine_input.jpeg,2025-01-02_11_02_11_(18510)_sardine_input_(2).jpeg,Good,Good,
967,2025-01-02_11_01_46_(18507)_sardine_input.jpeg,2025-01-02_11_01_46_(18507)_sardine_input_(1).jpeg,Good,Good,
968,2025-01-02_11_01_46_(18507)_sardine_input.jpeg,2025-01-02_11_01_46_(18507)_sardine_input_(2).jpeg,Good,Good,
969,2025-01-02_11_06_43_(18536)_sardine_input.jpeg,2025-01-02_11_06_43_(18536)_sardine_input_(1).jpeg,Good,Good,
970,2025-01-02_11_06_43_(18536)_sardine_input.jpeg,2025-01-02_11_06_43_(18536)_sardine_input_(2).jpeg,Good,Good,
971,2025-01-02_11_03_39_(18518)_sardine_input.jpeg,2025-01-02_11_03_39_(18518)_sardine_input_(1).jpeg,Good,Good,
972,2025-01-02_11_03_39_(18518)_sardine_input.jpeg,2025-01-02_11_03_39_(18518)_sardine_input_(2).jpeg,Good,Good,
973,2025-01-02_11_03_27_(18517)_sardine_input.jpeg,2025-01-02_11_03_27_(18517)_sardine_input_(1).jpeg,Good,Good,
974,2025-01-02_11_03_27_(18517)_sardine_input.jpeg,2025-01-02_11_03_27_(18517)_sardine_input_(2).jpeg,Good,Good,
975,2025-01-02_11_02_00_(18509)_sardine_input.jpeg,2025-01-02_11_02_00_(18509)_sardine_input_(1).jpeg,Good,Good,
976,2025-01-02_11_02_00_(18509)_sardine_input.jpeg,2025-01-02_11_02_00_(18509)_sardine_input_(2).jpeg,Good,Bad,Damaged
977,2025-01-02_11_01_13_(18504)_sardine_input.jpeg,2025-01-02_11_01_13_(18504)_sardine_input_(1).jpeg,Good,Good,
978,2025-01-02_11_01_13_(18504)_sardine_input.jpeg,2025-01-02_11_01_13_(18504)_sardine_input_(2).jpeg,Good,Good,
979,2025-01-02_11_03_21_(18516)_sardine_input.jpeg,2025-01-02_11_03_21_(18516)_sardine_input_(1).jpeg,Good,Good,
980,2025-01-02_11_03_21_(18516)_sardine_input.jpeg,2025-01-02_11_03_21_(18516)_sardine_input_(2).jpeg,Good,Good,
981,2025-01-02_11_05_50_(18531)_sardine_input.jpeg,2025-01-02_11_05_50_(18531)_sardine_input_(1).jpeg,Good,Good,
982,2025-01-02_11_05_50_(18531)_sardine_input.jpeg,2025-01-02_11_05_50_(18531)_sardine_input_(2).jpeg,Good,Good,
983,2025-01-02_11_05_10_(18527)_sardine_input.jpeg,2025-01-02_11_05_10_(18527)_sardine_input_(1).jpeg,Good,Good,
984,2025-01-02_11_05_10_(18527)_sardine_input.jpeg,2025-01-02_11_05_10_(18527)_sardine_input_(2).jpeg,Good,Good,
985,2025-01-02_11_04_11_(18521)_sardine_input.jpeg,2025-01-02_11_04_11_(18521)_sardine_input_(1).jpeg,Good,Good,
986,2025-01-02_11_04_11_(18521)_sardine_input.jpeg,2025-01-02_11_04_11_(18521)_sardine_input_(2).jpeg,Good,Good,
987,2025-01-02_11_04_19_(18522)_sardine_input.jpeg,2025-01-02_11_04_19_(18522)_sardine_input_(1).jpeg,Good,Good,
988,2025-01-02_11_04_19_(18522)_sardine_input.jpeg,2025-01-02_11_04_19_(18522)_sardine_input_(2).jpeg,Good,Good,
989,2024-12-10_10_44_03_(17812)_sardine_input.jpeg,2024-12-10_10_44_03_(17812)_sardine_input_(1).jpeg,Good,Good,
990,2024-12-10_10_44_03_(17812)_sardine_input.jpeg,2024-12-10_10_44_03_(17812)_sardine_input_(2).jpeg,Good,Bad,Softness
991,2024-12-10_10_36_59_(17777)_sardine_input.jpeg,2024-12-10_10_36_59_(17777)_sardine_input_(1).jpeg,Bad,Bad,Softness
992,2024-12-10_10_36_59_(17777)_sardine_input.jpeg,2024-12-10_10_36_59_(17777)_sardine_input_(2).jpeg,Bad,Good,
993,2024-12-10_10_35_46_(17772)_sardine_input.jpeg,2024-12-10_10_35_46_(17772)_sardine_input_(1).jpeg,Bad,Bad,Softness
994,2024-12-10_10_35_46_(17772)_sardine_input.jpeg,2024-12-10_10_35_46_(17772)_sardine_input_(2).jpeg,Bad,Bad,Softness
995,2024-12-10_10_37_21_(17779)_sardine_input.jpeg,2024-12-10_10_37_21_(17779)_sardine_input_(1).jpeg,Bad,Bad,Softness
996,2024-12-10_10_37_21_(17779)_sardine_input.jpeg,2024-12-10_10_37_21_(17779)_sardine_input_(2).jpeg,Bad,Bad,Softness
997,2024-12-10_10_36_15_(17774)_sardine_input.jpeg,2024-12-10_10_36_15_(17774)_sardine_input_(1).jpeg,Bad,Bad,Softness
998,2024-12-10_10_36_15_(17774)_sardine_input.jpeg,2024-12-10_10_36_15_(17774)_sardine_input_(2).jpeg,Bad,Good,
999,2024-12-10_10_34_03_(17764)_sardine_input.jpeg,2024-12-10_10_34_03_(17764)_sardine_input_(1).jpeg,Bad,Good,
1000,2024-12-10_10_34_03_(17764)_sardine_input.jpeg,2024-12-10_10_34_03_(17764)_sardine_input_(2).jpeg,Bad,Bad,Softness
1001,2024-12-10_10_34_49_(17768)_sardine_input.jpeg,2024-12-10_10_34_49_(17768)_sardine_input_(1).jpeg,Bad,Bad,Softness
1002,2024-12-10_10_34_49_(17768)_sardine_input.jpeg,2024-12-10_10_34_49_(17768)_sardine_input_(2).jpeg,Bad,Bad,Softness
1003,2024-12-10_10_36_31_(17775)_sardine_input.jpeg,2024-12-10_10_36_31_(17775)_sardine_input_(1).jpeg,Bad,Bad,Softness
1004,2024-12-10_10_36_31_(17775)_sardine_input.jpeg,2024-12-10_10_36_31_(17775)_sardine_input_(2).jpeg,Bad,Good,
1005,2024-12-10_10_35_25_(17771)_sardine_input.jpeg,2024-12-10_10_35_25_(17771)_sardine_input_(1).jpeg,Bad,Bad,Softness
1006,2024-12-10_10_35_25_(17771)_sardine_input.jpeg,2024-12-10_10_35_25_(17771)_sardine_input_(2).jpeg,Bad,Good,
1007,2024-12-10_10_34_27_(17766)_sardine_input.jpeg,2024-12-10_10_34_27_(17766)_sardine_input_(1).jpeg,Bad,Bad,Softness
1008,2024-12-10_10_34_27_(17766)_sardine_input.jpeg,2024-12-10_10_34_27_(17766)_sardine_input_(2).jpeg,Bad,Bad,Softness
1009,2024-12-10_10_34_36_(17767)_sardine_input.jpeg,2024-12-10_10_34_36_(17767)_sardine_input_(1).jpeg,Bad,Good,
1010,2024-12-10_10_34_36_(17767)_sardine_input.jpeg,2024-12-10_10_34_36_(17767)_sardine_input_(2).jpeg,Bad,Good,
1011,2024-12-10_10_35_58_(17773)_sardine_input.jpeg,2024-12-10_10_35_58_(17773)_sardine_input_(1).jpeg,Bad,Bad,Softness
1012,2024-12-10_10_35_58_(17773)_sardine_input.jpeg,2024-12-10_10_35_58_(17773)_sardine_input_(2).jpeg,Bad,Good,
1013,2024-12-10_10_35_15_(17770)_sardine_input.jpeg,2024-12-10_10_35_15_(17770)_sardine_input_(1).jpeg,Bad,Bad,Softness
1014,2024-12-10_10_35_15_(17770)_sardine_input.jpeg,2024-12-10_10_35_15_(17770)_sardine_input_(2).jpeg,Bad,Bad,Softness
1015,2024-12-10_10_37_09_(17778)_sardine_input.jpeg,2024-12-10_10_37_09_(17778)_sardine_input_(1).jpeg,Bad,Bad,Softness
1016,2024-12-10_10_37_09_(17778)_sardine_input.jpeg,2024-12-10_10_37_09_(17778)_sardine_input_(2).jpeg,Bad,Bad,Softness
1017,2024-12-10_10_35_00_(17769)_sardine_input.jpeg,2024-12-10_10_35_00_(17769)_sardine_input_(1).jpeg,Bad,Good,
1018,2024-12-10_10_35_00_(17769)_sardine_input.jpeg,2024-12-10_10_35_00_(17769)_sardine_input_(2).jpeg,Bad,Bad,Softness
1019,2024-12-10_10_34_14_(17765)_sardine_input.jpeg,2024-12-10_10_34_14_(17765)_sardine_input_(1).jpeg,Bad,Bad,Softness
1020,2024-12-10_10_34_14_(17765)_sardine_input.jpeg,2024-12-10_10_34_14_(17765)_sardine_input_(2).jpeg,Bad,Bad,Softness
1021,2024-12-10_10_36_44_(17776)_sardine_input.jpeg,2024-12-10_10_36_44_(17776)_sardine_input_(1).jpeg,Bad,Good,
1022,2024-12-10_10_36_44_(17776)_sardine_input.jpeg,2024-12-10_10_36_44_(17776)_sardine_input_(2).jpeg,Bad,Good,
1023,2024-12-10_10_40_59_(17796)_sardine_input.jpeg,2024-12-10_10_40_59_(17796)_sardine_input_(1).jpeg,Bad,Bad,Softness
1024,2024-12-10_10_40_59_(17796)_sardine_input.jpeg,2024-12-10_10_40_59_(17796)_sardine_input_(2).jpeg,Bad,Good,
1025,2024-12-10_10_41_23_(17798)_sardine_input.jpeg,2024-12-10_10_41_23_(17798)_sardine_input_(1).jpeg,Bad,Bad,Softness
1026,2024-12-10_10_41_23_(17798)_sardine_input.jpeg,2024-12-10_10_41_23_(17798)_sardine_input_(2).jpeg,Bad,Good,
1027,2024-12-10_10_43_32_(17809)_sardine_input.jpeg,2024-12-10_10_43_32_(17809)_sardine_input_(1).jpeg,Bad,Bad,Softness
1028,2024-12-10_10_43_32_(17809)_sardine_input.jpeg,2024-12-10_10_43_32_(17809)_sardine_input_(2).jpeg,Bad,Good,
1029,2024-12-10_10_42_58_(17806)_sardine_input.jpeg,2024-12-10_10_42_58_(17806)_sardine_input_(1).jpeg,Bad,Bad,Softness
1030,2024-12-10_10_42_58_(17806)_sardine_input.jpeg,2024-12-10_10_42_58_(17806)_sardine_input_(2).jpeg,Bad,Good,
1031,2024-12-10_10_37_58_(17781)_sardine_input.jpeg,2024-12-10_10_37_58_(17781)_sardine_input_(1).jpeg,Bad,Good,
1032,2024-12-10_10_37_58_(17781)_sardine_input.jpeg,2024-12-10_10_37_58_(17781)_sardine_input_(2).jpeg,Bad,Bad,Softness
1033,2024-12-10_10_43_50_(17811)_sardine_input.jpeg,2024-12-10_10_43_50_(17811)_sardine_input_(1).jpeg,Bad,Good,
1034,2024-12-10_10_43_50_(17811)_sardine_input.jpeg,2024-12-10_10_43_50_(17811)_sardine_input_(2).jpeg,Bad,Good,
1035,2024-12-10_10_43_41_(17810)_sardine_input.jpeg,2024-12-10_10_43_41_(17810)_sardine_input_(1).jpeg,Bad,Bad,Softness
1036,2024-12-10_10_43_41_(17810)_sardine_input.jpeg,2024-12-10_10_43_41_(17810)_sardine_input_(2).jpeg,Bad,Bad,Softness
1037,2024-12-10_10_41_57_(17801)_sardine_input.jpeg,2024-12-10_10_41_57_(17801)_sardine_input_(1).jpeg,Bad,Good,
1038,2024-12-10_10_41_57_(17801)_sardine_input.jpeg,2024-12-10_10_41_57_(17801)_sardine_input_(2).jpeg,Bad,Good,
1039,2024-12-10_10_42_20_(17803)_sardine_input.jpeg,2024-12-10_10_42_20_(17803)_sardine_input_(1).jpeg,Bad,Bad,Softness
1040,2024-12-10_10_42_20_(17803)_sardine_input.jpeg,2024-12-10_10_42_20_(17803)_sardine_input_(2).jpeg,Bad,Bad,Softness
1041,2024-12-10_10_41_35_(17799)_sardine_input.jpeg,2024-12-10_10_41_35_(17799)_sardine_input_(1).jpeg,Bad,Good,
1042,2024-12-10_10_41_35_(17799)_sardine_input.jpeg,2024-12-10_10_41_35_(17799)_sardine_input_(2).jpeg,Bad,Bad,Softness
1043,2024-12-10_10_40_36_(17794)_sardine_input.jpeg,2024-12-10_10_40_36_(17794)_sardine_input_(1).jpeg,Bad,Bad,Damaged
1044,2024-12-10_10_40_36_(17794)_sardine_input.jpeg,2024-12-10_10_40_36_(17794)_sardine_input_(2).jpeg,Bad,Bad,Softness
1045,2024-12-10_10_39_50_(17790)_sardine_input.jpeg,2024-12-10_10_39_50_(17790)_sardine_input_(1).jpeg,Bad,Good,
1046,2024-12-10_10_39_50_(17790)_sardine_input.jpeg,2024-12-10_10_39_50_(17790)_sardine_input_(2).jpeg,Bad,Bad,Softness
1047,2024-12-10_10_40_02_(17791)_sardine_input.jpeg,2024-12-10_10_40_02_(17791)_sardine_input_(1).jpeg,Bad,Bad,Softness
1048,2024-12-10_10_40_02_(17791)_sardine_input.jpeg,2024-12-10_10_40_02_(17791)_sardine_input_(2).jpeg,Bad,Bad,Softness
1049,2024-12-10_10_40_24_(17793)_sardine_input.jpeg,2024-12-10_10_40_24_(17793)_sardine_input_(1).jpeg,Bad,Good,
1050,2024-12-10_10_40_24_(17793)_sardine_input.jpeg,2024-12-10_10_40_24_(17793)_sardine_input_(2).jpeg,Bad,Bad,Softness
1051,2024-12-10_10_39_36_(17789)_sardine_input.jpeg,2024-12-10_10_39_36_(17789)_sardine_input_(1).jpeg,Bad,Good,
1052,2024-12-10_10_39_36_(17789)_sardine_input.jpeg,2024-12-10_10_39_36_(17789)_sardine_input_(2).jpeg,Bad,Good,
1053,2024-12-10_10_38_43_(17785)_sardine_input.jpeg,2024-12-10_10_38_43_(17785)_sardine_input_(1).jpeg,Bad,Good,
1054,2024-12-10_10_38_43_(17785)_sardine_input.jpeg,2024-12-10_10_38_43_(17785)_sardine_input_(2).jpeg,Bad,Bad,Softness
1055,2024-12-10_10_40_12_(17792)_sardine_input.jpeg,2024-12-10_10_40_12_(17792)_sardine_input_(1).jpeg,Bad,Good,
1056,2024-12-10_10_40_12_(17792)_sardine_input.jpeg,2024-12-10_10_40_12_(17792)_sardine_input_(2).jpeg,Bad,Good,
1057,2024-12-10_10_40_46_(17795)_sardine_input.jpeg,2024-12-10_10_40_46_(17795)_sardine_input_(1).jpeg,Bad,Good,
1058,2024-12-10_10_40_46_(17795)_sardine_input.jpeg,2024-12-10_10_40_46_(17795)_sardine_input_(2).jpeg,Bad,Bad,Softness
1059,2024-12-10_10_43_10_(17807)_sardine_input.jpeg,2024-12-10_10_43_10_(17807)_sardine_input_(1).jpeg,Bad,Bad,Softness
1060,2024-12-10_10_43_10_(17807)_sardine_input.jpeg,2024-12-10_10_43_10_(17807)_sardine_input_(2).jpeg,Bad,Good,
1061,2024-12-10_10_41_47_(17800)_sardine_input.jpeg,2024-12-10_10_41_47_(17800)_sardine_input_(1).jpeg,Bad,Bad,Softness
1062,2024-12-10_10_41_47_(17800)_sardine_input.jpeg,2024-12-10_10_41_47_(17800)_sardine_input_(2).jpeg,Bad,Bad,Softness
1063,2024-12-10_10_38_12_(17782)_sardine_input.jpeg,2024-12-10_10_38_12_(17782)_sardine_input_(1).jpeg,Bad,Bad,Softness
1064,2024-12-10_10_38_12_(17782)_sardine_input.jpeg,2024-12-10_10_38_12_(17782)_sardine_input_(2).jpeg,Bad,Bad,Softness
1065,2024-12-10_10_38_33_(17784)_sardine_input.jpeg,2024-12-10_10_38_33_(17784)_sardine_input_(1).jpeg,Bad,Bad,Softness
1066,2024-12-10_10_38_33_(17784)_sardine_input.jpeg,2024-12-10_10_38_33_(17784)_sardine_input_(2).jpeg,Bad,Bad,Softness
1067,2024-12-10_10_41_11_(17797)_sardine_input.jpeg,2024-12-10_10_41_11_(17797)_sardine_input_(1).jpeg,Bad,Bad,Softness
1068,2024-12-10_10_41_11_(17797)_sardine_input.jpeg,2024-12-10_10_41_11_(17797)_sardine_input_(2).jpeg,Bad,Bad,Softness
1069,2024-12-10_10_38_58_(17786)_sardine_input.jpeg,2024-12-10_10_38_58_(17786)_sardine_input_(1).jpeg,Bad,Bad,Softness
1070,2024-12-10_10_38_58_(17786)_sardine_input.jpeg,2024-12-10_10_38_58_(17786)_sardine_input_(2).jpeg,Bad,Good,
1071,2024-12-10_10_42_33_(17804)_sardine_input.jpeg,2024-12-10_10_42_33_(17804)_sardine_input_(1).jpeg,Bad,Good,
1072,2024-12-10_10_42_33_(17804)_sardine_input.jpeg,2024-12-10_10_42_33_(17804)_sardine_input_(2).jpeg,Bad,Bad,Softness
1073,2024-12-10_10_38_22_(17783)_sardine_input.jpeg,2024-12-10_10_38_22_(17783)_sardine_input_(1).jpeg,Bad,Bad,Softness
1074,2024-12-10_10_38_22_(17783)_sardine_input.jpeg,2024-12-10_10_38_22_(17783)_sardine_input_(2).jpeg,Bad,Bad,Softness
1075,2024-12-10_10_39_09_(17787)_sardine_input.jpeg,2024-12-10_10_39_09_(17787)_sardine_input_(1).jpeg,Bad,Bad,Softness
1076,2024-12-10_10_39_09_(17787)_sardine_input.jpeg,2024-12-10_10_39_09_(17787)_sardine_input_(2).jpeg,Bad,Good,
1077,2024-12-10_10_37_39_(17780)_sardine_input.jpeg,2024-12-10_10_37_39_(17780)_sardine_input_(1).jpeg,Bad,Bad,Softness
1078,2024-12-10_10_37_39_(17780)_sardine_input.jpeg,2024-12-10_10_37_39_(17780)_sardine_input_(2).jpeg,Bad,Bad,Softness
1079,2024-12-10_10_43_20_(17808)_sardine_input.jpeg,2024-12-10_10_43_20_(17808)_sardine_input_(1).jpeg,Bad,Bad,Softness
1080,2024-12-10_10_43_20_(17808)_sardine_input.jpeg,2024-12-10_10_43_20_(17808)_sardine_input_(2).jpeg,Bad,Bad,Softness
1081,2024-12-10_10_42_10_(17802)_sardine_input.jpeg,2024-12-10_10_42_10_(17802)_sardine_input_(1).jpeg,Bad,Good,
1082,2024-12-10_10_42_10_(17802)_sardine_input.jpeg,2024-12-10_10_42_10_(17802)_sardine_input_(2).jpeg,Bad,Bad,Softness
1083,2024-12-10_10_44_14_(17813)_sardine_input.jpeg,2024-12-10_10_44_14_(17813)_sardine_input_(1).jpeg,Bad,Bad,Softness
1084,2024-12-10_10_44_14_(17813)_sardine_input.jpeg,2024-12-10_10_44_14_(17813)_sardine_input_(2).jpeg,Bad,Bad,Softness
1085,2024-12-10_10_39_23_(17788)_sardine_input.jpeg,2024-12-10_10_39_23_(17788)_sardine_input_(1).jpeg,Bad,Good,
1086,2024-12-10_10_39_23_(17788)_sardine_input.jpeg,2024-12-10_10_39_23_(17788)_sardine_input_(2).jpeg,Bad,Bad,Softness
1087,2024-12-10_10_42_46_(17805)_sardine_input.jpeg,2024-12-10_10_42_46_(17805)_sardine_input_(1).jpeg,Bad,Bad,Softness
1088,2024-12-10_10_42_46_(17805)_sardine_input.jpeg,2024-12-10_10_42_46_(17805)_sardine_input_(2).jpeg,Bad,Bad,Softness
1089,2024-12-26_09_44_40_(18237)_sardine_input.jpeg,2024-12-26_09_44_40_(18237)_sardine_input_(1).jpeg,Bad,Bad,Softness
1090,2024-12-26_09_44_40_(18237)_sardine_input.jpeg,2024-12-26_09_44_40_(18237)_sardine_input_(2).jpeg,Bad,Bad,Softness
1091,2024-12-26_09_38_42_(18223)_sardine_input.jpeg,2024-12-26_09_38_42_(18223)_sardine_input_(1).jpeg,Bad,Bad,Softness
1092,2024-12-26_09_38_42_(18223)_sardine_input.jpeg,2024-12-26_09_38_42_(18223)_sardine_input_(2).jpeg,Bad,Bad,Softness
1093,2024-12-26_09_44_29_(18236)_sardine_input.jpeg,2024-12-26_09_44_29_(18236)_sardine_input_(1).jpeg,Bad,Bad,Softness
1094,2024-12-26_09_44_29_(18236)_sardine_input.jpeg,2024-12-26_09_44_29_(18236)_sardine_input_(2).jpeg,Bad,Bad,Softness
1095,2024-12-26_09_37_47_(18218)_sardine_input.jpeg,2024-12-26_09_37_47_(18218)_sardine_input_(1).jpeg,Bad,Bad,Softness
1096,2024-12-26_09_37_47_(18218)_sardine_input.jpeg,2024-12-26_09_37_47_(18218)_sardine_input_(2).jpeg,Bad,Bad,Softness
1097,2024-12-26_09_43_57_(18233)_sardine_input.jpeg,2024-12-26_09_43_57_(18233)_sardine_input_(1).jpeg,Bad,Good,
1098,2024-12-26_09_43_57_(18233)_sardine_input.jpeg,2024-12-26_09_43_57_(18233)_sardine_input_(2).jpeg,Bad,Bad,Softness
1099,2024-12-26_09_39_14_(18226)_sardine_input.jpeg,2024-12-26_09_39_14_(18226)_sardine_input_(1).jpeg,Bad,Bad,Damaged
1100,2024-12-26_09_39_14_(18226)_sardine_input.jpeg,2024-12-26_09_39_14_(18226)_sardine_input_(2).jpeg,Bad,Good,
1101,2024-12-26_09_36_33_(18212)_sardine_input.jpeg,2024-12-26_09_36_33_(18212)_sardine_input_(1).jpeg,Bad,Bad,Softness
1102,2024-12-26_09_36_33_(18212)_sardine_input.jpeg,2024-12-26_09_36_33_(18212)_sardine_input_(2).jpeg,Bad,Good,
1103,2024-12-26_09_37_05_(18215)_sardine_input.jpeg,2024-12-26_09_37_05_(18215)_sardine_input_(1).jpeg,Bad,Bad,Softness
1104,2024-12-26_09_37_05_(18215)_sardine_input.jpeg,2024-12-26_09_37_05_(18215)_sardine_input_(2).jpeg,Bad,Bad,Softness
1105,2024-12-26_09_45_13_(18240)_sardine_input.jpeg,2024-12-26_09_45_13_(18240)_sardine_input_(1).jpeg,Bad,Bad,Softness
1106,2024-12-26_09_45_13_(18240)_sardine_input.jpeg,2024-12-26_09_45_13_(18240)_sardine_input_(2).jpeg,Bad,Bad,Softness
1107,2024-12-26_09_37_16_(18216)_sardine_input.jpeg,2024-12-26_09_37_16_(18216)_sardine_input_(1).jpeg,Bad,Good,
1108,2024-12-26_09_37_16_(18216)_sardine_input.jpeg,2024-12-26_09_37_16_(18216)_sardine_input_(2).jpeg,Bad,Bad,Softness
1109,2024-12-26_09_39_03_(18225)_sardine_input.jpeg,2024-12-26_09_39_03_(18225)_sardine_input_(1).jpeg,Bad,Bad,Softness
1110,2024-12-26_09_39_03_(18225)_sardine_input.jpeg,2024-12-26_09_39_03_(18225)_sardine_input_(2).jpeg,Bad,Bad,Softness
1111,2024-12-26_09_39_35_(18228)_sardine_input.jpeg,2024-12-26_09_39_35_(18228)_sardine_input_(1).jpeg,Bad,Good,
1112,2024-12-26_09_39_35_(18228)_sardine_input.jpeg,2024-12-26_09_39_35_(18228)_sardine_input_(2).jpeg,Bad,Good,
1113,2024-12-26_09_36_55_(18214)_sardine_input.jpeg,2024-12-26_09_36_55_(18214)_sardine_input_(1).jpeg,Bad,Bad,Damaged
1114,2024-12-26_09_36_55_(18214)_sardine_input.jpeg,2024-12-26_09_36_55_(18214)_sardine_input_(2).jpeg,Bad,Good,
1115,2024-12-26_09_38_16_(18221)_sardine_input.jpeg,2024-12-26_09_38_16_(18221)_sardine_input_(1).jpeg,Bad,Bad,Softness
1116,2024-12-26_09_38_16_(18221)_sardine_input.jpeg,2024-12-26_09_38_16_(18221)_sardine_input_(2).jpeg,Bad,Bad,Softness
1117,2024-12-26_09_39_23_(18227)_sardine_input.jpeg,2024-12-26_09_39_23_(18227)_sardine_input_(1).jpeg,Bad,Bad,Softness
1118,2024-12-26_09_39_23_(18227)_sardine_input.jpeg,2024-12-26_09_39_23_(18227)_sardine_input_(2).jpeg,Bad,Good,
1119,2024-12-26_09_45_03_(18239)_sardine_input.jpeg,2024-12-26_09_45_03_(18239)_sardine_input_(1).jpeg,Bad,Bad,Softness
1120,2024-12-26_09_45_03_(18239)_sardine_input.jpeg,2024-12-26_09_45_03_(18239)_sardine_input_(2).jpeg,Bad,Bad,Softness
1121,2024-12-26_09_44_50_(18238)_sardine_input.jpeg,2024-12-26_09_44_50_(18238)_sardine_input_(1).jpeg,Bad,Bad,Softness
1122,2024-12-26_09_44_50_(18238)_sardine_input.jpeg,2024-12-26_09_44_50_(18238)_sardine_input_(2).jpeg,Bad,Good,
1123,2024-12-26_09_38_53_(18224)_sardine_input.jpeg,2024-12-26_09_38_53_(18224)_sardine_input_(1).jpeg,Bad,Good,
1124,2024-12-26_09_38_53_(18224)_sardine_input.jpeg,2024-12-26_09_38_53_(18224)_sardine_input_(2).jpeg,Bad,Bad,Softness
1125,2024-12-26_09_36_45_(18213)_sardine_input.jpeg,2024-12-26_09_36_45_(18213)_sardine_input_(1).jpeg,Bad,Good,
1126,2024-12-26_09_36_45_(18213)_sardine_input.jpeg,2024-12-26_09_36_45_(18213)_sardine_input_(2).jpeg,Bad,Good,
1127,2024-12-26_09_38_29_(18222)_sardine_input.jpeg,2024-12-26_09_38_29_(18222)_sardine_input_(1).jpeg,Bad,Good,
1128,2024-12-26_09_38_29_(18222)_sardine_input.jpeg,2024-12-26_09_38_29_(18222)_sardine_input_(2).jpeg,Bad,Good,
1129,2024-12-26_09_39_58_(18230)_sardine_input.jpeg,2024-12-26_09_39_58_(18230)_sardine_input_(1).jpeg,Bad,Good,
1130,2024-12-26_09_39_58_(18230)_sardine_input.jpeg,2024-12-26_09_39_58_(18230)_sardine_input_(2).jpeg,Bad,Bad,Softness
1131,2024-12-26_09_44_07_(18234)_sardine_input.jpeg,2024-12-26_09_44_07_(18234)_sardine_input_(1).jpeg,Bad,Bad,Softness
1132,2024-12-26_09_44_07_(18234)_sardine_input.jpeg,2024-12-26_09_44_07_(18234)_sardine_input_(2).jpeg,Bad,Bad,Softness
1133,2024-12-26_09_38_08_(18220)_sardine_input.jpeg,2024-12-26_09_38_08_(18220)_sardine_input_(1).jpeg,Bad,Bad,Softness
1134,2024-12-26_09_38_08_(18220)_sardine_input.jpeg,2024-12-26_09_38_08_(18220)_sardine_input_(2).jpeg,Bad,Bad,Softness
1135,2024-12-26_09_40_09_(18231)_sardine_input.jpeg,2024-12-26_09_40_09_(18231)_sardine_input_(1).jpeg,Bad,Good,
1136,2024-12-26_09_40_09_(18231)_sardine_input.jpeg,2024-12-26_09_40_09_(18231)_sardine_input_(2).jpeg,Bad,Good,
1137,2024-12-26_09_37_57_(18219)_sardine_input.jpeg,2024-12-26_09_37_57_(18219)_sardine_input_(1).jpeg,Bad,Bad,Softness
1138,2024-12-26_09_37_57_(18219)_sardine_input.jpeg,2024-12-26_09_37_57_(18219)_sardine_input_(2).jpeg,Bad,Good,
1139,2024-12-26_09_40_24_(18232)_sardine_input.jpeg,2024-12-26_09_40_24_(18232)_sardine_input_(1).jpeg,Bad,Bad,Softness
1140,2024-12-26_09_40_24_(18232)_sardine_input.jpeg,2024-12-26_09_40_24_(18232)_sardine_input_(2).jpeg,Bad,Bad,Softness
1141,2024-12-26_09_29_03_(18170)_sardine_input.jpeg,2024-12-26_09_29_03_(18170)_sardine_input_(1).jpeg,Good,Good,
1142,2024-12-26_09_29_03_(18170)_sardine_input.jpeg,2024-12-26_09_29_03_(18170)_sardine_input_(2).jpeg,Good,Good,
1143,2024-12-26_09_31_52_(18183)_sardine_input.jpeg,2024-12-26_09_31_52_(18183)_sardine_input_(1).jpeg,Good,Good,
1144,2024-12-26_09_31_52_(18183)_sardine_input.jpeg,2024-12-26_09_31_52_(18183)_sardine_input_(2).jpeg,Good,Good,
1145,2024-12-26_09_33_14_(18193)_sardine_input.jpeg,2024-12-26_09_33_14_(18193)_sardine_input_(1).jpeg,Good,Bad,Softness
1146,2024-12-26_09_33_14_(18193)_sardine_input.jpeg,2024-12-26_09_33_14_(18193)_sardine_input_(2).jpeg,Good,Good,
1147,2024-12-26_09_33_48_(18197)_sardine_input.jpeg,2024-12-26_09_33_48_(18197)_sardine_input_(1).jpeg,Good,Good,
1148,2024-12-26_09_33_48_(18197)_sardine_input.jpeg,2024-12-26_09_33_48_(18197)_sardine_input_(2).jpeg,Good,Bad,Softness
1149,2024-12-26_09_27_30_(18161)_sardine_input.jpeg,2024-12-26_09_27_30_(18161)_sardine_input_(1).jpeg,Good,Bad,Softness
1150,2024-12-26_09_27_30_(18161)_sardine_input.jpeg,2024-12-26_09_27_30_(18161)_sardine_input_(2).jpeg,Good,Good,
1151,2024-12-26_09_31_22_(18179)_sardine_input.jpeg,2024-12-26_09_31_22_(18179)_sardine_input_(1).jpeg,Good,Good,
1152,2024-12-26_09_31_22_(18179)_sardine_input.jpeg,2024-12-26_09_31_22_(18179)_sardine_input_(2).jpeg,Good,Good,
1153,2024-12-26_09_27_05_(18158)_sardine_input.jpeg,2024-12-26_09_27_05_(18158)_sardine_input_(1).jpeg,Good,Bad,Softness
1154,2024-12-26_09_27_05_(18158)_sardine_input.jpeg,2024-12-26_09_27_05_(18158)_sardine_input_(2).jpeg,Good,Good,
1155,2024-12-26_09_32_00_(18184)_sardine_input.jpeg,2024-12-26_09_32_00_(18184)_sardine_input_(1).jpeg,Good,Good,
1156,2024-12-26_09_32_00_(18184)_sardine_input.jpeg,2024-12-26_09_32_00_(18184)_sardine_input_(2).jpeg,Good,Good,
1157,2024-12-26_09_33_37_(18196)_sardine_input.jpeg,2024-12-26_09_33_37_(18196)_sardine_input_(1).jpeg,Good,Good,
1158,2024-12-26_09_33_37_(18196)_sardine_input.jpeg,2024-12-26_09_33_37_(18196)_sardine_input_(2).jpeg,Good,Good,
1159,2024-12-26_09_31_46_(18182)_sardine_input.jpeg,2024-12-26_09_31_46_(18182)_sardine_input_(1).jpeg,Good,Good,
1160,2024-12-26_09_31_46_(18182)_sardine_input.jpeg,2024-12-26_09_31_46_(18182)_sardine_input_(2).jpeg,Good,Good,
1161,2024-12-26_09_34_57_(18201)_sardine_input.jpeg,2024-12-26_09_34_57_(18201)_sardine_input_(1).jpeg,Good,Good,
1162,2024-12-26_09_34_57_(18201)_sardine_input.jpeg,2024-12-26_09_34_57_(18201)_sardine_input_(2).jpeg,Good,Good,
1163,2024-12-26_09_31_28_(18180)_sardine_input.jpeg,2024-12-26_09_31_28_(18180)_sardine_input_(1).jpeg,Good,Good,
1164,2024-12-26_09_31_28_(18180)_sardine_input.jpeg,2024-12-26_09_31_28_(18180)_sardine_input_(2).jpeg,Good,Good,
1165,2024-12-26_09_36_02_(18209)_sardine_input.jpeg,2024-12-26_09_36_02_(18209)_sardine_input_(1).jpeg,Good,Good,
1166,2024-12-26_09_36_02_(18209)_sardine_input.jpeg,2024-12-26_09_36_02_(18209)_sardine_input_(2).jpeg,Good,Good,
1167,2024-12-26_09_28_32_(18167)_sardine_input.jpeg,2024-12-26_09_28_32_(18167)_sardine_input_(1).jpeg,Good,Good,
1168,2024-12-26_09_28_32_(18167)_sardine_input.jpeg,2024-12-26_09_28_32_(18167)_sardine_input_(2).jpeg,Good,Good,
1169,2024-12-26_09_33_30_(18195)_sardine_input.jpeg,2024-12-26_09_33_30_(18195)_sardine_input_(1).jpeg,Good,Bad,Softness
1170,2024-12-26_09_33_30_(18195)_sardine_input.jpeg,2024-12-26_09_33_30_(18195)_sardine_input_(2).jpeg,Good,Good,
1171,2024-12-26_09_29_23_(18172)_sardine_input.jpeg,2024-12-26_09_29_23_(18172)_sardine_input_(1).jpeg,Good,Good,
1172,2024-12-26_09_29_23_(18172)_sardine_input.jpeg,2024-12-26_09_29_23_(18172)_sardine_input_(2).jpeg,Good,Bad,Softness
1173,2024-12-26_09_36_19_(18211)_sardine_input.jpeg,2024-12-26_09_36_19_(18211)_sardine_input_(1).jpeg,Good,Good,
1174,2024-12-26_09_36_19_(18211)_sardine_input.jpeg,2024-12-26_09_36_19_(18211)_sardine_input_(2).jpeg,Good,Good,
1175,2024-12-26_09_36_10_(18210)_sardine_input.jpeg,2024-12-26_09_36_10_(18210)_sardine_input_(1).jpeg,Good,Good,
1176,2024-12-26_09_36_10_(18210)_sardine_input.jpeg,2024-12-26_09_36_10_(18210)_sardine_input_(2).jpeg,Good,Good,
1177,2024-12-26_09_28_24_(18166)_sardine_input.jpeg,2024-12-26_09_28_24_(18166)_sardine_input_(1).jpeg,Good,Good,
1178,2024-12-26_09_28_24_(18166)_sardine_input.jpeg,2024-12-26_09_28_24_(18166)_sardine_input_(2).jpeg,Good,Good,
1179,2024-12-26_09_27_50_(18163)_sardine_input.jpeg,2024-12-26_09_27_50_(18163)_sardine_input_(1).jpeg,Good,Good,
1180,2024-12-26_09_27_50_(18163)_sardine_input.jpeg,2024-12-26_09_27_50_(18163)_sardine_input_(2).jpeg,Good,Good,
1181,2024-12-26_09_32_18_(18186)_sardine_input.jpeg,2024-12-26_09_32_18_(18186)_sardine_input_(1).jpeg,Good,Good,
1182,2024-12-26_09_32_18_(18186)_sardine_input.jpeg,2024-12-26_09_32_18_(18186)_sardine_input_(2).jpeg,Good,Good,
1183,2024-12-26_09_34_09_(18199)_sardine_input.jpeg,2024-12-26_09_34_09_(18199)_sardine_input_(1).jpeg,Good,Good,
1184,2024-12-26_09_34_09_(18199)_sardine_input.jpeg,2024-12-26_09_34_09_(18199)_sardine_input_(2).jpeg,Good,Good,
1185,2024-12-26_09_33_23_(18194)_sardine_input.jpeg,2024-12-26_09_33_23_(18194)_sardine_input_(1).jpeg,Good,Good,
1186,2024-12-26_09_33_23_(18194)_sardine_input.jpeg,2024-12-26_09_33_23_(18194)_sardine_input_(2).jpeg,Good,Good,
1187,2024-12-26_09_27_12_(18159)_sardine_input.jpeg,2024-12-26_09_27_12_(18159)_sardine_input_(1).jpeg,Good,Good,
1188,2024-12-26_09_27_12_(18159)_sardine_input.jpeg,2024-12-26_09_27_12_(18159)_sardine_input_(2).jpeg,Good,Good,
1189,2024-12-26_09_33_05_(18192)_sardine_input.jpeg,2024-12-26_09_33_05_(18192)_sardine_input_(1).jpeg,Good,Good,
1190,2024-12-26_09_33_05_(18192)_sardine_input.jpeg,2024-12-26_09_33_05_(18192)_sardine_input_(2).jpeg,Good,Bad,Softness
1191,2024-12-26_09_35_55_(18208)_sardine_input.jpeg,2024-12-26_09_35_55_(18208)_sardine_input_(1).jpeg,Good,Good,
1192,2024-12-26_09_35_55_(18208)_sardine_input.jpeg,2024-12-26_09_35_55_(18208)_sardine_input_(2).jpeg,Good,Good,
1193,2024-12-26_09_27_20_(18160)_sardine_input.jpeg,2024-12-26_09_27_20_(18160)_sardine_input_(1).jpeg,Good,Good,
1194,2024-12-26_09_27_20_(18160)_sardine_input.jpeg,2024-12-26_09_27_20_(18160)_sardine_input_(2).jpeg,Good,Good,
1195,2024-12-26_09_31_15_(18178)_sardine_input.jpeg,2024-12-26_09_31_15_(18178)_sardine_input_(1).jpeg,Good,Good,
1196,2024-12-26_09_31_15_(18178)_sardine_input.jpeg,2024-12-26_09_31_15_(18178)_sardine_input_(2).jpeg,Good,Good,
1197,2024-12-26_09_27_45_(18162)_sardine_input.jpeg,2024-12-26_09_27_45_(18162)_sardine_input_(1).jpeg,Good,Bad,Softness
1198,2024-12-26_09_27_45_(18162)_sardine_input.jpeg,2024-12-26_09_27_45_(18162)_sardine_input_(2).jpeg,Good,Good,
1199,2024-12-26_09_28_43_(18168)_sardine_input.jpeg,2024-12-26_09_28_43_(18168)_sardine_input_(1).jpeg,Good,Good,
1200,2024-12-26_09_28_43_(18168)_sardine_input.jpeg,2024-12-26_09_28_43_(18168)_sardine_input_(2).jpeg,Good,Good,
1201,2024-12-26_09_28_01_(18164)_sardine_input.jpeg,2024-12-26_09_28_01_(18164)_sardine_input_(1).jpeg,Good,Good,
1202,2024-12-26_09_28_01_(18164)_sardine_input.jpeg,2024-12-26_09_28_01_(18164)_sardine_input_(2).jpeg,Good,Good,
1203,2024-12-26_09_32_49_(18190)_sardine_input.jpeg,2024-12-26_09_32_49_(18190)_sardine_input_(1).jpeg,Good,Good,
1204,2024-12-26_09_32_49_(18190)_sardine_input.jpeg,2024-12-26_09_32_49_(18190)_sardine_input_(2).jpeg,Good,Good,
1205,2024-12-26_09_28_10_(18165)_sardine_input.jpeg,2024-12-26_09_28_10_(18165)_sardine_input_(1).jpeg,Good,Good,
1206,2024-12-26_09_28_10_(18165)_sardine_input.jpeg,2024-12-26_09_28_10_(18165)_sardine_input_(2).jpeg,Good,Good,
1207,2024-12-26_09_35_23_(18204)_sardine_input.jpeg,2024-12-26_09_35_23_(18204)_sardine_input_(1).jpeg,Good,Good,
1208,2024-12-26_09_35_23_(18204)_sardine_input.jpeg,2024-12-26_09_35_23_(18204)_sardine_input_(2).jpeg,Good,Good,
1209,2024-12-26_09_28_50_(18169)_sardine_input.jpeg,2024-12-26_09_28_50_(18169)_sardine_input_(1).jpeg,Good,Good,
1210,2024-12-26_09_28_50_(18169)_sardine_input.jpeg,2024-12-26_09_28_50_(18169)_sardine_input_(2).jpeg,Good,Good,
1211,2024-12-26_09_30_47_(18175)_sardine_input.jpeg,2024-12-26_09_30_47_(18175)_sardine_input_(1).jpeg,Good,Bad,Softness
1212,2024-12-26_09_30_47_(18175)_sardine_input.jpeg,2024-12-26_09_30_47_(18175)_sardine_input_(2).jpeg,Good,Good,
1213,2024-12-26_09_32_34_(18188)_sardine_input.jpeg,2024-12-26_09_32_34_(18188)_sardine_input_(1).jpeg,Good,Good,
1214,2024-12-26_09_32_34_(18188)_sardine_input.jpeg,2024-12-26_09_32_34_(18188)_sardine_input_(2).jpeg,Good,Good,
1215,2024-12-26_09_31_00_(18176)_sardine_input.jpeg,2024-12-26_09_31_00_(18176)_sardine_input_(1).jpeg,Good,Bad,Softness
1216,2024-12-26_09_31_00_(18176)_sardine_input.jpeg,2024-12-26_09_31_00_(18176)_sardine_input_(2).jpeg,Good,Good,
1217,2024-12-26_09_32_41_(18189)_sardine_input.jpeg,2024-12-26_09_32_41_(18189)_sardine_input_(1).jpeg,Good,Good,
1218,2024-12-26_09_32_41_(18189)_sardine_input.jpeg,2024-12-26_09_32_41_(18189)_sardine_input_(2).jpeg,Good,Good,
1219,2024-12-26_09_32_56_(18191)_sardine_input.jpeg,2024-12-26_09_32_56_(18191)_sardine_input_(1).jpeg,Good,Bad,Softness
1220,2024-12-26_09_32_56_(18191)_sardine_input.jpeg,2024-12-26_09_32_56_(18191)_sardine_input_(2).jpeg,Good,Bad,Softness
1221,2024-12-26_09_30_39_(18174)_sardine_input.jpeg,2024-12-26_09_30_39_(18174)_sardine_input_(1).jpeg,Good,Good,
1222,2024-12-26_09_30_39_(18174)_sardine_input.jpeg,2024-12-26_09_30_39_(18174)_sardine_input_(2).jpeg,Good,Good,
1223,2024-12-26_09_34_18_(18200)_sardine_input.jpeg,2024-12-26_09_34_18_(18200)_sardine_input_(1).jpeg,Good,Good,
1224,2024-12-26_09_34_18_(18200)_sardine_input.jpeg,2024-12-26_09_34_18_(18200)_sardine_input_(2).jpeg,Good,Good,
1225,2024-12-26_09_35_31_(18205)_sardine_input.jpeg,2024-12-26_09_35_31_(18205)_sardine_input_(1).jpeg,Good,Bad,Softness
1226,2024-12-26_09_35_31_(18205)_sardine_input.jpeg,2024-12-26_09_35_31_(18205)_sardine_input_(2).jpeg,Good,Good,
1227,2024-12-26_09_35_14_(18203)_sardine_input.jpeg,2024-12-26_09_35_14_(18203)_sardine_input_(1).jpeg,Good,Good,
1228,2024-12-26_09_35_14_(18203)_sardine_input.jpeg,2024-12-26_09_35_14_(18203)_sardine_input_(2).jpeg,Good,Good,
1229,2024-12-26_09_33_59_(18198)_sardine_input.jpeg,2024-12-26_09_33_59_(18198)_sardine_input_(1).jpeg,Good,Bad,Softness
1230,2024-12-26_09_33_59_(18198)_sardine_input.jpeg,2024-12-26_09_33_59_(18198)_sardine_input_(2).jpeg,Good,Bad,Softness
1231,2024-12-26_09_30_27_(18173)_sardine_input.jpeg,2024-12-26_09_30_27_(18173)_sardine_input_(1).jpeg,Good,Good,
1232,2024-12-26_09_30_27_(18173)_sardine_input.jpeg,2024-12-26_09_30_27_(18173)_sardine_input_(2).jpeg,Good,Bad,Softness
1233,2024-12-26_09_32_26_(18187)_sardine_input.jpeg,2024-12-26_09_32_26_(18187)_sardine_input_(1).jpeg,Good,Good,
1234,2024-12-26_09_32_26_(18187)_sardine_input.jpeg,2024-12-26_09_32_26_(18187)_sardine_input_(2).jpeg,Good,Bad,Softness
1235,2024-12-26_09_35_40_(18206)_sardine_input.jpeg,2024-12-26_09_35_40_(18206)_sardine_input_(1).jpeg,Good,Good,
1236,2024-12-26_09_35_40_(18206)_sardine_input.jpeg,2024-12-26_09_35_40_(18206)_sardine_input_(2).jpeg,Good,Good,
1237,2024-12-26_09_32_08_(18185)_sardine_input.jpeg,2024-12-26_09_32_08_(18185)_sardine_input_(1).jpeg,Good,Good,
1238,2024-12-26_09_32_08_(18185)_sardine_input.jpeg,2024-12-26_09_32_08_(18185)_sardine_input_(2).jpeg,Good,Bad,Softness
1239,2024-12-26_09_29_11_(18171)_sardine_input.jpeg,2024-12-26_09_29_11_(18171)_sardine_input_(1).jpeg,Good,Bad,Softness
1240,2024-12-26_09_29_11_(18171)_sardine_input.jpeg,2024-12-26_09_29_11_(18171)_sardine_input_(2).jpeg,Good,Good,
1241,2024-12-26_09_35_47_(18207)_sardine_input.jpeg,2024-12-26_09_35_47_(18207)_sardine_input_(1).jpeg,Good,Good,
1242,2024-12-26_09_35_47_(18207)_sardine_input.jpeg,2024-12-26_09_35_47_(18207)_sardine_input_(2).jpeg,Good,Good,
1243,2024-12-26_09_31_08_(18177)_sardine_input.jpeg,2024-12-26_09_31_08_(18177)_sardine_input_(1).jpeg,Good,Good,
1244,2024-12-26_09_31_08_(18177)_sardine_input.jpeg,2024-12-26_09_31_08_(18177)_sardine_input_(2).jpeg,Good,Good,
