FishHeight(cm),FishWidth(cm),FishDiagonal(cm),ScaleDiagonal(cm),ScaleWidth(cm),OnePixelValue,Circumference(cm),Area(cm),AspectRatio,DiagonalToHeightRatio,AreaRatio,SegmentedFilename,FishDetected,ScaleDetected
18.0,4.0,18.0,15.0,1.0,0.00648228176318064,45.0,43.0,0.2222222222222222,1.02588066139468,0.14273395833333333,20241203100124183_sardine_good_(0).png,yes,yes
17.0,5.0,18.0,15.0,1.0,0.00648228176318064,43.0,42.0,0.29411764705882354,1.041195771053591,0.1403801388888889,20241203100124183_sardine_good_(1).png,yes,yes
18.0,4.0,18.0,15.0,1.0,0.00727802037845706,45.0,46.0,0.2222222222222222,1.0242033077853974,0.12066041666666667,20241203100206812_sardine_good_(0).png,yes,yes
21.0,4.0,22.0,15.0,1.0,0.00727802037845706,53.0,57.0,0.19047619047619047,1.0208613728129206,0.1502198611111111,20241203100206812_sardine_good_(1).png,yes,yes
16.0,4.0,17.0,15.0,2.0,0.007052186177715092,41.0,37.0,0.25,1.0292001692763437,0.10441527777777777,20241203100249051_sardine_good_(0).png,yes,yes
17.0,4.0,18.0,15.0,2.0,0.007052186177715092,46.0,44.0,0.23529411764705882,1.0341310317771675,0.12479222222222222,20241203100249051_sardine_good_(1).png,yes,yes
17.0,3.0,18.0,15.0,1.0,0.006702412868632708,45.0,44.0,0.17647058823529413,1.024015009380863,0.1372229861111111,20241203100313254_sardine_good_(0).png,yes,yes
18.0,3.0,18.0,15.0,1.0,0.006702412868632708,46.0,44.0,0.16666666666666666,1.0192937750273026,0.13609645833333334,20241203100313254_sardine_good_(1).png,yes,yes
18.0,7.0,19.0,15.0,1.0,0.007194244604316547,47.0,43.0,0.3888888888888889,1.0894405043341213,0.11703722222222222,20241203100337605_sardine_good_(0).png,yes,yes
16.0,3.0,16.0,15.0,1.0,0.007194244604316547,38.0,37.0,0.1875,1.024944320712695,0.10115875,20241203100337605_sardine_good_(1).png,yes,yes
18.0,3.0,18.0,15.0,1.0,0.006934812760055479,46.0,45.0,0.16666666666666666,1.0224215246636772,0.13067583333333332,20241203100359727_sardine_good_(0).png,yes,yes
18.0,4.0,19.0,15.0,1.0,0.006934812760055479,46.0,45.0,0.2222222222222222,1.0230568984752697,0.13075791666666667,20241203100359727_sardine_good_(1).png,yes,yes
,,,,,,,,,,,20241203100420605_sardine_good.jpeg,yes,no
,,,,,,,,,,,20241203100658856_sardine_good.jpeg,yes,no
,,,,,,,,,,,20241203100732766_sardine_good.jpeg,yes,no
,,,,,,,,,,,20241203100747565_sardine_good.jpeg,yes,no
,,,,,,,,,,,20241203100810557_sardine_good.jpeg,yes,no
17.0,4.0,17.0,15.0,2.0,0.006909258406264394,42.0,38.0,0.23529411764705882,1.0309646685192537,0.11173395833333333,20241203100821720_sardine_good_(0).png,yes,yes
18.0,3.0,18.0,15.0,2.0,0.006909258406264394,44.0,41.0,0.16666666666666666,1.0215745647236942,0.12100520833333334,20241203100821720_sardine_good_(1).png,yes,yes
17.0,4.0,17.0,15.0,2.0,0.0070126227208976155,43.0,39.0,0.23529411764705882,1.0315406389001214,0.11275201388888889,20241203100855668_sardine_good_(0).png,yes,yes
18.0,3.0,19.0,15.0,2.0,0.0070126227208976155,47.0,45.0,0.16666666666666666,1.019051176690325,0.12890354166666668,20241203100855668_sardine_good_(1).png,yes,yes
16.0,4.0,17.0,15.0,3.0,0.007688364941055869,43.0,46.0,0.25,1.031717263253285,0.108339375,20241203100917741_sardine_good_(0).png,yes,yes
17.0,4.0,17.0,15.0,3.0,0.007688364941055869,41.0,42.0,0.23529411764705882,1.0301552106430156,0.09960159722222223,20241203100917741_sardine_good_(1).png,yes,yes
,,,,,,,,,,,20241203100926295_sardine_good.jpeg,yes,no
19.0,4.0,20.0,15.0,2.0,0.008955223880597015,46.0,52.0,0.21052631578947367,1.0279304029304028,0.09126631944444444,20241203100945909_sardine_good_(0).png,yes,yes
19.0,4.0,19.0,15.0,2.0,0.008955223880597015,48.0,55.0,0.21052631578947367,1.0302748020493713,0.09641958333333334,20241203100945909_sardine_good_(1).png,yes,yes
19.0,4.0,20.0,15.0,2.0,0.00865051903114187,48.0,57.0,0.21052631578947367,1.025054945054945,0.10681930555555555,20241203101243199_sardine_good_(0).png,yes,yes
19.0,5.0,20.0,15.0,2.0,0.00865051903114187,48.0,59.0,0.2631578947368421,1.0367713004484305,0.11081583333333334,20241203101243199_sardine_good_(1).png,yes,yes
15.0,5.0,16.0,15.0,1.0,0.006291946308724832,39.0,34.0,0.3333333333333333,1.05229793977813,0.12254680555555555,20241203101308900_sardine_good_(0).png,yes,yes
16.0,3.0,16.0,15.0,1.0,0.006291946308724832,40.0,37.0,0.1875,1.0286697247706422,0.13238416666666666,20241203101308900_sardine_good_(1).png,yes,yes
18.0,4.0,18.0,15.0,1.0,0.00723589001447178,45.0,42.0,0.2222222222222222,1.031150159744409,0.11190631944444444,20241203101342847_sardine_good_(0).png,yes,yes
18.0,3.0,18.0,15.0,1.0,0.00723589001447178,47.0,46.0,0.16666666666666666,1.0219006648416114,0.12408375,20241203101342847_sardine_good_(1).png,yes,yes
17.0,4.0,18.0,15.0,2.0,0.007422068283028204,43.0,47.0,0.23529411764705882,1.0268569030633654,0.12058875,20241203101352943_sardine_good_(0).png,yes,yes
18.0,4.0,18.0,15.0,2.0,0.007422068283028204,45.0,49.0,0.2222222222222222,1.0294711344368188,0.12391819444444445,20241203101352943_sardine_good_(1).png,yes,yes
18.0,3.0,19.0,15.0,2.0,0.007136060894386299,47.0,48.0,0.16666666666666666,1.0213822069492173,0.13184625,20241203101443976_sardine_good_(0).png,yes,yes
18.0,5.0,19.0,15.0,2.0,0.007136060894386299,46.0,39.0,0.2777777777777778,1.0361766945925361,0.10768756944444445,20241203101443976_sardine_good_(1).png,yes,yes
,,,,,,,,,,,20241203101509104_sardine_good.jpeg,yes,no
16.0,3.0,17.0,15.0,2.0,0.00706547338671691,40.0,37.0,0.1875,1.0277185501066097,0.10415548611111111,20241203101529773_sardine_good_(0).png,yes,yes
17.0,3.0,17.0,15.0,2.0,0.00706547338671691,43.0,42.0,0.17647058823529413,1.0210135970333745,0.11848791666666666,20241203101529773_sardine_good_(1).png,yes,yes
18.0,3.0,18.0,15.0,1.0,0.007772020725388601,42.0,44.0,0.16666666666666666,1.020680741059888,0.10266298611111112,20241203101542756_sardine_good_(0).png,yes,yes
19.0,6.0,20.0,15.0,1.0,0.007772020725388601,47.0,47.0,0.3157894736842105,1.0554880518428513,0.11006944444444444,20241203101542756_sardine_good_(1).png,yes,yes
17.0,4.0,18.0,15.0,1.0,0.006893382352941176,45.0,46.0,0.23529411764705882,1.0363355237727097,0.13631513888888888,20241207123834681_sardine_good_(0).png,yes,yes
17.0,4.0,18.0,15.0,1.0,0.006893382352941176,43.0,43.0,0.23529411764705882,1.0269005847953216,0.12612993055555555,20241207123834681_sardine_good_(1).png,yes,yes
,,,,,,,,,,,20241207123931656_sardine_good.jpeg,yes,no
16.0,3.0,16.0,15.0,1.0,0.0072254335260115606,40.0,40.0,0.1875,1.0222707423580786,0.10747111111111111,20241207123946036_sardine_good_(0).png,yes,yes
18.0,4.0,18.0,15.0,1.0,0.0072254335260115606,45.0,46.0,0.2222222222222222,1.0352,0.123656875,20241207123946036_sardine_good_(1).png,yes,yes
18.0,3.0,18.0,15.0,2.0,0.007170172084130019,43.0,44.0,0.16666666666666666,1.0194213238208483,0.12126618055555556,20241207123954064_sardine_good_(0).png,yes,yes
18.0,3.0,18.0,15.0,2.0,0.007170172084130019,42.0,41.0,0.16666666666666666,1.021420071400238,0.11156451388888888,20241207123954064_sardine_good_(1).png,yes,yes
17.0,4.0,17.0,15.0,1.0,0.007676560900716479,41.0,43.0,0.23529411764705882,1.0359550561797752,0.10220659722222222,20241207124013273_sardine_good_(0).png,yes,yes
17.0,4.0,17.0,15.0,1.0,0.007676560900716479,42.0,42.0,0.23529411764705882,1.027232142857143,0.100359375,20241207124013273_sardine_good_(1).png,yes,yes
17.0,4.0,17.0,15.0,1.0,0.007676560900716479,41.0,43.0,0.23529411764705882,1.0359550561797752,0.10220659722222222,20241207124025476_sardine_good_(0).png,yes,yes
17.0,4.0,17.0,15.0,1.0,0.007676560900716479,42.0,42.0,0.23529411764705882,1.027232142857143,0.100359375,20241207124025476_sardine_good_(1).png,yes,yes
16.0,3.0,16.0,15.0,2.0,0.006931608133086876,41.0,36.0,0.1875,1.0212765957446808,0.10662951388888889,20241212104349089_sardine_good_(0).png,yes,yes
17.0,3.0,17.0,15.0,2.0,0.006931608133086876,43.0,40.0,0.17647058823529413,1.025366627031312,0.11609791666666666,20241212104349089_sardine_good_(1).png,yes,yes
17.0,3.0,17.0,15.0,2.0,0.007302823758519961,45.0,42.0,0.17647058823529413,1.0227272727272727,0.11030736111111111,20241212104401681_sardine_good_(0).png,yes,yes
17.0,3.0,18.0,15.0,2.0,0.007302823758519961,45.0,40.0,0.17647058823529413,1.023073753605274,0.106460625,20241212104401681_sardine_good_(1).png,yes,yes
18.0,4.0,18.0,15.0,2.0,0.007874015748031496,46.0,42.0,0.2222222222222222,1.027538726333907,0.09518152777777777,20241212104432013_sardine_good_(0).png,yes,yes
18.0,4.0,19.0,15.0,2.0,0.007874015748031496,48.0,46.0,0.2222222222222222,1.0335171828595673,0.10342,20241212104432013_sardine_good_(1).png,yes,yes
18.0,3.0,18.0,15.0,2.0,0.007936507936507936,48.0,49.0,0.16666666666666666,1.0200426439232408,0.108569375,20241212104443880_sardine_good_(0).png,yes,yes
19.0,4.0,19.0,15.0,2.0,0.007936507936507936,48.0,49.0,0.21052631578947367,1.0288184438040346,0.11011923611111112,20241212104443880_sardine_good_(1).png,yes,yes
17.0,4.0,18.0,15.0,2.0,0.008201202843083653,46.0,45.0,0.23529411764705882,1.0295220243673853,0.092933125,20241212104500916_sardine_good_(0).png,yes,yes
18.0,4.0,18.0,15.0,2.0,0.008201202843083653,45.0,44.0,0.2222222222222222,1.0279783393501805,0.09089243055555556,20241212104500916_sardine_good_(1).png,yes,yes
16.0,4.0,17.0,15.0,2.0,0.008012820512820512,43.0,40.0,0.25,1.036104513064133,0.0874625,20241212104514134_sardine_good_(0).png,yes,yes
18.0,3.0,18.0,15.0,2.0,0.008012820512820512,47.0,47.0,0.16666666666666666,1.0208423795049935,0.10336125,20241212104514134_sardine_good_(1).png,yes,yes
18.0,4.0,18.0,15.0,2.0,0.0089179548156956,46.0,44.0,0.2222222222222222,1.0315994166261546,0.07738263888888888,20241212104524805_sardine_good_(0).png,yes,yes
16.0,4.0,17.0,15.0,2.0,0.0089179548156956,42.0,38.0,0.25,1.0300751879699248,0.06803631944444445,20241212104524805_sardine_good_(1).png,yes,yes
18.0,6.0,19.0,15.0,2.0,0.009566326530612245,45.0,40.0,0.3333333333333333,1.0607966457023061,0.061791875,20241212104540547_sardine_good_(0).png,yes,yes
15.0,3.0,15.0,15.0,2.0,0.009566326530612245,40.0,35.0,0.2,1.0306825297432687,0.053491111111111114,20241212104540547_sardine_good_(1).png,yes,yes
18.0,4.0,18.0,15.0,2.0,0.009191176470588236,45.0,46.0,0.2222222222222222,1.0260782347041124,0.07578597222222222,20241212104556878_sardine_good_(0).png,yes,yes
19.0,3.0,19.0,15.0,2.0,0.009191176470588236,47.0,48.0,0.15789473684210525,1.0191204588910134,0.07914819444444444,20241212104556878_sardine_good_(1).png,yes,yes
19.0,3.0,19.0,15.0,2.0,0.008586147681740127,47.0,48.0,0.15789473684210525,1.0216606498194947,0.09054958333333334,20241212104621516_sardine_good_(0).png,yes,yes
18.0,4.0,19.0,15.0,2.0,0.008586147681740127,50.0,49.0,0.2222222222222222,1.0280924331671952,0.09357916666666667,20241212104621516_sardine_good_(1).png,yes,yes
17.0,4.0,18.0,15.0,2.0,0.008736167734420501,41.0,41.0,0.23529411764705882,1.0377263581488934,0.07526875,20241212104634780_sardine_good_(0).png,yes,yes
18.0,4.0,19.0,15.0,2.0,0.008736167734420501,47.0,47.0,0.2222222222222222,1.0315985130111525,0.08717659722222222,20241212104634780_sardine_good_(1).png,yes,yes
17.0,3.0,17.0,15.0,3.0,0.010211027910142955,43.0,45.0,0.17647058823529413,1.0250145433391507,0.06111590277777778,20241212104715409_sardine_good_(0).png,yes,yes
17.0,4.0,17.0,15.0,3.0,0.010211027910142955,44.0,46.0,0.23529411764705882,1.0329411764705883,0.06198236111111111,20241212104715409_sardine_good_(1).png,yes,yes
17.0,3.0,17.0,15.0,3.0,0.010211027910142955,43.0,45.0,0.17647058823529413,1.0250145433391507,0.06111590277777778,20241212104717139_sardine_good_(0).png,yes,yes
17.0,4.0,17.0,15.0,3.0,0.010211027910142955,44.0,46.0,0.23529411764705882,1.0329411764705883,0.06198236111111111,20241212104717139_sardine_good_(1).png,yes,yes
17.0,3.0,17.0,15.0,3.0,0.010211027910142955,43.0,45.0,0.17647058823529413,1.0250145433391507,0.06111590277777778,20241212104718763_sardine_good_(0).png,yes,yes
17.0,4.0,17.0,15.0,3.0,0.010211027910142955,44.0,46.0,0.23529411764705882,1.0329411764705883,0.06198236111111111,20241212104718763_sardine_good_(1).png,yes,yes
17.0,3.0,17.0,15.0,3.0,0.010211027910142955,43.0,45.0,0.17647058823529413,1.0250145433391507,0.06111590277777778,20241212104721215_sardine_good_(0).png,yes,yes
17.0,4.0,17.0,15.0,3.0,0.010211027910142955,44.0,46.0,0.23529411764705882,1.0329411764705883,0.06198236111111111,20241212104721215_sardine_good_(1).png,yes,yes
19.0,5.0,20.0,15.0,2.0,0.00794912559618442,48.0,49.0,0.2631578947368421,1.0396039603960396,0.10883381944444444,20241212104734789_sardine_good_(0).png,yes,yes
19.0,3.0,20.0,15.0,2.0,0.00794912559618442,45.0,46.0,0.15789473684210525,1.0201369311316955,0.10321590277777777,20241212104734789_sardine_good_(1).png,yes,yes
18.0,4.0,19.0,15.0,2.0,0.008147745790331342,48.0,46.0,0.2222222222222222,1.030967741935484,0.09627534722222222,20241212104757150_sardine_good_(0).png,yes,yes
18.0,3.0,18.0,15.0,2.0,0.008147745790331342,45.0,42.0,0.16666666666666666,1.0172872340425532,0.08903159722222222,20241212104757150_sardine_good_(1).png,yes,yes
17.0,4.0,17.0,15.0,2.0,0.008237232289950576,44.0,41.0,0.23529411764705882,1.0316395014381592,0.08580673611111111,20241212104808503_sardine_good_(0).png,yes,yes
17.0,5.0,18.0,15.0,2.0,0.008237232289950576,44.0,41.0,0.29411764705882354,1.0439508506616257,0.08404958333333333,20241212104808503_sardine_good_(1).png,yes,yes
17.0,5.0,18.0,15.0,2.0,0.008896797153024912,43.0,43.0,0.29411764705882354,1.0526843953838434,0.07622881944444444,20241212104842631_sardine_good_(0).png,yes,yes
18.0,4.0,19.0,15.0,2.0,0.008896797153024912,46.0,45.0,0.2222222222222222,1.0246679316888045,0.07916979166666667,20241212104842631_sardine_good_(1).png,yes,yes
18.0,3.0,19.0,15.0,2.0,0.008645533141210375,46.0,49.0,0.16666666666666666,1.0222944728286112,0.09217354166666666,20241212104856326_sardine_good_(0).png,yes,yes
17.0,3.0,18.0,15.0,2.0,0.008645533141210375,44.0,47.0,0.17647058823529413,1.021665864227251,0.08799652777777778,20241212104856326_sardine_good_(1).png,yes,yes
16.0,3.0,16.0,15.0,2.0,0.008907363420427554,40.0,41.0,0.1875,1.0231307154384077,0.07247923611111111,20241212104922705_sardine_good_(0).png,yes,yes
16.0,5.0,17.0,15.0,2.0,0.008907363420427554,40.0,39.0,0.3125,1.0586622807017543,0.06951729166666666,20241212104922705_sardine_good_(1).png,yes,yes
17.0,4.0,18.0,15.0,2.0,0.008635578583765112,43.0,45.0,0.23529411764705882,1.0277237354085602,0.08402034722222222,20241212105014211_sardine_good_(0).png,yes,yes
17.0,4.0,17.0,15.0,2.0,0.008635578583765112,43.0,45.0,0.23529411764705882,1.0284147557328016,0.08485791666666667,20241212105014211_sardine_good_(1).png,yes,yes
17.0,4.0,17.0,15.0,2.0,0.00855188141391106,41.0,43.0,0.23529411764705882,1.0285573609059577,0.08177319444444445,20241212105047625_sardine_good_(0).png,yes,yes
18.0,3.0,19.0,15.0,2.0,0.00855188141391106,45.0,50.0,0.16666666666666666,1.021062271062271,0.09538118055555556,20241212105047625_sardine_good_(1).png,yes,yes
18.0,4.0,18.0,15.0,2.0,0.0089179548156956,46.0,49.0,0.2222222222222222,1.0267509727626458,0.08713291666666667,20241212105129009_sardine_good_(0).png,yes,yes
16.0,4.0,16.0,15.0,2.0,0.0089179548156956,40.0,40.0,0.25,1.032555615843733,0.07081520833333334,20241212105129009_sardine_good_(1).png,yes,yes
16.0,4.0,17.0,15.0,1.0,0.00832870627429206,42.0,39.0,0.25,1.0341077607513594,0.07809847222222223,20241217102113733_sardine_good_(0).png,yes,yes
16.0,4.0,17.0,15.0,1.0,0.00832870627429206,40.0,34.0,0.25,1.0344303797468355,0.06900340277777778,20241217102113733_sardine_good_(1).png,yes,yes
15.0,3.0,16.0,15.0,2.0,0.008269018743109152,40.0,35.0,0.2,1.0267295597484276,0.07216388888888889,20241217102143956_sardine_good_(0).png,yes,yes
17.0,4.0,18.0,15.0,2.0,0.008269018743109152,45.0,40.0,0.23529411764705882,1.0271764163979733,0.08133402777777778,20241217102143956_sardine_good_(1).png,yes,yes
15.0,3.0,16.0,15.0,2.0,0.008269018743109152,40.0,35.0,0.2,1.0267295597484276,0.07216388888888889,20241217102144543_sardine_good_(0).png,yes,yes
17.0,4.0,18.0,15.0,2.0,0.008269018743109152,45.0,40.0,0.23529411764705882,1.0271764163979733,0.08133402777777778,20241217102144543_sardine_good_(1).png,yes,yes
15.0,3.0,16.0,15.0,2.0,0.008269018743109152,40.0,35.0,0.2,1.0267295597484276,0.07216388888888889,20241217102148518_sardine_good_(0).png,yes,yes
17.0,4.0,18.0,15.0,2.0,0.008269018743109152,45.0,40.0,0.23529411764705882,1.0271764163979733,0.08133402777777778,20241217102148518_sardine_good_(1).png,yes,yes
16.0,3.0,16.0,15.0,2.0,0.007458975634012929,42.0,37.0,0.1875,1.024112829845314,0.09396284722222223,20241217102218186_sardine_good_(0).png,yes,yes
16.0,3.0,17.0,15.0,2.0,0.007458975634012929,42.0,36.0,0.1875,1.0199379707576428,0.09192840277777778,20241217102218186_sardine_good_(1).png,yes,yes
16.0,4.0,17.0,15.0,2.0,0.00792393026941363,41.0,40.0,0.25,1.0385700846660395,0.08907479166666667,20241217102237491_sardine_good_(0).png,yes,yes
18.0,4.0,18.0,15.0,2.0,0.00792393026941363,44.0,45.0,0.2222222222222222,1.0250439367311073,0.101211875,20241217102237491_sardine_good_(1).png,yes,yes
17.0,3.0,17.0,15.0,2.0,0.008165487207403375,43.0,39.0,0.17647058823529413,1.020446980504042,0.08285118055555556,20241217102303182_sardine_good_(0).png,yes,yes
18.0,4.0,18.0,15.0,2.0,0.008165487207403375,45.0,44.0,0.2222222222222222,1.029030817329165,0.09306645833333334,20241217102303182_sardine_good_(1).png,yes,yes
16.0,3.0,16.0,15.0,2.0,0.007932310946589107,41.0,35.0,0.1875,1.0281280310378274,0.0786375,20241217102317301_sardine_good_(0).png,yes,yes
17.0,3.0,17.0,15.0,2.0,0.007932310946589107,44.0,41.0,0.17647058823529413,1.0222727272727272,0.09270534722222222,20241217102317301_sardine_good_(1).png,yes,yes
16.0,4.0,16.0,15.0,1.0,0.007692307692307693,39.0,39.0,0.25,1.0340038314176245,0.09157451388888889,20241217102342113_sardine_good_(0).png,yes,yes
17.0,4.0,17.0,15.0,1.0,0.007692307692307693,42.0,40.0,0.23529411764705882,1.028850421660009,0.09617666666666666,20241217102342113_sardine_good_(1).png,yes,yes
17.0,3.0,17.0,15.0,2.0,0.008296460176991151,44.0,41.0,0.17647058823529413,1.0238210986874088,0.084498125,20241217102352930_sardine_good_(0).png,yes,yes
17.0,3.0,17.0,15.0,2.0,0.008296460176991151,45.0,41.0,0.17647058823529413,1.02284626368396,0.08354083333333333,20241217102352930_sardine_good_(1).png,yes,yes
16.0,4.0,16.0,15.0,1.0,0.007692307692307693,39.0,39.0,0.25,1.0340038314176245,0.09157451388888889,20241217102403235_sardine_good_(0).png,yes,yes
17.0,4.0,17.0,15.0,1.0,0.007692307692307693,42.0,40.0,0.23529411764705882,1.028850421660009,0.09617666666666666,20241217102403235_sardine_good_(1).png,yes,yes
17.0,4.0,18.0,15.0,2.0,0.007541478129713424,45.0,43.0,0.23529411764705882,1.0330788804071247,0.10589583333333333,20241217102414808_sardine_good_(0).png,yes,yes
17.0,3.0,17.0,15.0,2.0,0.007541478129713424,43.0,41.0,0.17647058823529413,1.0241016652059596,0.10153479166666667,20241217102414808_sardine_good_(1).png,yes,yes
17.0,4.0,17.0,15.0,2.0,0.008455467869222097,41.0,42.0,0.23529411764705882,1.0317617866004962,0.08212201388888889,20241217102427576_sardine_good_(0).png,yes,yes
17.0,4.0,18.0,15.0,2.0,0.008455467869222097,43.0,43.0,0.23529411764705882,1.027462121212121,0.08479472222222222,20241217102427576_sardine_good_(1).png,yes,yes
17.0,3.0,18.0,15.0,2.0,0.008465011286681716,43.0,46.0,0.17647058823529413,1.022488038277512,0.09046631944444444,20241217102502191_sardine_good_(0).png,yes,yes
18.0,4.0,19.0,15.0,2.0,0.008465011286681716,46.0,47.0,0.2222222222222222,1.0247191011235954,0.092689375,20241217102502191_sardine_good_(1).png,yes,yes
17.0,4.0,17.0,15.0,1.0,0.007621951219512195,43.0,42.0,0.23529411764705882,1.032487761459724,0.10058652777777778,20241217102604541_sardine_good_(0).png,yes,yes
18.0,4.0,19.0,15.0,1.0,0.007621951219512195,48.0,48.0,0.2222222222222222,1.0338436744560837,0.11663597222222222,20241217102604541_sardine_good_(1).png,yes,yes
18.0,4.0,18.0,15.0,2.0,0.008640552995391706,45.0,45.0,0.2222222222222222,1.0295660467334287,0.08375875,20241217102634656_sardine_good_(0).png,yes,yes
16.0,3.0,17.0,15.0,2.0,0.008640552995391706,43.0,45.0,0.1875,1.0229357798165137,0.08473465277777778,20241217102634656_sardine_good_(1).png,yes,yes
17.0,3.0,17.0,15.0,2.0,0.008130081300813009,43.0,46.0,0.17647058823529413,1.0246168137482583,0.0968675,20241217102655995_sardine_good_(0).png,yes,yes
17.0,4.0,18.0,15.0,2.0,0.008130081300813009,42.0,45.0,0.23529411764705882,1.0287934186471663,0.09597305555555556,20241217102655995_sardine_good_(1).png,yes,yes
17.0,3.0,17.0,15.0,2.0,0.008130081300813009,43.0,46.0,0.17647058823529413,1.0246168137482583,0.0968675,20241217102657158_sardine_good_(0).png,yes,yes
17.0,4.0,18.0,15.0,2.0,0.008130081300813009,42.0,45.0,0.23529411764705882,1.0287934186471663,0.09597305555555556,20241217102657158_sardine_good_(1).png,yes,yes
17.0,4.0,17.0,15.0,2.0,0.008310249307479225,43.0,43.0,0.23529411764705882,1.033220991815118,0.08677819444444444,20241217102708059_sardine_good_(0).png,yes,yes
18.0,3.0,18.0,15.0,2.0,0.008310249307479225,45.0,45.0,0.16666666666666666,1.0224820143884892,0.09109277777777777,20241217102708059_sardine_good_(1).png,yes,yes
17.0,4.0,18.0,15.0,2.0,0.00859106529209622,44.0,48.0,0.23529411764705882,1.02653159671973,0.09173215277777778,20241217102723416_sardine_good_(0).png,yes,yes
17.0,4.0,18.0,15.0,2.0,0.00859106529209622,43.0,44.0,0.23529411764705882,1.0265957446808511,0.08355944444444445,20241217102723416_sardine_good_(1).png,yes,yes
17.0,4.0,17.0,15.0,2.0,0.008165487207403375,41.0,45.0,0.23529411764705882,1.026615969581749,0.09460736111111111,20241217102745961_sardine_good_(0).png,yes,yes
18.0,4.0,18.0,15.0,2.0,0.008165487207403375,44.0,45.0,0.2222222222222222,1.0347943967464979,0.09478076388888888,20241217102745961_sardine_good_(1).png,yes,yes
17.0,4.0,17.0,15.0,2.0,0.008165487207403375,41.0,45.0,0.23529411764705882,1.026615969581749,0.09460736111111111,20241217102757590_sardine_good_(0).png,yes,yes
18.0,4.0,18.0,15.0,2.0,0.008165487207403375,44.0,45.0,0.2222222222222222,1.0347943967464979,0.09478076388888888,20241217102757590_sardine_good_(1).png,yes,yes
16.0,4.0,17.0,15.0,2.0,0.00821917808219178,42.0,43.0,0.25,1.0377906976744187,0.08977354166666666,20241217102834835_sardine_good_(0).png,yes,yes
17.0,4.0,17.0,15.0,2.0,0.00821917808219178,41.0,43.0,0.23529411764705882,1.0308880308880308,0.08954708333333333,20241217102834835_sardine_good_(1).png,yes,yes
17.0,3.0,18.0,15.0,1.0,0.007961783439490446,42.0,45.0,0.17647058823529413,1.0206370569762224,0.09912881944444445,20241217102914926_sardine_good_(0).png,yes,yes
17.0,4.0,18.0,15.0,1.0,0.007961783439490446,43.0,44.0,0.23529411764705882,1.032287403365166,0.09758826388888889,20241217102914926_sardine_good_(1).png,yes,yes
17.0,3.0,17.0,15.0,2.0,0.007970244420828906,43.0,44.0,0.17647058823529413,1.0199004975124377,0.09651916666666667,20241217102929334_sardine_good_(0).png,yes,yes
17.0,4.0,18.0,15.0,2.0,0.007970244420828906,43.0,45.0,0.23529411764705882,1.0382366171839856,0.09993416666666667,20241217102929334_sardine_good_(1).png,yes,yes
16.0,3.0,17.0,15.0,2.0,0.0079155672823219,42.0,41.0,0.1875,1.0196078431372548,0.09142680555555556,20241217102941744_sardine_good_(0).png,yes,yes
17.0,4.0,18.0,15.0,2.0,0.0079155672823219,44.0,48.0,0.23529411764705882,1.0255506607929517,0.10681666666666667,20241217102941744_sardine_good_(1).png,yes,yes
16.0,4.0,17.0,15.0,2.0,0.007944915254237288,41.0,43.0,0.25,1.0422336931018301,0.09663416666666666,20241217103025485_sardine_good_(0).png,yes,yes
17.0,3.0,18.0,15.0,2.0,0.007944915254237288,42.0,45.0,0.17647058823529413,1.023671281822242,0.09955138888888888,20241217103025485_sardine_good_(1).png,yes,yes
17.0,3.0,18.0,15.0,2.0,0.00927643784786642,43.0,45.0,0.17647058823529413,1.0198640878201777,0.07362729166666666,20241217103216725_sardine_good_(0).png,yes,yes
18.0,4.0,18.0,15.0,2.0,0.00927643784786642,44.0,47.0,0.2222222222222222,1.0303497942386832,0.0760948611111111,20241217103216725_sardine_good_(1).png,yes,yes
16.0,4.0,16.0,15.0,1.0,0.007903055848261328,40.0,39.0,0.25,1.0305825242718447,0.08682458333333333,20241217103233539_sardine_good_(0).png,yes,yes
16.0,4.0,17.0,15.0,1.0,0.007903055848261328,42.0,42.0,0.25,1.0286654135338347,0.09373805555555556,20241217103233539_sardine_good_(1).png,yes,yes
19.0,5.0,20.0,15.0,1.0,0.00725689404934688,48.0,46.0,0.2631578947368421,1.037037037037037,0.12346347222222222,20241217103402817_sardine_good_(0).png,yes,yes
18.0,4.0,18.0,15.0,1.0,0.00725689404934688,46.0,44.0,0.2222222222222222,1.02874251497006,0.11659854166666667,20241217103402817_sardine_good_(1).png,yes,yes
19.0,4.0,19.0,15.0,1.0,0.007444168734491315,46.0,47.0,0.21052631578947367,1.03027950310559,0.11801333333333333,20241217103432670_sardine_good_(0).png,yes,yes
17.0,3.0,18.0,15.0,1.0,0.007444168734491315,44.0,41.0,0.17647058823529413,1.0214736842105263,0.10453291666666667,20241217103432670_sardine_good_(1).png,yes,yes
17.0,4.0,18.0,15.0,1.0,0.007352941176470588,45.0,45.0,0.23529411764705882,1.0282093213409649,0.11604986111111111,20241217103527081_sardine_good_(0).png,yes,yes
18.0,4.0,19.0,15.0,1.0,0.007352941176470588,48.0,46.0,0.2222222222222222,1.0247446975648076,0.11925597222222223,20241217103527081_sardine_good_(1).png,yes,yes
16.0,4.0,17.0,15.0,1.0,0.007313505607020965,41.0,41.0,0.25,1.0287610619469028,0.10661298611111111,20241217103612027_sardine_good_(0).png,yes,yes
16.0,3.0,17.0,15.0,1.0,0.007313505607020965,43.0,45.0,0.1875,1.0241171403962102,0.11741055555555556,20241217103612027_sardine_good_(1).png,yes,yes
17.0,3.0,18.0,15.0,2.0,0.007015902712815715,44.0,42.0,0.17647058823529413,1.0249603803486529,0.11883833333333334,20241217103625352_sardine_good_(0).png,yes,yes
18.0,5.0,19.0,15.0,2.0,0.007015902712815715,45.0,45.0,0.2777777777777778,1.0361079437476244,0.1278351388888889,20241217103625352_sardine_good_(1).png,yes,yes
17.0,4.0,18.0,15.0,2.0,0.0078003120124804995,43.0,46.0,0.23529411764705882,1.027765726681128,0.10570152777777778,20241217103643068_sardine_good_(0).png,yes,yes
17.0,3.0,17.0,15.0,2.0,0.0078003120124804995,43.0,44.0,0.17647058823529413,1.022052205220522,0.10067263888888889,20241217103643068_sardine_good_(1).png,yes,yes
15.0,4.0,16.0,15.0,2.0,0.007035647279549718,37.0,34.0,0.26666666666666666,1.0494331065759637,0.09568194444444444,20241217103701680_sardine_good_(0).png,yes,yes
17.0,4.0,18.0,15.0,2.0,0.007035647279549718,44.0,39.0,0.23529411764705882,1.039887187751813,0.11173951388888889,20241217103701680_sardine_good_(1).png,yes,yes
18.0,4.0,19.0,15.0,2.0,0.007865757734661772,47.0,47.0,0.2222222222222222,1.0251361541684123,0.10612694444444444,20241217103714568_sardine_good_(0).png,yes,yes
19.0,4.0,19.0,15.0,2.0,0.007865757734661772,47.0,47.0,0.21052631578947367,1.0290745290745291,0.10708777777777778,20241217103714568_sardine_good_(1).png,yes,yes
16.0,4.0,17.0,15.0,2.0,0.007481296758104738,42.0,42.0,0.25,1.0323008849557522,0.1053232638888889,20241217103728426_sardine_good_(0).png,yes,yes
16.0,3.0,16.0,15.0,2.0,0.007481296758104738,40.0,39.0,0.1875,1.0233730522456461,0.09792354166666667,20241217103728426_sardine_good_(1).png,yes,yes
17.0,4.0,18.0,15.0,2.0,0.008361204013377926,43.0,45.0,0.23529411764705882,1.0315442561205272,0.09085368055555555,20241217103753297_sardine_good_(0).png,yes,yes
17.0,7.0,18.0,15.0,2.0,0.008361204013377926,43.0,42.0,0.4117647058823529,1.100292112950341,0.08381041666666667,20241217103753297_sardine_good_(1).png,yes,yes
18.0,5.0,19.0,15.0,2.0,0.007832898172323759,46.0,45.0,0.2777777777777778,1.0384615384615385,0.10306444444444444,20241217103804099_sardine_good_(0).png,yes,yes
18.0,4.0,18.0,15.0,2.0,0.007832898172323759,46.0,45.0,0.2222222222222222,1.024978466838932,0.10295631944444444,20241217103804099_sardine_good_(1).png,yes,yes
17.0,5.0,18.0,15.0,2.0,0.007649158592554819,45.0,42.0,0.29411764705882354,1.05019305019305,0.10187034722222223,20241217103816488_sardine_good_(0).png,yes,yes
19.0,5.0,20.0,15.0,2.0,0.007649158592554819,48.0,47.0,0.2631578947368421,1.0461232604373758,0.11391277777777778,20241217103816488_sardine_good_(1).png,yes,yes
16.0,4.0,16.0,15.0,2.0,0.007853403141361256,41.0,37.0,0.25,1.034934497816594,0.08364458333333333,20241217103834984_sardine_good_(0).png,yes,yes
16.0,4.0,17.0,15.0,2.0,0.007853403141361256,44.0,40.0,0.25,1.0391140433553252,0.09009861111111112,20241217103834984_sardine_good_(1).png,yes,yes
17.0,3.0,18.0,15.0,2.0,0.007625826131164209,44.0,47.0,0.17647058823529413,1.0235042735042734,0.11458125,20241217103859592_sardine_good_(0).png,yes,yes
17.0,4.0,17.0,15.0,2.0,0.007625826131164209,43.0,44.0,0.23529411764705882,1.0303978542691103,0.10655208333333334,20241217103859592_sardine_good_(1).png,yes,yes
17.0,3.0,18.0,15.0,2.0,0.007625826131164209,44.0,47.0,0.17647058823529413,1.0235042735042734,0.11458125,20241217103900374_sardine_good_(0).png,yes,yes
17.0,4.0,17.0,15.0,2.0,0.007625826131164209,43.0,44.0,0.23529411764705882,1.0303978542691103,0.10655208333333334,20241217103900374_sardine_good_(1).png,yes,yes
17.0,3.0,18.0,15.0,2.0,0.007625826131164209,44.0,47.0,0.17647058823529413,1.0235042735042734,0.11458125,20241217103901599_sardine_good_(0).png,yes,yes
17.0,4.0,17.0,15.0,2.0,0.007625826131164209,43.0,44.0,0.23529411764705882,1.0303978542691103,0.10655208333333334,20241217103901599_sardine_good_(1).png,yes,yes
17.0,4.0,17.0,15.0,1.0,0.007302823758519961,42.0,40.0,0.23529411764705882,1.030252100840336,0.10456215277777778,20241217103915965_sardine_good_(0).png,yes,yes
16.0,4.0,17.0,15.0,1.0,0.007302823758519961,40.0,40.0,0.25,1.038512035010941,0.10669208333333334,20241217103915965_sardine_good_(1).png,yes,yes
17.0,3.0,18.0,15.0,2.0,0.007816571130797291,43.0,46.0,0.17647058823529413,1.0215289982425309,0.10632513888888889,20241217103928700_sardine_good_(0).png,yes,yes
17.0,3.0,17.0,15.0,2.0,0.007816571130797291,44.0,44.0,0.17647058823529413,1.0227066303360581,0.1006801388888889,20241217103928700_sardine_good_(1).png,yes,yes
16.0,4.0,16.0,15.0,1.0,0.007009345794392523,39.0,35.0,0.25,1.0295629820051413,0.09936472222222222,20241217103951179_sardine_good_(0).png,yes,yes
18.0,4.0,18.0,15.0,1.0,0.007009345794392523,44.0,43.0,0.2222222222222222,1.0334630350194554,0.12234659722222223,20241217103951179_sardine_good_(1).png,yes,yes
18.0,3.0,18.0,15.0,2.0,0.0079155672823219,46.0,45.0,0.16666666666666666,1.020969855832241,0.10163916666666667,20241217104015352_sardine_good_(0).png,yes,yes
18.0,4.0,18.0,15.0,2.0,0.0079155672823219,46.0,48.0,0.2222222222222222,1.0317667536988686,0.1070032638888889,20241217104015352_sardine_good_(1).png,yes,yes
17.0,4.0,17.0,15.0,2.0,0.008,43.0,42.0,0.23529411764705882,1.0309754969949145,0.09216423611111112,20241217104038045_sardine_good_(0).png,yes,yes
18.0,7.0,19.0,15.0,2.0,0.008,45.0,45.0,0.3888888888888889,1.0872424375274004,0.099165,20241217104038045_sardine_good_(1).png,yes,yes
18.0,4.0,19.0,15.0,1.0,0.0076103500761035,46.0,44.0,0.2222222222222222,1.026639344262295,0.10750256944444445,20241217104100535_sardine_good_(0).png,yes,yes
16.0,4.0,17.0,15.0,1.0,0.0076103500761035,40.0,37.0,0.25,1.0351826792963463,0.09068090277777778,20241217104100535_sardine_good_(1).png,yes,yes
18.0,4.0,19.0,15.0,1.0,0.0076103500761035,46.0,44.0,0.2222222222222222,1.026639344262295,0.10750256944444445,20241217104101216_sardine_good_(0).png,yes,yes
16.0,4.0,17.0,15.0,1.0,0.0076103500761035,40.0,37.0,0.25,1.0351826792963463,0.09068090277777778,20241217104101216_sardine_good_(1).png,yes,yes
18.0,4.0,19.0,15.0,1.0,0.0076103500761035,46.0,44.0,0.2222222222222222,1.026639344262295,0.10750256944444445,20241217104102004_sardine_good_(0).png,yes,yes
16.0,4.0,17.0,15.0,1.0,0.0076103500761035,40.0,37.0,0.25,1.0351826792963463,0.09068090277777778,20241217104102004_sardine_good_(1).png,yes,yes
17.0,5.0,18.0,15.0,1.0,0.00778816199376947,45.0,40.0,0.29411764705882354,1.04162976085031,0.09161430555555555,20241217104118912_sardine_good_(0).png,yes,yes
17.0,3.0,17.0,15.0,1.0,0.00778816199376947,44.0,42.0,0.17647058823529413,1.0210008936550492,0.09840402777777778,20241217104118912_sardine_good_(1).png,yes,yes
18.0,4.0,18.0,15.0,2.0,0.007953340402969246,48.0,46.0,0.2222222222222222,1.0262365591397848,0.10249451388888889,20241217104137628_sardine_good_(0).png,yes,yes
18.0,3.0,18.0,15.0,2.0,0.007953340402969246,44.0,42.0,0.16666666666666666,1.017667844522968,0.09287798611111112,20241217104137628_sardine_good_(1).png,yes,yes
17.0,4.0,18.0,15.0,2.0,0.007447864945382324,43.0,44.0,0.23529411764705882,1.035953177257525,0.11230895833333333,20241217104154329_sardine_good_(0).png,yes,yes
16.0,4.0,16.0,15.0,2.0,0.007447864945382324,40.0,39.0,0.25,1.0321543408360128,0.09781041666666666,20241217104154329_sardine_good_(1).png,yes,yes
17.0,3.0,18.0,15.0,1.0,0.007425742574257425,44.0,42.0,0.17647058823529413,1.0221202003338898,0.10723520833333333,20241217104212961_sardine_good_(0).png,yes,yes
18.0,4.0,18.0,15.0,1.0,0.007425742574257425,46.0,47.0,0.2222222222222222,1.0251028806584361,0.11914048611111111,20241217104212961_sardine_good_(1).png,yes,yes
16.0,4.0,16.0,15.0,2.0,0.008379888268156424,40.0,41.0,0.25,1.0402061855670104,0.08254631944444445,20241217104232404_sardine_good_(0).png,yes,yes
16.0,3.0,16.0,15.0,2.0,0.008379888268156424,40.0,43.0,0.1875,1.0271794871794873,0.08534854166666667,20241217104232404_sardine_good_(1).png,yes,yes
16.0,4.0,17.0,15.0,2.0,0.007720020586721565,41.0,41.0,0.25,1.0438059349976447,0.09769020833333333,20241217104244738_sardine_good_(0).png,yes,yes
18.0,3.0,18.0,15.0,2.0,0.007720020586721565,45.0,46.0,0.16666666666666666,1.0207451312447078,0.10816798611111111,20241217104244738_sardine_good_(1).png,yes,yes
16.0,4.0,16.0,15.0,2.0,0.0071090047393364926,39.0,40.0,0.25,1.0313604240282686,0.11077256944444444,20241217104304249_sardine_good_(0).png,yes,yes
16.0,4.0,17.0,15.0,2.0,0.0071090047393364926,40.0,39.0,0.25,1.0331896551724138,0.108754375,20241217104304249_sardine_good_(1).png,yes,yes
16.0,3.0,16.0,15.0,2.0,0.0080042689434365,41.0,41.0,0.1875,1.0246062992125984,0.0895398611111111,20241217104313956_sardine_good_(0).png,yes,yes
18.0,4.0,19.0,15.0,2.0,0.0080042689434365,45.0,49.0,0.2222222222222222,1.0248606943849121,0.10806604166666667,20241217104313956_sardine_good_(1).png,yes,yes
16.0,4.0,17.0,15.0,2.0,0.007522567703109328,40.0,42.0,0.25,1.0337230215827338,0.10447395833333334,20241217104324798_sardine_good_(0).png,yes,yes
16.0,3.0,17.0,15.0,2.0,0.007522567703109328,42.0,41.0,0.1875,1.0232246538633318,0.10237576388888889,20241217104324798_sardine_good_(1).png,yes,yes
16.0,3.0,16.0,15.0,2.0,0.006993006993006993,41.0,36.0,0.1875,1.0268199233716475,0.10471631944444444,20241217104344787_sardine_good_(0).png,yes,yes
17.0,4.0,17.0,15.0,2.0,0.006993006993006993,44.0,38.0,0.23529411764705882,1.0296052631578947,0.10844798611111112,20241217104344787_sardine_good_(1).png,yes,yes
16.0,3.0,17.0,15.0,2.0,0.008068854222700376,41.0,41.0,0.1875,1.025012025012025,0.08753347222222223,20241217104409529_sardine_good_(0).png,yes,yes
16.0,3.0,17.0,15.0,2.0,0.008068854222700376,40.0,43.0,0.1875,1.0223490252020921,0.09312958333333334,20241217104409529_sardine_good_(1).png,yes,yes
17.0,4.0,17.0,15.0,1.0,0.007633587786259542,42.0,42.0,0.23529411764705882,1.034993270524899,0.10083798611111111,20241217104429344_sardine_good_(0).png,yes,yes
17.0,4.0,17.0,15.0,1.0,0.007633587786259542,40.0,43.0,0.23529411764705882,1.0325167037861915,0.10401402777777778,20241217104429344_sardine_good_(1).png,yes,yes
16.0,3.0,16.0,15.0,2.0,0.007455268389662028,40.0,38.0,0.1875,1.0212958767557772,0.09518208333333333,20241217104439634_sardine_good_(0).png,yes,yes
17.0,3.0,17.0,15.0,2.0,0.007455268389662028,40.0,41.0,0.17647058823529413,1.022667829119442,0.1037876388888889,20241217104439634_sardine_good_(1).png,yes,yes
16.0,4.0,17.0,15.0,2.0,0.007422068283028204,41.0,36.0,0.25,1.036016007114273,0.092221875,20241217104503094_sardine_good_(0).png,yes,yes
17.0,3.0,18.0,15.0,2.0,0.007422068283028204,44.0,43.0,0.17647058823529413,1.0219098801157502,0.10885652777777778,20241217104503094_sardine_good_(1).png,yes,yes
18.0,4.0,19.0,15.0,2.0,0.007928118393234672,48.0,50.0,0.2222222222222222,1.031328320802005,0.11061138888888888,20241217104529958_sardine_good_(0).png,yes,yes
18.0,4.0,19.0,15.0,2.0,0.007928118393234672,46.0,51.0,0.2222222222222222,1.0296450939457202,0.11299520833333333,20241217104529958_sardine_good_(1).png,yes,yes
17.0,4.0,17.0,15.0,2.0,0.007796257796257797,43.0,41.0,0.23529411764705882,1.0320512820512822,0.09458375,20241217104546428_sardine_good_(0).png,yes,yes
17.0,3.0,18.0,15.0,2.0,0.007796257796257797,44.0,42.0,0.17647058823529413,1.0212107821475918,0.09653104166666666,20241217104546428_sardine_good_(1).png,yes,yes
18.0,5.0,18.0,15.0,2.0,0.008064516129032258,47.0,46.0,0.2777777777777778,1.0384275618374559,0.09932166666666667,20241217104617821_sardine_good_(0).png,yes,yes
17.0,5.0,18.0,15.0,2.0,0.008064516129032258,42.0,42.0,0.29411764705882354,1.0403899721448469,0.09110847222222222,20241217104617821_sardine_good_(1).png,yes,yes
17.0,4.0,18.0,15.0,2.0,0.008134490238611713,45.0,41.0,0.23529411764705882,1.0397753860552177,0.08672944444444444,20241217104635309_sardine_good_(0).png,yes,yes
18.0,4.0,19.0,15.0,2.0,0.008134490238611713,46.0,44.0,0.2222222222222222,1.0350262697022767,0.09261368055555555,20241217104635309_sardine_good_(1).png,yes,yes
17.0,3.0,17.0,15.0,2.0,0.007267441860465116,42.0,40.0,0.17647058823529413,1.025192143467122,0.10561173611111112,20241217104728563_sardine_good_(0).png,yes,yes
18.0,4.0,18.0,15.0,2.0,0.007267441860465116,45.0,45.0,0.2222222222222222,1.0318598168060533,0.11960444444444444,20241217104728563_sardine_good_(1).png,yes,yes
20.0,4.0,20.0,15.0,2.0,0.008710801393728223,50.0,53.0,0.2,1.0275862068965518,0.09707444444444445,20241217104755454_sardine_good_(0).png,yes,yes
19.0,5.0,19.0,15.0,2.0,0.008710801393728223,48.0,50.0,0.2631578947368421,1.0385138196647032,0.09182965277777778,20241217104755454_sardine_good_(1).png,yes,yes
17.0,3.0,17.0,15.0,2.0,0.008319467554076539,44.0,41.0,0.17647058823529413,1.0202507232401157,0.08309041666666667,20241217104809500_sardine_good_(0).png,yes,yes
19.0,5.0,19.0,15.0,2.0,0.008319467554076539,48.0,47.0,0.2631578947368421,1.035402097902098,0.09628131944444444,20241217104809500_sardine_good_(1).png,yes,yes
19.0,4.0,19.0,15.0,2.0,0.007961783439490446,49.0,51.0,0.21052631578947367,1.0220768601798855,0.112454375,20241217104834450_sardine_good_(0).png,yes,yes
18.0,4.0,18.0,15.0,2.0,0.007961783439490446,47.0,46.0,0.2222222222222222,1.0267011197243756,0.10287833333333334,20241217104834450_sardine_good_(1).png,yes,yes
18.0,4.0,18.0,15.0,2.0,0.007716049382716049,46.0,45.0,0.2222222222222222,1.0298762270593256,0.10700555555555556,20241217104851031_sardine_good_(0).png,yes,yes
17.0,4.0,18.0,15.0,2.0,0.007716049382716049,45.0,44.0,0.23529411764705882,1.0306345733041575,0.10329076388888889,20241217104851031_sardine_good_(1).png,yes,yes
16.0,3.0,17.0,15.0,2.0,0.006915629322268326,43.0,40.0,0.1875,1.0270495214315438,0.11681875,20241217104905980_sardine_good_(0).png,yes,yes
17.0,4.0,17.0,15.0,2.0,0.006915629322268326,42.0,41.0,0.23529411764705882,1.0273809523809523,0.12088583333333333,20241217104905980_sardine_good_(1).png,yes,yes
18.0,3.0,18.0,15.0,2.0,0.007961783439490446,45.0,46.0,0.16666666666666666,1.0211571675302245,0.10269368055555556,20241217104955560_sardine_good_(0).png,yes,yes
19.0,3.0,19.0,15.0,2.0,0.007961783439490446,47.0,46.0,0.15789473684210525,1.0191029900332227,0.10234381944444444,20241217104955560_sardine_good_(1).png,yes,yes
17.0,3.0,18.0,15.0,2.0,0.007215007215007215,44.0,43.0,0.17647058823529413,1.0214748784440844,0.11624340277777778,20241217105015252_sardine_good_(0).png,yes,yes
17.0,4.0,17.0,15.0,2.0,0.007215007215007215,42.0,40.0,0.23529411764705882,1.0296610169491525,0.10680555555555556,20241217105015252_sardine_good_(1).png,yes,yes
18.0,4.0,19.0,15.0,2.0,0.007987220447284345,44.0,44.0,0.2222222222222222,1.0308747855917668,0.09759201388888888,20241217105031046_sardine_good_(0).png,yes,yes
18.0,4.0,19.0,15.0,2.0,0.007987220447284345,47.0,44.0,0.2222222222222222,1.029126213592233,0.09773868055555555,20241217105031046_sardine_good_(1).png,yes,yes
16.0,4.0,16.0,15.0,2.0,0.008138903960933261,40.0,40.0,0.25,1.0364635364635364,0.08536847222222223,20241217105041924_sardine_good_(0).png,yes,yes
16.0,5.0,17.0,15.0,2.0,0.008138903960933261,41.0,40.0,0.3125,1.048157248157248,0.085685625,20241217105041924_sardine_good_(1).png,yes,yes
17.0,4.0,17.0,15.0,1.0,0.007009345794392523,42.0,37.0,0.23529411764705882,1.0305623471882641,0.10646020833333333,20241217105122032_sardine_good_(0).png,yes,yes
18.0,4.0,18.0,15.0,1.0,0.007009345794392523,47.0,42.0,0.2222222222222222,1.0267993874425727,0.12136875,20241217105122032_sardine_good_(1).png,yes,yes
17.0,4.0,18.0,15.0,1.0,0.007503751875937969,42.0,43.0,0.23529411764705882,1.0386740331491713,0.10637180555555556,20241217105144411_sardine_good_(0).png,yes,yes
17.0,3.0,18.0,15.0,1.0,0.007503751875937969,44.0,46.0,0.17647058823529413,1.022138680033417,0.11348840277777777,20241217105144411_sardine_good_(1).png,yes,yes
16.0,3.0,16.0,15.0,1.0,0.0077002053388090345,40.0,36.0,0.1875,1.0283822138126775,0.08455819444444444,20241217105203078_sardine_good_(0).png,yes,yes
18.0,5.0,18.0,15.0,1.0,0.0077002053388090345,44.0,39.0,0.2777777777777778,1.0411889596602972,0.0924123611111111,20241217105203078_sardine_good_(1).png,yes,yes
16.0,3.0,17.0,15.0,2.0,0.007712082262210797,40.0,41.0,0.1875,1.02548656163114,0.095776875,20241217105234450_sardine_good_(0).png,yes,yes
17.0,4.0,18.0,15.0,2.0,0.007712082262210797,43.0,43.0,0.23529411764705882,1.0345285524568393,0.10265756944444444,20241217105234450_sardine_good_(1).png,yes,yes
16.0,3.0,16.0,15.0,2.0,0.007356547327121138,39.0,38.0,0.1875,1.0200455580865604,0.09890993055555555,20241217105304417_sardine_good_(0).png,yes,yes
16.0,4.0,16.0,15.0,2.0,0.007356547327121138,41.0,40.0,0.25,1.034153005464481,0.10323715277777777,20241217105304417_sardine_good_(1).png,yes,yes
19.0,5.0,19.0,15.0,2.0,0.008029978586723769,53.0,47.0,0.2631578947368421,1.0391743892165122,0.10315458333333333,20241217105316336_sardine_good_(0).png,yes,yes
18.0,3.0,19.0,15.0,2.0,0.008029978586723769,47.0,47.0,0.16666666666666666,1.020189003436426,0.10145958333333334,20241217105316336_sardine_good_(1).png,yes,yes
17.0,4.0,18.0,15.0,2.0,0.008090614886731391,44.0,48.0,0.23529411764705882,1.0260908681961314,0.10192423611111111,20241217105329654_sardine_good_(0).png,yes,yes
18.0,4.0,18.0,15.0,2.0,0.008090614886731391,45.0,48.0,0.2222222222222222,1.0249888442659527,0.10228798611111112,20241217105329654_sardine_good_(1).png,yes,yes
16.0,3.0,17.0,15.0,3.0,0.007928118393234672,40.0,39.0,0.1875,1.027220630372493,0.08787673611111112,20241217105349058_sardine_good_(0).png,yes,yes
17.0,4.0,18.0,15.0,3.0,0.007928118393234672,44.0,46.0,0.23529411764705882,1.0322291853178156,0.10298131944444444,20241217105349058_sardine_good_(1).png,yes,yes
16.0,4.0,16.0,15.0,2.0,0.00825082508250825,44.0,39.0,0.25,1.0404505888376856,0.08034347222222223,20241217105413703_sardine_good_(0).png,yes,yes
16.0,4.0,17.0,15.0,2.0,0.00825082508250825,42.0,40.0,0.25,1.0373464373464374,0.08302326388888889,20241217105413703_sardine_good_(1).png,yes,yes
16.0,4.0,16.0,15.0,2.0,0.00825082508250825,44.0,39.0,0.25,1.0404505888376856,0.08034347222222223,20241217105414612_sardine_good_(0).png,yes,yes
16.0,4.0,17.0,15.0,2.0,0.00825082508250825,42.0,40.0,0.25,1.0373464373464374,0.08302326388888889,20241217105414612_sardine_good_(1).png,yes,yes
16.0,4.0,16.0,15.0,2.0,0.00825082508250825,44.0,39.0,0.25,1.0404505888376856,0.08034347222222223,20241217105436136_sardine_good_(0).png,yes,yes
16.0,4.0,17.0,15.0,2.0,0.00825082508250825,42.0,40.0,0.25,1.0373464373464374,0.08302326388888889,20241217105436136_sardine_good_(1).png,yes,yes
20.0,4.0,21.0,15.0,2.0,0.00790722192936215,51.0,53.0,0.2,1.0208728652751422,0.11970958333333333,20241219095511970_sardine_good_(0).png,yes,yes
19.0,3.0,19.0,15.0,2.0,0.00790722192936215,46.0,48.0,0.15789473684210525,1.0198101527032604,0.10722069444444444,20241219095511970_sardine_good_(1).png,yes,yes
18.0,3.0,18.0,15.0,2.0,0.007832898172323759,43.0,47.0,0.16666666666666666,1.0217202432667245,0.10711638888888889,20241219095532662_sardine_good_(0).png,yes,yes
18.0,4.0,18.0,15.0,2.0,0.007832898172323759,45.0,47.0,0.2222222222222222,1.0340077486009471,0.10763673611111112,20241219095532662_sardine_good_(1).png,yes,yes
17.0,3.0,17.0,15.0,1.0,0.008130081300813009,42.0,46.0,0.17647058823529413,1.0256529850746268,0.09684430555555555,20241219095647049_sardine_good_(0).png,yes,yes
16.0,4.0,17.0,15.0,1.0,0.008130081300813009,41.0,41.0,0.25,1.038104543234001,0.08714395833333333,20241219095647049_sardine_good_(1).png,yes,yes
16.0,3.0,16.0,15.0,1.0,0.007720020586721565,40.0,39.0,0.1875,1.0223671947809878,0.09215131944444445,20241219095706202_sardine_good_(0).png,yes,yes
15.0,4.0,16.0,15.0,1.0,0.007720020586721565,38.0,36.0,0.26666666666666666,1.0324483775811208,0.08602291666666667,20241219095706202_sardine_good_(1).png,yes,yes
18.0,4.0,19.0,15.0,1.0,0.007692307692307693,48.0,48.0,0.2222222222222222,1.027606098063453,0.11326666666666667,20241219095726670_sardine_good_(0).png,yes,yes
17.0,4.0,18.0,15.0,1.0,0.007692307692307693,44.0,42.0,0.23529411764705882,1.0263157894736843,0.09898444444444444,20241219095726670_sardine_good_(1).png,yes,yes
18.0,4.0,19.0,15.0,1.0,0.007692307692307693,48.0,48.0,0.2222222222222222,1.027606098063453,0.11326666666666667,20241219095732942_sardine_good_(0).png,yes,yes
17.0,4.0,18.0,15.0,1.0,0.007692307692307693,44.0,42.0,0.23529411764705882,1.0263157894736843,0.09898444444444444,20241219095732942_sardine_good_(1).png,yes,yes
20.0,5.0,20.0,15.0,1.0,0.007961783439490446,51.0,54.0,0.25,1.0351500789889416,0.11859215277777778,20241219095746044_sardine_good_(0).png,yes,yes
18.0,4.0,18.0,15.0,1.0,0.007961783439490446,46.0,45.0,0.2222222222222222,1.0249125874125875,0.09879784722222222,20241219095746044_sardine_good_(1).png,yes,yes
17.0,4.0,18.0,15.0,2.0,0.008828722778104767,44.0,46.0,0.23529411764705882,1.0272277227722773,0.08295402777777777,20241219095803670_sardine_good_(0).png,yes,yes
16.0,4.0,17.0,15.0,2.0,0.008828722778104767,40.0,38.0,0.25,1.0304,0.06934305555555556,20241219095803670_sardine_good_(1).png,yes,yes
18.0,5.0,19.0,15.0,1.0,0.00825082508250825,45.0,44.0,0.2777777777777778,1.0529438612505706,0.0909061111111111,20241219095820209_sardine_good_(0).png,yes,yes
18.0,3.0,18.0,15.0,1.0,0.00825082508250825,44.0,42.0,0.16666666666666666,1.021917808219178,0.08706375,20241219095820209_sardine_good_(1).png,yes,yes
18.0,4.0,19.0,15.0,1.0,0.008103727714748784,46.0,46.0,0.2222222222222222,1.0285087719298245,0.098693125,20241219095827556_sardine_good_(0).png,yes,yes
18.0,3.0,19.0,15.0,1.0,0.008103727714748784,46.0,51.0,0.16666666666666666,1.0218978102189782,0.10819673611111111,20241219095827556_sardine_good_(1).png,yes,yes
17.0,4.0,17.0,15.0,1.0,0.00800854244527496,43.0,44.0,0.23529411764705882,1.0307979468035464,0.09673659722222222,20241219095842294_sardine_good_(0).png,yes,yes
17.0,3.0,17.0,15.0,1.0,0.00800854244527496,41.0,36.0,0.17647058823529413,1.0167130919220055,0.0800925,20241219095842294_sardine_good_(1).png,yes,yes
17.0,3.0,17.0,15.0,2.0,0.008731082654249126,43.0,44.0,0.17647058823529413,1.0250375563345018,0.08161611111111111,20241219095851843_sardine_good_(0).png,yes,yes
15.0,3.0,16.0,15.0,2.0,0.008731082654249126,39.0,38.0,0.2,1.0246981339187706,0.06961340277777778,20241219095851843_sardine_good_(1).png,yes,yes
16.0,3.0,16.0,15.0,1.0,0.0075,41.0,39.0,0.1875,1.0263636363636364,0.09865444444444445,20241219095902811_sardine_good_(0).png,yes,yes
16.0,3.0,16.0,15.0,1.0,0.0075,40.0,38.0,0.1875,1.0278551532033426,0.09567944444444444,20241219095902811_sardine_good_(1).png,yes,yes
17.0,5.0,18.0,15.0,2.0,0.009014423076923076,44.0,44.0,0.29411764705882354,1.0393057682491067,0.07676979166666667,20241219095911539_sardine_good_(0).png,yes,yes
16.0,3.0,17.0,15.0,2.0,0.009014423076923076,43.0,44.0,0.1875,1.0246648793565685,0.0759970138888889,20241219095911539_sardine_good_(1).png,yes,yes
18.0,4.0,19.0,15.0,2.0,0.008517887563884156,46.0,51.0,0.2222222222222222,1.024567788898999,0.09797583333333333,20241219095957817_sardine_good_(0).png,yes,yes
17.0,4.0,18.0,15.0,2.0,0.008517887563884156,44.0,49.0,0.23529411764705882,1.031853281853282,0.09411381944444444,20241219095957817_sardine_good_(1).png,yes,yes
16.0,3.0,17.0,15.0,1.0,0.007470119521912351,41.0,42.0,0.1875,1.0249221183800623,0.10453993055555555,20241219100006222_sardine_good_(0).png,yes,yes
18.0,3.0,18.0,15.0,1.0,0.007470119521912351,45.0,47.0,0.16666666666666666,1.0188755020080322,0.11776111111111111,20241219100006222_sardine_good_(1).png,yes,yes
19.0,5.0,19.0,15.0,2.0,0.008305647840531562,47.0,49.0,0.2631578947368421,1.0353753235547887,0.09959555555555556,20241219100034027_sardine_good_(0).png,yes,yes
20.0,4.0,20.0,15.0,2.0,0.008305647840531562,50.0,56.0,0.2,1.0190901705930138,0.11448298611111112,20241219100034027_sardine_good_(1).png,yes,yes
19.0,4.0,19.0,15.0,1.0,0.00819672131147541,47.0,52.0,0.21052631578947367,1.0250318201103097,0.10756215277777778,20241219100043492_sardine_good_(0).png,yes,yes
17.0,4.0,18.0,15.0,1.0,0.00819672131147541,43.0,45.0,0.23529411764705882,1.0287703016241299,0.09458930555555556,20241219100043492_sardine_good_(1).png,yes,yes
18.0,3.0,19.0,15.0,2.0,0.007832898172323759,46.0,48.0,0.16666666666666666,1.021793797150042,0.1091475,20241219100054906_sardine_good_(0).png,yes,yes
17.0,5.0,18.0,15.0,2.0,0.007832898172323759,41.0,43.0,0.29411764705882354,1.045716822015091,0.09869979166666666,20241219100054906_sardine_good_(1).png,yes,yes
20.0,4.0,20.0,15.0,1.0,0.008086253369272238,48.0,56.0,0.2,1.0227817745803358,0.12082701388888889,20241219100110334_sardine_good_(0).png,yes,yes
18.0,4.0,18.0,15.0,1.0,0.008086253369272238,45.0,44.0,0.2222222222222222,1.0267976775346137,0.09544104166666667,20241219100110334_sardine_good_(1).png,yes,yes
17.0,3.0,18.0,15.0,2.0,0.008417508417508417,44.0,44.0,0.17647058823529413,1.0193761814744802,0.08702215277777778,20241219100121352_sardine_good_(0).png,yes,yes
17.0,4.0,17.0,15.0,2.0,0.008417508417508417,42.0,42.0,0.23529411764705882,1.0388397246804326,0.08408333333333333,20241219100121352_sardine_good_(1).png,yes,yes
17.0,4.0,17.0,15.0,2.0,0.007932310946589107,42.0,43.0,0.23529411764705882,1.0270022883295193,0.09560972222222222,20241219100130759_sardine_good_(0).png,yes,yes
17.0,4.0,18.0,15.0,2.0,0.007932310946589107,44.0,48.0,0.23529411764705882,1.0278026905829596,0.10654826388888888,20241219100130759_sardine_good_(1).png,yes,yes
17.0,3.0,18.0,15.0,2.0,0.008417508417508417,44.0,44.0,0.17647058823529413,1.0193761814744802,0.08702215277777778,20241219100141252_sardine_good_(0).png,yes,yes
17.0,4.0,17.0,15.0,2.0,0.008417508417508417,42.0,42.0,0.23529411764705882,1.0388397246804326,0.08408333333333333,20241219100141252_sardine_good_(1).png,yes,yes
16.0,4.0,17.0,15.0,2.0,0.008620689655172414,43.0,43.0,0.25,1.0300713557594292,0.08055895833333333,20241219100156880_sardine_good_(0).png,yes,yes
18.0,3.0,18.0,15.0,2.0,0.008620689655172414,45.0,43.0,0.16666666666666666,1.016705336426914,0.08138534722222222,20241219100156880_sardine_good_(1).png,yes,yes
17.0,4.0,18.0,15.0,2.0,0.008782201405152224,42.0,45.0,0.23529411764705882,1.025935162094763,0.08130486111111111,20241219100209939_sardine_good_(0).png,yes,yes
17.0,4.0,18.0,15.0,2.0,0.008782201405152224,44.0,42.0,0.23529411764705882,1.025360517155644,0.07694041666666666,20241219100209939_sardine_good_(1).png,yes,yes
18.0,3.0,19.0,15.0,2.0,0.007820646506777894,48.0,48.0,0.16666666666666666,1.0206868018204385,0.11009694444444444,20241219100217624_sardine_good_(0).png,yes,yes
16.0,3.0,17.0,15.0,2.0,0.007820646506777894,43.0,47.0,0.1875,1.0257826887661141,0.10698027777777777,20241219100217624_sardine_good_(1).png,yes,yes
17.0,5.0,18.0,15.0,1.0,0.008134490238611713,45.0,44.0,0.29411764705882354,1.0393309222423146,0.0942675,20241219100230207_sardine_good_(0).png,yes,yes
19.0,3.0,19.0,15.0,1.0,0.008134490238611713,47.0,47.0,0.15789473684210525,1.0213401621852327,0.10067229166666666,20241219100230207_sardine_good_(1).png,yes,yes
17.0,5.0,18.0,15.0,1.0,0.008134490238611713,45.0,44.0,0.29411764705882354,1.0393309222423146,0.0942675,20241219100234503_sardine_good_(0).png,yes,yes
19.0,3.0,19.0,15.0,1.0,0.008134490238611713,47.0,47.0,0.15789473684210525,1.0213401621852327,0.10067229166666666,20241219100234503_sardine_good_(1).png,yes,yes
17.0,3.0,17.0,15.0,2.0,0.008264462809917356,43.0,45.0,0.17647058823529413,1.0202830188679246,0.09258333333333334,20241219100248734_sardine_good_(0).png,yes,yes
19.0,4.0,20.0,15.0,2.0,0.008264462809917356,48.0,55.0,0.21052631578947367,1.0216126350789692,0.11230215277777778,20241219100248734_sardine_good_(1).png,yes,yes
19.0,4.0,19.0,15.0,2.0,0.007894736842105263,46.0,52.0,0.21052631578947367,1.0227554820024825,0.11643527777777778,20241219100311458_sardine_good_(0).png,yes,yes
17.0,4.0,18.0,15.0,2.0,0.007894736842105263,42.0,45.0,0.23529411764705882,1.0262105730786317,0.10161284722222222,20241219100311458_sardine_good_(1).png,yes,yes
17.0,3.0,17.0,15.0,1.0,0.0075681130171543895,42.0,42.0,0.17647058823529413,1.0194604157452454,0.10342513888888889,20241219100328496_sardine_good_(0).png,yes,yes
16.0,4.0,16.0,15.0,1.0,0.0075681130171543895,39.0,35.0,0.25,1.0374653098982423,0.08661208333333334,20241219100328496_sardine_good_(1).png,yes,yes
17.0,3.0,17.0,15.0,1.0,0.0075681130171543895,42.0,42.0,0.17647058823529413,1.0194604157452454,0.10342513888888889,20241219100329746_sardine_good_(0).png,yes,yes
16.0,4.0,16.0,15.0,1.0,0.0075681130171543895,39.0,35.0,0.25,1.0374653098982423,0.08661208333333334,20241219100329746_sardine_good_(1).png,yes,yes
17.0,3.0,17.0,15.0,1.0,0.0075681130171543895,42.0,42.0,0.17647058823529413,1.0194604157452454,0.10342513888888889,20241219100329888_sardine_good_(0).png,yes,yes
16.0,4.0,16.0,15.0,1.0,0.0075681130171543895,39.0,35.0,0.25,1.0374653098982423,0.08661208333333334,20241219100329888_sardine_good_(1).png,yes,yes
17.0,3.0,17.0,15.0,1.0,0.0075681130171543895,42.0,42.0,0.17647058823529413,1.0194604157452454,0.10342513888888889,20241219100330982_sardine_good_(0).png,yes,yes
16.0,4.0,16.0,15.0,1.0,0.0075681130171543895,39.0,35.0,0.25,1.0374653098982423,0.08661208333333334,20241219100330982_sardine_good_(1).png,yes,yes
17.0,3.0,17.0,15.0,1.0,0.0075681130171543895,42.0,42.0,0.17647058823529413,1.0194604157452454,0.10342513888888889,20241219100345163_sardine_good_(0).png,yes,yes
16.0,4.0,16.0,15.0,1.0,0.0075681130171543895,39.0,35.0,0.25,1.0374653098982423,0.08661208333333334,20241219100345163_sardine_good_(1).png,yes,yes
16.0,3.0,16.0,15.0,2.0,0.007618080243778568,40.0,37.0,0.1875,1.0269248937175248,0.09071666666666667,20241219100359642_sardine_good_(0).png,yes,yes
17.0,3.0,18.0,15.0,2.0,0.007618080243778568,43.0,40.0,0.17647058823529413,1.0157782515991471,0.09636409722222222,20241219100359642_sardine_good_(1).png,yes,yes
17.0,4.0,18.0,15.0,1.0,0.008112493239588967,44.0,45.0,0.23529411764705882,1.027112516945323,0.09598638888888888,20241219100407565_sardine_good_(0).png,yes,yes
18.0,4.0,18.0,15.0,1.0,0.008112493239588967,44.0,51.0,0.2222222222222222,1.0308098591549295,0.108245625,20241219100407565_sardine_good_(1).png,yes,yes
18.0,5.0,19.0,15.0,2.0,0.00723589001447178,47.0,47.0,0.2777777777777778,1.0411428571428571,0.1250454861111111,20241219100429447_sardine_good_(0).png,yes,yes
17.0,3.0,17.0,15.0,2.0,0.00723589001447178,43.0,47.0,0.17647058823529413,1.0243801652892561,0.12664083333333334,20241219100429447_sardine_good_(1).png,yes,yes
16.0,4.0,16.0,15.0,2.0,0.007911392405063292,41.0,38.0,0.25,1.0375426621160408,0.08626944444444444,20241219100445070_sardine_good_(0).png,yes,yes
18.0,3.0,18.0,15.0,2.0,0.007911392405063292,44.0,45.0,0.16666666666666666,1.021093413689195,0.10185479166666667,20241219100445070_sardine_good_(1).png,yes,yes
15.0,3.0,16.0,15.0,2.0,0.007772020725388601,39.0,37.0,0.2,1.030078895463511,0.08611958333333333,20241219100459657_sardine_good_(0).png,yes,yes
17.0,4.0,18.0,15.0,2.0,0.007772020725388601,44.0,43.0,0.23529411764705882,1.0370533745037493,0.10067284722222222,20241219100459657_sardine_good_(1).png,yes,yes
17.0,3.0,18.0,15.0,2.0,0.007995735607675906,43.0,45.0,0.17647058823529413,1.0221719457013574,0.09958041666666667,20241219100505969_sardine_good_(0).png,yes,yes
17.0,3.0,18.0,15.0,2.0,0.007995735607675906,45.0,44.0,0.17647058823529413,1.022181982797646,0.09705118055555556,20241219100505969_sardine_good_(1).png,yes,yes
17.0,4.0,18.0,15.0,1.0,0.00825082508250825,45.0,47.0,0.23529411764705882,1.0350877192982457,0.09751680555555556,20241219100536494_sardine_good_(0).png,yes,yes
17.0,5.0,18.0,15.0,1.0,0.00825082508250825,45.0,43.0,0.29411764705882354,1.0537190082644627,0.0888638888888889,20241219100536494_sardine_good_(1).png,yes,yes
17.0,4.0,18.0,15.0,1.0,0.008205689277899343,44.0,47.0,0.23529411764705882,1.0324374420759963,0.09719486111111111,20241219100543982_sardine_good_(0).png,yes,yes
19.0,3.0,19.0,15.0,1.0,0.008205689277899343,47.0,52.0,0.15789473684210525,1.0193215972520395,0.10827166666666667,20241219100543982_sardine_good_(1).png,yes,yes
16.0,3.0,17.0,15.0,1.0,0.007159904534606206,41.0,41.0,0.1875,1.026865671641791,0.11130479166666667,20241219100554231_sardine_good_(0).png,yes,yes
17.0,3.0,17.0,15.0,1.0,0.007159904534606206,43.0,43.0,0.17647058823529413,1.0214432989690723,0.11868090277777778,20241219100554231_sardine_good_(1).png,yes,yes
17.0,3.0,18.0,15.0,2.0,0.008441193021947102,44.0,44.0,0.17647058823529413,1.019412878787879,0.08684673611111111,20241219100603578_sardine_good_(0).png,yes,yes
19.0,4.0,19.0,15.0,2.0,0.008441193021947102,48.0,47.0,0.21052631578947367,1.0272168568920106,0.09275666666666667,20241219100603578_sardine_good_(1).png,yes,yes
5.0,5.0,7.0,15.0,2.0,0.008441193021947102,17.0,13.0,1.0,1.4104938271604939,0.026907152777777776,20241219100603578_sardine_good_(2).png,yes,yes
17.0,5.0,18.0,15.0,2.0,0.00847457627118644,42.0,43.0,0.29411764705882354,1.0417881438289602,0.08401506944444445,20241219100622443_sardine_good_(0).png,yes,yes
19.0,4.0,19.0,15.0,2.0,0.00847457627118644,45.0,50.0,0.21052631578947367,1.0222617987533393,0.09856923611111111,20241219100622443_sardine_good_(1).png,yes,yes
16.0,3.0,17.0,15.0,2.0,0.007447864945382324,42.0,37.0,0.1875,1.019111111111111,0.0951425,20241219100634364_sardine_good_(0).png,yes,yes
15.0,4.0,16.0,15.0,2.0,0.007447864945382324,39.0,36.0,0.26666666666666666,1.036104513064133,0.09095458333333334,20241219100634364_sardine_good_(1).png,yes,yes
17.0,3.0,17.0,15.0,2.0,0.007688364941055869,41.0,42.0,0.17647058823529413,1.0200803212851406,0.10032715277777778,20241219100641193_sardine_good_(0).png,yes,yes
17.0,3.0,17.0,15.0,2.0,0.007688364941055869,44.0,46.0,0.17647058823529413,1.0218068535825544,0.10923208333333333,20241219100641193_sardine_good_(1).png,yes,yes
16.0,3.0,16.0,15.0,2.0,0.007684426229508197,37.0,39.0,0.1875,1.0229885057471264,0.09345625,20241219100650193_sardine_good_(0).png,yes,yes
16.0,3.0,17.0,15.0,2.0,0.007684426229508197,41.0,41.0,0.1875,1.0224667583677212,0.09821930555555555,20241219100650193_sardine_good_(1).png,yes,yes
16.0,3.0,17.0,15.0,2.0,0.007735946364105209,42.0,41.0,0.1875,1.0244464944649447,0.09639347222222222,20241219100703109_sardine_good_(0).png,yes,yes
15.0,3.0,16.0,15.0,2.0,0.007735946364105209,39.0,36.0,0.2,1.0263671875,0.08455083333333334,20241219100703109_sardine_good_(1).png,yes,yes
18.0,5.0,19.0,15.0,2.0,0.009107468123861567,46.0,51.0,0.2777777777777778,1.0479485912011863,0.08630826388888889,20241219100725213_sardine_good_(0).png,yes,yes
17.0,3.0,17.0,15.0,2.0,0.009107468123861567,42.0,45.0,0.17647058823529413,1.0230005227391532,0.07683722222222222,20241219100725213_sardine_good_(1).png,yes,yes
17.0,3.0,17.0,15.0,2.0,0.008012820512820512,42.0,44.0,0.17647058823529413,1.0205761316872428,0.09536347222222222,20241219100736381_sardine_good_(0).png,yes,yes
17.0,4.0,17.0,15.0,2.0,0.008012820512820512,42.0,44.0,0.23529411764705882,1.0333020637898687,0.09656756944444445,20241219100736381_sardine_good_(1).png,yes,yes
17.0,5.0,18.0,15.0,2.0,0.00821917808219178,43.0,45.0,0.29411764705882354,1.0441988950276244,0.09414326388888888,20241219100812596_sardine_good_(0).png,yes,yes
19.0,3.0,19.0,15.0,2.0,0.00821917808219178,48.0,49.0,0.15789473684210525,1.0178419711129991,0.10216819444444444,20241219100812596_sardine_good_(1).png,yes,yes
18.0,5.0,18.0,15.0,2.0,0.007429420505200594,47.0,43.0,0.2777777777777778,1.0383505154639174,0.1106873611111111,20241219100820388_sardine_good_(0).png,yes,yes
20.0,4.0,20.0,15.0,2.0,0.007429420505200594,53.0,54.0,0.2,1.0217785843920144,0.1358895138888889,20241219100820388_sardine_good_(1).png,yes,yes
16.0,3.0,16.0,15.0,2.0,0.007537688442211055,41.0,38.0,0.1875,1.023201856148492,0.0952401388888889,20241219100832238_sardine_good_(0).png,yes,yes
17.0,5.0,17.0,15.0,2.0,0.007537688442211055,41.0,41.0,0.29411764705882354,1.0482300884955753,0.10238965277777778,20241219100832238_sardine_good_(1).png,yes,yes
17.0,3.0,17.0,15.0,1.0,0.007173601147776184,43.0,38.0,0.17647058823529413,1.0207900207900207,0.10341444444444445,20241219100842973_sardine_good_(0).png,yes,yes
18.0,4.0,19.0,15.0,1.0,0.007173601147776184,46.0,44.0,0.2222222222222222,1.034294621979735,0.12035625,20241219100842973_sardine_good_(1).png,yes,yes
19.0,5.0,20.0,15.0,2.0,0.007808433107756377,48.0,48.0,0.2631578947368421,1.037109375,0.10938298611111111,20241219100857731_sardine_good_(0).png,yes,yes
17.0,4.0,17.0,15.0,2.0,0.007808433107756377,41.0,40.0,0.23529411764705882,1.0284810126582278,0.09269152777777778,20241219100857731_sardine_good_(1).png,yes,yes
16.0,3.0,17.0,15.0,3.0,0.007545271629778672,41.0,42.0,0.1875,1.026660641662901,0.1031017361111111,20241219100905731_sardine_good_(0).png,yes,yes
16.0,3.0,17.0,15.0,3.0,0.007545271629778672,42.0,34.0,0.1875,1.026386404293381,0.08418756944444444,20241219100905731_sardine_good_(1).png,yes,yes
17.0,3.0,18.0,15.0,2.0,0.008214676889375685,43.0,44.0,0.17647058823529413,1.0169646950939937,0.0907179861111111,20241219100927919_sardine_good_(0).png,yes,yes
17.0,3.0,17.0,15.0,2.0,0.008214676889375685,43.0,41.0,0.17647058823529413,1.0223809523809524,0.08592041666666667,20241219100927919_sardine_good_(1).png,yes,yes
19.0,4.0,19.0,15.0,2.0,0.00804289544235925,47.0,49.0,0.21052631578947367,1.0246243739565943,0.1063511111111111,20241219100939899_sardine_good_(0).png,yes,yes
18.0,4.0,18.0,15.0,2.0,0.00804289544235925,45.0,48.0,0.2222222222222222,1.0314298362107126,0.10366513888888888,20241219100939899_sardine_good_(1).png,yes,yes
18.0,4.0,18.0,15.0,2.0,0.007776049766718507,45.0,48.0,0.2222222222222222,1.0287648054145515,0.11204222222222222,20241219100953423_sardine_good_(0).png,yes,yes
19.0,5.0,20.0,15.0,2.0,0.007776049766718507,48.0,52.0,0.2631578947368421,1.0377055756117128,0.12081756944444444,20241219100953423_sardine_good_(1).png,yes,yes
17.0,3.0,18.0,15.0,2.0,0.008296460176991151,43.0,46.0,0.17647058823529413,1.0217391304347827,0.09371604166666667,20241219101001245_sardine_good_(0).png,yes,yes
19.0,4.0,19.0,15.0,2.0,0.008296460176991151,46.0,52.0,0.21052631578947367,1.0311418685121108,0.10536111111111111,20241219101001245_sardine_good_(1).png,yes,yes
17.0,5.0,18.0,15.0,3.0,0.008370535714285714,43.0,45.0,0.29411764705882354,1.0492351816443595,0.08979277777777778,20241219101014402_sardine_good_(0).png,yes,yes
16.0,3.0,16.0,15.0,3.0,0.008370535714285714,40.0,37.0,0.1875,1.0196969696969698,0.07453638888888889,20241219101014402_sardine_good_(1).png,yes,yes
18.0,3.0,18.0,15.0,3.0,0.008169934640522876,43.0,46.0,0.16666666666666666,1.0192307692307692,0.09653479166666666,20241219101023277_sardine_good_(0).png,yes,yes
17.0,4.0,18.0,15.0,3.0,0.008169934640522876,43.0,40.0,0.23529411764705882,1.0302059496567506,0.08374902777777778,20241219101023277_sardine_good_(1).png,yes,yes
17.0,3.0,17.0,15.0,3.0,0.007792207792207792,42.0,41.0,0.17647058823529413,1.0183691756272402,0.09378527777777777,20241219101032747_sardine_good_(0).png,yes,yes
17.0,5.0,18.0,15.0,3.0,0.007792207792207792,44.0,43.0,0.29411764705882354,1.0561131386861313,0.10055222222222222,20241219101032747_sardine_good_(1).png,yes,yes
17.0,4.0,17.0,15.0,2.0,0.007692307692307693,43.0,43.0,0.23529411764705882,1.0256183745583038,0.10160756944444445,20241219101042788_sardine_good_(0).png,yes,yes
18.0,3.0,19.0,15.0,2.0,0.007692307692307693,46.0,49.0,0.16666666666666666,1.020550760378134,0.11710125,20241219101042788_sardine_good_(1).png,yes,yes
19.0,4.0,19.0,15.0,2.0,0.008099352051835854,48.0,48.0,0.21052631578947367,1.0280731603572948,0.10239923611111111,20241219101052470_sardine_good_(0).png,yes,yes
18.0,3.0,19.0,15.0,2.0,0.008099352051835854,47.0,50.0,0.16666666666666666,1.0219072164948453,0.106479375,20241219101052470_sardine_good_(1).png,yes,yes
18.0,4.0,19.0,15.0,2.0,0.007978723404255319,46.0,51.0,0.2222222222222222,1.0313161235717307,0.11177152777777778,20241219101101226_sardine_good_(0).png,yes,yes
18.0,3.0,18.0,15.0,2.0,0.007978723404255319,45.0,42.0,0.16666666666666666,1.0192223678462211,0.0927873611111111,20241219101101226_sardine_good_(1).png,yes,yes
17.0,4.0,17.0,15.0,1.0,0.0069605568445475635,43.0,40.0,0.23529411764705882,1.0271457085828344,0.117408125,20241219101127982_sardine_good_(0).png,yes,yes
16.0,3.0,17.0,15.0,1.0,0.0069605568445475635,40.0,33.0,0.1875,1.0259365994236311,0.0958988888888889,20241219101127982_sardine_good_(1).png,yes,yes
17.0,3.0,18.0,15.0,2.0,0.008955223880597015,44.0,48.0,0.17647058823529413,1.0233029381965553,0.08353319444444444,20241224095105563_sardine_good_(0).png,yes,yes
17.0,3.0,18.0,15.0,2.0,0.008955223880597015,43.0,45.0,0.17647058823529413,1.023653749370911,0.07796034722222223,20241224095105563_sardine_good_(1).png,yes,yes
17.0,4.0,18.0,15.0,1.0,0.007270964614638876,45.0,43.0,0.23529411764705882,1.0315091210613598,0.11461881944444445,20241224095154440_sardine_good_(0).png,yes,yes
18.0,3.0,18.0,15.0,1.0,0.007270964614638876,47.0,44.0,0.16666666666666666,1.021594032194739,0.11576611111111111,20241224095154440_sardine_good_(1).png,yes,yes
16.0,3.0,17.0,15.0,2.0,0.007680491551459293,41.0,43.0,0.1875,1.0264116575591986,0.10175854166666666,20241224095202708_sardine_good_(0).png,yes,yes
19.0,4.0,19.0,15.0,2.0,0.007680491551459293,46.0,50.0,0.21052631578947367,1.025179856115108,0.11987180555555556,20241224095202708_sardine_good_(1).png,yes,yes
8.0,1.0,8.0,15.0,2.0,0.007680491551459293,17.0,4.0,0.125,1.0105465004793863,0.011508125,20241224095202708_sardine_good_(2).png,yes,yes
17.0,4.0,18.0,15.0,2.0,0.008138903960933261,44.0,41.0,0.23529411764705882,1.0319444444444446,0.08731472222222222,20241224095216714_sardine_good_(0).png,yes,yes
19.0,3.0,19.0,15.0,2.0,0.008138903960933261,48.0,50.0,0.15789473684210525,1.0176470588235293,0.10598652777777778,20241224095216714_sardine_good_(1).png,yes,yes
17.0,3.0,18.0,15.0,2.0,0.007422068283028204,45.0,41.0,0.17647058823529413,1.0195751770095793,0.10535972222222222,20241224095238861_sardine_good_(0).png,yes,yes
18.0,3.0,19.0,15.0,2.0,0.007422068283028204,48.0,47.0,0.16666666666666666,1.019223224794037,0.118516875,20241224095238861_sardine_good_(1).png,yes,yes
18.0,4.0,18.0,15.0,2.0,0.00706547338671691,46.0,46.0,0.2222222222222222,1.036907536907537,0.12962618055555555,20241224095250486_sardine_good_(0).png,yes,yes
18.0,3.0,18.0,15.0,2.0,0.00706547338671691,48.0,47.0,0.16666666666666666,1.021000381825124,0.1320015972222222,20241224095250486_sardine_good_(1).png,yes,yes
18.0,3.0,18.0,15.0,2.0,0.007816571130797291,44.0,43.0,0.16666666666666666,1.023356401384083,0.09928729166666667,20241224095300542_sardine_good_(0).png,yes,yes
18.0,4.0,18.0,15.0,2.0,0.007816571130797291,44.0,45.0,0.2222222222222222,1.0244845360824741,0.10393361111111112,20241224095300542_sardine_good_(1).png,yes,yes
19.0,4.0,19.0,15.0,3.0,0.00792393026941363,46.0,51.0,0.21052631578947367,1.0224906289046232,0.11477847222222222,20241224095335532_sardine_good_(0).png,yes,yes
19.0,3.0,19.0,15.0,3.0,0.00792393026941363,48.0,51.0,0.15789473684210525,1.0208759721653704,0.11442916666666667,20241224095335532_sardine_good_(1).png,yes,yes
18.0,5.0,19.0,15.0,2.0,0.007911392405063292,44.0,45.0,0.2777777777777778,1.0393258426966292,0.10126652777777778,20241224095345361_sardine_good_(0).png,yes,yes
17.0,3.0,18.0,15.0,2.0,0.007911392405063292,44.0,41.0,0.17647058823529413,1.020861074123391,0.09206326388888889,20241224095345361_sardine_good_(1).png,yes,yes
18.0,3.0,18.0,15.0,2.0,0.007356547327121138,45.0,43.0,0.16666666666666666,1.021172638436482,0.11126256944444445,20241224095406384_sardine_good_(0).png,yes,yes
19.0,4.0,19.0,15.0,2.0,0.007356547327121138,49.0,50.0,0.21052631578947367,1.0244088482074751,0.12871597222222222,20241224095406384_sardine_good_(1).png,yes,yes
17.0,4.0,17.0,15.0,2.0,0.007660878447395302,43.0,39.0,0.23529411764705882,1.0404264771212794,0.09316986111111111,20241224095417931_sardine_good_(0).png,yes,yes
18.0,4.0,19.0,15.0,2.0,0.007660878447395302,46.0,47.0,0.2222222222222222,1.033007334963325,0.113495625,20241224095417931_sardine_good_(1).png,yes,yes
20.0,5.0,21.0,15.0,2.0,0.00790722192936215,49.0,50.0,0.25,1.0375,0.11324909722222222,20241224095440906_sardine_good_(0).png,yes,yes
22.0,6.0,22.0,15.0,2.0,0.00790722192936215,54.0,60.0,0.2727272727272727,1.0361618331543143,0.13444145833333335,20241224095440906_sardine_good_(1).png,yes,yes
18.0,3.0,18.0,15.0,2.0,0.007598784194528876,44.0,46.0,0.16666666666666666,1.0234505862646566,0.11211916666666667,20241224095452017_sardine_good_(0).png,yes,yes
18.0,3.0,18.0,15.0,2.0,0.007598784194528876,45.0,49.0,0.16666666666666666,1.0227932034811438,0.119515,20241224095452017_sardine_good_(1).png,yes,yes
17.0,3.0,18.0,15.0,3.0,0.00821917808219178,42.0,46.0,0.17647058823529413,1.021978021978022,0.09637027777777778,20241224095517368_sardine_good_(0).png,yes,yes
17.0,5.0,18.0,15.0,3.0,0.00821917808219178,43.0,42.0,0.29411764705882354,1.043560606060606,0.08779277777777778,20241224095517368_sardine_good_(1).png,yes,yes
18.0,4.0,18.0,15.0,2.0,0.008156606851549755,46.0,47.0,0.2222222222222222,1.0356820234869015,0.09930770833333333,20241224095547156_sardine_good_(0).png,yes,yes
18.0,4.0,18.0,15.0,2.0,0.008156606851549755,46.0,50.0,0.2222222222222222,1.026044005388415,0.105483125,20241224095547156_sardine_good_(1).png,yes,yes
19.0,4.0,20.0,15.0,2.0,0.007242877836793819,49.0,55.0,0.21052631578947367,1.0286764705882352,0.14566694444444445,20241224095604425_sardine_good_(0).png,yes,yes
18.0,3.0,18.0,15.0,2.0,0.007242877836793819,44.0,47.0,0.16666666666666666,1.0198520825223822,0.1263402777777778,20241224095604425_sardine_good_(1).png,yes,yes
17.0,4.0,18.0,15.0,2.0,0.0079155672823219,46.0,47.0,0.23529411764705882,1.0293333333333334,0.10600868055555555,20241224095628987_sardine_good_(0).png,yes,yes
18.0,4.0,18.0,15.0,2.0,0.0079155672823219,44.0,48.0,0.2222222222222222,1.0242529233434388,0.10678020833333333,20241224095628987_sardine_good_(1).png,yes,yes
19.0,3.0,19.0,15.0,2.0,0.008992805755395683,47.0,52.0,0.15789473684210525,1.0203798054654933,0.08970194444444445,20241224095642959_sardine_good_(0).png,yes,yes
19.0,5.0,20.0,15.0,2.0,0.008992805755395683,47.0,55.0,0.2631578947368421,1.033882783882784,0.09452048611111111,20241224095642959_sardine_good_(1).png,yes,yes
18.0,4.0,18.0,15.0,2.0,0.007633587786259542,45.0,46.0,0.2222222222222222,1.0356234096692112,0.11193284722222223,20241224095752090_sardine_good_(0).png,yes,yes
16.0,4.0,16.0,15.0,2.0,0.007633587786259542,40.0,40.0,0.25,1.0382998598785613,0.09538291666666666,20241224095752090_sardine_good_(1).png,yes,yes
18.0,4.0,18.0,15.0,2.0,0.007633587786259542,45.0,46.0,0.2222222222222222,1.0356234096692112,0.11193284722222223,20241224095752681_sardine_good_(0).png,yes,yes
16.0,4.0,16.0,15.0,2.0,0.007633587786259542,40.0,40.0,0.25,1.0382998598785613,0.09538291666666666,20241224095752681_sardine_good_(1).png,yes,yes
18.0,4.0,19.0,15.0,2.0,0.00744047619047619,44.0,49.0,0.2222222222222222,1.0277337559429478,0.12494361111111112,20241224095806219_sardine_good_(0).png,yes,yes
19.0,4.0,20.0,15.0,2.0,0.00744047619047619,48.0,55.0,0.21052631578947367,1.0265321375186847,0.13804993055555556,20241224095806219_sardine_good_(1).png,yes,yes
17.0,4.0,18.0,15.0,2.0,0.0077002053388090345,44.0,40.0,0.23529411764705882,1.0370860927152319,0.09585548611111111,20241224095817875_sardine_good_(0).png,yes,yes
19.0,4.0,19.0,15.0,2.0,0.0077002053388090345,47.0,49.0,0.21052631578947367,1.0331849453662485,0.11610868055555555,20241224095817875_sardine_good_(1).png,yes,yes
19.0,5.0,20.0,15.0,2.0,0.007735946364105209,46.0,44.0,0.2631578947368421,1.0397324940991346,0.10426923611111111,20241224095830503_sardine_good_(0).png,yes,yes
16.0,5.0,17.0,15.0,2.0,0.007735946364105209,40.0,43.0,0.3125,1.0448102423411065,0.1014092361111111,20241224095830503_sardine_good_(1).png,yes,yes
18.0,4.0,19.0,15.0,2.0,0.007187350263536177,45.0,48.0,0.2222222222222222,1.0352250489236792,0.12916777777777777,20241224095843719_sardine_good_(0).png,yes,yes
17.0,3.0,18.0,15.0,2.0,0.007187350263536177,43.0,44.0,0.17647058823529413,1.0193470374848852,0.11907201388888888,20241224095843719_sardine_good_(1).png,yes,yes
17.0,4.0,18.0,15.0,2.0,0.007122507122507123,42.0,43.0,0.23529411764705882,1.0379901960784315,0.11806701388888889,20241224095901678_sardine_good_(0).png,yes,yes
18.0,4.0,18.0,15.0,2.0,0.007122507122507123,45.0,48.0,0.2222222222222222,1.0237446477228493,0.13206666666666667,20241224095901678_sardine_good_(1).png,yes,yes
16.0,3.0,17.0,15.0,2.0,0.007618080243778568,42.0,39.0,0.1875,1.0263996358670915,0.09402013888888888,20241224095919660_sardine_good_(0).png,yes,yes
18.0,4.0,19.0,15.0,2.0,0.007618080243778568,45.0,47.0,0.2222222222222222,1.0237024928483858,0.11439243055555555,20241224095919660_sardine_good_(1).png,yes,yes
18.0,4.0,19.0,15.0,2.0,0.007533902561526871,45.0,47.0,0.2222222222222222,1.0242033077853974,0.11666763888888888,20241224095930447_sardine_good_(0).png,yes,yes
18.0,3.0,18.0,15.0,2.0,0.007533902561526871,45.0,46.0,0.16666666666666666,1.023045267489712,0.11325458333333334,20241224095930447_sardine_good_(1).png,yes,yes
17.0,3.0,17.0,15.0,2.0,0.0075075075075075074,42.0,44.0,0.17647058823529413,1.0217576791808873,0.10910895833333334,20241224095947224_sardine_good_(0).png,yes,yes
17.0,4.0,18.0,15.0,2.0,0.0075075075075075074,42.0,45.0,0.23529411764705882,1.0308351177730193,0.11201847222222222,20241224095947224_sardine_good_(1).png,yes,yes
20.0,5.0,20.0,15.0,2.0,0.008527572484366117,50.0,59.0,0.25,1.034134007585335,0.11418972222222222,20241224100005135_sardine_good_(0).png,yes,yes
17.0,3.0,18.0,15.0,2.0,0.008527572484366117,44.0,48.0,0.17647058823529413,1.0239463601532568,0.09230854166666666,20241224100005135_sardine_good_(1).png,yes,yes
17.0,4.0,18.0,15.0,2.0,0.007890583903208837,43.0,44.0,0.23529411764705882,1.0353982300884956,0.09845243055555555,20241224100018097_sardine_good_(0).png,yes,yes
19.0,5.0,20.0,15.0,2.0,0.007890583903208837,47.0,52.0,0.2631578947368421,1.035016286644951,0.116903125,20241224100018097_sardine_good_(1).png,yes,yes
18.0,5.0,19.0,15.0,2.0,0.008094981111710739,44.0,47.0,0.2777777777777778,1.0462633451957295,0.10011465277777777,20241224100029943_sardine_good_(0).png,yes,yes
19.0,4.0,19.0,15.0,2.0,0.008094981111710739,48.0,55.0,0.21052631578947367,1.0288702928870292,0.117419375,20241224100029943_sardine_good_(1).png,yes,yes
17.0,3.0,17.0,15.0,2.0,0.008201202843083653,42.0,43.0,0.17647058823529413,1.0208333333333333,0.09018208333333333,20241224100039164_sardine_good_(0).png,yes,yes
18.0,4.0,18.0,15.0,2.0,0.008201202843083653,44.0,45.0,0.2222222222222222,1.0268670309653916,0.09401340277777778,20241224100039164_sardine_good_(1).png,yes,yes
17.0,3.0,18.0,15.0,3.0,0.008600917431192661,43.0,45.0,0.17647058823529413,1.0239141044411908,0.08525930555555555,20241224100115133_sardine_good_(0).png,yes,yes
17.0,3.0,18.0,15.0,3.0,0.008600917431192661,44.0,47.0,0.17647058823529413,1.023489932885906,0.08911097222222222,20241224100115133_sardine_good_(1).png,yes,yes
18.0,4.0,18.0,15.0,2.0,0.007816571130797291,46.0,45.0,0.2222222222222222,1.0251277683134583,0.10253638888888889,20241224100135674_sardine_good_(0).png,yes,yes
19.0,5.0,19.0,15.0,2.0,0.007816571130797291,50.0,46.0,0.2631578947368421,1.033158107561666,0.1058763888888889,20241224100135674_sardine_good_(1).png,yes,yes
20.0,4.0,20.0,15.0,2.0,0.008143322475570033,50.0,55.0,0.2,1.019918699186992,0.11655298611111112,20241224100144710_sardine_good_(0).png,yes,yes
18.0,5.0,19.0,15.0,2.0,0.008143322475570033,46.0,46.0,0.2777777777777778,1.0460380699424525,0.09752743055555556,20241224100144710_sardine_good_(1).png,yes,yes
2.0,1.0,2.0,15.0,2.0,0.008143322475570033,6.0,1.0,0.5,1.1433333333333333,0.003436666666666667,20241224100144710_sardine_good_(2).png,yes,yes
18.0,4.0,18.0,15.0,2.0,0.008147745790331342,44.0,46.0,0.2222222222222222,1.0297029702970297,0.09808277777777778,20241224100152930_sardine_good_(0).png,yes,yes
18.0,5.0,19.0,15.0,2.0,0.008147745790331342,45.0,47.0,0.2777777777777778,1.04696499778467,0.09882666666666666,20241224100152930_sardine_good_(1).png,yes,yes
19.0,4.0,19.0,15.0,2.0,0.008441193021947102,47.0,45.0,0.21052631578947367,1.025065963060686,0.08921743055555556,20241224102208460_sardine_good_(0).png,yes,yes
18.0,4.0,18.0,15.0,2.0,0.008441193021947102,46.0,39.0,0.2222222222222222,1.0227583067819754,0.0779120138888889,20241224102208460_sardine_good_(1).png,yes,yes
19.0,4.0,19.0,15.0,2.0,0.008441193021947102,47.0,45.0,0.21052631578947367,1.025065963060686,0.08921743055555556,20241224102209284_sardine_good_(0).png,yes,yes
18.0,4.0,18.0,15.0,2.0,0.008441193021947102,46.0,39.0,0.2222222222222222,1.0227583067819754,0.0779120138888889,20241224102209284_sardine_good_(1).png,yes,yes
,,,,,,,,,,,20241226091858736_sardine_good.jpeg,no,
17.0,4.0,18.0,15.0,2.0,0.007849293563579277,45.0,42.0,0.23529411764705882,1.028972783143108,0.09607097222222222,20241226091955777_sardine_good_(0).png,yes,yes
20.0,4.0,21.0,15.0,2.0,0.007849293563579277,52.0,52.0,0.2,1.0203007518796992,0.118316875,20241226091955777_sardine_good_(1).png,yes,yes
19.0,4.0,19.0,15.0,2.0,0.007537688442211055,48.0,53.0,0.21052631578947367,1.0263056092843328,0.12970631944444444,20241226092007410_sardine_good_(0).png,yes,yes
18.0,3.0,18.0,15.0,2.0,0.007537688442211055,44.0,47.0,0.16666666666666666,1.0203742203742203,0.11508770833333333,20241226092007410_sardine_good_(1).png,yes,yes
18.0,5.0,19.0,15.0,3.0,0.007204610951008645,45.0,46.0,0.2777777777777778,1.0459104938271604,0.12495993055555556,20241226092017114_sardine_good_(0).png,yes,yes
16.0,3.0,17.0,15.0,3.0,0.007204610951008645,41.0,39.0,0.1875,1.0251517779705117,0.10538715277777778,20241226092017114_sardine_good_(1).png,yes,yes
20.0,6.0,21.0,15.0,2.0,0.008090614886731391,50.0,54.0,0.3,1.0446141479099678,0.11548680555555556,20241226092036175_sardine_good_(0).png,yes,yes
18.0,3.0,19.0,15.0,2.0,0.008090614886731391,47.0,44.0,0.16666666666666666,1.020752269779507,0.09401784722222223,20241226092036175_sardine_good_(1).png,yes,yes
17.0,4.0,18.0,15.0,2.0,0.007903055848261328,44.0,44.0,0.23529411764705882,1.0334387708992319,0.09879909722222223,20241226092056593_sardine_good_(0).png,yes,yes
19.0,4.0,20.0,15.0,2.0,0.007903055848261328,50.0,57.0,0.21052631578947367,1.0245447347585115,0.12697763888888888,20241226092056593_sardine_good_(1).png,yes,yes
18.0,3.0,18.0,15.0,2.0,0.007560483870967742,45.0,46.0,0.16666666666666666,1.0194939858979677,0.11317930555555555,20241226092134363_sardine_good_(0).png,yes,yes
21.0,3.0,21.0,15.0,2.0,0.007560483870967742,51.0,57.0,0.14285714285714285,1.0168776371308017,0.140603125,20241226092134363_sardine_good_(1).png,yes,yes
2.0,2.0,3.0,15.0,2.0,0.007560483870967742,8.0,3.0,1.0,1.2901554404145077,0.007815069444444444,20241226092134363_sardine_good_(2).png,yes,yes
19.0,4.0,19.0,15.0,2.0,0.007606490872210953,47.0,48.0,0.21052631578947367,1.0206305955624757,0.11675916666666666,20241226092145893_sardine_good_(0).png,yes,yes
18.0,4.0,18.0,15.0,2.0,0.007606490872210953,45.0,47.0,0.2222222222222222,1.0314309346567412,0.11373222222222222,20241226092145893_sardine_good_(1).png,yes,yes
2.0,1.0,3.0,15.0,2.0,0.007606490872210953,9.0,1.0,0.5,1.1085271317829457,0.002899791666666667,20241226092145893_sardine_good_(2).png,yes,yes
17.0,4.0,17.0,15.0,3.0,0.007317073170731708,43.0,44.0,0.23529411764705882,1.0330788804071247,0.11450423611111112,20241226092206505_sardine_good_(0).png,yes,yes
18.0,3.0,18.0,15.0,3.0,0.007317073170731708,45.0,47.0,0.16666666666666666,1.0210696920583469,0.12400298611111112,20241226092206505_sardine_good_(1).png,yes,yes
18.0,4.0,19.0,15.0,2.0,0.007680491551459293,46.0,50.0,0.2222222222222222,1.0231237322515212,0.11781777777777777,20241226092221359_sardine_good_(0).png,yes,yes
18.0,3.0,19.0,15.0,2.0,0.007680491551459293,46.0,47.0,0.16666666666666666,1.0182778229082048,0.11139368055555555,20241226092221359_sardine_good_(1).png,yes,yes
17.0,3.0,17.0,15.0,3.0,0.008152173913043478,41.0,41.0,0.17647058823529413,1.0201149425287357,0.08618868055555555,20241226092231803_sardine_good_(0).png,yes,yes
18.0,4.0,18.0,15.0,3.0,0.008152173913043478,45.0,48.0,0.2222222222222222,1.0330062444246209,0.10081194444444444,20241226092231803_sardine_good_(1).png,yes,yes
17.0,4.0,18.0,15.0,2.0,0.007704160246533128,43.0,40.0,0.23529411764705882,1.0362190812720848,0.09507611111111111,20241226092239396_sardine_good_(0).png,yes,yes
17.0,3.0,18.0,15.0,2.0,0.007704160246533128,43.0,41.0,0.17647058823529413,1.0169565217391305,0.0966782638888889,20241226092239396_sardine_good_(1).png,yes,yes
19.0,3.0,19.0,15.0,2.0,0.008077544426494346,48.0,46.0,0.15789473684210525,1.0207275803722504,0.09801375,20241226092254478_sardine_good_(0).png,yes,yes
20.0,5.0,21.0,15.0,2.0,0.008077544426494346,52.0,59.0,0.25,1.0345899727944035,0.12710125,20241226092254478_sardine_good_(1).png,yes,yes
18.0,3.0,19.0,15.0,2.0,0.007845188284518828,47.0,45.0,0.16666666666666666,1.0181968569065343,0.10194833333333334,20241226092301692_sardine_good_(0).png,yes,yes
17.0,4.0,18.0,15.0,2.0,0.007845188284518828,45.0,44.0,0.23529411764705882,1.036197121674662,0.10105652777777778,20241226092301692_sardine_good_(1).png,yes,yes
18.0,4.0,19.0,15.0,2.0,0.007961783439490446,46.0,45.0,0.2222222222222222,1.0297872340425531,0.09880625,20241226092312945_sardine_good_(0).png,yes,yes
18.0,3.0,19.0,15.0,2.0,0.007961783439490446,46.0,44.0,0.16666666666666666,1.020390824129142,0.09666131944444445,20241226092312945_sardine_good_(1).png,yes,yes
18.0,4.0,19.0,15.0,2.0,0.007961783439490446,46.0,45.0,0.2222222222222222,1.0297872340425531,0.09880625,20241226092313432_sardine_good_(0).png,yes,yes
18.0,3.0,19.0,15.0,2.0,0.007961783439490446,46.0,44.0,0.16666666666666666,1.020390824129142,0.09666131944444445,20241226092313432_sardine_good_(1).png,yes,yes
19.0,5.0,20.0,15.0,2.0,0.007878151260504201,49.0,51.0,0.2631578947368421,1.0376834589448631,0.11628152777777778,20241226092323328_sardine_good_(0).png,yes,yes
18.0,3.0,18.0,15.0,2.0,0.007878151260504201,45.0,47.0,0.16666666666666666,1.020994001713796,0.10526111111111111,20241226092323328_sardine_good_(1).png,yes,yes
19.0,3.0,20.0,15.0,2.0,0.008269018743109152,47.0,47.0,0.15789473684210525,1.0150816925010473,0.095619375,20241226092335664_sardine_good_(0).png,yes,yes
20.0,4.0,20.0,15.0,2.0,0.008269018743109152,49.0,52.0,0.2,1.0218106995884773,0.10562520833333333,20241226092335664_sardine_good_(1).png,yes,yes
20.0,4.0,20.0,15.0,2.0,0.008134490238611713,50.0,51.0,0.2,1.0231167795934635,0.10906104166666666,20241226092348879_sardine_good_(0).png,yes,yes
18.0,4.0,19.0,15.0,2.0,0.008134490238611713,47.0,46.0,0.2222222222222222,1.0232558139534884,0.09668472222222223,20241226092348879_sardine_good_(1).png,yes,yes
18.0,4.0,18.0,15.0,2.0,0.008147745790331342,45.0,44.0,0.2222222222222222,1.0368705035971224,0.09347520833333334,20241226092406399_sardine_good_(0).png,yes,yes
20.0,6.0,21.0,15.0,2.0,0.008147745790331342,52.0,57.0,0.3,1.040466926070039,0.12076159722222223,20241226092406399_sardine_good_(1).png,yes,yes
18.0,4.0,18.0,15.0,2.0,0.008147745790331342,45.0,44.0,0.2222222222222222,1.0368705035971224,0.09347520833333334,20241226092407407_sardine_good_(0).png,yes,yes
20.0,6.0,21.0,15.0,2.0,0.008147745790331342,52.0,57.0,0.3,1.040466926070039,0.12076159722222223,20241226092407407_sardine_good_(1).png,yes,yes
19.0,4.0,20.0,15.0,3.0,0.007759958613554061,50.0,51.0,0.21052631578947367,1.023237495076802,0.11968291666666667,20241226092419483_sardine_good_(0).png,yes,yes
19.0,4.0,19.0,15.0,3.0,0.007759958613554061,50.0,52.0,0.21052631578947367,1.0285481239804242,0.12200638888888889,20241226092419483_sardine_good_(1).png,yes,yes
18.0,4.0,18.0,15.0,2.0,0.008571428571428572,47.0,49.0,0.2222222222222222,1.0323040380047506,0.09354958333333334,20241226092427648_sardine_good_(0).png,yes,yes
20.0,5.0,20.0,15.0,2.0,0.008571428571428572,49.0,52.0,0.25,1.0315699658703072,0.09922201388888889,20241226092427648_sardine_good_(1).png,yes,yes
18.0,5.0,19.0,15.0,2.0,0.008640552995391706,47.0,49.0,0.2777777777777778,1.0364298724954462,0.09203958333333333,20241226092445616_sardine_good_(0).png,yes,yes
19.0,3.0,19.0,15.0,2.0,0.008640552995391706,48.0,46.0,0.15789473684210525,1.0183199285075961,0.08563243055555556,20241226092445616_sardine_good_(1).png,yes,yes
17.0,3.0,18.0,15.0,3.0,0.008441193021947102,45.0,42.0,0.17647058823529413,1.0222854433380748,0.08267486111111111,20241226092456432_sardine_good_(0).png,yes,yes
21.0,5.0,21.0,15.0,3.0,0.008441193021947102,53.0,59.0,0.23809523809523808,1.0290836653386455,0.115115625,20241226092456432_sardine_good_(1).png,yes,yes
18.0,5.0,19.0,15.0,2.0,0.007545271629778672,46.0,50.0,0.2777777777777778,1.0385852090032155,0.12257888888888889,20241226092516788_sardine_good_(0).png,yes,yes
18.0,3.0,19.0,15.0,2.0,0.007545271629778672,45.0,51.0,0.16666666666666666,1.0207750699161007,0.12444291666666667,20241226092516788_sardine_good_(1).png,yes,yes
18.0,4.0,19.0,15.0,2.0,0.007712082262210797,47.0,48.0,0.2222222222222222,1.0329760923330584,0.11290590277777778,20241226092526368_sardine_good_(0).png,yes,yes
19.0,4.0,19.0,15.0,2.0,0.007712082262210797,49.0,46.0,0.21052631578947367,1.0282981267437226,0.10871604166666667,20241226092526368_sardine_good_(1).png,yes,yes
17.0,4.0,18.0,15.0,2.0,0.008291873963515755,46.0,45.0,0.23529411764705882,1.0250115794349235,0.09111993055555556,20241226092539381_sardine_good_(0).png,yes,yes
18.0,4.0,19.0,15.0,2.0,0.008291873963515755,46.0,44.0,0.2222222222222222,1.0298507462686568,0.08957479166666667,20241226092539381_sardine_good_(1).png,yes,yes
20.0,5.0,21.0,15.0,2.0,0.007763975155279503,51.0,55.0,0.25,1.032221379833207,0.127438125,20241226092617880_sardine_good_(0).png,yes,yes
19.0,4.0,19.0,15.0,2.0,0.007763975155279503,48.0,49.0,0.21052631578947367,1.0211155378486056,0.11296201388888889,20241226092617880_sardine_good_(1).png,yes,yes
19.0,4.0,20.0,15.0,3.0,0.007739938080495356,50.0,49.0,0.21052631578947367,1.0232100708103855,0.11522805555555556,20241226092629637_sardine_good_(0).png,yes,yes
19.0,5.0,19.0,15.0,3.0,0.007739938080495356,47.0,47.0,0.2631578947368421,1.0466153222537495,0.1111575,20241226092629637_sardine_good_(1).png,yes,yes
18.0,4.0,19.0,15.0,2.0,0.007389162561576354,46.0,45.0,0.2222222222222222,1.0312623664424219,0.11605006944444445,20241226092647901_sardine_good_(0).png,yes,yes
19.0,5.0,19.0,15.0,2.0,0.007389162561576354,49.0,51.0,0.2631578947368421,1.0354664610639939,0.13104826388888888,20241226092647901_sardine_good_(1).png,yes,yes
20.0,5.0,20.0,15.0,2.0,0.008287292817679558,50.0,53.0,0.25,1.0400992145514676,0.10892756944444444,20241226092706881_sardine_good_(0).png,yes,yes
18.0,4.0,18.0,15.0,2.0,0.008287292817679558,45.0,41.0,0.2222222222222222,1.027014652014652,0.08493006944444445,20241226092706881_sardine_good_(1).png,yes,yes
19.0,4.0,19.0,15.0,2.0,0.007836990595611285,50.0,50.0,0.21052631578947367,1.0226904376012966,0.11493645833333334,20241226092726599_sardine_good_(0).png,yes,yes
17.0,3.0,17.0,15.0,2.0,0.007836990595611285,44.0,38.0,0.17647058823529413,1.0168589174800355,0.08668451388888888,20241226092726599_sardine_good_(1).png,yes,yes
17.0,3.0,17.0,15.0,2.0,0.007894736842105263,41.0,39.0,0.17647058823529413,1.0196436729100045,0.08877131944444444,20241226092747469_sardine_good_(0).png,yes,yes
18.0,4.0,19.0,15.0,2.0,0.007894736842105263,46.0,49.0,0.2222222222222222,1.0309493935591802,0.11063590277777778,20241226092747469_sardine_good_(1).png,yes,yes
18.0,4.0,19.0,15.0,2.0,0.007961783439490446,47.0,48.0,0.2222222222222222,1.0265822784810126,0.10732208333333333,20241226092756939_sardine_good_(0).png,yes,yes
18.0,4.0,19.0,15.0,2.0,0.007961783439490446,49.0,50.0,0.2222222222222222,1.0231189575451871,0.11122680555555556,20241226092756939_sardine_good_(1).png,yes,yes
17.0,3.0,17.0,15.0,2.0,0.007894736842105263,41.0,39.0,0.17647058823529413,1.0196436729100045,0.08877131944444444,20241226092814151_sardine_good_(0).png,yes,yes
18.0,4.0,19.0,15.0,2.0,0.007894736842105263,46.0,49.0,0.2222222222222222,1.0309493935591802,0.11063590277777778,20241226092814151_sardine_good_(1).png,yes,yes
17.0,4.0,18.0,15.0,2.0,0.007982969664715274,43.0,49.0,0.23529411764705882,1.0257104194857916,0.10812,20241226092835338_sardine_good_(0).png,yes,yes
18.0,4.0,18.0,15.0,2.0,0.007982969664715274,44.0,46.0,0.2222222222222222,1.0272527472527473,0.10057256944444444,20241226092835338_sardine_good_(1).png,yes,yes
18.0,3.0,18.0,15.0,2.0,0.00823271130625686,45.0,47.0,0.16666666666666666,1.0204731574158326,0.09822770833333333,20241226092844758_sardine_good_(0).png,yes,yes
17.0,3.0,17.0,15.0,2.0,0.00823271130625686,41.0,40.0,0.17647058823529413,1.0178403755868544,0.08308416666666667,20241226092844758_sardine_good_(1).png,yes,yes
17.0,5.0,18.0,15.0,2.0,0.008116883116883116,44.0,45.0,0.29411764705882354,1.0530852994555353,0.0958332638888889,20241226092912129_sardine_good_(0).png,yes,yes
18.0,4.0,18.0,15.0,2.0,0.008116883116883116,46.0,47.0,0.2222222222222222,1.0359712230215827,0.10078527777777778,20241226092912129_sardine_good_(1).png,yes,yes
19.0,5.0,20.0,15.0,2.0,0.007503751875937969,50.0,53.0,0.2631578947368421,1.0319391634980988,0.1326629861111111,20241226092921158_sardine_good_(0).png,yes,yes
19.0,5.0,20.0,15.0,2.0,0.007503751875937969,52.0,57.0,0.2631578947368421,1.0326944757609922,0.1417973611111111,20241226092921158_sardine_good_(1).png,yes,yes
16.0,4.0,17.0,15.0,1.0,0.007429420505200594,41.0,43.0,0.25,1.040485829959514,0.10828152777777778,20241226092931787_sardine_good_(0).png,yes,yes
19.0,4.0,20.0,15.0,1.0,0.007429420505200594,49.0,52.0,0.21052631578947367,1.0208175624526874,0.13196180555555556,20241226092931787_sardine_good_(1).png,yes,yes
16.0,4.0,17.0,15.0,2.0,0.007579585649317837,41.0,42.0,0.25,1.0292792792792793,0.10267805555555555,20241226092943718_sardine_good_(0).png,yes,yes
17.0,4.0,17.0,15.0,2.0,0.007579585649317837,44.0,48.0,0.23529411764705882,1.0402654867256638,0.11811840277777778,20241226092943718_sardine_good_(1).png,yes,yes
18.0,4.0,18.0,15.0,2.0,0.007522567703109328,44.0,50.0,0.2222222222222222,1.0348789495281083,0.12461576388888888,20241226092957825_sardine_good_(0).png,yes,yes
17.0,3.0,18.0,15.0,2.0,0.007522567703109328,43.0,47.0,0.17647058823529413,1.023086789226165,0.11685395833333333,20241226092957825_sardine_good_(1).png,yes,yes
19.0,5.0,20.0,15.0,2.0,0.007653061224489796,50.0,55.0,0.2631578947368421,1.03452334248725,0.1316072222222222,20241226093010687_sardine_good_(0).png,yes,yes
18.0,3.0,18.0,15.0,2.0,0.007653061224489796,45.0,47.0,0.16666666666666666,1.0225340136054422,0.11158347222222222,20241226093010687_sardine_good_(1).png,yes,yes
18.0,4.0,18.0,15.0,2.0,0.0075528700906344415,45.0,44.0,0.2222222222222222,1.0253994264645636,0.107331875,20241226093104899_sardine_good_(0).png,yes,yes
19.0,5.0,20.0,15.0,2.0,0.0075528700906344415,50.0,53.0,0.2631578947368421,1.0334358186010761,0.13044090277777778,20241226093104899_sardine_good_(1).png,yes,yes
19.0,4.0,19.0,15.0,1.0,0.007295719844357977,49.0,50.0,0.21052631578947367,1.025187969924812,0.13234166666666666,20241226093116019_sardine_good_(0).png,yes,yes
18.0,4.0,19.0,15.0,1.0,0.007295719844357977,45.0,43.0,0.2222222222222222,1.0254702194357366,0.1144392361111111,20241226093116019_sardine_good_(1).png,yes,yes
17.0,3.0,17.0,15.0,1.0,0.007204610951008645,43.0,41.0,0.17647058823529413,1.0243186582809225,0.111750625,20241226093128858_sardine_good_(0).png,yes,yes
18.0,3.0,18.0,15.0,1.0,0.007204610951008645,43.0,44.0,0.16666666666666666,1.0168495297805642,0.117830625,20241226093128858_sardine_good_(1).png,yes,yes
17.0,3.0,17.0,15.0,1.0,0.007204610951008645,43.0,41.0,0.17647058823529413,1.0243186582809225,0.111750625,20241226093130513_sardine_good_(0).png,yes,yes
18.0,3.0,18.0,15.0,1.0,0.007204610951008645,43.0,44.0,0.16666666666666666,1.0168495297805642,0.117830625,20241226093130513_sardine_good_(1).png,yes,yes
17.0,4.0,18.0,15.0,2.0,0.007411067193675889,44.0,42.0,0.23529411764705882,1.0290037831021437,0.10641354166666667,20241226093138549_sardine_good_(0).png,yes,yes
20.0,4.0,20.0,15.0,2.0,0.007411067193675889,51.0,51.0,0.2,1.0277572168763878,0.13071409722222221,20241226093138549_sardine_good_(1).png,yes,yes
18.0,3.0,18.0,15.0,2.0,0.007804370447450572,46.0,48.0,0.16666666666666666,1.0216376750106066,0.11000527777777777,20241226093148420_sardine_good_(0).png,yes,yes
20.0,4.0,20.0,15.0,2.0,0.007804370447450572,52.0,58.0,0.2,1.028207109737249,0.13248513888888888,20241226093148420_sardine_good_(1).png,yes,yes
20.0,4.0,20.0,15.0,2.0,0.007995735607675906,51.0,52.0,0.2,1.0290994887927645,0.11401847222222222,20241226093155802_sardine_good_(0).png,yes,yes
19.0,3.0,19.0,15.0,2.0,0.007995735607675906,47.0,47.0,0.15789473684210525,1.0175219023779725,0.10260361111111112,20241226093155802_sardine_good_(1).png,yes,yes
19.0,5.0,19.0,15.0,2.0,0.007886435331230283,45.0,50.0,0.2631578947368421,1.04080791426216,0.11307243055555556,20241226093217103_sardine_good_(0).png,yes,yes
18.0,4.0,18.0,15.0,2.0,0.007886435331230283,45.0,46.0,0.2222222222222222,1.0277536860364267,0.10456451388888889,20241226093217103_sardine_good_(1).png,yes,yes
17.0,3.0,18.0,15.0,2.0,0.007042253521126761,43.0,46.0,0.17647058823529413,1.0233570863024544,0.1301620138888889,20241226093226863_sardine_good_(0).png,yes,yes
18.0,4.0,18.0,15.0,2.0,0.007042253521126761,46.0,50.0,0.2222222222222222,1.0256410256410255,0.14219854166666668,20241226093226863_sardine_good_(1).png,yes,yes
18.0,4.0,19.0,15.0,2.0,0.007170172084130019,46.0,49.0,0.2222222222222222,1.0272006044578768,0.1339409027777778,20241226093312727_sardine_good_(0).png,yes,yes
19.0,3.0,20.0,15.0,2.0,0.007170172084130019,50.0,52.0,0.15789473684210525,1.02007299270073,0.14201194444444445,20241226093312727_sardine_good_(1).png,yes,yes
2.0,2.0,3.0,15.0,2.0,0.007170172084130019,10.0,2.0,1.0,1.4081081081081082,0.0073929861111111115,20241226093312727_sardine_good_(2).png,yes,yes
19.0,4.0,19.0,15.0,2.0,0.00709891150023663,47.0,48.0,0.21052631578947367,1.026012634708287,0.13231805555555556,20241226093323990_sardine_good_(0).png,yes,yes
20.0,5.0,21.0,15.0,2.0,0.00709891150023663,51.0,57.0,0.25,1.0308324768756423,0.15831701388888889,20241226093323990_sardine_good_(1).png,yes,yes
20.0,4.0,20.0,15.0,1.0,0.006830601092896175,49.0,56.0,0.2,1.0264586160108549,0.16768430555555555,20241226093344733_sardine_good_(0).png,yes,yes
19.0,4.0,19.0,15.0,1.0,0.006830601092896175,46.0,54.0,0.21052631578947367,1.0231399074403702,0.1612765277777778,20241226093344733_sardine_good_(1).png,yes,yes
17.0,4.0,17.0,15.0,2.0,0.0075075075075075074,43.0,42.0,0.23529411764705882,1.0299295774647887,0.10580166666666667,20241226093359642_sardine_good_(0).png,yes,yes
19.0,4.0,20.0,15.0,2.0,0.0075075075075075074,49.0,55.0,0.21052631578947367,1.0206028233498665,0.13614104166666666,20241226093359642_sardine_good_(1).png,yes,yes
17.0,3.0,18.0,15.0,1.0,0.0070555032925682035,43.0,43.0,0.17647058823529413,1.0226550079491257,0.12184388888888889,20241226093408797_sardine_good_(0).png,yes,yes
18.0,4.0,18.0,15.0,1.0,0.0070555032925682035,44.0,45.0,0.2222222222222222,1.0257296466973886,0.12762034722222224,20241226093408797_sardine_good_(1).png,yes,yes
19.0,5.0,20.0,15.0,2.0,0.0072254335260115606,47.0,47.0,0.2631578947368421,1.0330732069862505,0.1272940277777778,20241226093418062_sardine_good_(0).png,yes,yes
19.0,4.0,19.0,15.0,2.0,0.0072254335260115606,48.0,48.0,0.21052631578947367,1.031072375899962,0.128505625,20241226093418062_sardine_good_(1).png,yes,yes
18.0,5.0,18.0,15.0,1.0,0.006871278057718736,44.0,48.0,0.2777777777777778,1.0526115135341212,0.14262083333333334,20241226093440700_sardine_good_(0).png,yes,yes
17.0,3.0,18.0,15.0,1.0,0.006871278057718736,42.0,45.0,0.17647058823529413,1.0210808738980452,0.1342725,20241226093440700_sardine_good_(1).png,yes,yes
19.0,4.0,20.0,15.0,2.0,0.007129277566539924,47.0,53.0,0.21052631578947367,1.0207142857142857,0.146341875,20241226093451317_sardine_good_(0).png,yes,yes
17.0,3.0,17.0,15.0,2.0,0.007129277566539924,42.0,43.0,0.17647058823529413,1.0230642504118617,0.11985756944444445,20241226093451317_sardine_good_(1).png,yes,yes
18.0,3.0,19.0,15.0,2.0,0.006950880444856348,47.0,47.0,0.16666666666666666,1.0212844036697248,0.13658840277777778,20241226093513760_sardine_good_(0).png,yes,yes
21.0,5.0,22.0,15.0,2.0,0.006950880444856348,53.0,61.0,0.23809523809523808,1.0329811079090618,0.17751,20241226093513760_sardine_good_(1).png,yes,yes
19.0,4.0,20.0,15.0,2.0,0.007796257796257797,49.0,56.0,0.21052631578947367,1.0267400707825403,0.1282823611111111,20241226093528884_sardine_good_(0).png,yes,yes
18.0,3.0,18.0,15.0,2.0,0.007796257796257797,46.0,47.0,0.16666666666666666,1.022804054054054,0.10947944444444445,20241226093528884_sardine_good_(1).png,yes,yes
18.0,4.0,19.0,15.0,2.0,0.007614213197969543,45.0,44.0,0.2222222222222222,1.0313272877164057,0.10589548611111112,20241226093537825_sardine_good_(0).png,yes,yes
20.0,5.0,20.0,15.0,2.0,0.007614213197969543,49.0,49.0,0.25,1.031758034026465,0.11963923611111112,20241226093537825_sardine_good_(1).png,yes,yes
17.0,6.0,18.0,15.0,1.0,0.0075528700906344415,43.0,40.0,0.35294117647058826,1.0594059405940595,0.09772395833333333,20241226093552648_sardine_good_(0).png,yes,yes
15.0,6.0,17.0,15.0,1.0,0.0075528700906344415,39.0,37.0,0.4,1.0713273500236182,0.09018416666666666,20241226093552648_sardine_good_(1).png,yes,yes
16.0,4.0,17.0,15.0,1.0,0.007260406582768635,42.0,42.0,0.25,1.035064935064935,0.11141694444444444,20241226093602267_sardine_good_(0).png,yes,yes
16.0,3.0,16.0,15.0,1.0,0.007260406582768635,41.0,40.0,0.1875,1.0251433612704015,0.10618770833333334,20241226093602267_sardine_good_(1).png,yes,yes
18.0,5.0,19.0,15.0,2.0,0.006558810668998688,45.0,41.0,0.2777777777777778,1.0375,0.13306930555555554,20241226093611866_sardine_good_(0).png,yes,yes
17.0,3.0,18.0,15.0,2.0,0.006558810668998688,44.0,42.0,0.17647058823529413,1.0189504373177842,0.13669958333333335,20241226093611866_sardine_good_(1).png,yes,yes
19.0,5.0,20.0,15.0,2.0,0.0067506750675067504,46.0,48.0,0.2631578947368421,1.0359135285913528,0.14807784722222223,20241226093621126_sardine_good_(0).png,yes,yes
18.0,4.0,18.0,15.0,2.0,0.0067506750675067504,45.0,44.0,0.2222222222222222,1.0308779761904763,0.13599895833333334,20241226093621126_sardine_good_(1).png,yes,yes
16.0,3.0,16.0,15.0,2.0,0.007288629737609329,41.0,36.0,0.1875,1.0196779964221825,0.09591694444444444,20241226093629571_sardine_good_(0).png,yes,yes
18.0,3.0,18.0,15.0,2.0,0.007288629737609329,46.0,41.0,0.16666666666666666,1.0170040485829959,0.10810868055555556,20241226093629571_sardine_good_(1).png,yes,yes
18.0,7.0,19.0,15.0,3.0,0.0084985835694051,47.0,43.0,0.3888888888888889,1.074814126394052,0.08311729166666666,20241226093642430_sardine_good_(0).png,yes,yes
18.0,5.0,19.0,15.0,3.0,0.0084985835694051,45.0,43.0,0.2777777777777778,1.0399449035812671,0.083935625,20241226093642430_sardine_good_(1).png,yes,yes
18.0,4.0,19.0,15.0,1.0,0.007556675062972292,46.0,49.0,0.2222222222222222,1.032,0.11925979166666667,20241226093656156_sardine_good_(0).png,yes,yes
17.0,3.0,18.0,15.0,1.0,0.007556675062972292,43.0,42.0,0.17647058823529413,1.0205215904232579,0.10446604166666666,20241226093656156_sardine_good_(1).png,yes,yes
18.0,4.0,19.0,15.0,2.0,0.007072135785007072,46.0,47.0,0.2222222222222222,1.0315315315315314,0.13235666666666668,20241226093707240_sardine_good_(0).png,yes,yes
17.0,3.0,18.0,15.0,2.0,0.007072135785007072,43.0,42.0,0.17647058823529413,1.017751479289941,0.11799659722222222,20241226093707240_sardine_good_(1).png,yes,yes
17.0,3.0,18.0,15.0,1.0,0.006852444038373686,46.0,41.0,0.17647058823529413,1.0195702225633154,0.12317708333333334,20241226093715139_sardine_good_(0).png,yes,yes
18.0,3.0,18.0,15.0,1.0,0.006852444038373686,46.0,45.0,0.16666666666666666,1.0216903515332836,0.13522791666666667,20241226093715139_sardine_good_(1).png,yes,yes
18.0,3.0,18.0,15.0,2.0,0.0066815144766146995,45.0,44.0,0.16666666666666666,1.0224099926524615,0.13960048611111112,20241226093726581_sardine_good_(0).png,yes,yes
17.0,3.0,18.0,15.0,2.0,0.0066815144766146995,45.0,43.0,0.17647058823529413,1.0201944652206432,0.13468444444444444,20241226093726581_sardine_good_(1).png,yes,yes
19.0,4.0,19.0,15.0,2.0,0.006941230911614993,47.0,45.0,0.21052631578947367,1.0276363636363637,0.1309163888888889,20241226093736605_sardine_good_(0).png,yes,yes
18.0,4.0,18.0,15.0,2.0,0.006941230911614993,46.0,41.0,0.2222222222222222,1.02868068833652,0.11991986111111111,20241226093736605_sardine_good_(1).png,yes,yes
17.0,4.0,18.0,15.0,2.0,0.007045561296383279,40.0,40.0,0.23529411764705882,1.0335329341317365,0.1141401388888889,20241226093748794_sardine_good_(0).png,yes,yes
16.0,3.0,17.0,15.0,2.0,0.007045561296383279,43.0,39.0,0.1875,1.021294363256785,0.10958972222222223,20241226093748794_sardine_good_(1).png,yes,yes
16.0,3.0,17.0,15.0,2.0,0.006999533364442371,40.0,39.0,0.1875,1.0259522812892423,0.11074506944444444,20241226093805674_sardine_good_(0).png,yes,yes
17.0,3.0,18.0,15.0,2.0,0.006999533364442371,43.0,43.0,0.17647058823529413,1.0205859065716547,0.12209666666666667,20241226093805674_sardine_good_(1).png,yes,yes
17.0,3.0,18.0,15.0,2.0,0.0071056371387967785,44.0,41.0,0.17647058823529413,1.0188376753507014,0.113021875,20241226093819798_sardine_good_(0).png,yes,yes
17.0,4.0,18.0,15.0,2.0,0.0071056371387967785,46.0,43.0,0.23529411764705882,1.0309769658459094,0.11889548611111111,20241226093819798_sardine_good_(1).png,yes,yes
17.0,3.0,17.0,15.0,1.0,0.007270964614638876,42.0,42.0,0.17647058823529413,1.0212314225053079,0.11153111111111111,20241226093827516_sardine_good_(0).png,yes,yes
17.0,3.0,17.0,15.0,1.0,0.007270964614638876,42.0,44.0,0.17647058823529413,1.0217391304347827,0.1174473611111111,20241226093827516_sardine_good_(1).png,yes,yes
18.0,3.0,18.0,15.0,1.0,0.007720020586721565,45.0,43.0,0.16666666666666666,1.021869639794168,0.10251534722222222,20241226093836607_sardine_good_(0).png,yes,yes
18.0,4.0,18.0,15.0,1.0,0.007720020586721565,46.0,45.0,0.2222222222222222,1.03155237694573,0.10543972222222223,20241226093836607_sardine_good_(1).png,yes,yes
17.0,4.0,18.0,15.0,2.0,0.0072254335260115606,45.0,43.0,0.23529411764705882,1.0338085539714867,0.11532493055555555,20241226093845182_sardine_good_(0).png,yes,yes
16.0,3.0,16.0,15.0,2.0,0.0072254335260115606,39.0,32.0,0.1875,1.0175834084761046,0.0873625,20241226093845182_sardine_good_(1).png,yes,yes
19.0,3.0,19.0,15.0,1.0,0.007338551859099804,48.0,46.0,0.15789473684210525,1.019238023387401,0.11981236111111111,20241226093856471_sardine_good_(0).png,yes,yes
17.0,4.0,17.0,15.0,1.0,0.007338551859099804,44.0,40.0,0.23529411764705882,1.0256302521008402,0.10504958333333334,20241226093856471_sardine_good_(1).png,yes,yes
17.0,4.0,17.0,15.0,1.0,0.007072135785007072,44.0,40.0,0.23529411764705882,1.0317460317460319,0.11179034722222222,20241226093912081_sardine_good_(0).png,yes,yes
17.0,3.0,17.0,15.0,1.0,0.007072135785007072,41.0,35.0,0.17647058823529413,1.0172343044727123,0.09956381944444445,20241226093912081_sardine_good_(1).png,yes,yes
18.0,4.0,18.0,15.0,1.0,0.00702576112412178,46.0,44.0,0.2222222222222222,1.0271739130434783,0.12646888888888888,20241226093921187_sardine_good_(0).png,yes,yes
19.0,4.0,19.0,15.0,1.0,0.00702576112412178,48.0,49.0,0.21052631578947367,1.0228276877761413,0.13870305555555557,20241226093921187_sardine_good_(1).png,yes,yes
18.0,4.0,19.0,15.0,2.0,0.0074367873078829945,47.0,43.0,0.2222222222222222,1.027699718988358,0.10987,20241226093933706_sardine_good_(0).png,yes,yes
17.0,4.0,18.0,15.0,2.0,0.0074367873078829945,45.0,43.0,0.23529411764705882,1.0372852953498115,0.10813729166666666,20241226093933706_sardine_good_(1).png,yes,yes
17.0,4.0,17.0,15.0,2.0,0.007102272727272727,42.0,46.0,0.23529411764705882,1.0386831275720165,0.12936083333333334,20241226093947547_sardine_good_(0).png,yes,yes
16.0,4.0,17.0,15.0,2.0,0.007102272727272727,38.0,42.0,0.25,1.030199914929817,0.11811375,20241226093947547_sardine_good_(1).png,yes,yes
16.0,4.0,17.0,15.0,2.0,0.007530120481927711,40.0,42.0,0.25,1.0359389038634321,0.10390652777777777,20241226093959443_sardine_good_(0).png,yes,yes
17.0,3.0,18.0,15.0,2.0,0.007530120481927711,44.0,46.0,0.17647058823529413,1.0243693886276186,0.11273291666666667,20241226093959443_sardine_good_(1).png,yes,yes
18.0,4.0,19.0,15.0,1.0,0.006983240223463687,46.0,48.0,0.2222222222222222,1.0221975582685905,0.13865604166666667,20241226094008949_sardine_good_(0).png,yes,yes
17.0,4.0,18.0,15.0,1.0,0.006983240223463687,44.0,43.0,0.23529411764705882,1.033650039588282,0.12520083333333334,20241226094008949_sardine_good_(1).png,yes,yes
14.0,4.0,15.0,15.0,2.0,0.007579585649317837,37.0,33.0,0.2857142857142857,1.0390862944162436,0.08111104166666666,20241226094019273_sardine_good_(0).png,yes,yes
16.0,4.0,17.0,15.0,2.0,0.007579585649317837,42.0,42.0,0.25,1.0315068493150685,0.10244368055555556,20241226094019273_sardine_good_(1).png,yes,yes
18.0,4.0,19.0,15.0,1.0,0.007285089849441476,45.0,44.0,0.2222222222222222,1.0250391236306728,0.11758020833333334,20241226094053413_sardine_good_(0).png,yes,yes
18.0,4.0,18.0,15.0,1.0,0.007285089849441476,46.0,46.0,0.2222222222222222,1.0302547770700636,0.12130715277777777,20241226094053413_sardine_good_(1).png,yes,yes
19.0,5.0,19.0,15.0,2.0,0.00741839762611276,46.0,50.0,0.2631578947368421,1.0346168805912097,0.12821680555555556,20241226094108468_sardine_good_(0).png,yes,yes
16.0,3.0,16.0,15.0,2.0,0.00741839762611276,42.0,43.0,0.1875,1.0257801899592944,0.10873979166666667,20241226094108468_sardine_good_(1).png,yes,yes
17.0,3.0,17.0,15.0,2.0,0.007511266900350526,42.0,43.0,0.17647058823529413,1.0220397579948142,0.10620777777777778,20241226094120617_sardine_good_(0).png,yes,yes
16.0,3.0,16.0,15.0,2.0,0.007511266900350526,40.0,41.0,0.1875,1.0265689418231791,0.10250180555555556,20241226094120617_sardine_good_(1).png,yes,yes
18.0,4.0,19.0,15.0,1.0,0.006702412868632708,46.0,48.0,0.2222222222222222,1.0230169971671388,0.14987333333333333,20241226094133080_sardine_good_(0).png,yes,yes
17.0,4.0,18.0,15.0,1.0,0.006702412868632708,42.0,44.0,0.23529411764705882,1.0292998477929984,0.13713479166666667,20241226094133080_sardine_good_(1).png,yes,yes
17.0,4.0,18.0,15.0,2.0,0.007187350263536177,44.0,44.0,0.23529411764705882,1.0277551020408164,0.11838256944444445,20241226094139815_sardine_good_(0).png,yes,yes
20.0,4.0,20.0,15.0,2.0,0.007187350263536177,51.0,55.0,0.2,1.0220326936744848,0.14873131944444445,20241226094139815_sardine_good_(1).png,yes,yes
17.0,5.0,18.0,15.0,2.0,0.007371007371007371,44.0,49.0,0.29411764705882354,1.0394574599260173,0.12757555555555555,20241226094148877_sardine_good_(0).png,yes,yes
18.0,5.0,18.0,15.0,2.0,0.007371007371007371,45.0,48.0,0.2777777777777778,1.0439024390243903,0.12407534722222222,20241226094148877_sardine_good_(1).png,yes,yes
16.0,3.0,16.0,15.0,2.0,0.006858710562414266,40.0,37.0,0.1875,1.0277310924369747,0.1119275,20241226094156493_sardine_good_(0).png,yes,yes
17.0,3.0,17.0,15.0,2.0,0.006858710562414266,43.0,47.0,0.17647058823529413,1.0240346729708432,0.1402422222222222,20241226094156493_sardine_good_(1).png,yes,yes
18.0,4.0,18.0,15.0,2.0,0.007371007371007371,44.0,47.0,0.2222222222222222,1.0293637846655792,0.12131479166666667,20241226094205240_sardine_good_(0).png,yes,yes
16.0,3.0,17.0,15.0,2.0,0.007371007371007371,41.0,43.0,0.1875,1.0271691498685365,0.11004875,20241226094205240_sardine_good_(1).png,yes,yes
17.0,4.0,18.0,15.0,1.0,0.0067842605156037995,45.0,44.0,0.23529411764705882,1.0323562999619338,0.1344948611111111,20241226094214094_sardine_good_(0).png,yes,yes
19.0,3.0,19.0,15.0,1.0,0.0067842605156037995,47.0,48.0,0.15789473684210525,1.0192650731359258,0.145735,20241226094214094_sardine_good_(1).png,yes,yes
16.0,3.0,17.0,15.0,2.0,0.007633587786259542,41.0,40.0,0.1875,1.026965265082267,0.09585027777777778,20241226094222986_sardine_good_(0).png,yes,yes
17.0,3.0,18.0,15.0,2.0,0.007633587786259542,44.0,49.0,0.17647058823529413,1.0229982964224873,0.11718694444444444,20241226094222986_sardine_good_(1).png,yes,yes
18.0,4.0,19.0,15.0,2.0,0.007641365257259297,45.0,46.0,0.2222222222222222,1.0326986754966887,0.11145965277777778,20241226094233254_sardine_good_(0).png,yes,yes
18.0,4.0,19.0,15.0,2.0,0.007641365257259297,45.0,51.0,0.2222222222222222,1.0277098614506928,0.12242270833333334,20241226094233254_sardine_good_(1).png,yes,yes
17.0,5.0,18.0,15.0,2.0,0.008319467554076539,43.0,40.0,0.29411764705882354,1.0429799426934097,0.08161618055555556,20241226094244946_sardine_good_(0).png,yes,yes
17.0,5.0,18.0,15.0,2.0,0.008319467554076539,45.0,42.0,0.29411764705882354,1.047438330170778,0.08541916666666667,20241226094244946_sardine_good_(1).png,yes,yes
17.0,5.0,17.0,15.0,1.0,0.008169934640522876,42.0,44.0,0.29411764705882354,1.053742802303263,0.09165770833333334,20241226094255151_sardine_good_(0).png,yes,yes
17.0,4.0,18.0,15.0,1.0,0.008169934640522876,44.0,49.0,0.23529411764705882,1.0350069092584062,0.1022645138888889,20241226094255151_sardine_good_(1).png,yes,yes
17.0,3.0,17.0,15.0,2.0,0.007526342197691922,42.0,45.0,0.17647058823529413,1.025460930640913,0.11087076388888889,20241226094306124_sardine_good_(0).png,yes,yes
17.0,4.0,18.0,15.0,2.0,0.007526342197691922,44.0,48.0,0.23529411764705882,1.0303669337832138,0.11779298611111111,20241226094306124_sardine_good_(1).png,yes,yes
20.0,4.0,21.0,15.0,3.0,0.008620689655172414,52.0,54.0,0.2,1.02341824157765,0.1023257638888889,20241226094320420_sardine_good_(0).png,yes,yes
19.0,4.0,20.0,15.0,3.0,0.008620689655172414,49.0,50.0,0.21052631578947367,1.0240384615384615,0.09472090277777778,20241226094320420_sardine_good_(1).png,yes,yes
16.0,3.0,16.0,15.0,1.0,0.007481296758104738,41.0,35.0,0.1875,1.0262206148282098,0.08870868055555556,20241226094332749_sardine_good_(0).png,yes,yes
16.0,5.0,17.0,15.0,1.0,0.007481296758104738,38.0,37.0,0.3125,1.0528249885163068,0.09376284722222222,20241226094332749_sardine_good_(1).png,yes,yes
18.0,3.0,18.0,15.0,2.0,0.008055853920515575,44.0,48.0,0.16666666666666666,1.0217006200177148,0.10405875,20241226094351925_sardine_good_(0).png,yes,yes
18.0,5.0,19.0,15.0,2.0,0.008055853920515575,43.0,53.0,0.2777777777777778,1.0476606908613906,0.11397944444444444,20241226094351925_sardine_good_(1).png,yes,yes
17.0,4.0,17.0,15.0,2.0,0.007836990595611285,42.0,45.0,0.23529411764705882,1.0289461781999096,0.10194993055555555,20241226094414154_sardine_good_(0).png,yes,yes
17.0,4.0,18.0,15.0,2.0,0.007836990595611285,44.0,50.0,0.23529411764705882,1.0296198054818744,0.11415409722222222,20241226094414154_sardine_good_(1).png,yes,yes
16.0,3.0,16.0,15.0,1.0,0.007462686567164179,41.0,41.0,0.1875,1.0258503401360544,0.10435347222222222,20241226094426708_sardine_good_(0).png,yes,yes
17.0,3.0,18.0,15.0,1.0,0.007462686567164179,44.0,47.0,0.17647058823529413,1.02318718381113,0.11806972222222223,20241226094426708_sardine_good_(1).png,yes,yes
16.0,3.0,16.0,15.0,2.0,0.0073964497041420114,38.0,39.0,0.1875,1.0213442325158946,0.10135076388888889,20241226094445789_sardine_good_(0).png,yes,yes
18.0,5.0,19.0,15.0,2.0,0.0073964497041420114,44.0,47.0,0.2777777777777778,1.0523964256701868,0.12049194444444444,20241226094445789_sardine_good_(1).png,yes,yes
18.0,4.0,19.0,15.0,3.0,0.007720020586721565,46.0,51.0,0.2222222222222222,1.0246103363412633,0.12111090277777778,20241226094455566_sardine_good_(0).png,yes,yes
18.0,4.0,19.0,15.0,3.0,0.007720020586721565,46.0,50.0,0.2222222222222222,1.0225872689938398,0.11753944444444445,20241226094455566_sardine_good_(1).png,yes,yes
19.0,4.0,19.0,15.0,2.0,0.0077279752704791345,46.0,51.0,0.21052631578947367,1.0271364925070878,0.11888284722222223,20241226094503174_sardine_good_(0).png,yes,yes
16.0,3.0,16.0,15.0,2.0,0.0077279752704791345,41.0,40.0,0.1875,1.0208728652751422,0.09435652777777778,20241226094503174_sardine_good_(1).png,yes,yes
18.0,3.0,18.0,15.0,3.0,0.007886435331230283,46.0,45.0,0.16666666666666666,1.0229337948939854,0.10172097222222222,20241226094518557_sardine_good_(0).png,yes,yes
19.0,4.0,19.0,15.0,3.0,0.007886435331230283,49.0,52.0,0.21052631578947367,1.0223395613322501,0.11682722222222222,20241226094518557_sardine_good_(1).png,yes,yes
19.0,5.0,20.0,15.0,1.0,0.0071056371387967785,49.0,47.0,0.2631578947368421,1.0341637010676157,0.12976673611111111,20241226094537477_sardine_good_(0).png,yes,yes
20.0,4.0,20.0,15.0,1.0,0.0071056371387967785,50.0,53.0,0.2,1.0233368164402648,0.14607680555555555,20241226094537477_sardine_good_(1).png,yes,yes
