Date,Filename,Species,Class,Reason
2023-06-08,IMG20230608080643.jpg,Mackerel,Good,Manual_data
2023-06-08,IMG20230608080649.jpg,Mackerel,Good,Manual_data
2023-06-08,IMG20230608080700.jpg,Mackerel,Good,Manual_data
2023-06-08,IMG20230608080655.jpg,Mackerel,Good,Manual_data
2023-06-08,IMG20230608080717.jpg,Mackerel,Good,Manual_data
2023-06-08,IMG20230608080738.jpg,Mackerel,Good,Manual_data
2023-06-08,IMG20230608080727.jpg,Mackerel,Good,Manual_data
2023-06-08,IMG20230608080723.jpg,Mackerel,Good,Manual_data
2023-06-08,IMG20230608080733.jpg,Mackerel,Good,Manual_data
2023-06-08,IMG20230608080753.jpg,Mackerel,Good,Manual_data
2023-06-08,IMG20230608080809.jpg,Mackerel,Good,Manual_data
2023-06-08,IMG20230608080742.jpg,Mackerel,Good,Manual_data
2023-06-08,IMG20230608080747.jpg,Mackerel,Good,Manual_data
2023-06-08,IMG20230608081407.jpg,Mackerel,Good,Manual_data
2023-06-08,IMG20230608081416.jpg,Mackerel,Good,Manual_data
2023-06-08,IMG20230608081419.jpg,Mackerel,Good,Manual_data
2023-06-08,IMG20230608081443.jpg,Mackerel,Good,Manual_data
2023-06-08,IMG20230608081446.jpg,Mackerel,Good,Manual_data
2023-06-08,IMG20230608081431.jpg,Mackerel,Good,Manual_data
2023-06-08,IMG20230608081435.jpg,Mackerel,Good,Manual_data
2023-06-08,IMG20230608081506.jpg,Mackerel,Good,Manual_data
2023-06-08,IMG20230608081502.jpg,Mackerel,Good,Manual_data
2023-06-08,IMG20230608081450.jpg,Mackerel,Good,Manual_data
2023-06-08,IMG20230608081454.jpg,Mackerel,Good,Manual_data
2023-06-08,IMG20230608081522.jpg,Mackerel,Good,Manual_data
2023-06-08,IMG20230608081517.jpg,Mackerel,Good,Manual_data
2023-06-08,IMG20230608081513.jpg,Mackerel,Good,Manual_data
2023-06-08,IMG20230608081526.jpg,Mackerel,Good,Manual_data
2023-06-08,IMG20230608081542.jpg,Mackerel,Good,Manual_data
2023-06-08,IMG20230608081531.jpg,Mackerel,Good,Manual_data
2023-06-08,IMG20230608081535.jpg,Mackerel,Good,Manual_data
2023-06-08,IMG20230608081538.jpg,Mackerel,Good,Manual_data
2023-06-08,IMG20230608080708.jpg,Mackerel,Good,Manual_data
2023-06-08,IMG20230608080759.jpg,Mackerel,Good,Manual_data
2023-06-08,IMG20230608081425.jpg,Mackerel,Good,Manual_data
2023-06-08,IMG20230608081548.jpg,Mackerel,Good,Manual_data
2023-06-08,IMG20230608080444.jpg,Mackerel,Bad,Manual_data
2023-06-08,IMG20230608080422.jpg,Mackerel,Bad,Manual_data
2023-06-08,IMG20230608080442.jpg,Mackerel,Bad,Manual_data
2023-06-08,IMG20230608080455.jpg,Mackerel,Bad,Manual_data
2023-06-08,IMG20230608080458.jpg,Mackerel,Bad,Manual_data
2023-06-08,IMG20230608080504.jpg,Mackerel,Bad,Manual_data
2023-06-08,IMG20230608080537.jpg,Mackerel,Bad,Manual_data
2023-06-08,IMG20230608080544.jpg,Mackerel,Bad,Manual_data
2023-06-08,IMG20230608080541.jpg,Mackerel,Bad,Manual_data
2023-06-08,IMG20230608080552.jpg,Mackerel,Bad,Manual_data
2023-06-08,IMG20230608080558.jpg,Mackerel,Bad,Manual_data
2023-06-08,IMG20230608080603.jpg,Mackerel,Bad,Manual_data
2023-06-08,IMG20230608080548.jpg,Mackerel,Bad,Manual_data
2023-06-08,IMG20230608080616.jpg,Mackerel,Bad,Manual_data
2023-06-08,IMG20230608080609.jpg,Mackerel,Bad,Manual_data
2023-06-08,IMG20230608080608.jpg,Mackerel,Bad,Manual_data
2023-06-08,IMG20230608080612.jpg,Mackerel,Bad,Manual_data
2023-06-08,IMG20230608080622.jpg,Mackerel,Bad,Manual_data
2023-06-08,IMG20230608080824.jpg,Mackerel,Bad,Manual_data
2023-06-08,IMG20230608080836.jpg,Mackerel,Bad,Manual_data
2023-06-08,IMG20230608080830.jpg,Mackerel,Bad,Manual_data
2023-06-08,IMG20230608080910.jpg,Mackerel,Bad,Manual_data
2023-06-08,IMG20230608080849.jpg,Mackerel,Bad,Manual_data
2023-06-08,IMG20230608080843.jpg,Mackerel,Bad,Manual_data
2023-06-08,IMG20230608080902.jpg,Mackerel,Bad,Manual_data
2023-06-08,IMG20230608080854.jpg,Mackerel,Bad,Manual_data
2023-06-08,IMG20230608080916.jpg,Mackerel,Bad,Manual_data
2023-06-08,IMG20230608081244.jpg,Mackerel,Bad,Manual_data
2023-06-08,IMG20230608080923.jpg,Mackerel,Bad,Manual_data
2023-06-08,IMG20230608080932.jpg,Mackerel,Bad,Manual_data
2023-06-08,IMG20230608081254.jpg,Mackerel,Bad,Manual_data
2023-06-08,IMG20230608081258.jpg,Mackerel,Bad,Manual_data
2023-06-08,IMG20230608081302.jpg,Mackerel,Bad,Manual_data
2023-06-08,IMG20230608081249.jpg,Mackerel,Bad,Manual_data
2023-06-08,IMG20230608081306.jpg,Mackerel,Bad,Manual_data
2023-06-08,IMG20230608081320.jpg,Mackerel,Bad,Manual_data
2023-06-08,IMG20230608081314.jpg,Mackerel,Bad,Manual_data
2023-06-08,IMG20230608081310.jpg,Mackerel,Bad,Manual_data
2023-06-08,IMG20230608081328.jpg,Mackerel,Bad,Manual_data
2023-06-08,IMG20230608081324.jpg,Mackerel,Bad,Manual_data
2023-06-08,IMG20230608081335.jpg,Mackerel,Bad,Manual_data
2023-06-08,IMG20230608081331.jpg,Mackerel,Bad,Manual_data
2023-06-08,IMG20230608081345.jpg,Mackerel,Bad,Manual_data
2023-06-08,IMG20230608081342.jpg,Mackerel,Bad,Manual_data
2023-06-08,IMG20230608080527.jpg,Mackerel,Bad,Manual_data
2023-06-08,IMG20230608075632.jpg,Sardine,Good,Manual_data
2023-06-08,IMG20230608075625.jpg,Sardine,Good,Manual_data
2023-06-08,IMG20230608075656.jpg,Sardine,Good,Manual_data
2023-06-08,IMG20230608075700.jpg,Sardine,Good,Manual_data
2023-06-08,IMG20230608075648.jpg,Sardine,Good,Manual_data
2023-06-08,IMG20230608075652.jpg,Sardine,Good,Manual_data
2023-06-08,IMG20230608075643.jpg,Sardine,Good,Manual_data
2023-06-08,IMG20230608075705.jpg,Sardine,Good,Manual_data
2023-06-08,IMG20230608075709.jpg,Sardine,Good,Manual_data
2023-06-08,IMG20230608075744.jpg,Sardine,Good,Manual_data
2023-06-08,IMG20230608075749.jpg,Sardine,Good,Manual_data
2023-06-08,IMG20230608075800.jpg,Sardine,Good,Manual_data
2023-06-08,IMG20230608075755.jpg,Sardine,Good,Manual_data
2023-06-08,IMG20230608075818.jpg,Sardine,Good,Manual_data
2023-06-08,IMG20230608075812.jpg,Sardine,Good,Manual_data
2023-06-08,IMG20230608075825.jpg,Sardine,Good,Manual_data
2023-06-08,IMG20230608075805.jpg,Sardine,Good,Manual_data
2023-06-08,IMG20230608075908.jpg,Sardine,Good,Manual_data
2023-06-08,IMG20230608075904.jpg,Sardine,Good,Manual_data
2023-06-08,IMG20230608075733.jpg,Sardine,Good,Manual_data
2023-06-08,IMG20230608075720.jpg,Sardine,Good,Manual_data
2023-06-08,IMG20230608080340.jpg,Sardine,Good,Manual_data
2023-06-08,IMG20230608075845.jpg,Sardine,Good,Manual_data
2023-06-08,IMG20230608074944.jpg,Sardine,Bad,Manual_data
2023-06-08,IMG20230608074953.jpg,Sardine,Bad,Manual_data
2023-06-08,IMG20230608074958.jpg,Sardine,Bad,Manual_data
2023-06-08,IMG20230608075003.jpg,Sardine,Bad,Manual_data
2023-06-08,IMG20230608075022.jpg,Sardine,Bad,Manual_data
2023-06-08,IMG20230608075017.jpg,Sardine,Bad,Manual_data
2023-06-08,IMG20230608075010.jpg,Sardine,Bad,Manual_data
2023-06-08,IMG20230608075034.jpg,Sardine,Bad,Manual_data
2023-06-08,IMG20230608075050.jpg,Sardine,Bad,Manual_data
2023-06-08,IMG20230608075044.jpg,Sardine,Bad,Manual_data
2023-06-08,IMG20230608075029.jpg,Sardine,Bad,Manual_data
2023-06-08,IMG20230608075106.jpg,Sardine,Bad,Manual_data
2023-06-08,IMG20230608075101.jpg,Sardine,Bad,Manual_data
2023-06-08,IMG20230608075302.jpg,Sardine,Bad,Manual_data
2023-06-08,IMG20230608075258.jpg,Sardine,Bad,Manual_data
2023-06-08,IMG20230608075323.jpg,Sardine,Bad,Manual_data
2023-06-08,IMG20230608075318.jpg,Sardine,Bad,Manual_data
2023-06-08,IMG20230608075311.jpg,Sardine,Bad,Manual_data
2023-06-08,IMG20230608075334.jpg,Sardine,Bad,Manual_data
2023-06-08,IMG20230608075329.jpg,Sardine,Bad,Manual_data
2023-06-08,IMG20230608075339.jpg,Sardine,Bad,Manual_data
2023-06-08,IMG20230608075352.jpg,Sardine,Bad,Manual_data
2023-06-08,IMG20230608075345.jpg,Sardine,Bad,Manual_data
2023-06-08,IMG20230608075406.jpg,Sardine,Bad,Manual_data
2023-06-08,IMG20230608075359.jpg,Sardine,Bad,Manual_data
2023-06-08,IMG20230608075436.jpg,Sardine,Bad,Manual_data
2023-06-08,IMG20230608075412.jpg,Sardine,Bad,Manual_data
2023-06-08,IMG20230608075431.jpg,Sardine,Bad,Manual_data
2023-06-08,IMG20230608075423.jpg,Sardine,Bad,Manual_data
2023-06-08,IMG20230608075456.jpg,Sardine,Bad,Manual_data
2023-06-08,IMG20230608075449.jpg,Sardine,Bad,Manual_data
2023-06-08,IMG20230608075442.jpg,Sardine,Bad,Manual_data
2023-06-08,IMG20230608075509.jpg,Sardine,Bad,Manual_data
2023-06-08,IMG20230608075504.jpg,Sardine,Bad,Manual_data
2023-06-08,IMG20230608075513.jpg,Sardine,Bad,Manual_data
2023-06-08,IMG20230608075120.jpg,Sardine,Bad,Manual_data
2023-06-08,IMG20230608075141.jpg,Sardine,Bad,Manual_data
2023-06-09,Misclassified,Mackerel,Good,Manual_data
2023-06-09,IMG20230609091102.jpg,Mackerel,Bad,Manual_data
2023-06-09,IMG20230609091731.jpg,Mackerel,Bad,Manual_data
2023-06-09,IMG20230609091345.jpg,Sardine,Good,Manual_data
2023-06-09,IMG20230609091335.jpg,Sardine,Good,Manual_data
2023-06-09,IMG20230609091141.jpg,Sardine,Good,Manual_data
2023-06-09,IMG20230609091339.jpg,Sardine,Good,Manual_data
2023-06-09,IMG20230609091330.jpg,Sardine,Good,Manual_data
2023-06-09,IMG20230609091418.jpg,Sardine,Good,Manual_data
2023-06-09,IMG20230609091350.jpg,Sardine,Good,Manual_data
2023-06-09,IMG20230609091356.jpg,Sardine,Good,Manual_data
2023-06-09,IMG20230609091423.jpg,Sardine,Good,Manual_data
2023-06-09,IMG20230609091436.jpg,Sardine,Good,Manual_data
2023-06-09,IMG20230609091447.jpg,Sardine,Good,Manual_data
2023-06-09,IMG20230609091428.jpg,Sardine,Good,Manual_data
2023-06-09,IMG20230609091452.jpg,Sardine,Good,Manual_data
2023-06-09,IMG20230609092248.jpg,Sardine,Good,Manual_data
2023-06-09,IMG20230609091458.jpg,Sardine,Good,Manual_data
2023-06-09,IMG20230609091504.jpg,Sardine,Good,Manual_data
2023-06-09,IMG20230609092241.jpg,Sardine,Good,Manual_data
2023-06-09,IMG20230609092257.jpg,Sardine,Good,Manual_data
2023-06-09,IMG20230609092303.jpg,Sardine,Good,Manual_data
2023-06-09,IMG20230609092319.jpg,Sardine,Good,Manual_data
2023-06-09,IMG20230609092308.jpg,Sardine,Good,Manual_data
2023-06-09,IMG20230609092339.jpg,Sardine,Good,Manual_data
2023-06-09,IMG20230609092419.jpg,Sardine,Good,Manual_data
2023-06-09,IMG20230609092348.jpg,Sardine,Good,Manual_data
2023-06-09,IMG20230609092404.jpg,Sardine,Good,Manual_data
2023-06-09,IMG20230609092356.jpg,Sardine,Good,Manual_data
2023-06-09,IMG20230609092443.jpg,Sardine,Good,Manual_data
2023-06-09,IMG20230609092425.jpg,Sardine,Good,Manual_data
2023-06-09,IMG20230609092431.jpg,Sardine,Good,Manual_data
2023-06-09,IMG20230609092438.jpg,Sardine,Good,Manual_data
2023-06-09,IMG20230609092448.jpg,Sardine,Good,Manual_data
2023-06-09,IMG20230609092454.jpg,Sardine,Good,Manual_data
2023-06-09,IMG20230609092603.jpg,Sardine,Good,Manual_data
2023-06-09,IMG20230609092554.jpg,Sardine,Good,Manual_data
2023-06-09,IMG20230609092502.jpg,Sardine,Good,Manual_data
2023-06-09,IMG20230609092615.jpg,Sardine,Good,Manual_data
2023-06-09,IMG20230609092624.jpg,Sardine,Good,Manual_data
2023-06-09,IMG20230609092609.jpg,Sardine,Good,Manual_data
2023-06-09,IMG20230609092619.jpg,Sardine,Good,Manual_data
2023-06-09,IMG20230609092648.jpg,Sardine,Good,Manual_data
2023-06-09,IMG20230609092638.jpg,Sardine,Good,Manual_data
2023-06-09,IMG20230609092644.jpg,Sardine,Good,Manual_data
2023-06-09,IMG20230609092630.jpg,Sardine,Good,Manual_data
2023-06-09,IMG20230609092712.jpg,Sardine,Good,Manual_data
2023-06-09,IMG20230609092658.jpg,Sardine,Good,Manual_data
2023-06-09,IMG20230609092653.jpg,Sardine,Good,Manual_data
2023-06-09,IMG20230609092847.jpg,Sardine,Good,Manual_data
2023-06-09,IMG20230609092705.jpg,Sardine,Good,Manual_data
2023-06-09,IMG20230609092856.jpg,Sardine,Good,Manual_data
2023-06-09,IMG20230609092909.jpg,Sardine,Good,Manual_data
2023-06-09,IMG20230609092902.jpg,Sardine,Good,Manual_data
2023-06-09,IMG20230609092852.jpg,Sardine,Good,Manual_data
2023-06-09,IMG20230609092933.jpg,Sardine,Good,Manual_data
2023-06-09,IMG20230609092914.jpg,Sardine,Good,Manual_data
2023-06-09,IMG20230609092919.jpg,Sardine,Good,Manual_data
2023-06-09,IMG20230609092951.jpg,Sardine,Good,Manual_data
2023-06-09,IMG20230609092937.jpg,Sardine,Good,Manual_data
2023-06-09,IMG20230609092956.jpg,Sardine,Good,Manual_data
2023-06-09,IMG20230609092946.jpg,Sardine,Good,Manual_data
2023-06-09,IMG20230609092941.jpg,Sardine,Good,Manual_data
2023-06-09,IMG20230609093012.jpg,Sardine,Good,Manual_data
2023-06-09,IMG20230609093001.jpg,Sardine,Good,Manual_data
2023-06-09,IMG20230609093007.jpg,Sardine,Good,Manual_data
2023-06-09,IMG20230609093516.jpg,Sardine,Good,Manual_data
2023-06-09,IMG20230609093017.jpg,Sardine,Good,Manual_data
2023-06-09,IMG20230609093521.jpg,Sardine,Good,Manual_data
2023-06-09,IMG20230609093510.jpg,Sardine,Good,Manual_data
2023-06-09,IMG20230609093527.jpg,Sardine,Good,Manual_data
2023-06-09,IMG20230609093545.jpg,Sardine,Good,Manual_data
2023-06-09,IMG20230609093533.jpg,Sardine,Good,Manual_data
2023-06-09,IMG20230609093540.jpg,Sardine,Good,Manual_data
2023-06-09,IMG20230609093550.jpg,Sardine,Good,Manual_data
2023-06-09,IMG20230609093555.jpg,Sardine,Good,Manual_data
2023-06-09,IMG20230609091406.jpg,Sardine,Good,Manual_data
2023-06-09,IMG20230609091442.jpg,Sardine,Good,Manual_data
2023-06-09,IMG20230609092328.jpg,Sardine,Good,Manual_data
2023-06-09,IMG20230609093609.jpg,Sardine,Good,Manual_data
2023-06-09,IMG20230609093614.jpg,Sardine,Good,Manual_data
2023-06-09,IMG20230609085726.jpg,Sardine,Bad,Manual_data
2023-06-09,IMG20230609085738.jpg,Sardine,Bad,Manual_data
2023-06-09,IMG20230609085746.jpg,Sardine,Bad,Manual_data
2023-06-09,IMG20230609085803.jpg,Sardine,Bad,Manual_data
2023-06-09,IMG20230609085812.jpg,Sardine,Bad,Manual_data
2023-06-09,IMG20230609085824.jpg,Sardine,Bad,Manual_data
2023-06-09,IMG20230609085831.jpg,Sardine,Bad,Manual_data
2023-06-09,IMG20230609085900.jpg,Sardine,Bad,Manual_data
2023-06-09,IMG20230609085929.jpg,Sardine,Bad,Manual_data
2023-06-09,IMG20230609085913.jpg,Sardine,Bad,Manual_data
2023-06-09,IMG20230609085908.jpg,Sardine,Bad,Manual_data
2023-06-09,IMG20230609085922.jpg,Sardine,Bad,Manual_data
2023-06-09,IMG20230609085934.jpg,Sardine,Bad,Manual_data
2023-06-09,IMG20230609085940.jpg,Sardine,Bad,Manual_data
2023-06-09,IMG20230609085946.jpg,Sardine,Bad,Manual_data
2023-06-09,IMG20230609085951.jpg,Sardine,Bad,Manual_data
2023-06-09,IMG20230609090042.jpg,Sardine,Bad,Manual_data
2023-06-09,IMG20230609090026.jpg,Sardine,Bad,Manual_data
2023-06-09,IMG20230609090021.jpg,Sardine,Bad,Manual_data
2023-06-09,IMG20230609090036.jpg,Sardine,Bad,Manual_data
2023-06-09,IMG20230609090050.jpg,Sardine,Bad,Manual_data
2023-06-09,IMG20230609090046.jpg,Sardine,Bad,Manual_data
2023-06-09,IMG20230609090105.jpg,Sardine,Bad,Manual_data
2023-06-09,IMG20230609090358.jpg,Sardine,Bad,Manual_data
2023-06-09,IMG20230609090704.jpg,Sardine,Bad,Manual_data
2023-06-09,IMG20230609090429.jpg,Sardine,Bad,Manual_data
2023-06-09,IMG20230609090436.jpg,Sardine,Bad,Manual_data
2023-06-09,IMG20230609090415.jpg,Sardine,Bad,Manual_data
2023-06-09,IMG20230609090724.jpg,Sardine,Bad,Manual_data
2023-06-09,IMG20230609090718.jpg,Sardine,Bad,Manual_data
2023-06-09,IMG20230609090706.jpg,Sardine,Bad,Manual_data
2023-06-09,IMG20230609090733.jpg,Sardine,Bad,Manual_data
2023-06-09,IMG20230609090752.jpg,Sardine,Bad,Manual_data
2023-06-09,IMG20230609090747.jpg,Sardine,Bad,Manual_data
2023-06-09,IMG20230609090740.jpg,Sardine,Bad,Manual_data
2023-06-09,IMG20230609090758.jpg,Sardine,Bad,Manual_data
2023-06-09,IMG20230609090807.jpg,Sardine,Bad,Manual_data
2023-06-09,IMG20230609090803.jpg,Sardine,Bad,Manual_data
2023-06-09,IMG20230609090830.jpg,Sardine,Bad,Manual_data
2023-06-09,IMG20230609090851.jpg,Sardine,Bad,Manual_data
2023-06-09,IMG20230609090841.jpg,Sardine,Bad,Manual_data
2023-06-09,IMG20230609090822.jpg,Sardine,Bad,Manual_data
2023-06-09,IMG20230609090906.jpg,Sardine,Bad,Manual_data
2023-06-09,IMG20230609090856.jpg,Sardine,Bad,Manual_data
2023-06-09,IMG20230609090859.jpg,Sardine,Bad,Manual_data
2023-06-09,IMG20230609090910.jpg,Sardine,Bad,Manual_data
2023-06-09,IMG20230609091015.jpg,Sardine,Bad,Manual_data
2023-06-09,IMG20230609091011.jpg,Sardine,Bad,Manual_data
2023-06-09,IMG20230609091006.jpg,Sardine,Bad,Manual_data
2023-06-09,IMG20230609090920.jpg,Sardine,Bad,Manual_data
2023-06-09,IMG20230609091036.jpg,Sardine,Bad,Manual_data
2023-06-09,IMG20230609091020.jpg,Sardine,Bad,Manual_data
2023-06-09,IMG20230609091026.jpg,Sardine,Bad,Manual_data
2023-06-09,IMG20230609091031.jpg,Sardine,Bad,Manual_data
2023-06-09,IMG20230609091527.jpg,Sardine,Bad,Manual_data
2023-06-09,IMG20230609091054.jpg,Sardine,Bad,Manual_data
2023-06-09,IMG20230609091058.jpg,Sardine,Bad,Manual_data
2023-06-09,IMG20230609091105.jpg,Sardine,Bad,Manual_data
2023-06-09,IMG20230609091545.jpg,Sardine,Bad,Manual_data
2023-06-09,IMG20230609091556.jpg,Sardine,Bad,Manual_data
2023-06-09,IMG20230609091551.jpg,Sardine,Bad,Manual_data
2023-06-09,IMG20230609091537.jpg,Sardine,Bad,Manual_data
2023-06-09,IMG20230609091616.jpg,Sardine,Bad,Manual_data
2023-06-09,IMG20230609091604.jpg,Sardine,Bad,Manual_data
2023-06-09,IMG20230609091610.jpg,Sardine,Bad,Manual_data
2023-06-09,IMG20230609091620.jpg,Sardine,Bad,Manual_data
2023-06-09,IMG20230609091650.jpg,Sardine,Bad,Manual_data
2023-06-09,IMG20230609091644.jpg,Sardine,Bad,Manual_data
2023-06-09,IMG20230609091634.jpg,Sardine,Bad,Manual_data
2023-06-09,IMG20230609091655.jpg,Sardine,Bad,Manual_data
2023-06-09,IMG20230609091707.jpg,Sardine,Bad,Manual_data
2023-06-09,IMG20230609091701 (1).jpg,Sardine,Bad,Manual_data
2023-06-09,IMG20230609091755.jpg,Sardine,Bad,Manual_data
2023-06-09,IMG20230609091713.jpg,Sardine,Bad,Manual_data
2023-06-09,IMG20230609091751.jpg,Sardine,Bad,Manual_data
2023-06-09,IMG20230609091815.jpg,Sardine,Bad,Manual_data
2023-06-09,IMG20230609091801.jpg,Sardine,Bad,Manual_data
2023-06-09,IMG20230609091852.jpg,Sardine,Bad,Manual_data
2023-06-09,IMG20230609091821.jpg,Sardine,Bad,Manual_data
2023-06-09,IMG20230609091903.jpg,Sardine,Bad,Manual_data
2023-06-09,IMG20230609091859.jpg,Sardine,Bad,Manual_data
2023-06-09,IMG20230609091907.jpg,Sardine,Bad,Manual_data
2023-06-09,IMG20230609091912.jpg,Sardine,Bad,Manual_data
2023-06-09,IMG20230609092134.jpg,Sardine,Bad,Manual_data
2023-06-09,IMG20230609092129.jpg,Sardine,Bad,Manual_data
2023-06-09,IMG20230609092116.jpg,Sardine,Bad,Manual_data
2023-06-09,IMG20230609092121.jpg,Sardine,Bad,Manual_data
2023-06-09,IMG20230609092152.jpg,Sardine,Bad,Manual_data
2023-06-09,IMG20230609092157.jpg,Sardine,Bad,Manual_data
2023-06-09,IMG20230609092141.jpg,Sardine,Bad,Manual_data
2023-06-09,IMG20230609092148.jpg,Sardine,Bad,Manual_data
2023-06-09,IMG20230609092203.jpg,Sardine,Bad,Manual_data
2023-06-09,IMG20230609092217.jpg,Sardine,Bad,Manual_data
2023-06-09,IMG20230609093625.jpg,Sardine,Bad,Manual_data
2023-06-09,IMG20230609092208.jpg,Sardine,Bad,Manual_data
2023-06-09,IMG20230609093631.jpg,Sardine,Bad,Manual_data
2023-06-09,IMG20230609093719.jpg,Sardine,Bad,Manual_data
2023-06-09,IMG20230609093637.jpg,Sardine,Bad,Manual_data
2023-06-09,IMG20230609093659.jpg,Sardine,Bad,Manual_data
2023-06-09,IMG20230609093707.jpg,Sardine,Bad,Manual_data
2023-06-09,IMG20230609093724.jpg,Sardine,Bad,Manual_data
2023-06-09,IMG20230609094259.jpg,Sardine,Bad,Manual_data
2023-06-09,IMG20230609093737.jpg,Sardine,Bad,Manual_data
2023-06-09,IMG20230609093732.jpg,Sardine,Bad,Manual_data
2023-06-09,IMG20230609093728.jpg,Sardine,Bad,Manual_data
2023-06-09,IMG20230609094305.jpg,Sardine,Bad,Manual_data
2023-06-09,IMG20230609094321.jpg,Sardine,Bad,Manual_data
2023-06-09,IMG20230609094313.jpg,Sardine,Bad,Manual_data
2023-06-09,IMG20230609094335.jpg,Sardine,Bad,Manual_data
2023-06-09,IMG20230609094622.jpg,Sardine,Bad,Manual_data
2023-06-09,IMG20230609094614.jpg,Sardine,Bad,Manual_data
2023-06-09,IMG20230609094603.jpg,Sardine,Bad,Manual_data
2023-06-09,IMG20230609090011.jpg,Sardine,Bad,Manual_data
2023-06-09,IMG20230609090012.jpg,Sardine,Bad,Manual_data
2023-06-09,IMG20230609090714.jpg,Sardine,Bad,Manual_data
2023-06-09,IMG20230609091628.jpg,Sardine,Bad,Manual_data
2023-06-09,IMG20230609091701.jpg,Sardine,Bad,Manual_data
2023-06-09,IMG20230609091738.jpg,Sardine,Bad,Manual_data
2023-06-20,IMG20230620130227.jpg,Sardine,Good,Manual_data
2023-06-20,IMG20230620130232.jpg,Sardine,Good,Manual_data
2023-06-20,IMG20230620130236.jpg,Sardine,Good,Manual_data
2023-06-20,IMG20230620130239.jpg,Sardine,Good,Manual_data
2023-06-20,IMG20230620130249.jpg,Sardine,Good,Manual_data
2023-06-20,IMG20230620130252.jpg,Sardine,Good,Manual_data
2023-06-20,IMG20230620130256.jpg,Sardine,Good,Manual_data
2023-06-20,IMG20230620130300.jpg,Sardine,Good,Manual_data
2023-06-20,IMG20230620130304.jpg,Sardine,Good,Manual_data
2023-06-20,IMG20230620130308.jpg,Sardine,Good,Manual_data
2023-06-20,IMG20230620130548.jpg,Sardine,Good,Manual_data
2023-06-20,IMG20230620130631.jpg,Sardine,Good,Manual_data
2023-06-20,IMG20230620130635.jpg,Sardine,Good,Manual_data
2023-06-20,IMG20230620130640.jpg,Sardine,Good,Manual_data
2023-06-20,IMG20230620130645.jpg,Sardine,Good,Manual_data
2023-06-20,IMG20230620130649.jpg,Sardine,Good,Manual_data
2023-06-20,IMG20230620130653.jpg,Sardine,Good,Manual_data
2023-06-20,IMG20230620130656.jpg,Sardine,Good,Manual_data
2023-06-20,IMG20230620130742.jpg,Sardine,Good,Manual_data
2023-06-20,IMG20230620130746.jpg,Sardine,Good,Manual_data
2023-06-20,IMG20230620130750.jpg,Sardine,Good,Manual_data
2023-06-20,IMG20230620130754.jpg,Sardine,Good,Manual_data
2023-06-20,IMG20230620130758.jpg,Sardine,Good,Manual_data
2023-06-20,IMG20230620130803.jpg,Sardine,Good,Manual_data
2023-06-20,IMG20230620130806.jpg,Sardine,Good,Manual_data
2023-06-20,IMG20230620130809.jpg,Sardine,Good,Manual_data
2023-06-20,IMG20230620130812.jpg,Sardine,Good,Manual_data
2023-06-20,IMG20230620130815.jpg,Sardine,Good,Manual_data
2023-06-20,IMG20230620130819.jpg,Sardine,Good,Manual_data
2023-06-20,IMG20230620130822.jpg,Sardine,Good,Manual_data
2023-06-20,IMG20230620132323.jpg,Sardine,Good,Manual_data
2023-06-20,IMG20230620132331.jpg,Sardine,Good,Manual_data
2023-06-20,IMG20230620132337.jpg,Sardine,Good,Manual_data
2023-06-20,IMG20230620132340.jpg,Sardine,Good,Manual_data
2023-06-20,IMG20230620132409.jpg,Sardine,Good,Manual_data
2023-06-20,IMG20230620132414.jpg,Sardine,Good,Manual_data
2023-06-20,IMG20230620132420.jpg,Sardine,Good,Manual_data
2023-06-20,IMG20230620132715.jpg,Sardine,Good,Manual_data
2023-06-20,IMG20230620132720.jpg,Sardine,Good,Manual_data
2023-06-20,IMG20230620132724.jpg,Sardine,Good,Manual_data
2023-06-20,IMG20230620132728.jpg,Sardine,Good,Manual_data
2023-06-20,IMG20230620132733.jpg,Sardine,Good,Manual_data
2023-06-20,IMG20230620132742.jpg,Sardine,Good,Manual_data
2023-06-20,IMG20230620132752.jpg,Sardine,Good,Manual_data
2023-06-20,IMG20230620132757.jpg,Sardine,Good,Manual_data
2023-06-20,IMG20230620132817.jpg,Sardine,Good,Manual_data
2023-06-20,IMG20230620132824.jpg,Sardine,Good,Manual_data
2023-06-20,IMG20230620132830.jpg,Sardine,Good,Manual_data
2023-06-20,IMG20230620132836.jpg,Sardine,Good,Manual_data
2023-06-20,IMG20230620132842.jpg,Sardine,Good,Manual_data
2023-06-20,IMG20230620132845.jpg,Sardine,Good,Manual_data
2023-06-20,IMG20230620132851.jpg,Sardine,Good,Manual_data
2023-06-20,IMG20230620130223.jpg,Sardine,Good,Manual_data
2023-06-20,IMG20230620132327.jpg,Sardine,Good,Manual_data
2023-06-20,IMG20230620130242.jpg,Sardine,Good,Manual_data
2023-06-20,IMG20230620130703.jpg,Sardine,Good,Manual_data
2023-06-20,IMG20230620130712.jpg,Sardine,Good,Manual_data
2023-06-20,IMG20230620132859.jpg,Sardine,Good,Manual_data
2023-06-22,IMG20230622111418.jpg,Mackerel,Good,Manual_data
2023-06-22,IMG20230622111409.jpg,Mackerel,Good,Manual_data
2023-06-22,IMG20230622111415.jpg,Mackerel,Good,Manual_data
2023-06-22,IMG20230622111427.jpg,Mackerel,Good,Manual_data
2023-06-22,IMG20230622111432.jpg,Mackerel,Good,Manual_data
2023-06-22,IMG20230622111438.jpg,Mackerel,Good,Manual_data
2023-06-22,IMG20230622111452.jpg,Mackerel,Good,Manual_data
2023-06-22,IMG20230622111457.jpg,Mackerel,Good,Manual_data
2023-06-22,IMG20230622111510.jpg,Mackerel,Good,Manual_data
2023-06-22,IMG20230622111519.jpg,Mackerel,Good,Manual_data
2023-06-22,IMG20230622111528.jpg,Mackerel,Good,Manual_data
2023-06-22,IMG20230622111533.jpg,Mackerel,Good,Manual_data
2023-06-22,IMG20230622111542.jpg,Mackerel,Good,Manual_data
2023-06-22,IMG20230622111545.jpg,Mackerel,Good,Manual_data
2023-06-22,IMG20230622114407.jpg,Mackerel,Good,Manual_data
2023-06-22,IMG20230622114411.jpg,Mackerel,Good,Manual_data
2023-06-22,IMG20230622114417.jpg,Mackerel,Good,Manual_data
2023-06-22,IMG20230622114420.jpg,Mackerel,Good,Manual_data
2023-06-22,IMG20230622114434.jpg,Mackerel,Good,Manual_data
2023-06-22,IMG20230622114437.jpg,Mackerel,Good,Manual_data
2023-06-22,IMG20230622114443.jpg,Mackerel,Good,Manual_data
2023-06-22,IMG20230622114502.jpg,Mackerel,Good,Manual_data
2023-06-22,IMG20230622114504.jpg,Mackerel,Good,Manual_data
2023-06-22,IMG20230622114507.jpg,Mackerel,Good,Manual_data
2023-06-22,IMG20230622114511.jpg,Mackerel,Good,Manual_data
2023-06-22,IMG20230622114520.jpg,Mackerel,Good,Manual_data
2023-06-22,IMG20230622111447.jpg,Mackerel,Good,Manual_data
2023-06-22,IMG20230622111515.jpg,Mackerel,Good,Manual_data
2023-06-22,IMG20230622114516.jpg,Mackerel,Good,Manual_data
2023-06-22,IMG20230622105313.jpg,Mackerel,Bad,Manual_data
2023-06-22,IMG20230622105549.jpg,Mackerel,Bad,Manual_data
2023-06-22,IMG20230622105553.jpg,Mackerel,Bad,Manual_data
2023-06-22,IMG20230622105557.jpg,Mackerel,Bad,Manual_data
2023-06-22,IMG20230622105600.jpg,Mackerel,Bad,Manual_data
2023-06-22,IMG20230622105609.jpg,Mackerel,Bad,Manual_data
2023-06-22,IMG20230622105636.jpg,Mackerel,Bad,Manual_data
2023-06-22,IMG20230622105704.jpg,Mackerel,Bad,Manual_data
2023-06-22,IMG20230622105708.jpg,Mackerel,Bad,Manual_data
2023-06-22,IMG20230622105712.jpg,Mackerel,Bad,Manual_data
2023-06-22,IMG20230622105716.jpg,Mackerel,Bad,Manual_data
2023-06-22,IMG20230622105725.jpg,Mackerel,Bad,Manual_data
2023-06-22,IMG20230622105730.jpg,Mackerel,Bad,Manual_data
2023-06-22,IMG20230622105736.jpg,Mackerel,Bad,Manual_data
2023-06-22,IMG20230622105744.jpg,Mackerel,Bad,Manual_data
2023-06-22,IMG20230622105755.jpg,Mackerel,Bad,Manual_data
2023-06-22,IMG20230622105802.jpg,Mackerel,Bad,Manual_data
2023-06-22,IMG20230622105808.jpg,Mackerel,Bad,Manual_data
2023-06-22,IMG20230622105816.jpg,Mackerel,Bad,Manual_data
2023-06-22,IMG20230622105827.jpg,Mackerel,Bad,Manual_data
2023-06-22,IMG20230622105836.jpg,Mackerel,Bad,Manual_data
2023-06-22,IMG20230622105840.jpg,Mackerel,Bad,Manual_data
2023-06-22,IMG20230622105848.jpg,Mackerel,Bad,Manual_data
2023-06-22,IMG20230622105852.jpg,Mackerel,Bad,Manual_data
2023-06-22,IMG20230622105903.jpg,Mackerel,Bad,Manual_data
2023-06-22,IMG20230622105908.jpg,Mackerel,Bad,Manual_data
2023-06-22,IMG20230622105913.jpg,Mackerel,Bad,Manual_data
2023-06-22,IMG20230622110616.jpg,Mackerel,Bad,Manual_data
2023-06-22,IMG20230622110621.jpg,Mackerel,Bad,Manual_data
2023-06-22,IMG20230622110626.jpg,Mackerel,Bad,Manual_data
2023-06-22,IMG20230622110640.jpg,Mackerel,Bad,Manual_data
2023-06-22,IMG20230622110646.jpg,Mackerel,Bad,Manual_data
2023-06-22,IMG20230622110714.jpg,Mackerel,Bad,Manual_data
2023-06-22,IMG20230622110724.jpg,Mackerel,Bad,Manual_data
2023-06-22,IMG20230622110736.jpg,Mackerel,Bad,Manual_data
2023-06-22,IMG20230622110742.jpg,Mackerel,Bad,Manual_data
2023-06-22,IMG20230622110747.jpg,Mackerel,Bad,Manual_data
2023-06-22,IMG20230622110800.jpg,Mackerel,Bad,Manual_data
2023-06-22,IMG20230622110809.jpg,Mackerel,Bad,Manual_data
2023-06-22,IMG20230622110813.jpg,Mackerel,Bad,Manual_data
2023-06-22,IMG20230622110816.jpg,Mackerel,Bad,Manual_data
2023-06-22,IMG20230622110820.jpg,Mackerel,Bad,Manual_data
2023-06-22,IMG20230622110824.jpg,Mackerel,Bad,Manual_data
2023-06-22,IMG20230622110828.jpg,Mackerel,Bad,Manual_data
2023-06-22,IMG20230622110841.jpg,Mackerel,Bad,Manual_data
2023-06-22,IMG20230622110851.jpg,Mackerel,Bad,Manual_data
2023-06-22,IMG20230622105700.jpg,Mackerel,Bad,Manual_data
2023-06-22,IMG20230622105856.jpg,Mackerel,Bad,Manual_data
2023-06-22,IMG20230622110711.jpg,Mackerel,Bad,Manual_data
2023-06-22,IMG20230622110834.jpg,Mackerel,Bad,Manual_data
2023-06-22,IMG20230622110848.jpg,Mackerel,Bad,Manual_data
2023-06-22,IMG20230622110855.jpg,Mackerel,Bad,Manual_data
2023-06-22,IMG20230622105620.jpg,Mackerel,Bad,Manual_data
2023-06-22,IMG20230622105148.jpg,Sardine,Good,Manual_data
2023-06-22,IMG20230622105150.jpg,Sardine,Good,Manual_data
2023-06-22,IMG20230622105154.jpg,Sardine,Good,Manual_data
2023-06-22,IMG20230622110435.jpg,Sardine,Good,Manual_data
2023-06-22,IMG20230622111332.jpg,Sardine,Good,Manual_data
2023-06-22,IMG20230622111244.jpg,Sardine,Good,Manual_data
2023-06-22,IMG20230622110023.jpg,Sardine,Good,Manual_data
2023-06-22,IMG20230622110035.jpg,Sardine,Good,Manual_data
2023-06-22,IMG20230622110039.jpg,Sardine,Good,Manual_data
2023-06-22,IMG20230622110044.jpg,Sardine,Good,Manual_data
2023-06-22,IMG20230622110113.jpg,Sardine,Good,Manual_data
2023-06-22,IMG20230622110117.jpg,Sardine,Good,Manual_data
2023-06-22,IMG20230622110121.jpg,Sardine,Good,Manual_data
2023-06-22,IMG20230622110132.jpg,Sardine,Good,Manual_data
2023-06-22,IMG20230622110137.jpg,Sardine,Good,Manual_data
2023-06-22,IMG20230622110141.jpg,Sardine,Good,Manual_data
2023-06-22,IMG20230622110153.jpg,Sardine,Good,Manual_data
2023-06-22,IMG20230622110202.jpg,Sardine,Good,Manual_data
2023-06-22,IMG20230622110207.jpg,Sardine,Good,Manual_data
2023-06-22,IMG20230622110212.jpg,Sardine,Good,Manual_data
2023-06-22,IMG20230622110234.jpg,Sardine,Good,Manual_data
2023-06-22,IMG20230622110238.jpg,Sardine,Good,Manual_data
2023-06-22,IMG20230622110241.jpg,Sardine,Good,Manual_data
2023-06-22,IMG20230622110244.jpg,Sardine,Good,Manual_data
2023-06-22,IMG20230622110248.jpg,Sardine,Good,Manual_data
2023-06-22,IMG20230622110313.jpg,Sardine,Good,Manual_data
2023-06-22,IMG20230622110316.jpg,Sardine,Good,Manual_data
2023-06-22,IMG20230622110320.jpg,Sardine,Good,Manual_data
2023-06-22,IMG20230622110324.jpg,Sardine,Good,Manual_data
2023-06-22,IMG20230622110328.jpg,Sardine,Good,Manual_data
2023-06-22,IMG20230622110409.jpg,Sardine,Good,Manual_data
2023-06-22,IMG20230622110413.jpg,Sardine,Good,Manual_data
2023-06-22,IMG20230622110422.jpg,Sardine,Good,Manual_data
2023-06-22,IMG20230622110426.jpg,Sardine,Good,Manual_data
2023-06-22,IMG20230622110455.jpg,Sardine,Good,Manual_data
2023-06-22,IMG20230622110500.jpg,Sardine,Good,Manual_data
2023-06-22,IMG20230622110510.jpg,Sardine,Good,Manual_data
2023-06-22,IMG20230622110529.jpg,Sardine,Good,Manual_data
2023-06-22,IMG20230622110536.jpg,Sardine,Good,Manual_data
2023-06-22,IMG20230622110541.jpg,Sardine,Good,Manual_data
2023-06-22,IMG20230622110559.jpg,Sardine,Good,Manual_data
2023-06-22,IMG20230622110603.jpg,Sardine,Good,Manual_data
2023-06-22,IMG20230622111205.jpg,Sardine,Good,Manual_data
2023-06-22,IMG20230622111210.jpg,Sardine,Good,Manual_data
2023-06-22,IMG20230622111223.jpg,Sardine,Good,Manual_data
2023-06-22,IMG20230622111229.jpg,Sardine,Good,Manual_data
2023-06-22,IMG20230622111235.jpg,Sardine,Good,Manual_data
2023-06-22,IMG20230622111238.jpg,Sardine,Good,Manual_data
2023-06-22,IMG20230622111304.jpg,Sardine,Good,Manual_data
2023-06-22,IMG20230622111308.jpg,Sardine,Good,Manual_data
2023-06-22,IMG20230622111316.jpg,Sardine,Good,Manual_data
2023-06-22,IMG20230622111321.jpg,Sardine,Good,Manual_data
2023-06-22,IMG20230622125347.jpg,Sardine,Good,Manual_data
2023-06-22,IMG20230622130244.jpg,Sardine,Good,Manual_data
2023-06-22,IMG20230622130256.jpg,Sardine,Good,Manual_data
2023-06-22,IMG20230622110019.jpg,Sardine,Good,Manual_data
2023-06-22,IMG20230622110216.jpg,Sardine,Good,Manual_data
2023-06-22,IMG20230622110220.jpg,Sardine,Good,Manual_data
2023-06-22,IMG20230622110252.jpg,Sardine,Good,Manual_data
2023-06-22,IMG20230622110418.jpg,Sardine,Good,Manual_data
2023-06-22,IMG20230622110505.jpg,Sardine,Good,Manual_data
2023-06-22,IMG20230622130249.jpg,Sardine,Good,Manual_data
2023-06-22,IMG20230622130252.jpg,Sardine,Good,Manual_data
2023-06-22,IMG20230622102520.jpg,Sardine,Bad,Manual_data
2023-06-22,IMG20230622102508.jpg,Sardine,Bad,Manual_data
2023-06-22,IMG20230622102513.jpg,Sardine,Bad,Manual_data
2023-06-22,IMG20230622102525.jpg,Sardine,Bad,Manual_data
2023-06-22,IMG20230622102530.jpg,Sardine,Bad,Manual_data
2023-06-22,IMG20230622102536.jpg,Sardine,Bad,Manual_data
2023-06-22,IMG20230622102605.jpg,Sardine,Bad,Manual_data
2023-06-22,IMG20230622102611.jpg,Sardine,Bad,Manual_data
2023-06-22,IMG20230622102615.jpg,Sardine,Bad,Manual_data
2023-06-22,IMG20230622102620.jpg,Sardine,Bad,Manual_data
2023-06-22,IMG20230622102639.jpg,Sardine,Bad,Manual_data
2023-06-22,IMG20230622102644.jpg,Sardine,Bad,Manual_data
2023-06-22,IMG20230622102648.jpg,Sardine,Bad,Manual_data
2023-06-22,IMG20230622102658.jpg,Sardine,Bad,Manual_data
2023-06-22,IMG20230622102703.jpg,Sardine,Bad,Manual_data
2023-06-22,IMG20230622102708.jpg,Sardine,Bad,Manual_data
2023-06-22,IMG20230622102720.jpg,Sardine,Bad,Manual_data
2023-06-22,IMG20230622102725.jpg,Sardine,Bad,Manual_data
2023-06-22,IMG20230622102736.jpg,Sardine,Bad,Manual_data
2023-06-22,IMG20230622102742 (1).jpg,Sardine,Bad,Manual_data
2023-06-22,IMG20230622102742.jpg,Sardine,Bad,Manual_data
2023-06-22,IMG20230622102748.jpg,Sardine,Bad,Manual_data
2023-06-22,IMG20230622102752.jpg,Sardine,Bad,Manual_data
2023-06-22,IMG20230622102757.jpg,Sardine,Bad,Manual_data
2023-06-22,IMG20230622102804.jpg,Sardine,Bad,Manual_data
2023-06-22,IMG20230622102809.jpg,Sardine,Bad,Manual_data
2023-06-22,IMG20230622102814.jpg,Sardine,Bad,Manual_data
2023-06-22,IMG20230622102822.jpg,Sardine,Bad,Manual_data
2023-06-22,IMG20230622102828.jpg,Sardine,Bad,Manual_data
2023-06-22,IMG20230622102835.jpg,Sardine,Bad,Manual_data
2023-06-22,IMG20230622102839.jpg,Sardine,Bad,Manual_data
2023-06-22,IMG20230622102846.jpg,Sardine,Bad,Manual_data
2023-06-22,IMG20230622102850.jpg,Sardine,Bad,Manual_data
2023-06-22,IMG20230622102855.jpg,Sardine,Bad,Manual_data
2023-06-22,IMG20230622102920.jpg,Sardine,Bad,Manual_data
2023-06-22,IMG20230622102929.jpg,Sardine,Bad,Manual_data
2023-06-22,IMG20230622102933.jpg,Sardine,Bad,Manual_data
2023-06-22,IMG20230622102938.jpg,Sardine,Bad,Manual_data
2023-06-22,IMG20230622102944.jpg,Sardine,Bad,Manual_data
2023-06-22,IMG20230622102951.jpg,Sardine,Bad,Manual_data
2023-06-22,IMG20230622102955.jpg,Sardine,Bad,Manual_data
2023-06-22,IMG20230622103000.jpg,Sardine,Bad,Manual_data
2023-06-22,IMG20230622103005.jpg,Sardine,Bad,Manual_data
2023-06-22,IMG20230622103010.jpg,Sardine,Bad,Manual_data
2023-06-22,IMG20230622103015.jpg,Sardine,Bad,Manual_data
2023-06-22,IMG20230622103019.jpg,Sardine,Bad,Manual_data
2023-06-22,IMG20230622103024.jpg,Sardine,Bad,Manual_data
2023-06-22,IMG20230622103028.jpg,Sardine,Bad,Manual_data
2023-06-22,IMG20230622103053.jpg,Sardine,Bad,Manual_data
2023-06-22,IMG20230622103058.jpg,Sardine,Bad,Manual_data
2023-06-22,IMG20230622103105.jpg,Sardine,Bad,Manual_data
2023-06-22,IMG20230622103113.jpg,Sardine,Bad,Manual_data
2023-06-22,IMG20230622104922.jpg,Sardine,Bad,Manual_data
2023-06-22,IMG20230622104925.jpg,Sardine,Bad,Manual_data
2023-06-22,IMG20230622104933.jpg,Sardine,Bad,Manual_data
2023-06-22,IMG20230622104936.jpg,Sardine,Bad,Manual_data
2023-06-22,IMG20230622104939.jpg,Sardine,Bad,Manual_data
2023-06-22,IMG20230622104947.jpg,Sardine,Bad,Manual_data
2023-06-22,IMG20230622104953.jpg,Sardine,Bad,Manual_data
2023-06-22,IMG20230622104956.jpg,Sardine,Bad,Manual_data
2023-06-22,IMG20230622104959.jpg,Sardine,Bad,Manual_data
2023-06-22,IMG20230622105008.jpg,Sardine,Bad,Manual_data
2023-06-22,IMG20230622105018.jpg,Sardine,Bad,Manual_data
2023-06-22,IMG20230622105022.jpg,Sardine,Bad,Manual_data
2023-06-22,IMG20230622105026.jpg,Sardine,Bad,Manual_data
2023-06-22,IMG20230622105030.jpg,Sardine,Bad,Manual_data
2023-06-22,IMG20230622105033.jpg,Sardine,Bad,Manual_data
2023-06-22,IMG20230622105036.jpg,Sardine,Bad,Manual_data
2023-06-22,IMG20230622105043.jpg,Sardine,Bad,Manual_data
2023-06-22,IMG20230622105046.jpg,Sardine,Bad,Manual_data
2023-06-22,IMG20230622105051.jpg,Sardine,Bad,Manual_data
2023-06-22,IMG20230622105054.jpg,Sardine,Bad,Manual_data
2023-06-22,IMG20230622105057.jpg,Sardine,Bad,Manual_data
2023-06-22,IMG20230622105100.jpg,Sardine,Bad,Manual_data
2023-06-22,IMG20230622105104.jpg,Sardine,Bad,Manual_data
2023-06-22,IMG20230622105106.jpg,Sardine,Bad,Manual_data
2023-06-22,IMG20230622105108.jpg,Sardine,Bad,Manual_data
2023-06-22,IMG20230622105111.jpg,Sardine,Bad,Manual_data
2023-06-22,IMG20230622105115.jpg,Sardine,Bad,Manual_data
2023-06-22,IMG20230622105118.jpg,Sardine,Bad,Manual_data
2023-06-22,IMG20230622105121.jpg,Sardine,Bad,Manual_data
2023-06-22,IMG20230622105124.jpg,Sardine,Bad,Manual_data
2023-06-22,IMG20230622105127.jpg,Sardine,Bad,Manual_data
2023-06-22,IMG20230622105133.jpg,Sardine,Bad,Manual_data
2023-06-22,IMG20230622105135.jpg,Sardine,Bad,Manual_data
2023-06-22,IMG20230622125229.jpg,Sardine,Bad,Manual_data
2023-06-22,IMG20230622125232.jpg,Sardine,Bad,Manual_data
2023-06-22,IMG20230622125238.jpg,Sardine,Bad,Manual_data
2023-06-22,IMG20230622125242.jpg,Sardine,Bad,Manual_data
2023-06-22,IMG20230622125249.jpg,Sardine,Bad,Manual_data
2023-06-22,IMG20230622125250.jpg,Sardine,Bad,Manual_data
2023-06-22,IMG20230622125255.jpg,Sardine,Bad,Manual_data
2023-06-22,IMG20230622125259.jpg,Sardine,Bad,Manual_data
2023-06-22,IMG20230622125305.jpg,Sardine,Bad,Manual_data
2023-06-22,IMG20230622125309.jpg,Sardine,Bad,Manual_data
2023-06-22,IMG20230622125312.jpg,Sardine,Bad,Manual_data
2023-06-22,IMG20230622125316.jpg,Sardine,Bad,Manual_data
2023-06-22,IMG20230622125321.jpg,Sardine,Bad,Manual_data
2023-06-22,IMG20230622102653.jpg,Sardine,Bad,Manual_data
2023-06-22,IMG20230622104928.jpg,Sardine,Bad,Manual_data
2023-06-22,IMG20230622104943.jpg,Sardine,Bad,Manual_data
2023-06-22,IMG20230622105003.jpg,Sardine,Bad,Manual_data
2023-06-22,IMG20230622105013.jpg,Sardine,Bad,Manual_data
2023-06-22,IMG20230622105040.jpg,Sardine,Bad,Manual_data
2023-06-22,IMG20230622125325.jpg,Sardine,Bad,Manual_data
2023-06-22,IMG20230622102553.jpg,Sardine,Bad,Manual_data
2023-06-22,IMG20230622103038.jpg,Sardine,Bad,Manual_data
2023-06-22,IMG20230622110145.jpg,Sardine,Bad,Manual_data
2023-07-25,IMG_20230725_130458828_MP.jpg,Sardine,Good,Manual_data
2023-07-25,IMG_20230725_130455659.jpg,Sardine,Good,Manual_data
2023-07-25,IMG_20230725_130451857_MP.jpg,Sardine,Good,Manual_data
2023-07-25,IMG_20230725_130447408_MP.jpg,Sardine,Good,Manual_data
2023-07-25,IMG_20230725_130444266.jpg,Sardine,Good,Manual_data
2023-07-25,IMG_20230725_130439492.jpg,Sardine,Good,Manual_data
2023-07-25,IMG_20230725_130434781_MP.jpg,Sardine,Good,Manual_data
2023-07-25,IMG_20230725_130430562.jpg,Sardine,Good,Manual_data
2023-07-25,IMG_20230725_130515658.jpg,Sardine,Good,Manual_data
2023-07-25,IMG_20230725_130503226_MP.jpg,Sardine,Good,Manual_data
2023-07-25,IMG_20230725_130403939_MP.jpg,Sardine,Good,Manual_data
2023-07-25,IMG_20230725_130359171.jpg,Sardine,Good,Manual_data
2023-07-25,IMG_20230725_130355040.jpg,Sardine,Good,Manual_data
2023-07-25,IMG_20230725_130345407.jpg,Sardine,Good,Manual_data
2023-07-25,IMG_20230725_130340093_MP.jpg,Sardine,Good,Manual_data
2023-07-25,IMG_20230725_130334418_MP.jpg,Sardine,Good,Manual_data
2023-07-25,IMG_20230725_131007882.jpg,Sardine,Good,Manual_data
2023-07-25,IMG_20230725_130330379.jpg,Sardine,Good,Manual_data
2023-07-25,IMG_20230725_131204929.jpg,Sardine,Good,Manual_data
2023-07-25,IMG_20230725_130410339.jpg,Sardine,Good,Manual_data
2023-07-25,IMG_20230725_131013694.jpg,Sardine,Good,Manual_data
2023-07-25,IMG_20230725_131010995_MP.jpg,Sardine,Good,Manual_data
2023-07-25,IMG_20230725_131044309.jpg,Sardine,Good,Manual_data
2023-07-25,IMG_20230725_131035663.jpg,Sardine,Good,Manual_data
2023-07-25,IMG_20230725_130418788.jpg,Sardine,Good,Manual_data
2023-07-25,IMG_20230725_131033475.jpg,Sardine,Good,Manual_data
2023-07-25,IMG_20230725_131026517.jpg,Sardine,Good,Manual_data
2023-07-25,IMG_20230725_131022539.jpg,Sardine,Good,Manual_data
2023-07-25,IMG_20230725_131019951_MP.jpg,Sardine,Good,Manual_data
2023-07-25,IMG_20230725_131016261_MP.jpg,Sardine,Good,Manual_data
2023-07-25,IMG_20230725_130640255.jpg,Sardine,Good,Manual_data
2023-07-25,IMG_20230725_130638941.jpg,Sardine,Good,Manual_data
2023-07-25,IMG_20230725_130632666.jpg,Sardine,Good,Manual_data
2023-07-25,IMG_20230725_130628626.jpg,Sardine,Good,Manual_data
2023-07-25,IMG_20230725_130624820.jpg,Sardine,Good,Manual_data
2023-07-25,IMG_20230725_130654865.jpg,Sardine,Good,Manual_data
2023-07-25,IMG_20230725_130653794.jpg,Sardine,Good,Manual_data
2023-07-25,IMG_20230725_130645459.jpg,Sardine,Good,Manual_data
2023-07-25,IMG_20230725_130645035.jpg,Sardine,Good,Manual_data
2023-07-25,IMG_20230725_130643109.jpg,Sardine,Good,Manual_data
2023-07-25,IMG_20230725_130602754.jpg,Sardine,Good,Manual_data
2023-07-25,IMG_20230725_130559635.jpg,Sardine,Good,Manual_data
2023-07-25,IMG_20230725_130550726.jpg,Sardine,Good,Manual_data
2023-07-25,IMG_20230725_130547284.jpg,Sardine,Good,Manual_data
2023-07-25,IMG_20230725_130522960.jpg,Sardine,Good,Manual_data
2023-07-25,IMG_20230725_130519833.jpg,Sardine,Good,Manual_data
2023-07-25,IMG_20230725_130623781.jpg,Sardine,Good,Manual_data
2023-07-25,IMG_20230725_130621267_MP.jpg,Sardine,Good,Manual_data
2023-07-25,IMG_20230725_130618191.jpg,Sardine,Good,Manual_data
2023-07-25,IMG_20230725_130803134_MP.jpg,Sardine,Good,Manual_data
2023-07-25,IMG_20230725_130759503.jpg,Sardine,Good,Manual_data
2023-07-25,IMG_20230725_130755115_MP.jpg,Sardine,Good,Manual_data
2023-07-25,IMG_20230725_130834314.jpg,Sardine,Good,Manual_data
2023-07-25,IMG_20230725_130827852_MP.jpg,Sardine,Good,Manual_data
2023-07-25,IMG_20230725_130824611.jpg,Sardine,Good,Manual_data
2023-07-25,IMG_20230725_130816097.jpg,Sardine,Good,Manual_data
2023-07-25,IMG_20230725_130812778_MP.jpg,Sardine,Good,Manual_data
2023-07-25,IMG_20230725_130809756.jpg,Sardine,Good,Manual_data
2023-07-25,IMG_20230725_130716534.jpg,Sardine,Good,Manual_data
2023-07-25,IMG_20230725_130710438.jpg,Sardine,Good,Manual_data
2023-07-25,IMG_20230725_130700846.jpg,Sardine,Good,Manual_data
2023-07-25,IMG_20230725_130657703.jpg,Sardine,Good,Manual_data
2023-07-25,IMG_20230725_130752106.jpg,Sardine,Good,Manual_data
2023-07-25,IMG_20230725_130736536.jpg,Sardine,Good,Manual_data
2023-07-25,IMG_20230725_130734147.jpg,Sardine,Good,Manual_data
2023-07-25,IMG_20230725_130728577.jpg,Sardine,Good,Manual_data
2023-07-25,IMG_20230725_130724242.jpg,Sardine,Good,Manual_data
2023-07-25,IMG_20230725_131151011.jpg,Sardine,Good,Manual_data
2023-07-25,IMG_20230725_131146964.jpg,Sardine,Good,Manual_data
2023-07-25,IMG_20230725_131140741.jpg,Sardine,Good,Manual_data
2023-07-25,IMG_20230725_131137577.jpg,Sardine,Good,Manual_data
2023-07-25,IMG_20230725_131135189.jpg,Sardine,Good,Manual_data
2023-07-25,IMG_20230725_131132037_MP.jpg,Sardine,Good,Manual_data
2023-07-25,IMG_20230725_130928678.jpg,Sardine,Good,Manual_data
2023-07-25,IMG_20230725_130925484.jpg,Sardine,Good,Manual_data
2023-07-25,IMG_20230725_131153512.jpg,Sardine,Good,Manual_data
2023-07-25,IMG_20230725_130932033.jpg,Sardine,Good,Manual_data
2023-07-25,IMG_20230725_130326676.jpg,Sardine,Good,Manual_data
2023-07-25,IMG_20230725_131201019_MP.jpg,Sardine,Good,Manual_data
2023-07-25,IMG_20230725_131157920.jpg,Sardine,Good,Manual_data
2023-07-25,IMG_20230725_130952894_MP.jpg,Sardine,Good,Manual_data
2023-07-25,IMG_20230725_130950062.jpg,Sardine,Good,Manual_data
2023-07-25,IMG_20230725_130948846.jpg,Sardine,Good,Manual_data
2023-07-25,IMG_20230725_130944270.jpg,Sardine,Good,Manual_data
2023-07-25,IMG_20230725_130940984_MP.jpg,Sardine,Good,Manual_data
2023-07-25,IMG_20230725_130938046.jpg,Sardine,Good,Manual_data
2023-07-25,IMG_20230725_130935029.jpg,Sardine,Good,Manual_data
2023-07-25,IMG_20230725_131107418.jpg,Sardine,Good,Manual_data
2023-07-25,IMG_20230725_131103901.jpg,Sardine,Good,Manual_data
2023-07-25,IMG_20230725_131100551.jpg,Sardine,Good,Manual_data
2023-07-25,IMG_20230725_131057966.jpg,Sardine,Good,Manual_data
2023-07-25,IMG_20230725_131051788.jpg,Sardine,Good,Manual_data
2023-07-25,IMG_20230725_130842645.jpg,Sardine,Good,Manual_data
2023-07-25,IMG_20230725_131049600.jpg,Sardine,Good,Manual_data
2023-07-25,IMG_20230725_131047250.jpg,Sardine,Good,Manual_data
2023-07-25,IMG_20230725_130836948_MP.jpg,Sardine,Good,Manual_data
2023-07-25,IMG_20230725_131115098.jpg,Sardine,Good,Manual_data
2023-07-25,IMG_20230725_131117906.jpg,Sardine,Good,Manual_data
2023-07-25,IMG_20230725_130918776.jpg,Sardine,Good,Manual_data
2023-07-25,IMG_20230725_130916063.jpg,Sardine,Good,Manual_data
2023-07-25,IMG_20230725_130911700.jpg,Sardine,Good,Manual_data
2023-07-25,IMG_20230725_130908142_MP.jpg,Sardine,Good,Manual_data
2023-07-25,IMG_20230725_130903724.jpg,Sardine,Good,Manual_data
2023-07-25,IMG_20230725_130900728.jpg,Sardine,Good,Manual_data
2023-07-25,IMG_20230725_130642449.jpg,Sardine,Good,Manual_data
2023-07-25,IMG_20230725_130556134_MP.jpg,Sardine,Good,Manual_data
2023-07-25,IMG_20230725_131143496.jpg,Sardine,Good,Manual_data
2023-07-25,IMG_20230725_131055049.jpg,Sardine,Good,Manual_data
2023-07-25,IMG_20230725_130840224.jpg,Sardine,Good,Manual_data
2023-07-25,IMG_20230725_131112722.jpg,Sardine,Good,Manual_data
2023-07-25,IMG_20230725_130507741.jpg,Sardine,Good,Manual_data
2023-07-25,IMG_20230725_130350863.jpg,Sardine,Good,Manual_data
2023-07-25,IMG_20230725_131215627.jpg,Sardine,Good,Manual_data
2023-07-25,IMG_20230725_131208056.jpg,Sardine,Good,Manual_data
2023-07-25,IMG_20230725_130424998.jpg,Sardine,Good,Manual_data
2023-07-25,IMG_20230725_131028938.jpg,Sardine,Good,Manual_data
2023-07-25,IMG_20230725_130609806.jpg,Sardine,Good,Manual_data
2023-07-25,IMG_20230725_130806302.jpg,Sardine,Good,Manual_data
2023-07-25,IMG_20230725_130743922.jpg,Sardine,Good,Manual_data
2023-07-25,IMG_20230725_131124552.jpg,Sardine,Good,Manual_data
2023-07-25,IMG_20230725_130959391.jpg,Sardine,Good,Manual_data
2023-07-25,IMG_20230725_130852234.jpg,Sardine,Good,Manual_data
2023-07-25,IMG_20230725_130819989.jpg,Sardine,Good,Manual_data
2023-05-19,IMG20230519074247.jpg,Sardine,Good,Manual_data
2023-05-19,IMG20230519074259.jpg,Sardine,Good,Manual_data
2023-05-19,IMG20230519074306.jpg,Sardine,Good,Manual_data
2023-05-19,IMG20230519074356.jpg,Sardine,Good,Manual_data
2023-05-19,IMG20230519074339.jpg,Sardine,Good,Manual_data
2023-05-19,IMG20230519074325.jpg,Sardine,Good,Manual_data
2023-05-19,IMG20230519074331.jpg,Sardine,Good,Manual_data
2023-05-19,IMG20230519074348.jpg,Sardine,Good,Manual_data
2023-05-19,IMG20230519074316.jpg,Sardine,Good,Manual_data
2023-05-19,IMG20230519074444.jpg,Sardine,Good,Manual_data
2023-05-19,IMG20230519074509.jpg,Sardine,Good,Manual_data
2023-05-19,IMG20230519074516.jpg,Sardine,Good,Manual_data
2023-05-19,IMG20230519074451.jpg,Sardine,Good,Manual_data
2023-05-19,IMG20230519074523.jpg,Sardine,Good,Manual_data
2023-05-19,IMG20230519074428.jpg,Sardine,Good,Manual_data
2023-05-19,IMG20230519074459.jpg,Sardine,Good,Manual_data
2023-05-19,IMG20230519074434.jpg,Sardine,Good,Manual_data
2023-05-19,IMG20230519075332.jpg,Sardine,Good,Manual_data
2023-05-19,IMG20230519075318.jpg,Sardine,Good,Manual_data
2023-05-19,IMG20230519074535.jpg,Sardine,Good,Manual_data
2023-05-19,IMG20230519074529.jpg,Sardine,Good,Manual_data
2023-05-19,IMG20230519075312.jpg,Sardine,Good,Manual_data
2023-05-19,IMG20230519075340.jpg,Sardine,Good,Manual_data
2023-05-19,IMG20230519074541.jpg,Sardine,Good,Manual_data
2023-05-19,IMG20230519075437.jpg,Sardine,Good,Manual_data
2023-05-19,IMG20230519075345.jpg,Sardine,Good,Manual_data
2023-05-19,IMG20230519075400.jpg,Sardine,Good,Manual_data
2023-05-19,IMG20230519075421.jpg,Sardine,Good,Manual_data
2023-05-19,IMG20230519075428.jpg,Sardine,Good,Manual_data
2023-05-19,IMG20230519075353.jpg,Sardine,Good,Manual_data
2023-05-19,IMG20230519075413.jpg,Sardine,Good,Manual_data
2023-05-19,IMG20230519075407.jpg,Sardine,Good,Manual_data
2023-05-19,IMG20230519075457.jpg,Sardine,Good,Manual_data
2023-05-19,IMG20230519075529.jpg,Sardine,Good,Manual_data
2023-05-19,IMG20230519075445.jpg,Sardine,Good,Manual_data
2023-05-19,IMG20230519075451.jpg,Sardine,Good,Manual_data
2023-05-19,IMG20230519075511.jpg,Sardine,Good,Manual_data
2023-05-19,IMG20230519075503.jpg,Sardine,Good,Manual_data
2023-05-19,IMG20230519075523.jpg,Sardine,Good,Manual_data
2023-05-19,IMG20230519074108.jpg,Sardine,Bad,Manual_data
2023-05-19,IMG20230519074119.jpg,Sardine,Bad,Manual_data
2023-05-19,IMG20230519074128.jpg,Sardine,Bad,Manual_data
2023-05-19,IMG20230519074049.jpg,Sardine,Bad,Manual_data
2023-05-19,IMG20230519074139.jpg,Sardine,Bad,Manual_data
2023-05-19,IMG20230519074646.jpg,Sardine,Bad,Manual_data
2023-05-19,IMG20230519074150.jpg,Sardine,Bad,Manual_data
2023-05-19,IMG20230519074627.jpg,Sardine,Bad,Manual_data
2023-05-19,IMG20230519074632.jpg,Sardine,Bad,Manual_data
2023-05-19,IMG20230519074158.jpg,Sardine,Bad,Manual_data
2023-05-19,IMG20230519074655.jpg,Sardine,Bad,Manual_data
2023-05-19,IMG20230519074618.jpg,Sardine,Bad,Manual_data
2023-05-19,IMG20230519074639.jpg,Sardine,Bad,Manual_data
2023-05-19,IMG20230519074729.jpg,Sardine,Bad,Manual_data
2023-05-19,IMG20230519074904.jpg,Sardine,Bad,Manual_data
2023-05-19,IMG20230519074707.jpg,Sardine,Bad,Manual_data
2023-05-19,IMG20230519074736.jpg,Sardine,Bad,Manual_data
2023-05-19,IMG20230519074912.jpg,Sardine,Bad,Manual_data
2023-05-19,IMG20230519074714.jpg,Sardine,Bad,Manual_data
2023-05-19,IMG20230519074743.jpg,Sardine,Bad,Manual_data
2023-05-19,IMG20230519075009.jpg,Sardine,Bad,Manual_data
2023-05-19,IMG20230519074918.jpg,Sardine,Bad,Manual_data
2023-05-19,IMG20230519074925.jpg,Sardine,Bad,Manual_data
2023-05-19,IMG20230519074953.jpg,Sardine,Bad,Manual_data
2023-05-19,IMG20230519074937.jpg,Sardine,Bad,Manual_data
2023-05-19,IMG20230519074959.jpg,Sardine,Bad,Manual_data
2023-05-19,IMG20230519074930.jpg,Sardine,Bad,Manual_data
2023-05-19,IMG20230519074948.jpg,Sardine,Bad,Manual_data
2023-05-19,IMG20230519075024.jpg,Sardine,Bad,Manual_data
2023-05-19,IMG20230519075036.jpg,Sardine,Bad,Manual_data
2023-05-19,IMG20230519075042.jpg,Sardine,Bad,Manual_data
2023-05-19,IMG20230519075047.jpg,Sardine,Bad,Manual_data
2023-05-19,IMG20230519075013.jpg,Sardine,Bad,Manual_data
2023-05-19,IMG20230519075032.jpg,Sardine,Bad,Manual_data
2023-05-19,IMG20230519075143.jpg,Sardine,Bad,Manual_data
2023-05-19,IMG20230519075113.jpg,Sardine,Bad,Manual_data
2023-05-19,IMG20230519075106.jpg,Sardine,Bad,Manual_data
2023-05-19,IMG20230519075135.jpg,Sardine,Bad,Manual_data
2023-05-19,IMG20230519075129.jpg,Sardine,Bad,Manual_data
2023-05-19,IMG20230519075100.jpg,Sardine,Bad,Manual_data
2023-05-19,IMG20230519075053.jpg,Sardine,Bad,Manual_data
2023-05-19,IMG20230519075121.jpg,Sardine,Bad,Manual_data
2023-05-19,IMG20230519075216.jpg,Sardine,Bad,Manual_data
2023-05-19,IMG20230519075210.jpg,Sardine,Bad,Manual_data
2023-05-19,IMG20230519075156.jpg,Sardine,Bad,Manual_data
2023-05-19,IMG20230519075201.jpg,Sardine,Bad,Manual_data
2023-05-19,IMG20230519075150.jpg,Sardine,Bad,Manual_data
2023-05-20,IMG20230520081209.jpg,Mackerel,Good,Manual_data
2023-05-20,IMG20230520081202.jpg,Mackerel,Good,Manual_data
2023-05-20,IMG20230520081216.jpg,Mackerel,Good,Manual_data
2023-05-20,IMG20230520081224.jpg,Mackerel,Good,Manual_data
2023-05-20,IMG20230520081154.jpg,Mackerel,Good,Manual_data
2023-05-20,IMG20230520081242.jpg,Mackerel,Good,Manual_data
2023-05-20,IMG20230520081247.jpg,Mackerel,Good,Manual_data
2023-05-20,IMG20230520081305.jpg,Mackerel,Good,Manual_data
2023-05-20,IMG20230520081250.jpg,Mackerel,Good,Manual_data
2023-05-20,IMG20230520081236.jpg,Mackerel,Good,Manual_data
2023-05-20,IMG20230520081259.jpg,Mackerel,Good,Manual_data
2023-05-20,IMG20230520081254.jpg,Mackerel,Good,Manual_data
2023-05-20,IMG20230520081322.jpg,Mackerel,Good,Manual_data
2023-05-20,IMG20230520081339.jpg,Mackerel,Good,Manual_data
2023-05-20,IMG20230520081316.jpg,Mackerel,Good,Manual_data
2023-05-20,IMG20230520081311.jpg,Mackerel,Good,Manual_data
2023-05-20,IMG20230520081333.jpg,Mackerel,Good,Manual_data
2023-05-20,IMG20230520081345.jpg,Mackerel,Good,Manual_data
2023-05-20,IMG20230520081327.jpg,Mackerel,Good,Manual_data
2023-05-20,IMG20230520081355.jpg,Mackerel,Good,Manual_data
2023-05-20,IMG20230520081445.jpg,Mackerel,Good,Manual_data
2023-05-20,IMG20230520081458.jpg,Mackerel,Good,Manual_data
2023-05-20,IMG20230520081505.jpg,Mackerel,Good,Manual_data
2023-05-20,IMG20230520081439.jpg,Mackerel,Good,Manual_data
2023-05-20,IMG20230520081350.jpg,Mackerel,Good,Manual_data
2023-05-20,IMG20230520081433.jpg,Mackerel,Good,Manual_data
2023-05-20,IMG20230520081550.jpg,Mackerel,Good,Manual_data
2023-05-20,IMG20230520081530.jpg,Mackerel,Good,Manual_data
2023-05-20,IMG20230520081539.jpg,Mackerel,Good,Manual_data
2023-05-20,IMG20230520081545.jpg,Mackerel,Good,Manual_data
2023-05-20,IMG20230520081516.jpg,Mackerel,Good,Manual_data
2023-05-20,IMG20230520081510.jpg,Mackerel,Good,Manual_data
2023-05-20,IMG20230520081522.jpg,Mackerel,Good,Manual_data
2023-05-20,IMG20230520081619.jpg,Mackerel,Good,Manual_data
2023-05-20,IMG20230520081625.jpg,Mackerel,Good,Manual_data
2023-05-20,IMG20230520081609.jpg,Mackerel,Good,Manual_data
2023-05-20,IMG20230520081613.jpg,Mackerel,Good,Manual_data
2023-05-20,IMG20230520081601.jpg,Mackerel,Good,Manual_data
2023-05-20,IMG20230520081556.jpg,Mackerel,Good,Manual_data
2023-05-20,IMG20230520082225.jpg,Mackerel,Good,Manual_data
2023-05-20,IMG20230520082245.jpg,Mackerel,Good,Manual_data
2023-05-20,IMG20230520082300.jpg,Mackerel,Good,Manual_data
2023-05-20,IMG20230520082234.jpg,Mackerel,Good,Manual_data
2023-05-20,IMG20230520082249.jpg,Mackerel,Good,Manual_data
2023-05-20,IMG20230520082213.jpg,Mackerel,Good,Manual_data
2023-05-20,IMG20230520082331.jpg,Mackerel,Good,Manual_data
2023-05-20,IMG20230520082316.jpg,Mackerel,Good,Manual_data
2023-05-20,IMG20230520082322.jpg,Mackerel,Good,Manual_data
2023-05-20,IMG20230520082306.jpg,Mackerel,Good,Manual_data
2023-05-20,IMG20230520082336.jpg,Mackerel,Good,Manual_data
2023-05-20,IMG20230520082404.jpg,Mackerel,Good,Manual_data
2023-05-20,IMG20230520082417.jpg,Mackerel,Good,Manual_data
2023-05-20,IMG20230520082421.jpg,Mackerel,Good,Manual_data
2023-05-20,IMG20230520082355.jpg,Mackerel,Good,Manual_data
2023-05-20,IMG20230520082348.jpg,Mackerel,Good,Manual_data
2023-05-20,IMG20230520082434.jpg,Mackerel,Good,Manual_data
2023-05-20,IMG20230520082439.jpg,Mackerel,Good,Manual_data
2023-05-20,IMG20230520082451.jpg,Mackerel,Good,Manual_data
2023-05-20,IMG20230520080859.jpg,Mackerel,Bad,Manual_data
2023-05-20,IMG20230520080922.jpg,Mackerel,Bad,Manual_data
2023-05-20,IMG20230520080941.jpg,Mackerel,Bad,Manual_data
2023-05-20,IMG20230520080944.jpg,Mackerel,Bad,Manual_data
2023-05-20,IMG20230520080913.jpg,Mackerel,Bad,Manual_data
2023-05-20,IMG20230520080907.jpg,Mackerel,Bad,Manual_data
2023-05-20,IMG20230520080929.jpg,Mackerel,Bad,Manual_data
2023-05-20,IMG20230520080954.jpg,Mackerel,Bad,Manual_data
2023-05-20,IMG20230520080959.jpg,Mackerel,Bad,Manual_data
2023-05-20,IMG20230520081017.jpg,Mackerel,Bad,Manual_data
2023-05-20,IMG20230520080950.jpg,Mackerel,Bad,Manual_data
2023-05-20,IMG20230520081011.jpg,Mackerel,Bad,Manual_data
2023-05-20,IMG20230520081007.jpg,Mackerel,Bad,Manual_data
2023-05-20,IMG20230520081111.jpg,Mackerel,Bad,Manual_data
2023-05-20,IMG20230520081029.jpg,Mackerel,Bad,Manual_data
2023-05-20,IMG20230520081024.jpg,Mackerel,Bad,Manual_data
2023-05-20,IMG20230520081117.jpg,Mackerel,Bad,Manual_data
2023-05-20,IMG20230520081034.jpg,Mackerel,Bad,Manual_data
2023-05-20,IMG20230520081048.jpg,Mackerel,Bad,Manual_data
2023-05-20,IMG20230520081122.jpg,Mackerel,Bad,Manual_data
2023-05-20,IMG20230520093642.jpg,Sardine,Good,Manual_data
2023-05-20,IMG20230520093656.jpg,Sardine,Good,Manual_data
2023-05-20,IMG20230520093651.jpg,Sardine,Good,Manual_data
2023-05-20,IMG20230520093648.jpg,Sardine,Good,Manual_data
2023-05-20,IMG20230520093715.jpg,Sardine,Good,Manual_data
2023-05-20,IMG20230520093731.jpg,Sardine,Good,Manual_data
2023-05-20,IMG20230520093726.jpg,Sardine,Good,Manual_data
2023-05-20,IMG20230520093707.jpg,Sardine,Good,Manual_data
2023-05-20,IMG20230520093702.jpg,Sardine,Good,Manual_data
2023-05-20,IMG20230520093711.jpg,Sardine,Good,Manual_data
2023-05-20,IMG20230520093721.jpg,Sardine,Good,Manual_data
2023-05-20,IMG20230520093807.jpg,Sardine,Good,Manual_data
2023-05-20,IMG20230520093750.jpg,Sardine,Good,Manual_data
2023-05-20,IMG20230520093756.jpg,Sardine,Good,Manual_data
2023-05-20,IMG20230520093739.jpg,Sardine,Good,Manual_data
2023-05-20,IMG20230520093735.jpg,Sardine,Good,Manual_data
2023-05-20,IMG20230520093800.jpg,Sardine,Good,Manual_data
2023-05-20,IMG20230520093745.jpg,Sardine,Good,Manual_data
2023-05-20,IMG20230520093948.jpg,Sardine,Good,Manual_data
2023-05-20,IMG20230520093828.jpg,Sardine,Good,Manual_data
2023-05-20,IMG20230520093831.jpg,Sardine,Good,Manual_data
2023-05-20,IMG20230520093835.jpg,Sardine,Good,Manual_data
2023-05-20,IMG20230520093840.jpg,Sardine,Good,Manual_data
2023-05-20,IMG20230520093811.jpg,Sardine,Good,Manual_data
2023-05-20,IMG20230520094002.jpg,Sardine,Good,Manual_data
2023-05-20,IMG20230520094014.jpg,Sardine,Good,Manual_data
2023-05-20,IMG20230520094010.jpg,Sardine,Good,Manual_data
2023-05-20,IMG20230520093954.jpg,Sardine,Good,Manual_data
2023-05-20,IMG20230520094120.jpg,Sardine,Good,Manual_data
2023-05-20,IMG20230520094005.jpg,Sardine,Good,Manual_data
2023-05-20,IMG20230520094140.jpg,Sardine,Good,Manual_data
2023-05-20,IMG20230520094154.jpg,Sardine,Good,Manual_data
2023-05-20,IMG20230520094125.jpg,Sardine,Good,Manual_data
2023-05-20,IMG20230520094130.jpg,Sardine,Good,Manual_data
2023-05-20,IMG20230520094149.jpg,Sardine,Good,Manual_data
2023-05-20,IMG20230520094135.jpg,Sardine,Good,Manual_data
2023-05-20,IMG20230520094144.jpg,Sardine,Good,Manual_data
2023-05-20,IMG20230520094216.jpg,Sardine,Good,Manual_data
2023-05-20,IMG20230520094211.jpg,Sardine,Good,Manual_data
2023-05-20,IMG20230520094205.jpg,Sardine,Good,Manual_data
2023-05-20,IMG20230520094159.jpg,Sardine,Good,Manual_data
2023-05-20,IMG20230520093229.jpg,Sardine,Bad,Manual_data
2023-05-20,IMG20230520093243.jpg,Sardine,Bad,Manual_data
2023-05-20,IMG20230520093220.jpg,Sardine,Bad,Manual_data
2023-05-20,IMG20230520093249.jpg,Sardine,Bad,Manual_data
2023-05-20,IMG20230520093239.jpg,Sardine,Bad,Manual_data
2023-05-20,IMG20230520093224.jpg,Sardine,Bad,Manual_data
2023-05-20,IMG20230520093234.jpg,Sardine,Bad,Manual_data
2023-05-20,IMG20230520093318.jpg,Sardine,Bad,Manual_data
2023-05-20,IMG20230520093259.jpg,Sardine,Bad,Manual_data
2023-05-20,IMG20230520093324.jpg,Sardine,Bad,Manual_data
2023-05-20,IMG20230520093305.jpg,Sardine,Bad,Manual_data
2023-05-20,IMG20230520093328.jpg,Sardine,Bad,Manual_data
2023-05-20,IMG20230520093310.jpg,Sardine,Bad,Manual_data
2023-05-20,IMG20230520093255.jpg,Sardine,Bad,Manual_data
2023-05-20,IMG20230520093314.jpg,Sardine,Bad,Manual_data
2023-05-20,IMG20230520093341.jpg,Sardine,Bad,Manual_data
2023-05-20,IMG20230520093441.jpg,Sardine,Bad,Manual_data
2023-05-20,IMG20230520093337.jpg,Sardine,Bad,Manual_data
2023-05-20,IMG20230520093402.jpg,Sardine,Bad,Manual_data
2023-05-20,IMG20230520093446.jpg,Sardine,Bad,Manual_data
2023-05-20,IMG20230520093352.jpg,Sardine,Bad,Manual_data
2023-05-20,IMG20230520093345.jpg,Sardine,Bad,Manual_data
2023-05-20,IMG20230520093509.jpg,Sardine,Bad,Manual_data
2023-05-20,IMG20230520093513.jpg,Sardine,Bad,Manual_data
2023-05-20,IMG20230520093503.jpg,Sardine,Bad,Manual_data
2023-05-20,IMG20230520093451.jpg,Sardine,Bad,Manual_data
2023-05-20,IMG20230520093459.jpg,Sardine,Bad,Manual_data
2023-05-20,IMG20230520093455.jpg,Sardine,Bad,Manual_data
2023-05-20,IMG20230520093520.jpg,Sardine,Bad,Manual_data
2023-05-20,IMG20230520093608.jpg,Sardine,Bad,Manual_data
2023-05-20,IMG20230520093544.jpg,Sardine,Bad,Manual_data
2023-05-20,IMG20230520093549.jpg,Sardine,Bad,Manual_data
2023-05-20,IMG20230520093524.jpg,Sardine,Bad,Manual_data
2023-05-20,IMG20230520093538.jpg,Sardine,Bad,Manual_data
2023-05-20,IMG20230520093534.jpg,Sardine,Bad,Manual_data
2023-05-20,IMG20230520093529.jpg,Sardine,Bad,Manual_data
2023-05-20,IMG20230520093612.jpg,Sardine,Bad,Manual_data
2023-05-20,IMG20230520093617.jpg,Sardine,Bad,Manual_data
2023-05-20,IMG20230520093621.jpg,Sardine,Bad,Manual_data
2023-05-18,IMG20230518083457.jpg,Mackerel,Good,Manual_data
2023-05-18,IMG20230518083308.jpg,Mackerel,Good,Manual_data
2023-05-18,IMG20230518082740.jpg,Mackerel,Good,Manual_data
2023-05-18,IMG20230518083235.jpg,Mackerel,Good,Manual_data
2023-05-18,IMG20230518083242.jpg,Mackerel,Good,Manual_data
2023-05-18,IMG20230518083251.jpg,Mackerel,Good,Manual_data
2023-05-18,IMG20230518083332.jpg,Mackerel,Good,Manual_data
2023-05-18,IMG20230518083259.jpg,Mackerel,Good,Manual_data
2023-05-18,IMG20230518083318.jpg,Mackerel,Good,Manual_data
2023-05-18,IMG20230518082748.jpg,Mackerel,Good,Manual_data
2023-05-18,IMG20230518082700.jpg,Mackerel,Good,Manual_data
2023-05-18,IMG20230518082733.jpg,Mackerel,Good,Manual_data
2023-05-18,IMG20230518082707.jpg,Mackerel,Good,Manual_data
2023-05-18,IMG20230518082715.jpg,Mackerel,Good,Manual_data
2023-05-18,IMG_20230518_082204.jpg,Mackerel,Good,Manual_data
2023-05-18,IMG20230518080811.jpg,Mackerel,Good,Manual_data
2023-05-18,IMG20230518080818.jpg,Mackerel,Good,Manual_data
2023-05-18,IMG20230518080806.jpg,Mackerel,Good,Manual_data
2023-05-18,IMG20230518080823.jpg,Mackerel,Good,Manual_data
2023-05-18,IMG20230518080759.jpg,Mackerel,Good,Manual_data
2023-05-18,IMG20230518083532.jpg,Mackerel,Bad,Manual_data
2023-05-18,IMG20230518083524.jpg,Mackerel,Bad,Manual_data
2023-05-18,IMG20230518083513.jpg,Mackerel,Bad,Manual_data
2023-05-18,IMG20230518083537.jpg,Mackerel,Bad,Manual_data
2023-05-18,IMG20230518083542.jpg,Mackerel,Bad,Manual_data
2023-05-18,IMG20230518082617.jpg,Mackerel,Bad,Manual_data
2023-05-18,IMG20230518082629.jpg,Mackerel,Bad,Manual_data
2023-05-18,IMG20230518082623.jpg,Mackerel,Bad,Manual_data
2023-05-18,IMG20230518082634.jpg,Mackerel,Bad,Manual_data
2023-05-18,IMG20230518081417.jpg,Mackerel,Bad,Manual_data
2023-05-18,IMG20230518082600.jpg,Mackerel,Bad,Manual_data
2023-05-18,IMG20230518081408.jpg,Mackerel,Bad,Manual_data
2023-05-18,IMG20230518082552.jpg,Mackerel,Bad,Manual_data
2023-05-18,IMG20230518082606.jpg,Mackerel,Bad,Manual_data
2023-05-18,IMG20230518082545.jpg,Mackerel,Bad,Manual_data
2023-05-18,IMG20230518082611.jpg,Mackerel,Bad,Manual_data
2023-05-18,IMG20230518082555.jpg,Mackerel,Bad,Manual_data
2023-05-18,IMG20230518081348.jpg,Mackerel,Bad,Manual_data
2023-05-18,IMG20230518081337.jpg,Mackerel,Bad,Manual_data
2023-05-18,IMG20230518081358.jpg,Mackerel,Bad,Manual_data
2023-05-23,IMG20230523081428.jpg,Mackerel,Good,Manual_data
2023-05-23,IMG20230523081432.jpg,Mackerel,Good,Manual_data
2023-05-23,IMG20230523081503.jpg,Mackerel,Good,Manual_data
2023-05-23,IMG20230523081359.jpg,Mackerel,Good,Manual_data
2023-05-23,IMG20230523081356.jpg,Mackerel,Good,Manual_data
2023-05-23,IMG20230523081420.jpg,Mackerel,Good,Manual_data
2023-05-23,IMG20230523081406.jpg,Mackerel,Good,Manual_data
2023-05-23,IMG20230523081402.jpg,Mackerel,Good,Manual_data
2023-05-23,IMG20230523081352.jpg,Mackerel,Good,Manual_data
2023-05-23,IMG20230523081424.jpg,Mackerel,Good,Manual_data
2023-05-23,IMG20230523081410.jpg,Mackerel,Good,Manual_data
2023-05-23,IMG20230523081347.jpg,Mackerel,Good,Manual_data
2023-05-23,IMG20230523081414.jpg,Mackerel,Good,Manual_data
2023-05-23,IMG20230523081326.jpg,Mackerel,Good,Manual_data
2023-05-23,IMG20230523081323.jpg,Mackerel,Good,Manual_data
2023-05-23,IMG20230523081330.jpg,Mackerel,Good,Manual_data
2023-05-23,IMG20230523081333.jpg,Mackerel,Good,Manual_data
2023-05-23,IMG20230523081336.jpg,Mackerel,Good,Manual_data
2023-05-23,IMG20230523081344.jpg,Mackerel,Good,Manual_data
2023-05-23,IMG20230523081340.jpg,Mackerel,Good,Manual_data
2023-05-23,IMG20230523081316.jpg,Mackerel,Good,Manual_data
2023-05-23,IMG20230523081304.jpg,Mackerel,Good,Manual_data
2023-05-23,IMG20230523081313.jpg,Mackerel,Good,Manual_data
2023-05-23,IMG20230523081300.jpg,Mackerel,Good,Manual_data
2023-05-23,IMG20230523081252_01.jpg,Mackerel,Good,Manual_data
2023-05-23,IMG20230523081322.jpg,Mackerel,Good,Manual_data
2023-05-23,IMG20230523081257.jpg,Mackerel,Good,Manual_data
2023-05-23,IMG20230523081309.jpg,Mackerel,Good,Manual_data
2023-05-23,IMG20230523081221.jpg,Mackerel,Good,Manual_data
2023-05-23,IMG20230523081217.jpg,Mackerel,Good,Manual_data
2023-05-23,IMG20230523081227.jpg,Mackerel,Good,Manual_data
2023-05-23,IMG20230523081248.jpg,Mackerel,Good,Manual_data
2023-05-23,IMG20230523081252.jpg,Mackerel,Good,Manual_data
2023-05-23,IMG20230523081241.jpg,Mackerel,Good,Manual_data
2023-05-23,IMG20230523081211.jpg,Mackerel,Good,Manual_data
2023-05-23,IMG20230523081236.jpg,Mackerel,Good,Manual_data
2023-05-23,IMG20230523081205.jpg,Mackerel,Good,Manual_data
2023-05-23,IMG20230523081140.jpg,Mackerel,Good,Manual_data
2023-05-23,IMG20230523081157.jpg,Mackerel,Good,Manual_data
2023-05-23,IMG20230523081153.jpg,Mackerel,Good,Manual_data
2023-05-23,IMG20230523081148.jpg,Mackerel,Good,Manual_data
2023-05-23,IMG20230521103907.jpg,Mackerel,Good,Manual_data
2023-05-23,IMG20230521103857.jpg,Mackerel,Good,Manual_data
2023-05-23,IMG20230521103903.jpg,Mackerel,Good,Manual_data
2023-05-23,IMG20230523081537.jpg,Mackerel,Bad,Manual_data
2023-05-23,IMG20230523081547.jpg,Mackerel,Bad,Manual_data
2023-05-23,IMG20230523081601.jpg,Mackerel,Bad,Manual_data
2023-05-23,IMG20230523081552.jpg,Mackerel,Bad,Manual_data
2023-05-23,IMG20230523081542.jpg,Mackerel,Bad,Manual_data
2023-05-23,IMG20230523081605.jpg,Mackerel,Bad,Manual_data
2023-05-23,IMG20230523081526.jpg,Mackerel,Bad,Manual_data
2023-05-23,IMG20230523081515.jpg,Mackerel,Bad,Manual_data
2023-05-23,IMG20230523081520.jpg,Mackerel,Bad,Manual_data
2023-05-23,IMG20230523081532.jpg,Mackerel,Bad,Manual_data
2023-05-23,IMG20230523081125.jpg,Mackerel,Bad,Manual_data
2023-05-23,IMG20230523081108.jpg,Mackerel,Bad,Manual_data
2023-05-23,IMG20230523081102.jpg,Mackerel,Bad,Manual_data
2023-05-23,IMG20230523081047.jpg,Mackerel,Bad,Manual_data
2023-05-23,IMG20230523081057.jpg,Mackerel,Bad,Manual_data
2023-05-23,IMG20230523081052.jpg,Mackerel,Bad,Manual_data
2023-05-23,IMG20230523081121.jpg,Mackerel,Bad,Manual_data
2023-05-23,IMG20230523080950.jpg,Mackerel,Bad,Manual_data
2023-05-23,IMG20230523080956.jpg,Mackerel,Bad,Manual_data
2023-05-23,IMG20230523081043.jpg,Mackerel,Bad,Manual_data
2023-05-23,IMG20230523081002.jpg,Mackerel,Bad,Manual_data
2023-05-23,IMG20230523080945.jpg,Mackerel,Bad,Manual_data
2023-05-23,IMG20230523081008.jpg,Mackerel,Bad,Manual_data
2023-05-23,IMG20230523081015.jpg,Mackerel,Bad,Manual_data
2023-05-23,IMG20230523080939.jpg,Mackerel,Bad,Manual_data
2023-05-23,IMG20230523080919.jpg,Mackerel,Bad,Manual_data
2023-05-23,IMG20230523080928.jpg,Mackerel,Bad,Manual_data
2023-05-23,IMG20230523080920.jpg,Mackerel,Bad,Manual_data
2023-05-23,IMG20230523080933.jpg,Mackerel,Bad,Manual_data
2023-05-23,IMG20230523080912.jpg,Mackerel,Bad,Manual_data
2023-05-23,IMG20230523080837.jpg,Mackerel,Bad,Manual_data
2023-05-23,IMG20230523080852.jpg,Mackerel,Bad,Manual_data
2023-05-23,IMG20230523080845.jpg,Mackerel,Bad,Manual_data
2023-05-23,IMG20230523080857.jpg,Mackerel,Bad,Manual_data
2023-05-23,IMG20230523080826.jpg,Mackerel,Bad,Manual_data
2023-05-23,IMG20230521104523.jpg,Mackerel,Bad,Manual_data
2023-05-23,IMG20230521104510.jpg,Mackerel,Bad,Manual_data
2023-05-23,IMG20230521104449.jpg,Mackerel,Bad,Manual_data
2023-05-23,IMG20230521104441.jpg,Mackerel,Bad,Manual_data
2023-05-23,IMG20230521104503.jpg,Mackerel,Bad,Manual_data
2023-05-23,IMG20230521104516.jpg,Mackerel,Bad,Manual_data
2023-05-23,IMG20230521104458.jpg,Mackerel,Bad,Manual_data
2023-05-23,IMG20230521104353.jpg,Mackerel,Bad,Manual_data
2023-05-23,IMG20230521104414.jpg,Mackerel,Bad,Manual_data
2023-05-23,IMG20230521104429.jpg,Mackerel,Bad,Manual_data
2023-05-23,IMG20230521104408.jpg,Mackerel,Bad,Manual_data
2023-05-23,IMG20230521104404.jpg,Mackerel,Bad,Manual_data
2023-05-23,IMG20230521104437.jpg,Mackerel,Bad,Manual_data
2023-05-23,IMG20230521104426.jpg,Mackerel,Bad,Manual_data
2023-05-23,IMG20230521104358.jpg,Mackerel,Bad,Manual_data
2023-05-23,IMG20230521104419.jpg,Mackerel,Bad,Manual_data
2023-05-23,IMG20230521104335.jpg,Mackerel,Bad,Manual_data
2023-05-23,IMG20230521104347.jpg,Mackerel,Bad,Manual_data
2023-05-23,IMG20230521104341.jpg,Mackerel,Bad,Manual_data
2023-05-23,IMG20230521104330.jpg,Mackerel,Bad,Manual_data
2023-05-23,IMG20230521104323.jpg,Mackerel,Bad,Manual_data
2023-05-23,IMG20230523100108.jpg,Sardine,Good,Manual_data
2023-05-23,IMG20230523100056.jpg,Sardine,Good,Manual_data
2023-05-23,IMG20230523100105.jpg,Sardine,Good,Manual_data
2023-05-23,IMG20230523100020.jpg,Sardine,Good,Manual_data
2023-05-23,IMG20230523100033.jpg,Sardine,Good,Manual_data
2023-05-23,IMG20230523100100.jpg,Sardine,Good,Manual_data
2023-05-23,IMG20230523100016.jpg,Sardine,Good,Manual_data
2023-05-23,IMG20230523100039.jpg,Sardine,Good,Manual_data
2023-05-23,IMG20230523100029.jpg,Sardine,Good,Manual_data
2023-05-23,IMG20230523100025.jpg,Sardine,Good,Manual_data
2023-05-23,IMG20230523100012.jpg,Sardine,Good,Manual_data
2023-05-23,IMG20230523100044.jpg,Sardine,Good,Manual_data
2023-05-23,IMG20230523095915.jpg,Sardine,Good,Manual_data
2023-05-23,IMG20230523100007.jpg,Sardine,Good,Manual_data
2023-05-23,IMG20230523095956.jpg,Sardine,Good,Manual_data
2023-05-23,IMG20230523095907.jpg,Sardine,Good,Manual_data
2023-05-23,IMG20230523095911.jpg,Sardine,Good,Manual_data
2023-05-23,IMG20230523095818.jpg,Sardine,Good,Manual_data
2023-05-23,IMG20230523095834.jpg,Sardine,Good,Manual_data
2023-05-23,IMG20230523095818 (1).jpg,Sardine,Good,Manual_data
2023-05-23,IMG20230523095822.jpg,Sardine,Good,Manual_data
2023-05-23,IMG20230523095856.jpg,Sardine,Good,Manual_data
2023-05-23,IMG20230523095810.jpg,Sardine,Good,Manual_data
2023-05-23,IMG20230523095901.jpg,Sardine,Good,Manual_data
2023-05-23,IMG20230523095849.jpg,Sardine,Good,Manual_data
2023-05-23,IMG20230523095839.jpg,Sardine,Good,Manual_data
2023-05-23,IMG20230523095828.jpg,Sardine,Good,Manual_data
2023-05-23,IMG20230523095805.jpg,Sardine,Good,Manual_data
2023-05-23,IMG20230523095758.jpg,Sardine,Good,Manual_data
2023-05-23,IMG20230523095746.jpg,Sardine,Good,Manual_data
2023-05-23,IMG20230523095754.jpg,Sardine,Good,Manual_data
2023-05-23,IMG20230523095737.jpg,Sardine,Good,Manual_data
2023-05-23,IMG20230523095744.jpg,Sardine,Good,Manual_data
2023-05-23,IMG20230523095740.jpg,Sardine,Good,Manual_data
2023-05-23,IMG20230523095949.jpg,Sardine,Bad,Manual_data
2023-05-23,IMG20230523095943.jpg,Sardine,Bad,Manual_data
2023-05-23,IMG20230523095932.jpg,Sardine,Bad,Manual_data
2023-05-23,IMG20230523095950.jpg,Sardine,Bad,Manual_data
2023-05-23,IMG20230523095936.jpg,Sardine,Bad,Manual_data
2023-05-23,IMG20230523095729.jpg,Sardine,Bad,Manual_data
2023-05-23,IMG20230523095721.jpg,Sardine,Bad,Manual_data
2023-05-23,IMG20230523095725.jpg,Sardine,Bad,Manual_data
2023-05-23,IMG20230523095721 (1).jpg,Sardine,Bad,Manual_data
2023-05-23,IMG20230523095705.jpg,Sardine,Bad,Manual_data
2023-05-23,IMG20230523095709.jpg,Sardine,Bad,Manual_data
2023-05-23,IMG20230523095652.jpg,Sardine,Bad,Manual_data
2023-05-23,IMG20230523095657.jpg,Sardine,Bad,Manual_data
2023-05-23,IMG20230523095700.jpg,Sardine,Bad,Manual_data
2023-05-23,IMG20230523095646.jpg,Sardine,Bad,Manual_data
2023-05-23,IMG20230523095612.jpg,Sardine,Bad,Manual_data
2023-05-23,IMG20230523095618.jpg,Sardine,Bad,Manual_data
2023-05-23,IMG20230523095606.jpg,Sardine,Bad,Manual_data
2023-05-23,IMG20230523095632.jpg,Sardine,Bad,Manual_data
2023-05-23,IMG20230523095627.jpg,Sardine,Bad,Manual_data
2023-05-23,IMG20230523095642.jpg,Sardine,Bad,Manual_data
2023-05-23,IMG20230523095622.jpg,Sardine,Bad,Manual_data
2023-05-23,IMG20230523095637.jpg,Sardine,Bad,Manual_data
2023-05-23,IMG20230523095602.jpg,Sardine,Bad,Manual_data
2023-12-21,IMG_20231221_105349542.jpg,White prawns,Good,Manual_data
2023-12-21,IMG_20231221_105556280.jpg,White prawns,Good,Manual_data
2023-12-21,IMG_20231221_105144949.jpg,White prawns,Good,Manual_data
2023-12-21,IMG_20231221_105606585.jpg,White prawns,Good,Manual_data
2023-12-21,IMG_20231221_105220642.jpg,White prawns,Good,Manual_data
2023-12-21,IMG_20231221_105224518.jpg,White prawns,Good,Manual_data
2023-12-21,IMG_20231221_105119182.jpg,White prawns,Good,Manual_data
2023-12-21,IMG_20231221_105047415.jpg,White prawns,Good,Manual_data
2023-12-21,IMG_20231221_105126186.jpg,White prawns,Good,Manual_data
2023-12-21,IMG_20231221_105603501.jpg,White prawns,Good,Manual_data
2023-12-21,IMG_20231221_105233608.jpg,White prawns,Good,Manual_data
2023-12-21,IMG_20231221_105054583.jpg,White prawns,Good,Manual_data
2023-12-21,IMG_20231221_105238081.jpg,White prawns,Good,Manual_data
2023-12-21,IMG_20231221_105345853.jpg,White prawns,Good,Manual_data
2023-12-21,IMG_20231221_105339484.jpg,White prawns,Good,Manual_data
2023-12-21,IMG_20231221_105144949 (2).jpg,White prawns,Good,Manual_data
2023-12-21,IMG_20231221_105129765.jpg,White prawns,Good,Manual_data
2023-12-21,IMG_20231221_105039475.jpg,White prawns,Good,Manual_data
2023-12-21,IMG_20231221_105001920.jpg,White prawns,Good,Manual_data
2023-12-21,IMG_20231221_105008966.jpg,White prawns,Good,Manual_data
2023-12-21,IMG_20231221_105133676.jpg,White prawns,Good,Manual_data
2023-12-21,IMG_20231221_105549362.jpg,White prawns,Good,Manual_data
2023-12-21,IMG_20231221_105035738.jpg,White prawns,Good,Manual_data
2023-12-21,IMG_20231221_105342615.jpg,White prawns,Good,Manual_data
2023-12-21,IMG_20231221_105107927.jpg,White prawns,Good,Manual_data
2023-12-21,IMG_20231221_105018925.jpg,White prawns,Good,Manual_data
2023-12-21,IMG_20231221_105051119.jpg,White prawns,Good,Manual_data
2023-12-21,IMG_20231221_105354004.jpg,White prawns,Good,Manual_data
2023-12-21,IMG_20231221_093935250.jpg,White prawns,Good,Manual_data
2023-12-21,IMG_20231221_105147942.jpg,White prawns,Good,Manual_data
2023-12-21,IMG_20231221_105258974.jpg,White prawns,Good,Manual_data
2023-12-21,IMG_20231221_105205351.jpg,White prawns,Good,Manual_data
2023-12-21,IMG_20231221_105559759.jpg,White prawns,Good,Manual_data
2023-12-21,IMG_20231221_105102548.jpg,White prawns,Good,Manual_data
2023-12-21,IMG_20231221_105058738.jpg,White prawns,Good,Manual_data
2023-12-21,IMG_20231221_104950516.jpg,White prawns,Good,Manual_data
2023-12-21,IMG_20231221_104954687.jpg,White prawns,Good,Manual_data
2023-12-21,IMG_20231221_105847200.jpg,White prawns,Good,Manual_data
2023-12-21,IMG_20231221_105202360.jpg,White prawns,Good,Manual_data
2023-12-21,IMG_20231221_105123110.jpg,White prawns,Good,Manual_data
2023-12-21,IMG_20231221_104945777.jpg,White prawns,Good,Manual_data
2023-12-21,IMG_20231221_105031583.jpg,White prawns,Good,Manual_data
2023-12-21,IMG_20231221_105023515.jpg,White prawns,Good,Manual_data
2023-12-21,IMG_20231221_105552661.jpg,White prawns,Good,Manual_data
2023-12-21,IMG_20231221_105903665.jpg,White prawns,Good,Manual_data
2023-12-21,IMG_20231221_105745329.jpg,White prawns,Good,Manual_data
2023-12-21,IMG_20231221_105043411.jpg,White prawns,Good,Manual_data
2023-12-21,IMG_20231221_105854459.jpg,White prawns,Good,Manual_data
2023-12-21,IMG_20231221_104938593.jpg,White prawns,Good,Manual_data
2023-12-21,IMG_20231221_105821292.jpg,White prawns,Good,Manual_data
2023-12-21,IMG_20231221_105757295.jpg,White prawns,Good,Manual_data
2023-12-21,IMG_20231221_105850686.jpg,White prawns,Good,Manual_data
2023-12-21,IMG_20231221_105012079.jpg,White prawns,Good,Manual_data
2023-12-21,IMG_20231221_105810321.jpg,White prawns,Good,Manual_data
2023-12-21,IMG_20231221_105813513.jpg,White prawns,Good,Manual_data
2023-12-21,IMG_20231221_105015087.jpg,White prawns,Good,Manual_data
2023-12-21,IMG_20231221_105806897.jpg,White prawns,Good,Manual_data
2023-12-21,IMG_20231221_105843053.jpg,White prawns,Good,Manual_data
2023-12-21,IMG_20231221_104941628.jpg,White prawns,Good,Manual_data
2023-12-21,IMG_20231221_105027786.jpg,White prawns,Good,Manual_data
2023-12-21,IMG_20231221_105818100.jpg,White prawns,Good,Manual_data
2023-12-21,IMG_20231221_105838530.jpg,White prawns,Good,Manual_data
2023-12-21,IMG_20231221_105006181.jpg,White prawns,Good,Manual_data
2023-12-21,IMG_20231221_105719917.jpg,White prawns,Good,Manual_data
2023-12-21,IMG_20231221_105748799.jpg,White prawns,Good,Manual_data
2023-12-21,IMG_20231221_105549362 (2).jpg,White prawns,Good,Manual_data
2023-12-21,IMG_20231221_105621540.jpg,White prawns,Good,Manual_data
2023-12-21,IMG_20231221_105824804.jpg,White prawns,Good,Manual_data
2023-12-21,IMG_20231221_105741798.jpg,White prawns,Good,Manual_data
2023-12-21,IMG_20231221_105133676 (2).jpg,White prawns,Good,Manual_data
2023-12-21,IMG_20231221_105018925 (2).jpg,White prawns,Good,Manual_data
2023-12-21,IMG_20231221_105646290.jpg,White prawns,Good,Manual_data
2023-12-21,IMG_20231221_105724980.jpg,White prawns,Good,Manual_data
2023-12-21,IMG_20231221_105803042.jpg,White prawns,Good,Manual_data
2023-12-21,IMG_20231221_105147942 (2).jpg,White prawns,Good,Manual_data
2023-12-21,IMG_20231221_105831220.jpg,White prawns,Good,Manual_data
2023-12-21,IMG_20231221_105700418.jpg,White prawns,Good,Manual_data
2023-12-21,IMG_20231221_105628525.jpg,White prawns,Good,Manual_data
2023-12-21,IMG_20231221_105639201.jpg,White prawns,Good,Manual_data
2023-12-21,IMG_20231221_105705877.jpg,White prawns,Good,Manual_data
2023-12-21,IMG_20231221_105753317.jpg,White prawns,Good,Manual_data
2023-12-21,IMG_20231221_105716278.jpg,White prawns,Good,Manual_data
2023-12-21,IMG_20231221_105643089.jpg,White prawns,Good,Manual_data
2023-12-21,IMG_20231221_105657076.jpg,White prawns,Good,Manual_data
2023-12-21,IMG_20231221_105606585 (2).jpg,White prawns,Good,Manual_data
2023-12-21,IMG_20231221_105625757.jpg,White prawns,Good,Manual_data
2023-12-21,IMG_20231221_105614893.jpg,White prawns,Good,Manual_data
2023-12-21,IMG_20231221_105632043.jpg,White prawns,Good,Manual_data
2023-12-21,IMG_20231221_105609968.jpg,White prawns,Good,Manual_data
2023-12-21,IMG_20231221_105603501 (2).jpg,White prawns,Good,Manual_data
2023-12-21,IMG_20231221_105709694.jpg,White prawns,Good,Manual_data
2023-12-21,IMG_20231221_105202360 (2).jpg,White prawns,Good,Manual_data
2023-12-21,IMG_20231221_105618149.jpg,White prawns,Good,Manual_data
2023-12-21,IMG_20231221_105624894.jpg,White prawns,Good,Manual_data
2023-12-21,IMG_20231221_105205351 (2).jpg,White prawns,Good,Manual_data
2023-12-21,IMG_20231221_105552661 (2).jpg,White prawns,Good,Manual_data
2023-12-21,IMG_20231221_105737391.jpg,White prawns,Good,Manual_data
2023-12-21,IMG_20231221_105649505.jpg,White prawns,Good,Manual_data
2023-12-21,IMG_20231221_105653539.jpg,White prawns,Good,Manual_data
2023-12-21,IMG_20231221_105635201.jpg,White prawns,Good,Manual_data
2024-02-27,IMG_20240227_114536046.jpg,White prawns,Bad,Manual_data
2024-02-27,IMG_20240227_113529930.jpg,White prawns,Bad,Manual_data
2024-02-27,IMG_20240227_113534640.jpg,White prawns,Bad,Manual_data
2024-02-27,IMG_20240227_113541670.jpg,White prawns,Bad,Manual_data
2024-02-27,IMG_20240227_113557629.jpg,White prawns,Bad,Manual_data
2024-02-27,IMG_20240227_113601114.jpg,White prawns,Bad,Manual_data
2024-02-27,IMG_20240227_113604850.jpg,White prawns,Bad,Manual_data
2024-02-27,IMG_20240227_113608965.jpg,White prawns,Bad,Manual_data
2024-02-27,IMG_20240227_113615392.jpg,White prawns,Bad,Manual_data
2024-02-27,IMG_20240227_113619406.jpg,White prawns,Bad,Manual_data
2024-02-27,IMG_20240227_113627869.jpg,White prawns,Bad,Manual_data
2024-02-27,IMG_20240227_113631516.jpg,White prawns,Bad,Manual_data
2024-02-27,IMG_20240227_113638981.jpg,White prawns,Bad,Manual_data
2024-02-27,IMG_20240227_113642712.jpg,White prawns,Bad,Manual_data
2024-02-27,IMG_20240227_113646588.jpg,White prawns,Bad,Manual_data
2024-02-27,IMG_20240227_113649383.jpg,White prawns,Bad,Manual_data
2024-02-27,IMG_20240227_113652331.jpg,White prawns,Bad,Manual_data
2024-02-27,IMG_20240227_113659772.jpg,White prawns,Bad,Manual_data
2024-02-27,IMG_20240227_113702326.jpg,White prawns,Bad,Manual_data
2024-02-27,IMG_20240227_113705531.jpg,White prawns,Bad,Manual_data
2024-02-27,IMG_20240227_113730760.jpg,White prawns,Bad,Manual_data
2024-02-27,IMG_20240227_113747478.jpg,White prawns,Bad,Manual_data
2024-02-27,IMG_20240227_113738889.jpg,White prawns,Bad,Manual_data
2024-02-27,IMG_20240227_113750456.jpg,White prawns,Bad,Manual_data
2024-02-27,IMG_20240227_113754066.jpg,White prawns,Bad,Manual_data
2024-02-27,IMG_20240227_113800863.jpg,White prawns,Bad,Manual_data
2024-02-27,IMG_20240227_113804538.jpg,White prawns,Bad,Manual_data
2024-02-27,IMG_20240227_113807823.jpg,White prawns,Bad,Manual_data
2024-02-27,IMG_20240227_113811118.jpg,White prawns,Bad,Manual_data
2024-02-27,IMG_20240227_113815254.jpg,White prawns,Bad,Manual_data
2024-02-27,IMG_20240227_113818599.jpg,White prawns,Bad,Manual_data
2024-02-27,IMG_20240227_113827174.jpg,White prawns,Bad,Manual_data
2024-02-27,IMG_20240227_113821897.jpg,White prawns,Bad,Manual_data
2024-02-27,IMG_20240227_113835210.jpg,White prawns,Bad,Manual_data
2024-02-27,IMG_20240227_113837994.jpg,White prawns,Bad,Manual_data
2024-02-27,IMG_20240227_113842291.jpg,White prawns,Bad,Manual_data
2024-02-27,IMG_20240227_113848996.jpg,White prawns,Bad,Manual_data
2024-02-27,IMG_20240227_113845806.jpg,White prawns,Bad,Manual_data
2024-02-27,IMG_20240227_113855380.jpg,White prawns,Bad,Manual_data
2024-02-27,IMG_20240227_113859887.jpg,White prawns,Bad,Manual_data
2024-02-27,IMG_20240227_113903283.jpg,White prawns,Bad,Manual_data
2024-02-27,IMG_20240227_113916174.jpg,White prawns,Bad,Manual_data
2024-02-27,IMG_20240227_113912138.jpg,White prawns,Bad,Manual_data
2024-02-27,IMG_20240227_113906517.jpg,White prawns,Bad,Manual_data
2024-02-27,IMG_20240227_113920905.jpg,White prawns,Bad,Manual_data
2024-02-27,IMG_20240227_113924303.jpg,White prawns,Bad,Manual_data
2024-02-27,IMG_20240227_113927190.jpg,White prawns,Bad,Manual_data
2024-02-27,IMG_20240227_113933285.jpg,White prawns,Bad,Manual_data
2024-02-27,IMG_20240227_113938312.jpg,White prawns,Bad,Manual_data
2024-02-27,IMG_20240227_113930370.jpg,White prawns,Bad,Manual_data
2024-02-27,IMG_20240227_113943692.jpg,White prawns,Bad,Manual_data
2024-02-27,IMG_20240227_113947524.jpg,White prawns,Bad,Manual_data
2024-02-27,IMG_20240227_113952174.jpg,White prawns,Bad,Manual_data
2024-02-27,IMG_20240227_113959740.jpg,White prawns,Bad,Manual_data
2024-02-27,IMG_20240227_113956801.jpg,White prawns,Bad,Manual_data
2024-02-27,IMG_20240227_114003604.jpg,White prawns,Bad,Manual_data
2024-02-27,IMG_20240227_114007629.jpg,White prawns,Bad,Manual_data
2024-02-27,IMG_20240227_114011136.jpg,White prawns,Bad,Manual_data
2024-02-27,IMG_20240227_114014227.jpg,White prawns,Bad,Manual_data
2024-02-27,IMG_20240227_114017428.jpg,White prawns,Bad,Manual_data
2024-02-27,IMG_20240227_114021621.jpg,White prawns,Bad,Manual_data
2024-02-27,IMG_20240227_114028290.jpg,White prawns,Bad,Manual_data
2024-02-27,IMG_20240227_114024083.jpg,White prawns,Bad,Manual_data
2024-02-27,IMG_20240227_114104259.jpg,White prawns,Bad,Manual_data
2024-02-27,IMG_20240227_114107942.jpg,White prawns,Bad,Manual_data
2024-02-27,IMG_20240227_114127976.jpg,White prawns,Bad,Manual_data
2024-02-27,IMG_20240227_114137050.jpg,White prawns,Bad,Manual_data
2024-02-27,IMG_20240227_114130528.jpg,White prawns,Bad,Manual_data
2024-02-27,IMG_20240227_114139872.jpg,White prawns,Bad,Manual_data
2024-02-27,IMG_20240227_114145080.jpg,White prawns,Bad,Manual_data
2024-02-27,IMG_20240227_114201226.jpg,White prawns,Bad,Manual_data
2024-02-27,IMG_20240227_114157976.jpg,White prawns,Bad,Manual_data
2024-02-27,IMG_20240227_114206456.jpg,White prawns,Bad,Manual_data
2024-02-27,IMG_20240227_114215641.jpg,White prawns,Bad,Manual_data
2024-02-27,IMG_20240227_114209376.jpg,White prawns,Bad,Manual_data
2024-02-27,IMG_20240227_114541370.jpg,White prawns,Bad,Manual_data
2024-02-27,IMG_20240227_114540780.jpg,White prawns,Bad,Manual_data
2024-02-27,IMG_20240227_114545637.jpg,White prawns,Bad,Manual_data
2024-02-27,IMG_20240227_114552625.jpg,White prawns,Bad,Manual_data
2024-02-27,IMG_20240227_114557578.jpg,White prawns,Bad,Manual_data
2024-02-27,IMG_20240227_114548982.jpg,White prawns,Bad,Manual_data
2024-02-27,IMG_20240227_114607350.jpg,White prawns,Bad,Manual_data
2024-02-27,IMG_20240227_114601234.jpg,White prawns,Bad,Manual_data
2024-02-27,IMG_20240227_114613632.jpg,White prawns,Bad,Manual_data
2024-02-27,IMG_20240227_114617768.jpg,White prawns,Bad,Manual_data
2024-02-27,IMG_20240227_114622238.jpg,White prawns,Bad,Manual_data
2024-02-27,IMG_20240227_114626437.jpg,White prawns,Bad,Manual_data
2024-02-27,IMG_20240227_114631554.jpg,White prawns,Bad,Manual_data
2024-02-27,IMG_20240227_114639196.jpg,White prawns,Bad,Manual_data
2024-02-27,IMG_20240227_114635439.jpg,White prawns,Bad,Manual_data
2024-02-27,IMG_20240227_114643052.jpg,White prawns,Bad,Manual_data
2024-02-27,IMG_20240227_114735705.jpg,White prawns,Bad,Manual_data
2024-02-27,IMG_20240227_114741597.jpg,White prawns,Bad,Manual_data
2024-02-27,IMG_20240227_114744559.jpg,White prawns,Bad,Manual_data
2024-02-27,IMG_20240227_114748524.jpg,White prawns,Bad,Manual_data
2024-02-27,IMG_20240227_114756075.jpg,White prawns,Bad,Manual_data
2024-02-27,IMG_20240227_114751760.jpg,White prawns,Bad,Manual_data
2024-02-27,IMG_20240227_114800157.jpg,White prawns,Bad,Manual_data
2024-02-27,IMG_20240227_114810945.jpg,White prawns,Bad,Manual_data
2024-02-27,IMG_20240227_114806556.jpg,White prawns,Bad,Manual_data
2024-02-27,IMG_20240227_114803246.jpg,White prawns,Bad,Manual_data
2024-02-27,IMG_20240227_114817776.jpg,White prawns,Bad,Manual_data
2024-02-27,IMG_20240227_114821345.jpg,White prawns,Bad,Manual_data
2024-02-27,IMG_20240227_114814213.jpg,White prawns,Bad,Manual_data
2024-02-27,IMG_20240227_114824564.jpg,White prawns,Bad,Manual_data
2024-02-27,IMG_20240227_114834770.jpg,White prawns,Bad,Manual_data
2024-02-27,IMG_20240227_114830414.jpg,White prawns,Bad,Manual_data
2024-02-27,IMG_20240227_114840063.jpg,White prawns,Bad,Manual_data
2024-02-27,IMG_20240227_114848492.jpg,White prawns,Bad,Manual_data
2024-02-27,IMG_20240227_114844179.jpg,White prawns,Bad,Manual_data
2024-02-27,IMG_20240227_114852490.jpg,White prawns,Bad,Manual_data
2024-02-27,IMG_20240227_114857562.jpg,White prawns,Bad,Manual_data
2024-02-27,IMG_20240227_114906168.jpg,White prawns,Bad,Manual_data
2024-02-27,IMG_20240227_114901056.jpg,White prawns,Bad,Manual_data
2024-02-27,IMG_20240227_114913411.jpg,White prawns,Bad,Manual_data
2024-02-27,IMG_20240227_114909270.jpg,White prawns,Bad,Manual_data
2024-02-27,IMG_20240227_114917778.jpg,White prawns,Bad,Manual_data
2024-02-27,IMG_20240227_114922434.jpg,White prawns,Bad,Manual_data
2024-02-27,IMG_20240227_114930142.jpg,White prawns,Bad,Manual_data
2024-02-27,IMG_20240227_114926610.jpg,White prawns,Bad,Manual_data
2024-02-27,IMG_20240227_114933924.jpg,White prawns,Bad,Manual_data
2024-02-27,IMG_20240227_114938025.jpg,White prawns,Bad,Manual_data
2024-02-27,IMG_20240227_114942342.jpg,White prawns,Bad,Manual_data
2024-02-27,IMG_20240227_114946293.jpg,White prawns,Bad,Manual_data
2024-02-27,IMG_20240227_115000979.jpg,White prawns,Bad,Manual_data
2024-02-27,IMG_20240227_114950193.jpg,White prawns,Bad,Manual_data
2024-02-27,IMG_20240227_114956161.jpg,White prawns,Bad,Manual_data
2024-02-27,IMG_20240227_115004590.jpg,White prawns,Bad,Manual_data
2024-02-27,IMG_20240227_115008266.jpg,White prawns,Bad,Manual_data
2024-02-27,IMG_20240227_115012500.jpg,White prawns,Bad,Manual_data
2024-02-27,IMG_20240227_115015860.jpg,White prawns,Bad,Manual_data
2024-02-27,IMG_20240227_115028199.jpg,White prawns,Bad,Manual_data
2024-02-27,IMG_20240227_115024395.jpg,White prawns,Bad,Manual_data
2024-02-27,IMG_20240227_115019387.jpg,White prawns,Bad,Manual_data
2024-02-27,IMG_20240227_115032171.jpg,White prawns,Bad,Manual_data
2024-02-27,IMG_20240227_115038562.jpg,White prawns,Bad,Manual_data
2024-02-27,IMG_20240227_115042904.jpg,White prawns,Bad,Manual_data
2024-02-27,IMG_20240227_115046713.jpg,White prawns,Bad,Manual_data
2024-02-27,IMG_20240227_115049966.jpg,White prawns,Bad,Manual_data
2024-02-27,IMG_20240227_115057254.jpg,White prawns,Bad,Manual_data
2024-02-27,IMG_20240227_115053783.jpg,White prawns,Bad,Manual_data
2024-02-27,IMG_20240227_115105721.jpg,White prawns,Bad,Manual_data
2024-02-27,IMG_20240227_115108958.jpg,White prawns,Bad,Manual_data
2024-02-27,IMG_20240227_115103830.jpg,White prawns,Bad,Manual_data
2024-02-27,IMG_20240227_115113770.jpg,White prawns,Bad,Manual_data
2024-02-27,IMG_20240227_115118073.jpg,White prawns,Bad,Manual_data
2024-02-27,IMG_20240227_115133996.jpg,White prawns,Bad,Manual_data
2024-02-27,IMG_20240227_115137208.jpg,White prawns,Bad,Manual_data
2024-02-27,IMG_20240227_115141431.jpg,White prawns,Bad,Manual_data
2024-02-27,IMG_20240227_115149426.jpg,White prawns,Bad,Manual_data
2024-02-27,IMG_20240227_115145690.jpg,White prawns,Bad,Manual_data
2024-02-27,IMG_20240227_115153327.jpg,White prawns,Bad,Manual_data
2024-02-27,IMG_20240227_115201407.jpg,White prawns,Bad,Manual_data
2024-02-27,IMG_20240227_115156860.jpg,White prawns,Bad,Manual_data
2024-02-27,IMG_20240227_115205160.jpg,White prawns,Bad,Manual_data
2024-02-27,IMG_20240227_115211787.jpg,White prawns,Bad,Manual_data
2024-02-27,IMG_20240227_115208052.jpg,White prawns,Bad,Manual_data
2024-02-27,IMG_20240227_115215939.jpg,White prawns,Bad,Manual_data
2024-02-27,IMG_20240227_115228171.jpg,White prawns,Bad,Manual_data
2024-02-27,IMG_20240227_115224391.jpg,White prawns,Bad,Manual_data
2024-02-27,IMG_20240227_115220066.jpg,White prawns,Bad,Manual_data
2024-02-27,IMG_20240227_115237655.jpg,White prawns,Bad,Manual_data
2024-02-27,IMG_20240227_115233860.jpg,White prawns,Bad,Manual_data
2024-02-27,IMG_20240227_115241684.jpg,White prawns,Bad,Manual_data
2024-02-27,IMG_20240227_115249748.jpg,White prawns,Bad,Manual_data
2024-02-27,IMG_20240227_115245926.jpg,White prawns,Bad,Manual_data
2024-02-27,IMG_20240227_115253620.jpg,White prawns,Bad,Manual_data
2024-02-27,IMG_20240227_115257109.jpg,White prawns,Bad,Manual_data
2024-02-27,IMG_20240227_115301113.jpg,White prawns,Bad,Manual_data
2024-02-27,IMG_20240227_115337006.jpg,White prawns,Bad,Manual_data
2024-02-27,IMG_20240227_115331226.jpg,White prawns,Bad,Manual_data
2024-02-27,IMG_20240227_115340251.jpg,White prawns,Bad,Manual_data
2024-02-27,IMG_20240227_115343827.jpg,White prawns,Bad,Manual_data
2024-02-27,IMG_20240227_115346883.jpg,White prawns,Bad,Manual_data
2024-02-27,IMG_20240227_115350512.jpg,White prawns,Bad,Manual_data
2024-02-27,IMG_20240227_115354599.jpg,White prawns,Bad,Manual_data
2024-02-27,IMG_20240227_115359026.jpg,White prawns,Bad,Manual_data
2024-02-27,IMG_20240227_115403635.jpg,White prawns,Bad,Manual_data
2024-02-27,IMG_20240227_115409314.jpg,White prawns,Bad,Manual_data
2024-02-27,IMG_20240227_115413145.jpg,White prawns,Bad,Manual_data
2024-02-27,IMG_20240227_115416817.jpg,White prawns,Bad,Manual_data
2024-02-27,IMG_20240227_115424920.jpg,White prawns,Bad,Manual_data
2024-02-27,IMG_20240227_115428736.jpg,White prawns,Bad,Manual_data
2024-02-27,IMG_20240227_115421164.jpg,White prawns,Bad,Manual_data
2024-02-27,IMG_20240227_115432977.jpg,White prawns,Bad,Manual_data
2024-02-27,IMG_20240227_115440794.jpg,White prawns,Bad,Manual_data
2024-02-27,IMG_20240227_115436363.jpg,White prawns,Bad,Manual_data
2024-02-27,IMG_20240227_115444962.jpg,White prawns,Bad,Manual_data
2024-02-27,IMG_20240227_115449571.jpg,White prawns,Bad,Manual_data
2024-02-27,IMG_20240227_115452751.jpg,White prawns,Bad,Manual_data
2024-02-27,IMG_20240227_115456311.jpg,White prawns,Bad,Manual_data
2024-02-27,IMG_20240227_115502413.jpg,White prawns,Bad,Manual_data
2024-02-27,IMG_20240227_115505782.jpg,White prawns,Bad,Manual_data
2024-02-27,IMG_20240227_115509331.jpg,White prawns,Bad,Manual_data
2024-02-27,IMG_20240227_115520872.jpg,White prawns,Bad,Manual_data
2024-02-27,IMG_20240227_115513101.jpg,White prawns,Bad,Manual_data
2024-02-27,IMG_20240227_115517352.jpg,White prawns,Bad,Manual_data
2024-02-27,IMG_20240227_115524829.jpg,White prawns,Bad,Manual_data
2024-02-27,IMG_20240227_115532505.jpg,White prawns,Bad,Manual_data
2024-02-27,IMG_20240227_115536399.jpg,White prawns,Bad,Manual_data
2024-02-27,IMG_20240227_115551152.jpg,White prawns,Bad,Manual_data
2024-02-27,IMG_20240227_115556252.jpg,White prawns,Bad,Manual_data
2024-02-27,IMG_20240227_115604286.jpg,White prawns,Bad,Manual_data
2024-02-27,IMG_20240227_115600664.jpg,White prawns,Bad,Manual_data
2024-02-27,IMG_20240227_115611529.jpg,White prawns,Bad,Manual_data
2024-02-27,IMG_20240227_115607682.jpg,White prawns,Bad,Manual_data
2024-02-27,IMG_20240227_115615406.jpg,White prawns,Bad,Manual_data
2024-02-27,IMG_20240227_115620082.jpg,White prawns,Bad,Manual_data
2024-02-27,IMG_20240227_115623978.jpg,White prawns,Bad,Manual_data
2024-02-27,IMG_20240227_115633546.jpg,White prawns,Bad,Manual_data
2024-02-27,IMG_20240227_115629572.jpg,White prawns,Bad,Manual_data
2024-02-27,IMG_20240227_115638207.jpg,White prawns,Bad,Manual_data
2024-02-27,IMG_20240227_115646418.jpg,White prawns,Bad,Manual_data
2024-02-27,IMG_20240227_115642386.jpg,White prawns,Bad,Manual_data
2024-02-27,IMG_20240227_115650871.jpg,White prawns,Bad,Manual_data
2024-02-27,IMG_20240227_115655083.jpg,White prawns,Bad,Manual_data
2024-02-27,IMG_20240227_115658340.jpg,White prawns,Bad,Manual_data
2024-02-27,IMG_20240227_115702196.jpg,White prawns,Bad,Manual_data
2024-02-27,IMG_20240227_115706279.jpg,White prawns,Bad,Manual_data
2024-02-27,IMG_20240227_115716437.jpg,White prawns,Bad,Manual_data
2024-02-27,IMG_20240227_115712508.jpg,White prawns,Bad,Manual_data
2024-02-27,IMG_20240227_115720646.jpg,White prawns,Bad,Manual_data
2024-02-27,IMG_20240227_115727507.jpg,White prawns,Bad,Manual_data
2024-02-27,IMG_20240227_115724068.jpg,White prawns,Bad,Manual_data
2024-02-27,IMG_20240227_115731221.jpg,White prawns,Bad,Manual_data
2024-02-27,IMG_20240227_115735815.jpg,White prawns,Bad,Manual_data
2024-02-27,IMG_20240227_113655719.jpg,White prawns,Bad,Manual_data
2024-02-27,IMG_20240227_114119599.jpg,White prawns,Bad,Manual_data
2024-02-27,IMG_20240227_101135237.jpg,Sardine,Good,Manual_data
2024-02-27,IMG_20240227_103032795.jpg,Sardine,Good,Manual_data
2024-02-27,IMG_20240227_103038624.jpg,Sardine,Good,Manual_data
2024-02-27,IMG_20240227_103035187.jpg,Sardine,Good,Manual_data
2024-02-27,IMG_20240227_101140323.jpg,Sardine,Good,Manual_data
2024-02-27,IMG_20240227_101105916.jpg,Sardine,Good,Manual_data
2024-02-27,IMG_20240227_101041385.jpg,Sardine,Good,Manual_data
2024-02-27,IMG_20240227_103027556.jpg,Sardine,Good,Manual_data
2024-02-27,IMG_20240227_101143049.jpg,Sardine,Good,Manual_data
2024-02-27,IMG_20240227_101132423.jpg,Sardine,Good,Manual_data
2024-02-27,IMG_20240227_103023117.jpg,Sardine,Good,Manual_data
2024-02-27,IMG_20240227_101038544.jpg,Sardine,Good,Manual_data
2024-02-27,IMG_20240227_103040944.jpg,Sardine,Good,Manual_data
2024-02-27,IMG_20240227_101127975.jpg,Sardine,Good,Manual_data
2024-02-27,IMG_20240227_101058655.jpg,Sardine,Good,Manual_data
2024-02-27,IMG_20240227_094350696.jpg,Sardine,Good,Manual_data
2024-02-27,IMG_20240227_101046462.jpg,Sardine,Good,Manual_data
2024-02-27,IMG_20240227_101026563.jpg,Sardine,Good,Manual_data
2024-02-27,IMG_20240227_094249667.jpg,Sardine,Good,Manual_data
2024-02-27,IMG_20240227_100345103.jpg,Sardine,Good,Manual_data
2024-02-27,IMG_20240227_094412858.jpg,Sardine,Good,Manual_data
2024-02-27,IMG_20240227_094256153.jpg,Sardine,Good,Manual_data
2024-02-27,IMG_20240227_101052916.jpg,Sardine,Good,Manual_data
2024-02-27,IMG_20240227_094335034.jpg,Sardine,Good,Manual_data
2024-02-27,IMG_20240227_094404025.jpg,Sardine,Good,Manual_data
2024-02-27,IMG_20240227_094310457.jpg,Sardine,Good,Manual_data
2024-02-27,IMG_20240227_101123947.jpg,Sardine,Good,Manual_data
2024-02-27,IMG_20240227_101030931.jpg,Sardine,Good,Manual_data
2024-02-27,IMG_20240227_100114847.jpg,Sardine,Good,Manual_data
2024-02-27,IMG_20240227_094305467.jpg,Sardine,Good,Manual_data
2024-02-27,IMG_20240227_094359873.jpg,Sardine,Good,Manual_data
2024-02-27,IMG_20240227_094324383.jpg,Sardine,Good,Manual_data
2024-02-27,IMG_20240227_101023687.jpg,Sardine,Good,Manual_data
2024-02-27,IMG_20240227_094320173.jpg,Sardine,Good,Manual_data
2024-02-27,IMG_20240227_101033727.jpg,Sardine,Good,Manual_data
2024-02-27,IMG_20240227_101149067.jpg,Sardine,Good,Manual_data
2024-02-27,IMG_20240227_101048996.jpg,Sardine,Good,Manual_data
2024-02-27,IMG_20240227_094037658.jpg,Sardine,Good,Manual_data
2024-02-27,IMG_20240227_094345061.jpg,Sardine,Good,Manual_data
2024-02-27,IMG_20240227_093950946.jpg,Sardine,Good,Manual_data
2024-02-27,IMG_20240227_094150985.jpg,Sardine,Good,Manual_data
2024-02-27,IMG_20240227_093937052.jpg,Sardine,Good,Manual_data
2024-02-27,IMG_20240227_094158499.jpg,Sardine,Good,Manual_data
2024-02-27,IMG_20240227_094001170.jpg,Sardine,Good,Manual_data
2024-02-27,IMG_20240227_094237404.jpg,Sardine,Good,Manual_data
2024-02-27,IMG_20240227_094416473.jpg,Sardine,Good,Manual_data
2024-02-27,IMG_20240227_094116585.jpg,Sardine,Good,Manual_data
2024-02-27,IMG_20240227_094121505.jpg,Sardine,Good,Manual_data
2024-02-27,IMG_20240227_094420718.jpg,Sardine,Good,Manual_data
2024-02-27,IMG_20240227_094202598.jpg,Sardine,Good,Manual_data
2024-02-27,IMG_20240227_094146562.jpg,Sardine,Good,Manual_data
2024-02-27,IMG_20240227_094408879.jpg,Sardine,Good,Manual_data
2024-02-27,IMG_20240227_094003983.jpg,Sardine,Good,Manual_data
2024-02-27,IMG_20240227_094226629.jpg,Sardine,Good,Manual_data
2024-02-27,IMG_20240227_094139667.jpg,Sardine,Good,Manual_data
2024-02-27,IMG_20240227_094131177.jpg,Sardine,Good,Manual_data
2024-02-27,IMG_20240227_094220088.jpg,Sardine,Good,Manual_data
2024-02-27,IMG_20240227_094019459.jpg,Sardine,Good,Manual_data
2024-02-27,IMG_20240227_094135210.jpg,Sardine,Good,Manual_data
2024-02-27,IMG_20240227_093956860.jpg,Sardine,Good,Manual_data
2024-02-27,IMG_20240227_094213573.jpg,Sardine,Good,Manual_data
2024-02-27,IMG_20240227_094208780.jpg,Sardine,Good,Manual_data
2024-02-27,IMG_20240227_093947401.jpg,Sardine,Good,Manual_data
2024-02-27,IMG_20240227_093905604.jpg,Sardine,Good,Manual_data
2024-02-27,IMG_20240227_093839131.jpg,Sardine,Good,Manual_data
2024-02-27,IMG_20240227_093934449.jpg,Sardine,Good,Manual_data
2024-02-27,IMG_20240227_093903019.jpg,Sardine,Good,Manual_data
2024-02-27,IMG_20240227_093843822.jpg,Sardine,Good,Manual_data
2024-02-27,IMG_20240227_093913559.jpg,Sardine,Good,Manual_data
2024-02-27,IMG_20240227_093919162.jpg,Sardine,Good,Manual_data
2024-02-27,IMG_20240227_093836246.jpg,Sardine,Good,Manual_data
2024-02-27,IMG_20240227_094032274.jpg,Sardine,Good,Manual_data
2024-02-27,IMG_20240227_093953653.jpg,Sardine,Good,Manual_data
2024-02-27,IMG_20240227_093857305.jpg,Sardine,Good,Manual_data
2024-02-27,IMG_20240227_094040164.jpg,Sardine,Good,Manual_data
2024-02-27,IMG_20240227_093859464.jpg,Sardine,Good,Manual_data
2024-02-27,IMG_20240227_093926062.jpg,Sardine,Good,Manual_data
2024-02-27,IMG_20240227_094008712.jpg,Sardine,Good,Manual_data
2024-02-27,IMG_20240227_093853270.jpg,Sardine,Good,Manual_data
2024-02-27,IMG_20240227_093909748.jpg,Sardine,Good,Manual_data
2024-02-27,IMG_20240227_094015157.jpg,Sardine,Good,Manual_data
2024-02-27,IMG_20240227_093942477.jpg,Sardine,Good,Manual_data
2024-02-27,IMG_20240227_093921851.jpg,Sardine,Good,Manual_data
2024-02-27,IMG_20240227_093931122.jpg,Sardine,Good,Manual_data
2024-02-27,IMG_20240227_093737213.jpg,Sardine,Good,Manual_data
2024-02-27,IMG_20240227_093816148.jpg,Sardine,Good,Manual_data
2024-02-27,IMG_20240227_093720492.jpg,Sardine,Good,Manual_data
2024-02-27,IMG_20240227_093752652.jpg,Sardine,Good,Manual_data
2024-02-27,IMG_20240227_093746111.jpg,Sardine,Good,Manual_data
2024-02-27,IMG_20240227_093806881.jpg,Sardine,Good,Manual_data
2024-02-27,IMG_20240227_093739296.jpg,Sardine,Good,Manual_data
2024-02-27,IMG_20240227_093758665.jpg,Sardine,Good,Manual_data
2024-02-27,IMG_20240227_093831689.jpg,Sardine,Good,Manual_data
2024-02-27,IMG_20240227_093846990.jpg,Sardine,Good,Manual_data
2024-02-27,IMG_20240227_093801044.jpg,Sardine,Good,Manual_data
2024-02-27,IMG_20240227_093829454.jpg,Sardine,Good,Manual_data
2024-02-27,IMG_20240227_093850795.jpg,Sardine,Good,Manual_data
2024-02-27,IMG_20240227_093702381.jpg,Sardine,Good,Manual_data
2024-02-27,IMG_20240227_093730695.jpg,Sardine,Good,Manual_data
2024-02-27,IMG_20240227_094125482.jpg,Sardine,Good,Manual_data
2024-02-27,IMG_20240227_093825664.jpg,Sardine,Good,Manual_data
2024-02-27,IMG_20240227_093819089.jpg,Sardine,Good,Manual_data
2024-02-27,IMG_20240227_093755011.jpg,Sardine,Good,Manual_data
2024-02-27,IMG_20240227_093717839.jpg,Sardine,Good,Manual_data
2024-02-27,IMG_20240227_093724467.jpg,Sardine,Good,Manual_data
2024-02-27,IMG_20240227_093811188.jpg,Sardine,Good,Manual_data
2024-02-27,IMG_20240227_093743813.jpg,Sardine,Good,Manual_data
2024-02-27,IMG_20240227_093823286.jpg,Sardine,Good,Manual_data
2024-02-27,IMG_20240227_093650228.jpg,Sardine,Good,Manual_data
2024-02-27,IMG_20240227_093634618.jpg,Sardine,Good,Manual_data
2024-02-27,IMG_20240227_093644020.jpg,Sardine,Good,Manual_data
2024-02-27,IMG_20240227_093413233.jpg,Sardine,Good,Manual_data
2024-02-27,IMG_20240227_093610101.jpg,Sardine,Good,Manual_data
2024-02-27,IMG_20240227_093733142.jpg,Sardine,Good,Manual_data
2024-02-27,IMG_20240227_093632114.jpg,Sardine,Good,Manual_data
2024-02-27,IMG_20240227_093332715(1).jpg,Sardine,Good,Manual_data
2024-02-27,IMG_20240227_093305224(1).jpg,Sardine,Good,Manual_data
2024-02-27,IMG_20240227_093655678.jpg,Sardine,Good,Manual_data
2024-02-27,IMG_20240227_093653000.jpg,Sardine,Good,Manual_data
2024-02-27,IMG_20240227_093621589.jpg,Sardine,Good,Manual_data
2024-02-27,IMG_20240227_093626400.jpg,Sardine,Good,Manual_data
2024-02-27,IMG_20240227_093726890.jpg,Sardine,Good,Manual_data
2024-02-27,IMG_20240227_093641534.jpg,Sardine,Good,Manual_data
2024-02-27,IMG_20240227_093712470.jpg,Sardine,Good,Manual_data
2024-02-27,IMG_20240227_093305224.jpg,Sardine,Good,Manual_data
2024-02-27,IMG_20240227_093410090.jpg,Sardine,Good,Manual_data
2024-02-27,IMG_20240227_093657440.jpg,Sardine,Good,Manual_data
2024-02-27,IMG_20240227_093628817.jpg,Sardine,Good,Manual_data
2024-02-27,IMG_20240227_093709120.jpg,Sardine,Good,Manual_data
2024-02-27,IMG_20240227_093336842.jpg,Sardine,Good,Manual_data
2024-02-27,IMG_20240227_093700360.jpg,Sardine,Good,Manual_data
2024-02-27,IMG_20240227_093253449.jpg,Sardine,Good,Manual_data
2024-02-27,IMG_20240227_093336842(1).jpg,Sardine,Good,Manual_data
2024-02-27,IMG_20240227_093228569.jpg,Sardine,Good,Manual_data
2024-02-27,IMG_20240227_093343330.jpg,Sardine,Good,Manual_data
2024-02-27,IMG_20240227_093618570.jpg,Sardine,Good,Manual_data
2024-02-27,IMG_20240227_093257014(1).jpg,Sardine,Good,Manual_data
2024-02-27,IMG_20240227_093329179.jpg,Sardine,Good,Manual_data
2024-02-27,IMG_20240227_093346107.jpg,Sardine,Good,Manual_data
2024-02-27,IMG_20240227_093259389(1).jpg,Sardine,Good,Manual_data
2024-02-27,IMG_20240227_093257014.jpg,Sardine,Good,Manual_data
2024-02-27,IMG_20240227_093302721(1).jpg,Sardine,Good,Manual_data
2024-02-27,IMG_20240227_093221861.jpg,Sardine,Good,Manual_data
2024-02-27,IMG_20240227_093236145.jpg,Sardine,Good,Manual_data
2024-02-27,IMG_20240227_093259389.jpg,Sardine,Good,Manual_data
2024-02-27,IMG_20240227_093350560.jpg,Sardine,Good,Manual_data
2024-02-27,IMG_20240227_093613585.jpg,Sardine,Good,Manual_data
2024-02-27,IMG_20240227_093358264.jpg,Sardine,Good,Manual_data
2024-02-27,IMG_20240227_093339283.jpg,Sardine,Good,Manual_data
2024-02-27,IMG_20240227_093353250.jpg,Sardine,Good,Manual_data
2024-02-27,IMG_20240227_093332715.jpg,Sardine,Good,Manual_data
2024-02-27,IMG_20240227_093302721.jpg,Sardine,Good,Manual_data
2024-02-27,IMG_20240227_093401975.jpg,Sardine,Good,Manual_data
2024-02-27,IMG_20240227_093123608.jpg,Sardine,Good,Manual_data
2024-02-27,IMG_20240227_093214852.jpg,Sardine,Good,Manual_data
2024-02-27,IMG_20240227_093111691.jpg,Sardine,Good,Manual_data
2024-02-27,IMG_20240227_093202385.jpg,Sardine,Good,Manual_data
2024-02-27,IMG_20240227_093107474.jpg,Sardine,Good,Manual_data
2024-02-27,IMG_20240227_093051269.jpg,Sardine,Good,Manual_data
2024-02-27,IMG_20240227_093038632.jpg,Sardine,Good,Manual_data
2024-02-27,IMG_20240227_093131439.jpg,Sardine,Good,Manual_data
2024-02-27,IMG_20240227_093239055.jpg,Sardine,Good,Manual_data
2024-02-27,IMG_20240227_093154972.jpg,Sardine,Good,Manual_data
2024-02-27,IMG_20240227_093134598.jpg,Sardine,Good,Manual_data
2024-02-27,IMG_20240227_093329179(1).jpg,Sardine,Good,Manual_data
2024-02-27,IMG_20240227_093211635.jpg,Sardine,Good,Manual_data
2024-02-27,IMG_20240227_093103585.jpg,Sardine,Good,Manual_data
2024-02-27,IMG_20240227_093114272.jpg,Sardine,Good,Manual_data
2024-02-27,IMG_20240227_093044820.jpg,Sardine,Good,Manual_data
2024-02-27,IMG_20240227_093158282.jpg,Sardine,Good,Manual_data
2024-02-27,IMG_20240227_093250496.jpg,Sardine,Good,Manual_data
2024-02-27,IMG_20240227_093224305.jpg,Sardine,Good,Manual_data
2024-02-27,IMG_20240227_093231450.jpg,Sardine,Good,Manual_data
2024-02-27,IMG_20240227_093029832.jpg,Sardine,Good,Manual_data
2024-02-27,IMG_20240227_093142391.jpg,Sardine,Good,Manual_data
2024-02-27,IMG_20240227_093032161.jpg,Sardine,Good,Manual_data
2024-02-27,IMG_20240227_093145107.jpg,Sardine,Good,Manual_data
2024-02-27,IMG_20240227_093126352.jpg,Sardine,Good,Manual_data
2024-02-27,IMG_20240227_093025984.jpg,Sardine,Good,Manual_data
2024-02-27,IMG_20240227_093042374.jpg,Sardine,Good,Manual_data
2024-02-27,IMG_20240227_093048928.jpg,Sardine,Good,Manual_data
2024-02-27,IMG_20240227_093023046.jpg,Sardine,Good,Manual_data
2024-02-27,IMG_20240227_093036061.jpg,Sardine,Good,Manual_data
2024-02-27,IMG_20240227_092302713.jpg,Sardine,Good,Manual_data
2024-02-27,IMG_20240227_092308401.jpg,Sardine,Good,Manual_data
2024-02-27,IMG_20240227_092318428.jpg,Sardine,Good,Manual_data
2024-02-27,IMG_20240227_092325071.jpg,Sardine,Good,Manual_data
2024-02-27,IMG_20240227_092328037.jpg,Sardine,Good,Manual_data
2024-02-27,IMG_20240227_092331647.jpg,Sardine,Good,Manual_data
2024-02-27,IMG_20240227_092334144.jpg,Sardine,Good,Manual_data
2024-02-27,IMG_20240227_092338211.jpg,Sardine,Good,Manual_data
2024-02-27,IMG_20240227_092341117.jpg,Sardine,Good,Manual_data
2024-02-27,IMG_20240227_092344984.jpg,Sardine,Good,Manual_data
2024-02-27,IMG_20240227_092347798.jpg,Sardine,Good,Manual_data
2024-02-27,IMG_20240227_092414316.jpg,Sardine,Good,Manual_data
2024-02-27,IMG_20240227_092418259.jpg,Sardine,Good,Manual_data
2024-02-27,IMG_20240227_092423035.jpg,Sardine,Good,Manual_data
2024-02-27,IMG_20240227_092426001.jpg,Sardine,Good,Manual_data
2024-02-27,IMG_20240227_092432850.jpg,Sardine,Good,Manual_data
2024-02-27,IMG_20240227_092435967.jpg,Sardine,Good,Manual_data
2024-02-27,IMG_20240227_092441481.jpg,Sardine,Good,Manual_data
2024-02-27,IMG_20240227_092444270.jpg,Sardine,Good,Manual_data
2024-02-27,IMG_20240227_092449057.jpg,Sardine,Good,Manual_data
2024-02-27,IMG_20240227_092451677.jpg,Sardine,Good,Manual_data
2024-02-27,IMG_20240227_092458221.jpg,Sardine,Good,Manual_data
2024-02-27,IMG_20240227_092500741.jpg,Sardine,Good,Manual_data
2024-02-27,IMG_20240227_092505162.jpg,Sardine,Good,Manual_data
2024-02-27,IMG_20240227_092507653.jpg,Sardine,Good,Manual_data
2024-02-27,IMG_20240227_092512095.jpg,Sardine,Good,Manual_data
2024-02-27,IMG_20240227_092514380.jpg,Sardine,Good,Manual_data
2024-02-27,IMG_20240227_092518166.jpg,Sardine,Good,Manual_data
2024-02-27,IMG_20240227_092520399.jpg,Sardine,Good,Manual_data
2024-02-27,IMG_20240227_092524122.jpg,Sardine,Good,Manual_data
2024-02-27,IMG_20240227_092526409.jpg,Sardine,Good,Manual_data
2024-02-27,IMG_20240227_092530409.jpg,Sardine,Good,Manual_data
2024-02-27,IMG_20240227_092532781.jpg,Sardine,Good,Manual_data
2024-02-27,IMG_20240227_092537487.jpg,Sardine,Good,Manual_data
2024-02-27,IMG_20240227_092540116.jpg,Sardine,Good,Manual_data
2024-02-27,IMG_20240227_092545898.jpg,Sardine,Good,Manual_data
2024-02-27,IMG_20240227_092548499.jpg,Sardine,Good,Manual_data
2024-02-27,IMG_20240227_092553779.jpg,Sardine,Good,Manual_data
2024-02-27,IMG_20240227_092556377.jpg,Sardine,Good,Manual_data
2024-02-27,IMG_20240227_092603421.jpg,Sardine,Good,Manual_data
2024-02-27,IMG_20240227_092607605.jpg,Sardine,Good,Manual_data
2024-02-27,IMG_20240227_092610615.jpg,Sardine,Good,Manual_data
2024-02-27,IMG_20240227_092617563.jpg,Sardine,Good,Manual_data
2024-02-27,IMG_20240227_092620155.jpg,Sardine,Good,Manual_data
2024-02-27,IMG_20240227_092623863.jpg,Sardine,Good,Manual_data
2024-02-27,IMG_20240227_092626668.jpg,Sardine,Good,Manual_data
2024-02-27,IMG_20240227_092633360.jpg,Sardine,Good,Manual_data
2024-02-27,IMG_20240227_092636481.jpg,Sardine,Good,Manual_data
2024-02-27,IMG_20240227_092642507.jpg,Sardine,Good,Manual_data
2024-02-27,IMG_20240227_092645817.jpg,Sardine,Good,Manual_data
2024-02-27,IMG_20240227_092653745.jpg,Sardine,Good,Manual_data
2024-02-27,IMG_20240227_092657496.jpg,Sardine,Good,Manual_data
2024-02-27,IMG_20240227_092718056.jpg,Sardine,Good,Manual_data
2024-02-27,IMG_20240227_092721751.jpg,Sardine,Good,Manual_data
2024-02-27,IMG_20240227_092730750.jpg,Sardine,Good,Manual_data
2024-02-27,IMG_20240227_092734929.jpg,Sardine,Good,Manual_data
2024-02-27,IMG_20240227_092740086.jpg,Sardine,Good,Manual_data
2024-02-27,IMG_20240227_092742348.jpg,Sardine,Good,Manual_data
2024-02-27,IMG_20240227_092747446.jpg,Sardine,Good,Manual_data
2024-02-27,IMG_20240227_092751415.jpg,Sardine,Good,Manual_data
2024-02-27,IMG_20240227_092758949.jpg,Sardine,Good,Manual_data
2024-02-27,IMG_20240227_092802063.jpg,Sardine,Good,Manual_data
2024-02-27,IMG_20240227_092806904.jpg,Sardine,Good,Manual_data
2024-02-27,IMG_20240227_092810225.jpg,Sardine,Good,Manual_data
2024-02-27,IMG_20240227_092816259.jpg,Sardine,Good,Manual_data
2024-02-27,IMG_20240227_092819013.jpg,Sardine,Good,Manual_data
2024-02-27,IMG_20240227_092823382.jpg,Sardine,Good,Manual_data
2024-02-27,IMG_20240227_092826158.jpg,Sardine,Good,Manual_data
2024-02-27,IMG_20240227_092905434.jpg,Sardine,Good,Manual_data
2024-02-27,IMG_20240227_092908640.jpg,Sardine,Good,Manual_data
2024-02-27,IMG_20240227_092914526.jpg,Sardine,Good,Manual_data
2024-02-27,IMG_20240227_092917341.jpg,Sardine,Good,Manual_data
2024-02-27,IMG_20240227_092920821.jpg,Sardine,Good,Manual_data
2024-02-27,IMG_20240227_092923546.jpg,Sardine,Good,Manual_data
2024-02-27,IMG_20240227_092930891.jpg,Sardine,Good,Manual_data
2024-02-27,IMG_20240227_092933796.jpg,Sardine,Good,Manual_data
2024-02-27,IMG_20240227_092941002.jpg,Sardine,Good,Manual_data
2024-02-27,IMG_20240227_092943498.jpg,Sardine,Good,Manual_data
2024-02-27,IMG_20240227_092948078.jpg,Sardine,Good,Manual_data
2024-02-27,IMG_20240227_092951152.jpg,Sardine,Good,Manual_data
2024-02-27,IMG_20240227_092956770.jpg,Sardine,Good,Manual_data
2024-02-27,IMG_20240227_093000041.jpg,Sardine,Good,Manual_data
2024-02-27,IMG_20240227_093005392.jpg,Sardine,Good,Manual_data
2024-02-27,IMG_20240227_093008529.jpg,Sardine,Good,Manual_data
2024-02-27,IMG_20240227_093015140.jpg,Sardine,Good,Manual_data
2024-02-27,IMG_20240227_093018360.jpg,Sardine,Good,Manual_data
2024-02-27,IMG_20240227_103527080.jpg,Sardine,Bad,Manual_data
2024-02-27,IMG_20240227_103551851.jpg,Sardine,Bad,Manual_data
2024-02-27,IMG_20240227_103603457.jpg,Sardine,Bad,Manual_data
2024-02-27,IMG_20240227_103600308.jpg,Sardine,Bad,Manual_data
2024-02-27,IMG_20240227_103554255.jpg,Sardine,Bad,Manual_data
2024-02-27,IMG_20240227_103546716.jpg,Sardine,Bad,Manual_data
2024-02-27,IMG_20240227_103533282.jpg,Sardine,Bad,Manual_data
2024-02-27,IMG_20240227_103556784.jpg,Sardine,Bad,Manual_data
2024-02-27,IMG_20240227_103544186.jpg,Sardine,Bad,Manual_data
2024-02-27,IMG_20240227_103431834.jpg,Sardine,Bad,Manual_data
2024-02-27,IMG_20240227_103453609.jpg,Sardine,Bad,Manual_data
2024-02-27,IMG_20240227_103518955.jpg,Sardine,Bad,Manual_data
2024-02-27,IMG_20240227_103530928.jpg,Sardine,Bad,Manual_data
2024-02-27,IMG_20240227_103445620.jpg,Sardine,Bad,Manual_data
2024-02-27,IMG_20240227_103429118.jpg,Sardine,Bad,Manual_data
2024-02-27,IMG_20240227_103424979.jpg,Sardine,Bad,Manual_data
2024-02-27,IMG_20240227_103521964.jpg,Sardine,Bad,Manual_data
2024-02-27,IMG_20240227_103443206.jpg,Sardine,Bad,Manual_data
2024-02-27,IMG_20240227_103403166.jpg,Sardine,Bad,Manual_data
2024-02-27,IMG_20240227_103417923.jpg,Sardine,Bad,Manual_data
2024-02-27,IMG_20240227_103421550.jpg,Sardine,Bad,Manual_data
2024-02-27,IMG_20240227_103415590.jpg,Sardine,Bad,Manual_data
2024-02-27,IMG_20240227_103436233.jpg,Sardine,Bad,Manual_data
2024-02-27,IMG_20240227_103534332.jpg,Sardine,Bad,Manual_data
2024-02-27,IMG_20240227_103515069.jpg,Sardine,Bad,Manual_data
2024-02-27,IMG_20240227_103512316.jpg,Sardine,Bad,Manual_data
2024-02-27,IMG_20240227_103438921.jpg,Sardine,Bad,Manual_data
2024-02-27,IMG_20240227_103412405.jpg,Sardine,Bad,Manual_data
2024-02-27,IMG_20240227_103405659.jpg,Sardine,Bad,Manual_data
2024-02-27,IMG_20240227_103451022.jpg,Sardine,Bad,Manual_data
2024-02-27,IMG_20240227_103255266.jpg,Sardine,Bad,Manual_data
2024-02-27,IMG_20240227_103357193.jpg,Sardine,Bad,Manual_data
2024-02-27,IMG_20240227_103353961.jpg,Sardine,Bad,Manual_data
2024-02-27,IMG_20240227_103252293.jpg,Sardine,Bad,Manual_data
2024-02-27,IMG_20240227_103313154.jpg,Sardine,Bad,Manual_data
2024-02-27,IMG_20240227_103250133.jpg,Sardine,Bad,Manual_data
2024-02-27,IMG_20240227_103210946.jpg,Sardine,Bad,Manual_data
2024-02-27,IMG_20240227_103351255.jpg,Sardine,Bad,Manual_data
2024-02-27,IMG_20240227_103301919.jpg,Sardine,Bad,Manual_data
2024-02-27,IMG_20240227_103309987.jpg,Sardine,Bad,Manual_data
2024-02-27,IMG_20240227_103155677.jpg,Sardine,Bad,Manual_data
2024-02-27,IMG_20240227_103225200.jpg,Sardine,Bad,Manual_data
2024-02-27,IMG_20240227_103319912.jpg,Sardine,Bad,Manual_data
2024-02-27,IMG_20240227_103215566.jpg,Sardine,Bad,Manual_data
2024-02-27,IMG_20240227_103359513.jpg,Sardine,Bad,Manual_data
2024-02-27,IMG_20240227_103217848.jpg,Sardine,Bad,Manual_data
2024-02-27,IMG_20240227_103306139.jpg,Sardine,Bad,Manual_data
2024-02-27,IMG_20240227_103316730.jpg,Sardine,Bad,Manual_data
2024-02-27,IMG_20240227_103258189.jpg,Sardine,Bad,Manual_data
2024-02-27,IMG_20240227_103409957.jpg,Sardine,Bad,Manual_data
2024-02-27,IMG_20240227_103158020.jpg,Sardine,Bad,Manual_data
2024-02-27,IMG_20240227_103222672.jpg,Sardine,Bad,Manual_data
2024-02-27,IMG_20240227_103201538.jpg,Sardine,Bad,Manual_data
2024-02-27,IMG_20240227_103142638.jpg,Sardine,Bad,Manual_data
2024-02-27,IMG_20240227_103056600.jpg,Sardine,Bad,Manual_data
2024-02-27,IMG_20240227_103046871.jpg,Sardine,Bad,Manual_data
2024-02-27,IMG_20240227_103140259.jpg,Sardine,Bad,Manual_data
2024-02-27,IMG_20240227_103118377.jpg,Sardine,Bad,Manual_data
2024-02-27,IMG_20240227_103208085.jpg,Sardine,Bad,Manual_data
2024-02-27,IMG_20240227_103203915.jpg,Sardine,Bad,Manual_data
2024-02-27,IMG_20240227_103053268.jpg,Sardine,Bad,Manual_data
2024-02-27,IMG_20240227_103105918.jpg,Sardine,Bad,Manual_data
2024-02-27,IMG_20240227_103102920.jpg,Sardine,Bad,Manual_data
2024-02-27,IMG_20240227_103112822.jpg,Sardine,Bad,Manual_data
2024-02-27,IMG_20240227_103121618.jpg,Sardine,Bad,Manual_data
2024-02-27,IMG_20240227_103059040.jpg,Sardine,Bad,Manual_data
2024-02-27,IMG_20240227_103149552.jpg,Sardine,Bad,Manual_data
2024-02-27,IMG_20240227_103109723.jpg,Sardine,Bad,Manual_data
2024-02-27,IMG_20240227_103126378.jpg,Sardine,Bad,Manual_data
2024-02-27,IMG_20240227_103134170.jpg,Sardine,Bad,Manual_data
2024-02-27,IMG_20240227_103129779.jpg,Sardine,Bad,Manual_data
2024-02-27,IMG_20240227_103137093.jpg,Sardine,Bad,Manual_data
2024-02-27,IMG_20240227_103151989.jpg,Sardine,Bad,Manual_data
2024-02-27,IMG_20240227_103044231.jpg,Sardine,Bad,Manual_data
2024-02-27,IMG_20240227_102904.jpg,Sardine,Bad,Manual_data
2024-02-27,IMG_20240227_102930.jpg,Sardine,Bad,Manual_data
2024-02-27,IMG_20240227_102802.jpg,Sardine,Bad,Manual_data
2024-02-27,IMG_20240227_103050912.jpg,Sardine,Bad,Manual_data
2024-02-27,IMG_20240227_102909.jpg,Sardine,Bad,Manual_data
2024-02-27,IMG_20240227_102923.jpg,Sardine,Bad,Manual_data
2024-02-27,IMG_20240227_102933.jpg,Sardine,Bad,Manual_data
2024-02-27,IMG_20240227_102914.jpg,Sardine,Bad,Manual_data
2024-02-27,IMG_20240227_102918.jpg,Sardine,Bad,Manual_data
2024-02-27,IMG_20240227_102926.jpg,Sardine,Bad,Manual_data
2024-02-27,IMG_20240227_102723.jpg,Sardine,Bad,Manual_data
2024-02-27,IMG_20240227_102807.jpg,Sardine,Bad,Manual_data
2024-02-27,IMG_20240227_102733.jpg,Sardine,Bad,Manual_data
2024-02-27,IMG_20240227_102743.jpg,Sardine,Bad,Manual_data
2024-02-27,IMG_20240227_102817.jpg,Sardine,Bad,Manual_data
2024-02-27,IMG_20240227_102857.jpg,Sardine,Bad,Manual_data
2024-02-27,IMG_20240227_102749.jpg,Sardine,Bad,Manual_data
2024-02-27,IMG_20240227_102719.jpg,Sardine,Bad,Manual_data
2024-02-27,IMG_20240227_102645.jpg,Sardine,Bad,Manual_data
2024-02-27,IMG_20240227_102853.jpg,Sardine,Bad,Manual_data
2024-02-27,IMG_20240227_102822.jpg,Sardine,Bad,Manual_data
2024-02-27,IMG_20240227_102753.jpg,Sardine,Bad,Manual_data
2024-02-27,IMG_20240227_102738.jpg,Sardine,Bad,Manual_data
2024-02-27,IMG_20240227_102729.jpg,Sardine,Bad,Manual_data
2024-02-27,IMG_20240227_102456.jpg,Sardine,Bad,Manual_data
2024-02-27,IMG_20240227_102705.jpg,Sardine,Bad,Manual_data
2024-02-27,IMG_20240227_102639.jpg,Sardine,Bad,Manual_data
2024-02-27,IMG_20240227_102655.jpg,Sardine,Bad,Manual_data
2024-02-27,IMG_20240227_102501.jpg,Sardine,Bad,Manual_data
2024-02-27,IMG_20240227_102440.jpg,Sardine,Bad,Manual_data
2024-02-27,IMG_20240227_102636.jpg,Sardine,Bad,Manual_data
2024-02-27,IMG_20240227_102432.jpg,Sardine,Bad,Manual_data
2024-02-27,IMG_20240227_102650.jpg,Sardine,Bad,Manual_data
2024-02-27,IMG_20240227_102435.jpg,Sardine,Bad,Manual_data
2024-02-27,IMG_20240227_102658.jpg,Sardine,Bad,Manual_data
2024-02-27,IMG_20240227_102443.jpg,Sardine,Bad,Manual_data
2024-02-27,IMG_20240227_102319.jpg,Sardine,Bad,Manual_data
2024-02-27,IMG_20240227_102418.jpg,Sardine,Bad,Manual_data
2024-02-27,IMG_20240227_102329.jpg,Sardine,Bad,Manual_data
2024-02-27,IMG_20240227_102257.jpg,Sardine,Bad,Manual_data
2024-02-27,IMG_20240227_102041.jpg,Sardine,Bad,Manual_data
2024-02-27,IMG_20240227_102413.jpg,Sardine,Bad,Manual_data
2024-02-27,IMG_20240227_102427.jpg,Sardine,Bad,Manual_data
2024-02-27,IMG_20240227_102408.jpg,Sardine,Bad,Manual_data
2024-02-27,IMG_20240227_102314.jpg,Sardine,Bad,Manual_data
2024-02-27,IMG_20240227_102448.jpg,Sardine,Bad,Manual_data
2024-02-27,IMG_20240227_102424.jpg,Sardine,Bad,Manual_data
2024-02-27,IMG_20240227_102323.jpg,Sardine,Bad,Manual_data
2024-02-27,IMG_20240227_102252.jpg,Sardine,Bad,Manual_data
2024-02-27,IMG_20240227_102214.jpg,Sardine,Bad,Manual_data
2024-02-27,IMG_20240227_102048.jpg,Sardine,Bad,Manual_data
2024-02-27,IMG_20240227_102238.jpg,Sardine,Bad,Manual_data
2024-02-27,IMG_20240227_102143.jpg,Sardine,Bad,Manual_data
2024-02-27,IMG_20240227_102311.jpg,Sardine,Bad,Manual_data
2024-02-27,IMG_20240227_102332.jpg,Sardine,Bad,Manual_data
2024-02-27,IMG_20240227_102226.jpg,Sardine,Bad,Manual_data
2024-02-27,IMG_20240227_102305.jpg,Sardine,Bad,Manual_data
2024-02-27,IMG_20240227_102302.jpg,Sardine,Bad,Manual_data
2024-02-27,IMG_20240227_102241.jpg,Sardine,Bad,Manual_data
2024-02-27,IMG_20240227_102232.jpg,Sardine,Bad,Manual_data
2024-02-27,IMG_20240227_102404.jpg,Sardine,Bad,Manual_data
2024-02-27,IMG_20240227_102203.jpg,Sardine,Bad,Manual_data
2024-02-27,IMG_20240227_102044.jpg,Sardine,Bad,Manual_data
2024-02-27,IMG_20240227_102219.jpg,Sardine,Bad,Manual_data
2024-02-27,IMG_20240227_102103.jpg,Sardine,Bad,Manual_data
2024-02-27,IMG_20240227_102034.jpg,Sardine,Bad,Manual_data
2024-02-27,IMG_20240227_102107.jpg,Sardine,Bad,Manual_data
2024-02-27,IMG_20240227_102110.jpg,Sardine,Bad,Manual_data
2024-02-27,IMG_20240227_102059.jpg,Sardine,Bad,Manual_data
2024-02-27,IMG_20240227_102151.jpg,Sardine,Bad,Manual_data
2024-02-27,IMG_20240227_102156.jpg,Sardine,Bad,Manual_data
2024-02-27,IMG_20240227_102028.jpg,Sardine,Bad,Manual_data
2024-02-27,IMG_20240227_102008.jpg,Sardine,Bad,Manual_data
2024-02-27,IMG_20240227_102140.jpg,Sardine,Bad,Manual_data
2024-02-27,IMG_20240227_102037.jpg,Sardine,Bad,Manual_data
2024-02-27,IMG_20240227_101811.jpg,Sardine,Bad,Manual_data
2024-02-27,IMG_20240227_102003.jpg,Sardine,Bad,Manual_data
2024-02-27,IMG_20240227_101800.jpg,Sardine,Bad,Manual_data
2024-02-27,IMG_20240227_101824.jpg,Sardine,Bad,Manual_data
2024-02-27,IMG_20240227_102013.jpg,Sardine,Bad,Manual_data
2024-02-27,IMG_20240227_101815.jpg,Sardine,Bad,Manual_data
2024-02-27,IMG_20240227_102016.jpg,Sardine,Bad,Manual_data
2024-02-27,IMG_20240227_102053.jpg,Sardine,Bad,Manual_data
2024-02-27,IMG_20240227_102021.jpg,Sardine,Bad,Manual_data
2024-02-27,IMG_20240227_102147.jpg,Sardine,Bad,Manual_data
2024-02-27,IMG_20240227_101743.jpg,Sardine,Bad,Manual_data
2024-02-27,IMG_20240227_101011234.jpg,Sardine,Bad,Manual_data
2024-02-27,IMG_20240227_101015385.jpg,Sardine,Bad,Manual_data
2024-02-27,IMG_20240227_101007812.jpg,Sardine,Bad,Manual_data
2024-02-27,IMG_20240227_101810.jpg,Sardine,Bad,Manual_data
2024-02-27,IMG_20240227_101747.jpg,Sardine,Bad,Manual_data
2024-02-27,IMG_20240227_101018821.jpg,Sardine,Bad,Manual_data
2024-02-27,IMG_20240227_101713.jpg,Sardine,Bad,Manual_data
2024-02-27,IMG_20240227_100917685.jpg,Sardine,Bad,Manual_data
2024-02-27,IMG_20240227_100953751.jpg,Sardine,Bad,Manual_data
2024-02-27,IMG_20240227_101736.jpg,Sardine,Bad,Manual_data
2024-02-27,IMG_20240227_100950617.jpg,Sardine,Bad,Manual_data
2024-02-27,IMG_20240227_101719.jpg,Sardine,Bad,Manual_data
2024-02-27,IMG_20240227_100854815.jpg,Sardine,Bad,Manual_data
2024-02-27,IMG_20240227_100943384.jpg,Sardine,Bad,Manual_data
2024-02-27,IMG_20240227_101806.jpg,Sardine,Bad,Manual_data
2024-02-27,IMG_20240227_100929650.jpg,Sardine,Bad,Manual_data
2024-02-27,IMG_20240227_100909668.jpg,Sardine,Bad,Manual_data
2024-02-27,IMG_20240227_100920495.jpg,Sardine,Bad,Manual_data
2024-02-27,IMG_20240227_100946108.jpg,Sardine,Bad,Manual_data
2024-02-27,IMG_20240227_100958958.jpg,Sardine,Bad,Manual_data
2024-02-27,IMG_20240227_100858522.jpg,Sardine,Bad,Manual_data
2024-02-27,IMG_20240227_100905285.jpg,Sardine,Bad,Manual_data
2024-02-27,IMG_20240227_100822647.jpg,Sardine,Bad,Manual_data
2024-02-27,IMG_20240227_100850713.jpg,Sardine,Bad,Manual_data
2024-02-27,IMG_20240227_100848338.jpg,Sardine,Bad,Manual_data
2024-02-27,IMG_20240227_101001774.jpg,Sardine,Bad,Manual_data
2024-02-27,IMG_20240227_100925226.jpg,Sardine,Bad,Manual_data
2024-02-27,IMG_20240227_100632100.jpg,Sardine,Bad,Manual_data
2024-02-27,IMG_20240227_100740935.jpg,Sardine,Bad,Manual_data
2024-02-27,IMG_20240227_100757595.jpg,Sardine,Bad,Manual_data
2024-02-27,IMG_20240227_100747756.jpg,Sardine,Bad,Manual_data
2024-02-27,IMG_20240227_100816622.jpg,Sardine,Bad,Manual_data
2024-02-27,IMG_20240227_100721344.jpg,Sardine,Bad,Manual_data
2024-02-27,IMG_20240227_100805244.jpg,Sardine,Bad,Manual_data
2024-02-27,IMG_20240227_100727468.jpg,Sardine,Bad,Manual_data
2024-02-27,IMG_20240227_100754206.jpg,Sardine,Bad,Manual_data
2024-02-27,IMG_20240227_100802379.jpg,Sardine,Bad,Manual_data
2024-02-27,IMG_20240227_100812397.jpg,Sardine,Bad,Manual_data
2024-02-27,IMG_20240227_100819406.jpg,Sardine,Bad,Manual_data
2024-02-27,IMG_20240227_100629265.jpg,Sardine,Bad,Manual_data
2024-02-27,IMG_20240227_100902647.jpg,Sardine,Bad,Manual_data
2024-02-27,IMG_20240227_100912713.jpg,Sardine,Bad,Manual_data
2024-02-27,IMG_20240227_100928620.jpg,Sardine,Bad,Manual_data
2024-02-27,IMG_20240227_100809524.jpg,Sardine,Bad,Manual_data
2024-02-27,IMG_20240227_100636089.jpg,Sardine,Bad,Manual_data
2024-02-27,IMG_20240227_100750524.jpg,Sardine,Bad,Manual_data
2024-02-27,IMG_20240227_100735488.jpg,Sardine,Bad,Manual_data
2024-02-27,IMG_20240227_100743665.jpg,Sardine,Bad,Manual_data
2024-02-27,IMG_20240227_100502163.jpg,Sardine,Bad,Manual_data
2024-02-27,IMG_20240227_100603438.jpg,Sardine,Bad,Manual_data
2024-02-27,IMG_20240227_100459548.jpg,Sardine,Bad,Manual_data
2024-02-27,IMG_20240227_100529878.jpg,Sardine,Bad,Manual_data
2024-02-27,IMG_20240227_100520597.jpg,Sardine,Bad,Manual_data
2024-02-27,IMG_20240227_100523651.jpg,Sardine,Bad,Manual_data
2024-02-27,IMG_20240227_100513959.jpg,Sardine,Bad,Manual_data
2024-02-27,IMG_20240227_100718913.jpg,Sardine,Bad,Manual_data
2024-02-27,IMG_20240227_100618621.jpg,Sardine,Bad,Manual_data
2024-02-27,IMG_20240227_100527233.jpg,Sardine,Bad,Manual_data
2024-02-27,IMG_20240227_100625075.jpg,Sardine,Bad,Manual_data
2024-02-27,IMG_20240227_100607577.jpg,Sardine,Bad,Manual_data
2024-02-27,IMG_20240227_100645027.jpg,Sardine,Bad,Manual_data
2024-02-27,IMG_20240227_100724742.jpg,Sardine,Bad,Manual_data
2024-02-27,IMG_20240227_100616257.jpg,Sardine,Bad,Manual_data
2024-02-27,IMG_20240227_100506443.jpg,Sardine,Bad,Manual_data
2024-02-27,IMG_20240227_100824999.jpg,Sardine,Bad,Manual_data
2024-02-27,IMG_20240227_100732964.jpg,Sardine,Bad,Manual_data
2024-02-27,IMG_20240227_100622322.jpg,Sardine,Bad,Manual_data
2024-02-27,IMG_20240227_100600520.jpg,Sardine,Bad,Manual_data
2024-02-27,IMG_20240227_100611427.jpg,Sardine,Bad,Manual_data
2024-02-27,IMG_20240227_100639790.jpg,Sardine,Bad,Manual_data
2024-02-27,IMG_20240227_100312292.jpg,Sardine,Bad,Manual_data
2024-02-27,IMG_20240227_100516377.jpg,Sardine,Bad,Manual_data
2024-02-27,IMG_20240227_100337404.jpg,Sardine,Bad,Manual_data
2024-02-27,IMG_20240227_100030017.jpg,Sardine,Bad,Manual_data
2024-02-27,IMG_20240227_100058215.jpg,Sardine,Bad,Manual_data
2024-02-27,IMG_20240227_100329839.jpg,Sardine,Bad,Manual_data
2024-02-27,IMG_20240227_100118064.jpg,Sardine,Bad,Manual_data
2024-02-27,IMG_20240227_100033690.jpg,Sardine,Bad,Manual_data
2024-02-27,IMG_20240227_100314760.jpg,Sardine,Bad,Manual_data
2024-02-27,IMG_20240227_100121215.jpg,Sardine,Bad,Manual_data
2024-02-27,IMG_20240227_100333616.jpg,Sardine,Bad,Manual_data
2024-02-27,IMG_20240227_100101505.jpg,Sardine,Bad,Manual_data
2024-02-27,IMG_20240227_100108909.jpg,Sardine,Bad,Manual_data
2024-02-27,IMG_20240227_100024389.jpg,Sardine,Bad,Manual_data
2024-02-27,IMG_20240227_100327078.jpg,Sardine,Bad,Manual_data
2024-02-27,IMG_20240227_100509618.jpg,Sardine,Bad,Manual_data
2024-02-27,IMG_20240227_100004480.jpg,Sardine,Bad,Manual_data
2024-02-27,IMG_20240227_100112076.jpg,Sardine,Bad,Manual_data
2024-02-27,IMG_20240227_100318726.jpg,Sardine,Bad,Manual_data
2024-02-27,IMG_20240227_100321417.jpg,Sardine,Bad,Manual_data
2024-02-27,IMG_20240227_100021738.jpg,Sardine,Bad,Manual_data
2024-02-27,IMG_20240227_100008545.jpg,Sardine,Bad,Manual_data
2024-02-27,IMG_20240227_095719912.jpg,Sardine,Bad,Manual_data
2024-02-27,IMG_20240227_095903469.jpg,Sardine,Bad,Manual_data
2024-02-27,IMG_20240227_100018040.jpg,Sardine,Bad,Manual_data
2024-02-27,IMG_20240227_095859507.jpg,Sardine,Bad,Manual_data
2024-02-27,IMG_20240227_095918627.jpg,Sardine,Bad,Manual_data
2024-02-27,IMG_20240227_095943771.jpg,Sardine,Bad,Manual_data
2024-02-27,IMG_20240227_095911038.jpg,Sardine,Bad,Manual_data
2024-02-27,IMG_20240227_095930367.jpg,Sardine,Bad,Manual_data
2024-02-27,IMG_20240227_095914003.jpg,Sardine,Bad,Manual_data
2024-02-27,IMG_20240227_095927105.jpg,Sardine,Bad,Manual_data
2024-02-27,IMG_20240227_100015542.jpg,Sardine,Bad,Manual_data
2024-02-27,IMG_20240227_100001904.jpg,Sardine,Bad,Manual_data
2024-02-27,IMG_20240227_095921888.jpg,Sardine,Bad,Manual_data
2024-02-27,IMG_20240227_100036355.jpg,Sardine,Bad,Manual_data
2024-02-27,IMG_20240227_095941292.jpg,Sardine,Bad,Manual_data
2024-02-27,IMG_20240227_095951076.jpg,Sardine,Bad,Manual_data
2024-02-27,IMG_20240227_100105833.jpg,Sardine,Bad,Manual_data
2024-02-27,IMG_20240227_095958196.jpg,Sardine,Bad,Manual_data
2024-02-27,IMG_20240227_095842692.jpg,Sardine,Bad,Manual_data
2024-02-27,IMG_20240227_095948108.jpg,Sardine,Bad,Manual_data
2024-02-27,IMG_20240227_100027804.jpg,Sardine,Bad,Manual_data
2024-02-27,IMG_20240227_095955351.jpg,Sardine,Bad,Manual_data
2024-02-27,IMG_20240227_095727683.jpg,Sardine,Bad,Manual_data
2024-02-27,IMG_20240227_095851213.jpg,Sardine,Bad,Manual_data
2024-02-27,IMG_20240227_095729930.jpg,Sardine,Bad,Manual_data
2024-02-27,IMG_20240227_095621808.jpg,Sardine,Bad,Manual_data
2024-02-27,IMG_20240227_095840010.jpg,Sardine,Bad,Manual_data
2024-02-27,IMG_20240227_095722415.jpg,Sardine,Bad,Manual_data
2024-02-27,IMG_20240227_095634127.jpg,Sardine,Bad,Manual_data
2024-02-27,IMG_20240227_095711091.jpg,Sardine,Bad,Manual_data
2024-02-27,IMG_20240227_095706990.jpg,Sardine,Bad,Manual_data
2024-02-27,IMG_20240227_095613161.jpg,Sardine,Bad,Manual_data
2024-02-27,IMG_20240227_095700025.jpg,Sardine,Bad,Manual_data
2024-02-27,IMG_20240227_095856310.jpg,Sardine,Bad,Manual_data
2024-02-27,IMG_20240227_095847054.jpg,Sardine,Bad,Manual_data
2024-02-27,IMG_20240227_095714370.jpg,Sardine,Bad,Manual_data
2024-02-27,IMG_20240227_095630064.jpg,Sardine,Bad,Manual_data
2024-02-27,IMG_20240227_095656369.jpg,Sardine,Bad,Manual_data
2024-02-27,IMG_20240227_095609491.jpg,Sardine,Bad,Manual_data
2024-02-27,IMG_20240227_095626966.jpg,Sardine,Bad,Manual_data
2024-02-27,IMG_20240227_095644467.jpg,Sardine,Bad,Manual_data
2024-02-27,IMG_20240227_095606603.jpg,Sardine,Bad,Manual_data
2024-02-27,IMG_20240227_095638675.jpg,Sardine,Bad,Manual_data
2024-02-27,IMG_20240227_095906470.jpg,Sardine,Bad,Manual_data
2024-02-27,IMG_20240227_095542890.jpg,Sardine,Bad,Manual_data
2024-02-27,IMG_20240227_095600373.jpg,Sardine,Bad,Manual_data
2024-02-27,IMG_20240227_095426142.jpg,Sardine,Bad,Manual_data
2024-02-27,IMG_20240227_095504998.jpg,Sardine,Bad,Manual_data
2024-02-27,IMG_20240227_095502381.jpg,Sardine,Bad,Manual_data
2024-02-27,IMG_20240227_095532796.jpg,Sardine,Bad,Manual_data
2024-02-27,IMG_20240227_095441672.jpg,Sardine,Bad,Manual_data
2024-02-27,IMG_20240227_095448858.jpg,Sardine,Bad,Manual_data
2024-02-27,IMG_20240227_095618763.jpg,Sardine,Bad,Manual_data
2024-02-27,IMG_20240227_095546790.jpg,Sardine,Bad,Manual_data
2024-02-27,IMG_20240227_095405779.jpg,Sardine,Bad,Manual_data
2024-02-27,IMG_20240227_095526355.jpg,Sardine,Bad,Manual_data
2024-02-27,IMG_20240227_095648811.jpg,Sardine,Bad,Manual_data
2024-02-27,IMG_20240227_095451260.jpg,Sardine,Bad,Manual_data
2024-02-27,IMG_20240227_095615343.jpg,Sardine,Bad,Manual_data
2024-02-27,IMG_20240227_095704146.jpg,Sardine,Bad,Manual_data
2024-02-27,IMG_20240227_095430309.jpg,Sardine,Bad,Manual_data
2024-02-27,IMG_20240227_095445040.jpg,Sardine,Bad,Manual_data
2024-02-27,IMG_20240227_095412922.jpg,Sardine,Bad,Manual_data
2024-02-27,IMG_20240227_095551538.jpg,Sardine,Bad,Manual_data
2024-02-27,IMG_20240227_095529296.jpg,Sardine,Bad,Manual_data
2024-02-27,IMG_20240227_095556955.jpg,Sardine,Bad,Manual_data
2024-02-27,IMG_20240227_095344045.jpg,Sardine,Bad,Manual_data
2024-02-27,IMG_20240227_095341011.jpg,Sardine,Bad,Manual_data
2024-02-27,IMG_20240227_095233077.jpg,Sardine,Bad,Manual_data
2024-02-27,IMG_20240227_095331024.jpg,Sardine,Bad,Manual_data
2024-02-27,IMG_20240227_095408840.jpg,Sardine,Bad,Manual_data
2024-02-27,IMG_20240227_095227059.jpg,Sardine,Bad,Manual_data
2024-02-27,IMG_20240227_095415741.jpg,Sardine,Bad,Manual_data
2024-02-27,IMG_20240227_095315544.jpg,Sardine,Bad,Manual_data
2024-02-27,IMG_20240227_095308111.jpg,Sardine,Bad,Manual_data
2024-02-27,IMG_20240227_095328473.jpg,Sardine,Bad,Manual_data
2024-02-27,IMG_20240227_095357583.jpg,Sardine,Bad,Manual_data
2024-02-27,IMG_20240227_095229760.jpg,Sardine,Bad,Manual_data
2024-02-27,IMG_20240227_095438034.jpg,Sardine,Bad,Manual_data
2024-02-27,IMG_20240227_095311696.jpg,Sardine,Bad,Manual_data
2024-02-27,IMG_20240227_095435114.jpg,Sardine,Bad,Manual_data
2024-02-27,IMG_20240227_095248127.jpg,Sardine,Bad,Manual_data
2024-02-27,IMG_20240227_095253123.jpg,Sardine,Bad,Manual_data
2024-02-27,IMG_20240227_095536606.jpg,Sardine,Bad,Manual_data
2024-02-27,IMG_20240227_095301029.jpg,Sardine,Bad,Manual_data
2024-02-27,IMG_20240227_095400901.jpg,Sardine,Bad,Manual_data
2024-02-27,IMG_20240227_095303848.jpg,Sardine,Bad,Manual_data
2024-02-27,IMG_20240227_095347976.jpg,Sardine,Bad,Manual_data
2024-02-27,IMG_20240227_095056995.jpg,Sardine,Bad,Manual_data
2024-02-27,IMG_20240227_095044017.jpg,Sardine,Bad,Manual_data
2024-02-27,IMG_20240227_095221018.jpg,Sardine,Bad,Manual_data
2024-02-27,IMG_20240227_095030585.jpg,Sardine,Bad,Manual_data
2024-02-27,IMG_20240227_095047460.jpg,Sardine,Bad,Manual_data
2024-02-27,IMG_20240227_095104788.jpg,Sardine,Bad,Manual_data
2024-02-27,IMG_20240227_095235591.jpg,Sardine,Bad,Manual_data
2024-02-27,IMG_20240227_095102043.jpg,Sardine,Bad,Manual_data
2024-02-27,IMG_20240227_095033404.jpg,Sardine,Bad,Manual_data
2024-02-27,IMG_20240227_095112659.jpg,Sardine,Bad,Manual_data
2024-02-27,IMG_20240227_095237803.jpg,Sardine,Bad,Manual_data
2024-02-27,IMG_20240227_095125418.jpg,Sardine,Bad,Manual_data
2024-02-27,IMG_20240227_095121007.jpg,Sardine,Bad,Manual_data
2024-02-27,IMG_20240227_095053461.jpg,Sardine,Bad,Manual_data
2024-02-27,IMG_20240227_095039850.jpg,Sardine,Bad,Manual_data
2024-02-27,IMG_20240227_095351737.jpg,Sardine,Bad,Manual_data
2024-02-27,IMG_20240227_095118028.jpg,Sardine,Bad,Manual_data
2024-02-27,IMG_20240227_095128088.jpg,Sardine,Bad,Manual_data
2024-02-27,IMG_20240227_095324395.jpg,Sardine,Bad,Manual_data
2024-02-27,IMG_20240227_095109454.jpg,Sardine,Bad,Manual_data
2024-02-27,IMG_20240227_095223668.jpg,Sardine,Bad,Manual_data
2024-02-27,IMG_20240227_095243086.jpg,Sardine,Bad,Manual_data
2024-02-27,IMG_20240227_095037769.jpg,Sardine,Bad,Manual_data
2024-02-27,IMG_20240227_094951726.jpg,Sardine,Bad,Manual_data
2024-02-27,IMG_20240227_094955176.jpg,Sardine,Bad,Manual_data
2024-02-27,IMG_20240227_094812163.jpg,Sardine,Bad,Manual_data
2024-02-27,IMG_20240227_094957424.jpg,Sardine,Bad,Manual_data
2024-02-27,IMG_20240227_094756059.jpg,Sardine,Bad,Manual_data
2024-02-27,IMG_20240227_094744155.jpg,Sardine,Bad,Manual_data
2024-02-27,IMG_20240227_094806663.jpg,Sardine,Bad,Manual_data
2024-02-27,IMG_20240227_095017132.jpg,Sardine,Bad,Manual_data
2024-02-27,IMG_20240227_094725087.jpg,Sardine,Bad,Manual_data
2024-02-27,IMG_20240227_094739492.jpg,Sardine,Bad,Manual_data
2024-02-27,IMG_20240227_094732250.jpg,Sardine,Bad,Manual_data
2024-02-27,IMG_20240227_094717179.jpg,Sardine,Bad,Manual_data
2024-02-27,IMG_20240227_094819378.jpg,Sardine,Bad,Manual_data
2024-02-27,IMG_20240227_094735074.jpg,Sardine,Bad,Manual_data
2024-02-27,IMG_20240227_094801204.jpg,Sardine,Bad,Manual_data
2024-02-27,IMG_20240227_094751239.jpg,Sardine,Bad,Manual_data
2024-02-27,IMG_20240227_094727590.jpg,Sardine,Bad,Manual_data
2024-02-27,IMG_20240227_094949157.jpg,Sardine,Bad,Manual_data
2024-02-27,IMG_20240227_095009601.jpg,Sardine,Bad,Manual_data
2024-02-27,IMG_20240227_095020334.jpg,Sardine,Bad,Manual_data
2024-02-27,IMG_20240227_095002228.jpg,Sardine,Bad,Manual_data
2024-02-27,IMG_20240227_095005686.jpg,Sardine,Bad,Manual_data
2024-02-27,IMG_20240227_094704280.jpg,Sardine,Bad,Manual_data
2024-02-27,IMG_20240227_094710182.jpg,Sardine,Bad,Manual_data
2024-02-27,IMG_20240227_094653674.jpg,Sardine,Bad,Manual_data
2024-02-27,IMG_20240227_094649800.jpg,Sardine,Bad,Manual_data
2024-02-27,IMG_20240227_094707845.jpg,Sardine,Bad,Manual_data
2024-02-27,IMG_20240227_094639638.jpg,Sardine,Bad,Manual_data
2024-02-27,IMG_20240227_094720930.jpg,Sardine,Bad,Manual_data
2024-02-27,IMG_20240227_094647360.jpg,Sardine,Bad,Manual_data
2024-02-27,IMG_20240227_094701671.jpg,Sardine,Bad,Manual_data
2024-02-27,IMG_20240227_102159.jpg,Sardine,Bad,Manual_data
2024-02-27,IMG_20240227_095012434.jpg,Sardine,Bad,Manual_data
2024-01-17,IMG_20240117_111410602.jpg,Sardine,Good,Manual_data
2024-01-17,IMG_20240117_111256881.jpg,Sardine,Good,Manual_data
2024-01-17,IMG_20240117_111408441.jpg,Sardine,Good,Manual_data
2024-01-17,IMG_20240117_111302877.jpg,Sardine,Good,Manual_data
2024-01-17,IMG_20240117_111245834.jpg,Sardine,Good,Manual_data
2024-01-17,IMG_20240117_111229403.jpg,Sardine,Good,Manual_data
2024-01-17,IMG_20240117_111240716.jpg,Sardine,Good,Manual_data
2024-01-17,IMG_20240117_111251424.jpg,Sardine,Good,Manual_data
2024-01-17,IMG_20240117_111404914.jpg,Sardine,Good,Manual_data
2024-01-17,IMG_20240117_111300828.jpg,Sardine,Good,Manual_data
2024-01-17,IMG_20240117_111253762.jpg,Sardine,Good,Manual_data
2024-01-17,IMG_20240117_111247891.jpg,Sardine,Good,Manual_data
2024-01-17,IMG_20240117_111218275.jpg,Sardine,Good,Manual_data
2024-01-17,IMG_20240117_111235370.jpg,Sardine,Good,Manual_data
2024-01-17,IMG_20240117_111242757.jpg,Sardine,Good,Manual_data
2024-01-17,IMG_20240117_111226498.jpg,Sardine,Good,Manual_data
2024-01-17,IMG_20240117_111237330.jpg,Sardine,Good,Manual_data
2024-01-17,IMG_20240117_111402247.jpg,Sardine,Good,Manual_data
2024-01-17,IMG_20240117_111231324.jpg,Sardine,Good,Manual_data
2024-01-17,IMG_20240117_111258285.jpg,Sardine,Good,Manual_data
2024-01-17,IMG_20240117_111202502.jpg,Sardine,Good,Manual_data
2024-01-17,IMG_20240117_111111079.jpg,Sardine,Good,Manual_data
2024-01-17,IMG_20240117_111149146.jpg,Sardine,Good,Manual_data
2024-01-17,IMG_20240117_111213416.jpg,Sardine,Good,Manual_data
2024-01-17,IMG_20240117_111157007.jpg,Sardine,Good,Manual_data
2024-01-17,IMG_20240117_111206732.jpg,Sardine,Good,Manual_data
2024-01-17,IMG_20240117_111224257.jpg,Sardine,Good,Manual_data
2024-01-17,IMG_20240117_111209374.jpg,Sardine,Good,Manual_data
2024-01-17,IMG_20240117_111143687.jpg,Sardine,Good,Manual_data
2024-01-17,IMG_20240117_111200269.jpg,Sardine,Good,Manual_data
2024-01-17,IMG_20240117_111126693.jpg,Sardine,Good,Manual_data
2024-01-17,IMG_20240117_111154684.jpg,Sardine,Good,Manual_data
2024-01-17,IMG_20240117_111128749.jpg,Sardine,Good,Manual_data
2024-01-17,IMG_20240117_111145937.jpg,Sardine,Good,Manual_data
2024-01-17,IMG_20240117_111220719.jpg,Sardine,Good,Manual_data
2024-01-17,IMG_20240117_111116995.jpg,Sardine,Good,Manual_data
2024-01-17,IMG_20240117_111215472.jpg,Sardine,Good,Manual_data
2024-01-17,IMG_20240117_111108760.jpg,Sardine,Good,Manual_data
2024-01-17,IMG_20240117_111151359.jpg,Sardine,Good,Manual_data
2024-01-17,IMG_20240117_111103503.jpg,Sardine,Good,Manual_data
2024-01-17,IMG_20240117_111044981.jpg,Sardine,Good,Manual_data
2024-01-17,IMG_20240117_111106050.jpg,Sardine,Good,Manual_data
2024-01-17,IMG_20240117_111030315.jpg,Sardine,Good,Manual_data
2024-01-17,IMG_20240117_111052060.jpg,Sardine,Good,Manual_data
2024-01-17,IMG_20240117_111049745.jpg,Sardine,Good,Manual_data
2024-01-17,IMG_20240117_111032788.jpg,Sardine,Good,Manual_data
2024-01-17,IMG_20240117_111057690.jpg,Sardine,Good,Manual_data
2024-01-17,IMG_20240117_111042130.jpg,Sardine,Good,Manual_data
2024-01-17,IMG_20240117_111038835.jpg,Sardine,Good,Manual_data
2024-01-17,IMG_20240117_111122867.jpg,Sardine,Good,Manual_data
2024-01-17,IMG_20240117_111017103.jpg,Sardine,Good,Manual_data
2024-01-17,IMG_20240117_111035858.jpg,Sardine,Good,Manual_data
2024-01-17,IMG_20240117_111024148.jpg,Sardine,Good,Manual_data
2024-01-17,IMG_20240117_111010937.jpg,Sardine,Good,Manual_data
2024-01-17,IMG_20240117_111013557.jpg,Sardine,Good,Manual_data
2024-01-17,IMG_20240117_111027043.jpg,Sardine,Good,Manual_data
2024-01-17,IMG_20240117_111019239.jpg,Sardine,Good,Manual_data
2024-01-17,IMG_20240117_111022128.jpg,Sardine,Good,Manual_data
2024-01-17,IMG_20240117_111055368.jpg,Sardine,Good,Manual_data
2024-01-17,IMG_20240117_095240325.jpg,White prawns,Good,Manual_data
2024-01-17,IMG_20240117_094511853.jpg,White prawns,Good,Manual_data
2024-01-17,IMG_20240117_100314151.jpg,White prawns,Good,Manual_data
2024-01-17,IMG_20240117_100309890.jpg,White prawns,Good,Manual_data
2024-01-17,IMG_20240117_100253779.jpg,White prawns,Good,Manual_data
2024-01-17,IMG_20240117_100318561.jpg,White prawns,Good,Manual_data
2024-01-17,IMG_20240117_100128150.jpg,White prawns,Good,Manual_data
2024-01-17,IMG_20240117_100231277.jpg,White prawns,Good,Manual_data
2024-01-17,IMG_20240117_100258943.jpg,White prawns,Good,Manual_data
2024-01-17,IMG_20240117_100334862.jpg,White prawns,Good,Manual_data
2024-01-17,IMG_20240117_100249797.jpg,White prawns,Good,Manual_data
2024-01-17,IMG_20240117_100325228.jpg,White prawns,Good,Manual_data
2024-01-17,IMG_20240117_100328840.jpg,White prawns,Good,Manual_data
2024-01-17,IMG_20240117_100245544.jpg,White prawns,Good,Manual_data
2024-01-17,IMG_20240117_100240811.jpg,White prawns,Good,Manual_data
2024-01-17,IMG_20240117_100136209.jpg,White prawns,Good,Manual_data
2024-01-17,IMG_20240117_100217698.jpg,White prawns,Good,Manual_data
2024-01-17,IMG_20240117_100304207.jpg,White prawns,Good,Manual_data
2024-01-17,IMG_20240117_100226725.jpg,White prawns,Good,Manual_data
2024-01-17,IMG_20240117_100104212.jpg,White prawns,Good,Manual_data
2024-01-17,IMG_20240117_100047395.jpg,White prawns,Good,Manual_data
2024-01-17,IMG_20240117_100222571.jpg,White prawns,Good,Manual_data
2024-01-17,IMG_20240117_100100855.jpg,White prawns,Good,Manual_data
2024-01-17,IMG_20240117_100056767.jpg,White prawns,Good,Manual_data
2024-01-17,IMG_20240117_100132558.jpg,White prawns,Good,Manual_data
2024-01-17,IMG_20240117_100140257.jpg,White prawns,Good,Manual_data
2024-01-17,IMG_20240117_095957079.jpg,White prawns,Good,Manual_data
2024-01-17,IMG_20240117_100040169.jpg,White prawns,Good,Manual_data
2024-01-17,IMG_20240117_100028073.jpg,White prawns,Good,Manual_data
2024-01-17,IMG_20240117_100032098.jpg,White prawns,Good,Manual_data
2024-01-17,IMG_20240117_095953882.jpg,White prawns,Good,Manual_data
2024-01-17,IMG_20240117_100116222.jpg,White prawns,Good,Manual_data
2024-01-17,IMG_20240117_100122173.jpg,White prawns,Good,Manual_data
2024-01-17,IMG_20240117_100044614.jpg,White prawns,Good,Manual_data
2024-01-17,IMG_20240117_100051774.jpg,White prawns,Good,Manual_data
2024-01-17,IMG_20240117_100024554.jpg,White prawns,Good,Manual_data
2024-01-17,IMG_20240117_100036710.jpg,White prawns,Good,Manual_data
2024-01-17,IMG_20240117_100020929.jpg,White prawns,Good,Manual_data
2024-01-17,IMG_20240117_100006995.jpg,White prawns,Good,Manual_data
2024-01-17,IMG_20240117_100003254.jpg,White prawns,Good,Manual_data
2024-01-17,IMG_20240117_095959925.jpg,White prawns,Good,Manual_data
2024-01-17,IMG_20240117_095930087.jpg,White prawns,Good,Manual_data
2024-01-17,IMG_20240117_095906029.jpg,White prawns,Good,Manual_data
2024-01-17,IMG_20240117_100017449.jpg,White prawns,Good,Manual_data
2024-01-17,IMG_20240117_095944730.jpg,White prawns,Good,Manual_data
2024-01-17,IMG_20240117_095940546.jpg,White prawns,Good,Manual_data
2024-01-17,IMG_20240117_095836508.jpg,White prawns,Good,Manual_data
2024-01-17,IMG_20240117_095908599.jpg,White prawns,Good,Manual_data
2024-01-17,IMG_20240117_095917294.jpg,White prawns,Good,Manual_data
2024-01-17,IMG_20240117_095936550.jpg,White prawns,Good,Manual_data
2024-01-17,IMG_20240117_095912467.jpg,White prawns,Good,Manual_data
2024-01-17,IMG_20240117_095921845.jpg,White prawns,Good,Manual_data
2024-01-17,IMG_20240117_095933589.jpg,White prawns,Good,Manual_data
2024-01-17,IMG_20240117_095949038.jpg,White prawns,Good,Manual_data
2024-01-17,IMG_20240117_095825216.jpg,White prawns,Good,Manual_data
2024-01-17,IMG_20240117_095821035.jpg,White prawns,Good,Manual_data
2024-01-17,IMG_20240117_095843493.jpg,White prawns,Good,Manual_data
2024-01-17,IMG_20240117_095926734.jpg,White prawns,Good,Manual_data
2024-01-17,IMG_20240117_095902305.jpg,White prawns,Good,Manual_data
2024-01-17,IMG_20240117_095852129.jpg,White prawns,Good,Manual_data
2024-01-17,IMG_20240117_095745951.jpg,White prawns,Good,Manual_data
2024-01-17,IMG_20240117_095752560.jpg,White prawns,Good,Manual_data
2024-01-17,IMG_20240117_095805123.jpg,White prawns,Good,Manual_data
2024-01-17,IMG_20240117_095801268.jpg,White prawns,Good,Manual_data
2024-01-17,IMG_20240117_095808625.jpg,White prawns,Good,Manual_data
2024-01-17,IMG_20240117_095840312.jpg,White prawns,Good,Manual_data
2024-01-17,IMG_20240117_095847440.jpg,White prawns,Good,Manual_data
2024-01-17,IMG_20240117_095755632.jpg,White prawns,Good,Manual_data
2024-01-17,IMG_20240117_095758537.jpg,White prawns,Good,Manual_data
2024-01-17,IMG_20240117_095749521.jpg,White prawns,Good,Manual_data
2024-01-17,IMG_20240117_095656109.jpg,White prawns,Good,Manual_data
2024-01-17,IMG_20240117_095738974.jpg,White prawns,Good,Manual_data
2024-01-17,IMG_20240117_095652285.jpg,White prawns,Good,Manual_data
2024-01-17,IMG_20240117_095727009.jpg,White prawns,Good,Manual_data
2024-01-17,IMG_20240117_095730428.jpg,White prawns,Good,Manual_data
2024-01-17,IMG_20240117_095735582.jpg,White prawns,Good,Manual_data
2024-01-17,IMG_20240117_095700015.jpg,White prawns,Good,Manual_data
2024-01-17,IMG_20240117_095703708.jpg,White prawns,Good,Manual_data
2024-01-17,IMG_20240117_095706589.jpg,White prawns,Good,Manual_data
2024-01-17,IMG_20240117_095713566.jpg,White prawns,Good,Manual_data
2024-01-17,IMG_20240117_095602075.jpg,White prawns,Good,Manual_data
2024-01-17,IMG_20240117_095742208.jpg,White prawns,Good,Manual_data
2024-01-17,IMG_20240117_095709421.jpg,White prawns,Good,Manual_data
2024-01-17,IMG_20240117_095609175.jpg,White prawns,Good,Manual_data
2024-01-17,IMG_20240117_095628212.jpg,White prawns,Good,Manual_data
2024-01-17,IMG_20240117_095620430.jpg,White prawns,Good,Manual_data
2024-01-17,IMG_20240117_095545215.jpg,White prawns,Good,Manual_data
2024-01-17,IMG_20240117_095526877.jpg,White prawns,Good,Manual_data
2024-01-17,IMG_20240117_095523613.jpg,White prawns,Good,Manual_data
2024-01-17,IMG_20240117_095551614.jpg,White prawns,Good,Manual_data
2024-01-17,IMG_20240117_095616923.jpg,White prawns,Good,Manual_data
2024-01-17,IMG_20240117_095648419.jpg,White prawns,Good,Manual_data
2024-01-17,IMG_20240117_095533540.jpg,White prawns,Good,Manual_data
2024-01-17,IMG_20240117_095456958.jpg,White prawns,Good,Manual_data
2024-01-17,IMG_20240117_095537530.jpg,White prawns,Good,Manual_data
2024-01-17,IMG_20240117_095623723.jpg,White prawns,Good,Manual_data
2024-01-17,IMG_20240117_095430522.jpg,White prawns,Good,Manual_data
2024-01-17,IMG_20240117_095515435.jpg,White prawns,Good,Manual_data
2024-01-17,IMG_20240117_095437879.jpg,White prawns,Good,Manual_data
2024-01-17,IMG_20240117_095506340.jpg,White prawns,Good,Manual_data
2024-01-17,IMG_20240117_095434036.jpg,White prawns,Good,Manual_data
2024-01-17,IMG_20240117_095518543.jpg,White prawns,Good,Manual_data
2024-01-17,IMG_20240117_095501094.jpg,White prawns,Good,Manual_data
2024-01-17,IMG_20240117_095456958 (2).jpg,White prawns,Good,Manual_data
2024-01-17,IMG_20240117_095511427.jpg,White prawns,Good,Manual_data
2024-01-17,IMG_20240117_095330034.jpg,White prawns,Good,Manual_data
2024-01-17,IMG_20240117_095357462.jpg,White prawns,Good,Manual_data
2024-01-17,IMG_20240117_095425430.jpg,White prawns,Good,Manual_data
2024-01-17,IMG_20240117_095335316.jpg,White prawns,Good,Manual_data
2024-01-17,IMG_20240117_095421661.jpg,White prawns,Good,Manual_data
2024-01-17,IMG_20240117_095411497.jpg,White prawns,Good,Manual_data
2024-01-17,IMG_20240117_095443855.jpg,White prawns,Good,Manual_data
2024-01-17,IMG_20240117_095401843.jpg,White prawns,Good,Manual_data
2024-01-17,IMG_20240117_095405618.jpg,White prawns,Good,Manual_data
2024-01-17,IMG_20240117_095453708.jpg,White prawns,Good,Manual_data
2024-01-17,IMG_20240117_095416250.jpg,White prawns,Good,Manual_data
2024-01-17,IMG_20240117_095351143.jpg,White prawns,Good,Manual_data
2024-01-17,IMG_20240117_095312115.jpg,White prawns,Good,Manual_data
2024-01-17,IMG_20240117_095338575.jpg,White prawns,Good,Manual_data
2024-01-17,IMG_20240117_095305487.jpg,White prawns,Good,Manual_data
2024-01-17,IMG_20240117_095342914.jpg,White prawns,Good,Manual_data
2024-01-17,IMG_20240117_100100855(1).jpg,White prawns,Good,Manual_data
2024-01-17,IMG_20240117_095318771.jpg,White prawns,Good,Manual_data
2024-01-17,IMG_20240117_095346854.jpg,White prawns,Good,Manual_data
2024-01-17,IMG_20240117_095315272.jpg,White prawns,Good,Manual_data
2024-01-17,IMG_20240117_095323230.jpg,White prawns,Good,Manual_data
2024-01-17,IMG_20240117_100116222(1).jpg,White prawns,Good,Manual_data
2024-01-17,IMG_20240117_100104212(1).jpg,White prawns,Good,Manual_data
2024-01-17,IMG_20240117_100032098(1).jpg,White prawns,Good,Manual_data
2024-01-17,IMG_20240117_100122173(1).jpg,White prawns,Good,Manual_data
2024-01-17,IMG_20240117_100024554(1).jpg,White prawns,Good,Manual_data
2024-01-17,IMG_20240117_100028073(1).jpg,White prawns,Good,Manual_data
2024-01-17,IMG_20240117_100036710(1).jpg,White prawns,Good,Manual_data
2024-01-17,IMG_20240117_100040169(1).jpg,White prawns,Good,Manual_data
2024-01-17,IMG_20240117_100044614(1).jpg,White prawns,Good,Manual_data
2024-01-17,IMG_20240117_100003254(1).jpg,White prawns,Good,Manual_data
2024-01-17,IMG_20240117_095957079(1).jpg,White prawns,Good,Manual_data
2024-01-17,IMG_20240117_100006995(1).jpg,White prawns,Good,Manual_data
2024-01-17,IMG_20240117_100020929(1).jpg,White prawns,Good,Manual_data
2024-01-17,IMG_20240117_100017449(1).jpg,White prawns,Good,Manual_data
2024-01-17,IMG_20240117_095930087(1).jpg,White prawns,Good,Manual_data
2024-01-17,IMG_20240117_095959925(1).jpg,White prawns,Good,Manual_data
2024-01-17,IMG_20240117_095953882(1).jpg,White prawns,Good,Manual_data
2024-01-17,IMG_20240117_095908599(1).jpg,White prawns,Good,Manual_data
2024-01-17,IMG_20240117_095949038(1).jpg,White prawns,Good,Manual_data
2024-01-17,IMG_20240117_095933589(1).jpg,White prawns,Good,Manual_data
2024-01-17,IMG_20240117_095906029(1).jpg,White prawns,Good,Manual_data
2024-01-17,IMG_20240117_095940546(1).jpg,White prawns,Good,Manual_data
2024-01-17,IMG_20240117_095944730(1).jpg,White prawns,Good,Manual_data
2024-01-17,IMG_20240117_095912467(1).jpg,White prawns,Good,Manual_data
2024-01-17,IMG_20240117_095936550(1).jpg,White prawns,Good,Manual_data
2024-01-17,IMG_20240117_095926734(1).jpg,White prawns,Good,Manual_data
2024-01-17,IMG_20240117_095808625(1).jpg,White prawns,Good,Manual_data
2024-01-17,IMG_20240117_095902305(1).jpg,White prawns,Good,Manual_data
2024-01-17,IMG_20240117_095836508(1).jpg,White prawns,Good,Manual_data
2024-01-17,IMG_20240117_095840312(1).jpg,White prawns,Good,Manual_data
2024-01-17,IMG_20240117_095825216(1).jpg,White prawns,Good,Manual_data
2024-01-17,IMG_20240117_095917294(1).jpg,White prawns,Good,Manual_data
2024-01-17,IMG_20240117_095843493(1).jpg,White prawns,Good,Manual_data
2024-01-17,IMG_20240117_095805123(1).jpg,White prawns,Good,Manual_data
2024-01-17,IMG_20240117_095921845(1).jpg,White prawns,Good,Manual_data
2024-01-17,IMG_20240117_095852129(1).jpg,White prawns,Good,Manual_data
2024-01-17,IMG_20240117_095755632(1).jpg,White prawns,Good,Manual_data
2024-01-17,IMG_20240117_095758537(1).jpg,White prawns,Good,Manual_data
2024-01-17,IMG_20240117_095847440(1).jpg,White prawns,Good,Manual_data
2024-01-17,IMG_20240117_095821035(1).jpg,White prawns,Good,Manual_data
2024-01-17,IMG_20240117_095752560(1).jpg,White prawns,Good,Manual_data
2024-01-17,IMG_20240117_095801268(1).jpg,White prawns,Good,Manual_data
2024-01-17,IMG_20240117_095749521(1).jpg,White prawns,Good,Manual_data
2024-01-17,IMG_20240117_095656109(1).jpg,White prawns,Good,Manual_data
2024-01-17,IMG_20240117_095709421(1).jpg,White prawns,Good,Manual_data
2024-01-17,IMG_20240117_095738974(1).jpg,White prawns,Good,Manual_data
2024-01-17,IMG_20240117_095735582(1).jpg,White prawns,Good,Manual_data
2024-01-17,IMG_20240117_095745951(1).jpg,White prawns,Good,Manual_data
2024-01-17,IMG_20240117_095706589(1).jpg,White prawns,Good,Manual_data
2024-01-17,IMG_20240117_095742208(1).jpg,White prawns,Good,Manual_data
2024-01-17,IMG_20240117_095652285(1).jpg,White prawns,Good,Manual_data
2024-01-17,IMG_20240117_095700015(1).jpg,White prawns,Good,Manual_data
2024-01-17,IMG_20240117_095730428(1).jpg,White prawns,Good,Manual_data
2024-01-17,IMG_20240117_095727009(1).jpg,White prawns,Good,Manual_data
2024-01-17,IMG_20240117_095623723(1).jpg,White prawns,Good,Manual_data
2024-01-17,IMG_20240117_095602075(1).jpg,White prawns,Good,Manual_data
2024-01-17,IMG_20240117_095620430(1).jpg,White prawns,Good,Manual_data
2024-01-17,IMG_20240117_095703708(1).jpg,White prawns,Good,Manual_data
2024-01-17,IMG_20240117_095609175(1).jpg,White prawns,Good,Manual_data
2024-01-17,IMG_20240117_095713566(1).jpg,White prawns,Good,Manual_data
2024-01-17,IMG_20240117_095648419(1).jpg,White prawns,Good,Manual_data
2024-01-17,IMG_20240117_095501094(1).jpg,White prawns,Good,Manual_data
2024-01-17,IMG_20240117_095526877(1).jpg,White prawns,Good,Manual_data
2024-01-17,IMG_20240117_095523613(1).jpg,White prawns,Good,Manual_data
2024-01-17,IMG_20240117_095616923(1).jpg,White prawns,Good,Manual_data
2024-01-17,IMG_20240117_095537530(1).jpg,White prawns,Good,Manual_data
2024-01-17,IMG_20240117_095628212(1).jpg,White prawns,Good,Manual_data
2024-01-17,IMG_20240117_095551614(1).jpg,White prawns,Good,Manual_data
2024-01-17,IMG_20240117_095456958(1).jpg,White prawns,Good,Manual_data
2024-01-17,IMG_20240117_095506340(1).jpg,White prawns,Good,Manual_data
2024-01-17,IMG_20240117_095430522(1).jpg,White prawns,Good,Manual_data
2024-01-17,IMG_20240117_095511427(1).jpg,White prawns,Good,Manual_data
2024-01-17,IMG_20240117_095456958 (2)(1).jpg,White prawns,Good,Manual_data
2024-01-17,IMG_20240117_095515435(1).jpg,White prawns,Good,Manual_data
2024-01-17,IMG_20240117_095425430(1).jpg,White prawns,Good,Manual_data
2024-01-17,IMG_20240117_095518543(1).jpg,White prawns,Good,Manual_data
2024-01-17,IMG_20240117_095533540(1).jpg,White prawns,Good,Manual_data
2024-01-17,IMG_20240117_095434036(1).jpg,White prawns,Good,Manual_data
2024-01-17,IMG_20240117_095545215(1).jpg,White prawns,Good,Manual_data
2024-01-17,IMG_20240117_095401843(1).jpg,White prawns,Good,Manual_data
2024-01-17,IMG_20240117_095405618(1).jpg,White prawns,Good,Manual_data
2024-01-17,IMG_20240117_095416250(1).jpg,White prawns,Good,Manual_data
2024-01-17,IMG_20240117_095421661(1).jpg,White prawns,Good,Manual_data
2024-01-17,IMG_20240117_095437879(1).jpg,White prawns,Good,Manual_data
2024-01-17,IMG_20240117_095342914(1).jpg,White prawns,Good,Manual_data
2024-01-17,IMG_20240117_095357462(1).jpg,White prawns,Good,Manual_data
2024-01-17,IMG_20240117_095443855(1).jpg,White prawns,Good,Manual_data
2024-01-17,IMG_20240117_095453708(1).jpg,White prawns,Good,Manual_data
2024-01-17,IMG_20240117_095330034(1).jpg,White prawns,Good,Manual_data
2024-01-17,IMG_20240117_095411497(1).jpg,White prawns,Good,Manual_data
2024-01-17,IMG_20240117_095305487(1).jpg,White prawns,Good,Manual_data
2024-01-17,IMG_20240117_095323230(1).jpg,White prawns,Good,Manual_data
2024-01-17,IMG_20240117_095335316(1).jpg,White prawns,Good,Manual_data
2024-01-17,IMG_20240117_095318771(1).jpg,White prawns,Good,Manual_data
2024-01-17,IMG_20240117_095346854(1).jpg,White prawns,Good,Manual_data
2024-01-17,IMG_20240117_095315272(1).jpg,White prawns,Good,Manual_data
2024-01-17,IMG_20240117_095351143(1).jpg,White prawns,Good,Manual_data
2024-01-17,IMG_20240117_095312115(1).jpg,White prawns,Good,Manual_data
2024-01-17,IMG_20240117_095338575(1).jpg,White prawns,Good,Manual_data
2024-01-17,IMG_20240117_095220633.jpg,White prawns,Good,Manual_data
2024-01-17,IMG_20240117_095326867.jpg,White prawns,Good,Manual_data
2024-01-17,IMG_20240117_095256903.jpg,White prawns,Good,Manual_data
2024-01-17,IMG_20240117_095231607.jpg,White prawns,Good,Manual_data
2024-01-17,IMG_20240117_095253618.jpg,White prawns,Good,Manual_data
2024-01-17,IMG_20240117_095204590.jpg,White prawns,Good,Manual_data
2024-01-17,IMG_20240117_095233988.jpg,White prawns,Good,Manual_data
2024-01-17,IMG_20240117_095250916.jpg,White prawns,Good,Manual_data
2024-01-17,IMG_20240117_095244081.jpg,White prawns,Good,Manual_data
2024-01-17,IMG_20240117_095148248.jpg,White prawns,Good,Manual_data
2024-01-17,IMG_20240117_095228424.jpg,White prawns,Good,Manual_data
2024-01-17,IMG_20240117_095225323.jpg,White prawns,Good,Manual_data
2024-01-17,IMG_20240117_095207565.jpg,White prawns,Good,Manual_data
2024-01-17,IMG_20240117_095301851.jpg,White prawns,Good,Manual_data
2024-01-17,IMG_20240117_095214558.jpg,White prawns,Good,Manual_data
2024-01-17,IMG_20240117_095211215.jpg,White prawns,Good,Manual_data
2024-01-17,IMG_20240117_095139218.jpg,White prawns,Good,Manual_data
2024-01-17,IMG_20240117_095236666.jpg,White prawns,Good,Manual_data
2024-01-17,IMG_20240117_095143683.jpg,White prawns,Good,Manual_data
2024-01-17,IMG_20240117_095133956.jpg,White prawns,Good,Manual_data
2024-01-17,IMG_20240117_095121165.jpg,White prawns,Good,Manual_data
2024-01-17,IMG_20240117_095103512.jpg,White prawns,Good,Manual_data
2024-01-17,IMG_20240117_095158277.jpg,White prawns,Good,Manual_data
2024-01-17,IMG_20240117_095152633.jpg,White prawns,Good,Manual_data
2024-01-17,IMG_20240117_095215108.jpg,White prawns,Good,Manual_data
2024-01-17,IMG_20240117_095201852.jpg,White prawns,Good,Manual_data
2024-01-17,IMG_20240117_095218023.jpg,White prawns,Good,Manual_data
2024-01-17,IMG_20240117_095112478.jpg,White prawns,Good,Manual_data
2024-01-17,IMG_20240117_095048782.jpg,White prawns,Good,Manual_data
2024-01-17,IMG_20240117_095052216.jpg,White prawns,Good,Manual_data
2024-01-17,IMG_20240117_095116561.jpg,White prawns,Good,Manual_data
2024-01-17,IMG_20240117_094626213.jpg,White prawns,Good,Manual_data
2024-01-17,IMG_20240117_095026047.jpg,White prawns,Good,Manual_data
2024-01-17,IMG_20240117_095036424.jpg,White prawns,Good,Manual_data
2024-01-17,IMG_20240117_095130150.jpg,White prawns,Good,Manual_data
2024-01-17,IMG_20240117_095045415.jpg,White prawns,Good,Manual_data
2024-01-17,IMG_20240117_095042309.jpg,White prawns,Good,Manual_data
2024-01-17,IMG_20240117_094621445.jpg,White prawns,Good,Manual_data
2024-01-17,IMG_20240117_095033453.jpg,White prawns,Good,Manual_data
2024-01-17,IMG_20240117_094636870.jpg,White prawns,Good,Manual_data
2024-01-17,IMG_20240117_095056523.jpg,White prawns,Good,Manual_data
2024-01-17,IMG_20240117_094553755.jpg,White prawns,Good,Manual_data
2024-01-17,IMG_20240117_095100297.jpg,White prawns,Good,Manual_data
2024-01-17,IMG_20240117_095013481.jpg,White prawns,Good,Manual_data
2024-01-17,IMG_20240117_094557988.jpg,White prawns,Good,Manual_data
2024-01-17,IMG_20240117_094528891.jpg,White prawns,Good,Manual_data
2024-01-17,IMG_20240117_095029030.jpg,White prawns,Good,Manual_data
2024-01-17,IMG_20240117_094548322.jpg,White prawns,Good,Manual_data
2024-01-17,IMG_20240117_094631945.jpg,White prawns,Good,Manual_data
2024-01-17,IMG_20240117_095023131.jpg,White prawns,Good,Manual_data
2024-01-17,IMG_20240117_094544449.jpg,White prawns,Good,Manual_data
2024-01-17,IMG_20240117_094539634.jpg,White prawns,Good,Manual_data
2024-01-17,IMG_20240117_094411696.jpg,White prawns,Good,Manual_data
2024-01-17,IMG_20240117_094507770.jpg,White prawns,Good,Manual_data
2024-01-17,IMG_20240117_094450484.jpg,White prawns,Good,Manual_data
2024-01-17,IMG_20240117_094427367.jpg,White prawns,Good,Manual_data
2024-01-17,IMG_20240117_094604815.jpg,White prawns,Good,Manual_data
2024-01-17,IMG_20240117_094532793.jpg,White prawns,Good,Manual_data
2024-01-17,IMG_20240117_094529487.jpg,White prawns,Good,Manual_data
2024-01-17,IMG_20240117_094416363.jpg,White prawns,Good,Manual_data
2024-01-17,IMG_20240117_094455251.jpg,White prawns,Good,Manual_data
2024-01-17,IMG_20240117_095019436.jpg,White prawns,Good,Manual_data
2024-01-17,IMG_20240117_094356419.jpg,White prawns,Good,Manual_data
2024-01-17,IMG_20240117_094407129.jpg,White prawns,Good,Manual_data
2024-01-17,IMG_20240117_094432690.jpg,White prawns,Good,Manual_data
2024-01-17,IMG_20240117_094346036.jpg,White prawns,Good,Manual_data
2024-01-17,IMG_20240117_094346036 (2).jpg,White prawns,Good,Manual_data
2024-01-17,IMG_20240117_094421120.jpg,White prawns,Good,Manual_data
2024-01-17,IMG_20240117_094446315.jpg,White prawns,Good,Manual_data
2024-01-17,IMG_20240117_094351736.jpg,White prawns,Good,Manual_data
2024-01-17,IMG_20240117_094502509.jpg,White prawns,Good,Manual_data
2024-01-17,IMG_20240117_094324997.jpg,White prawns,Good,Manual_data
2024-01-17,IMG_20240117_094236996.jpg,White prawns,Good,Manual_data
2024-01-17,IMG_20240117_094206637.jpg,White prawns,Good,Manual_data
2024-01-17,IMG_20240117_094339403 (2).jpg,White prawns,Good,Manual_data
2024-01-17,IMG_20240117_094339403.jpg,White prawns,Good,Manual_data
2024-01-17,IMG_20240117_094401040.jpg,White prawns,Good,Manual_data
2024-01-17,IMG_20240117_094321072.jpg,White prawns,Good,Manual_data
2024-01-17,IMG_20240117_094608628.jpg,White prawns,Good,Manual_data
2024-01-17,IMG_20240117_094301933.jpg,White prawns,Good,Manual_data
2024-01-17,IMG_20240117_094143935.jpg,White prawns,Good,Manual_data
2024-01-17,IMG_20240117_094241526.jpg,White prawns,Good,Manual_data
2024-01-17,IMG_20240117_094136532.jpg,White prawns,Good,Manual_data
2024-01-17,IMG_20240117_094249435.jpg,White prawns,Good,Manual_data
2024-01-17,IMG_20240117_094307323.jpg,White prawns,Good,Manual_data
2024-01-17,IMG_20240117_094328844.jpg,White prawns,Good,Manual_data
2024-01-17,IMG_20240117_094333654.jpg,White prawns,Good,Manual_data
2024-01-17,IMG_20240117_094255924.jpg,White prawns,Good,Manual_data
2024-01-17,IMG_20240117_094218332.jpg,White prawns,Good,Manual_data
2024-01-17,IMG_20240117_094213124.jpg,White prawns,Good,Manual_data
2024-01-17,IMG_20240117_094201363.jpg,White prawns,Good,Manual_data
2024-01-17,IMG_20240117_094150197.jpg,White prawns,Good,Manual_data
2024-01-17,IMG_20240117_094232057.jpg,White prawns,Good,Manual_data
2024-01-17,IMG_20240117_094106842.jpg,White prawns,Good,Manual_data
2024-01-17,IMG_20240117_094228097.jpg,White prawns,Good,Manual_data
2024-01-17,IMG_20240117_094122200.jpg,White prawns,Good,Manual_data
2024-01-17,IMG_20240117_094040065.jpg,White prawns,Good,Manual_data
2024-01-17,IMG_20240117_094312839.jpg,White prawns,Good,Manual_data
2024-01-17,IMG_20240117_094155817.jpg,White prawns,Good,Manual_data
2024-01-17,IMG_20240117_094101867.jpg,White prawns,Good,Manual_data
2024-01-17,IMG_20240117_093947170.jpg,White prawns,Good,Manual_data
2024-01-17,IMG_20240117_094050974.jpg,White prawns,Good,Manual_data
2024-01-17,IMG_20240117_094019043.jpg,White prawns,Good,Manual_data
2024-01-17,IMG_20240117_094116470.jpg,White prawns,Good,Manual_data
2024-01-17,IMG_20240117_094028592.jpg,White prawns,Good,Manual_data
2024-01-17,IMG_20240117_093906383.jpg,White prawns,Good,Manual_data
2024-01-17,IMG_20240117_094014346.jpg,White prawns,Good,Manual_data
2024-01-17,IMG_20240117_094046251.jpg,White prawns,Good,Manual_data
2024-01-17,IMG_20240117_094111464.jpg,White prawns,Good,Manual_data
2024-01-17,IMG_20240117_093911934.jpg,White prawns,Good,Manual_data
2024-01-17,IMG_20240117_094000224.jpg,White prawns,Good,Manual_data
2024-01-17,IMG_20240117_093937128.jpg,White prawns,Good,Manual_data
2024-01-17,IMG_20240117_093941895.jpg,White prawns,Good,Manual_data
2024-01-17,IMG_20240117_093921744.jpg,White prawns,Good,Manual_data
2024-01-17,IMG_20240117_094010056.jpg,White prawns,Good,Manual_data
2024-01-17,IMG_20240117_094004613.jpg,White prawns,Good,Manual_data
2024-01-17,IMG_20240117_094056621.jpg,White prawns,Good,Manual_data
2024-01-17,IMG_20240117_093952819.jpg,White prawns,Good,Manual_data
2024-01-17,IMG_20240117_093728537.jpg,White prawns,Good,Manual_data
2024-01-17,IMG_20240117_093855988.jpg,White prawns,Good,Manual_data
2024-01-17,IMG_20240117_093902880.jpg,White prawns,Good,Manual_data
2024-01-17,IMG_20240117_093840509.jpg,White prawns,Good,Manual_data
2024-01-17,IMG_20240117_093916088.jpg,White prawns,Good,Manual_data
2024-01-17,IMG_20240117_094128953.jpg,White prawns,Good,Manual_data
2024-01-17,IMG_20240117_093924953.jpg,White prawns,Good,Manual_data
2024-01-17,IMG_20240117_093859278.jpg,White prawns,Good,Manual_data
2024-01-17,IMG_20240117_093816402.jpg,White prawns,Good,Manual_data
2024-01-17,IMG_20240117_093806455.jpg,White prawns,Good,Manual_data
2024-01-17,IMG_20240117_093836658.jpg,White prawns,Good,Manual_data
2024-01-17,IMG_20240117_093931156.jpg,White prawns,Good,Manual_data
2024-01-17,IMG_20240117_093639839.jpg,White prawns,Good,Manual_data
2024-01-17,IMG_20240117_093820277.jpg,White prawns,Good,Manual_data
2024-01-17,IMG_20240117_093734149.jpg,White prawns,Good,Manual_data
2024-01-17,IMG_20240117_093810682.jpg,White prawns,Good,Manual_data
2024-01-17,IMG_20240117_093647090.jpg,White prawns,Good,Manual_data
2024-01-17,IMG_20240117_093745150.jpg,White prawns,Good,Manual_data
2024-01-17,IMG_20240117_093737794.jpg,White prawns,Good,Manual_data
2024-01-17,IMG_20240117_093741252.jpg,White prawns,Good,Manual_data
2024-01-17,IMG_20240117_093725002.jpg,White prawns,Good,Manual_data
2024-01-17,IMG_20240117_093643373.jpg,White prawns,Good,Manual_data
2024-01-17,IMG_20240117_093659220.jpg,White prawns,Good,Manual_data
2024-01-17,IMG_20240117_093615336.jpg,White prawns,Good,Manual_data
2024-01-17,IMG_20240117_093702829.jpg,White prawns,Good,Manual_data
2024-01-17,IMG_20240117_093627447.jpg,White prawns,Good,Manual_data
2024-01-17,IMG_20240117_093636688.jpg,White prawns,Good,Manual_data
2024-01-17,IMG_20240117_093600413.jpg,White prawns,Good,Manual_data
2024-01-17,IMG_20240117_093631541.jpg,White prawns,Good,Manual_data
2024-01-17,IMG_20240117_093553707.jpg,White prawns,Good,Manual_data
2024-01-17,IMG_20240117_093606899.jpg,White prawns,Good,Manual_data
2024-01-17,IMG_20240117_093520244.jpg,White prawns,Good,Manual_data
2024-01-17,IMG_20240117_093538769.jpg,White prawns,Good,Manual_data
2024-01-17,IMG_20240117_093556848.jpg,White prawns,Good,Manual_data
2024-01-17,IMG_20240117_093450176.jpg,White prawns,Good,Manual_data
2024-01-17,IMG_20240117_093534836.jpg,White prawns,Good,Manual_data
2024-01-17,IMG_20240117_093525083.jpg,White prawns,Good,Manual_data
2024-01-17,IMG_20240117_093611020.jpg,White prawns,Good,Manual_data
2024-01-17,IMG_20240117_093404706.jpg,White prawns,Good,Manual_data
2024-01-17,IMG_20240117_093444310.jpg,White prawns,Good,Manual_data
2024-01-17,IMG_20240117_093502638.jpg,White prawns,Good,Manual_data
2024-01-17,IMG_20240117_093529688.jpg,White prawns,Good,Manual_data
2024-01-17,IMG_20240117_093514567.jpg,White prawns,Good,Manual_data
2024-01-17,IMG_20240117_093508482.jpg,White prawns,Good,Manual_data
2024-01-17,IMG_20240117_093415453.jpg,White prawns,Good,Manual_data
2024-01-17,IMG_20240117_093456988.jpg,White prawns,Good,Manual_data
2024-01-17,IMG_20240117_093346716.jpg,White prawns,Good,Manual_data
2024-01-17,IMG_20240117_093435399.jpg,White prawns,Good,Manual_data
2024-01-17,IMG_20240117_093305514.jpg,White prawns,Good,Manual_data
2024-01-17,IMG_20240117_093359813.jpg,White prawns,Good,Manual_data
2024-01-17,IMG_20240117_093409790.jpg,White prawns,Good,Manual_data
2024-01-17,IMG_20240117_093326829.jpg,White prawns,Good,Manual_data
2024-01-17,IMG_20240117_093352472.jpg,White prawns,Good,Manual_data
2024-01-17,IMG_20240117_093425226.jpg,White prawns,Good,Manual_data
2024-01-17,IMG_20240117_093308536.jpg,White prawns,Good,Manual_data
2024-01-17,IMG_20240117_093314326.jpg,White prawns,Good,Manual_data
2024-01-17,IMG_20240117_093439877.jpg,White prawns,Good,Manual_data
2024-01-17,IMG_20240117_093228010.jpg,White prawns,Good,Manual_data
2024-01-17,IMG_20240117_093251513.jpg,White prawns,Good,Manual_data
2024-01-17,IMG_20240117_093342435.jpg,White prawns,Good,Manual_data
2024-01-17,IMG_20240117_093334309.jpg,White prawns,Good,Manual_data
2024-01-17,IMG_20240117_093234879.jpg,White prawns,Good,Manual_data
2024-01-17,IMG_20240117_093248654.jpg,White prawns,Good,Manual_data
2024-01-17,IMG_20240117_093213884.jpg,White prawns,Good,Manual_data
2024-01-17,IMG_20240117_093201069.jpg,White prawns,Good,Manual_data
2024-01-17,IMG_20240117_093300314.jpg,White prawns,Good,Manual_data
2024-01-17,IMG_20240117_093209390.jpg,White prawns,Good,Manual_data
2024-01-17,IMG_20240117_093205913.jpg,White prawns,Good,Manual_data
2024-01-17,IMG_20240117_093220936.jpg,White prawns,Good,Manual_data
2024-01-17,IMG_20240117_093255296.jpg,White prawns,Good,Manual_data
2024-01-17,IMG_20240117_093224567.jpg,White prawns,Good,Manual_data
2024-01-17,IMG_20240117_093158017.jpg,White prawns,Good,Manual_data
2024-01-17,IMG_20240117_093141468.jpg,White prawns,Good,Manual_data
2024-01-17,IMG_20240117_093619178.jpg,White prawns,Good,Manual_data
2024-01-17,IMG_20240117_093146240.jpg,White prawns,Good,Manual_data
2024-01-17,IMG_20240117_093123749.jpg,White prawns,Good,Manual_data
2024-01-17,IMG_20240117_093150111.jpg,White prawns,Good,Manual_data
2024-01-17,IMG_20240117_093133292.jpg,White prawns,Good,Manual_data
2024-01-17,IMG_20240117_093137483.jpg,White prawns,Good,Manual_data
2024-01-17,IMG_20240117_093154169.jpg,White prawns,Good,Manual_data
2024-01-17,IMG_20240117_101822347.jpg,White prawns,Bad,Manual_data
2024-01-17,IMG_20240117_101827338.jpg,White prawns,Bad,Manual_data
2024-01-17,IMG_20240117_101824564.jpg,White prawns,Bad,Manual_data
2024-01-17,IMG_20240117_101807685.jpg,White prawns,Bad,Manual_data
2024-01-17,IMG_20240117_101804972.jpg,White prawns,Bad,Manual_data
2024-01-17,IMG_20240117_101802444.jpg,White prawns,Bad,Manual_data
2024-01-17,IMG_20240117_101810431.jpg,White prawns,Bad,Manual_data
2024-01-17,IMG_20240117_101813423.jpg,White prawns,Bad,Manual_data
2024-01-17,IMG_20240117_101816570.jpg,White prawns,Bad,Manual_data
2024-01-17,IMG_20240117_101729386.jpg,White prawns,Bad,Manual_data
2024-01-17,IMG_20240117_101751655.jpg,White prawns,Bad,Manual_data
2024-01-17,IMG_20240117_101800023.jpg,White prawns,Bad,Manual_data
2024-01-17,IMG_20240117_101819259.jpg,White prawns,Bad,Manual_data
2024-01-17,IMG_20240117_101741631.jpg,White prawns,Bad,Manual_data
2024-01-17,IMG_20240117_101705760.jpg,White prawns,Bad,Manual_data
2024-01-17,IMG_20240117_101657844.jpg,White prawns,Bad,Manual_data
2024-01-17,IMG_20240117_101654021.jpg,White prawns,Bad,Manual_data
2024-01-17,IMG_20240117_101757243.jpg,White prawns,Bad,Manual_data
2024-01-17,IMG_20240117_101754442.jpg,White prawns,Bad,Manual_data
2024-01-17,IMG_20240117_101738591.jpg,White prawns,Bad,Manual_data
2024-01-17,IMG_20240117_101709165.jpg,White prawns,Bad,Manual_data
2024-01-17,IMG_20240117_101719087.jpg,White prawns,Bad,Manual_data
2024-01-17,IMG_20240117_101647154.jpg,White prawns,Bad,Manual_data
2024-01-17,IMG_20240117_101722252.jpg,White prawns,Bad,Manual_data
2024-01-17,IMG_20240117_101725578.jpg,White prawns,Bad,Manual_data
2024-01-17,IMG_20240117_101638317.jpg,White prawns,Bad,Manual_data
2024-01-17,IMG_20240117_101643384.jpg,White prawns,Bad,Manual_data
2024-01-17,IMG_20240117_101641046.jpg,White prawns,Bad,Manual_data
2024-01-17,IMG_20240117_101716251.jpg,White prawns,Bad,Manual_data
2024-01-17,IMG_20240117_101627630.jpg,White prawns,Bad,Manual_data
2024-01-17,IMG_20240117_101623979.jpg,White prawns,Bad,Manual_data
2024-01-17,IMG_20240117_101615245.jpg,White prawns,Bad,Manual_data
2024-01-17,IMG_20240117_101635683.jpg,White prawns,Bad,Manual_data
2024-01-17,IMG_20240117_101631757.jpg,White prawns,Bad,Manual_data
2024-01-17,IMG_20240117_101552938.jpg,White prawns,Bad,Manual_data
2024-01-17,IMG_20240117_101650403.jpg,White prawns,Bad,Manual_data
2024-01-17,IMG_20240117_101556128.jpg,White prawns,Bad,Manual_data
2024-01-17,IMG_20240117_101559714.jpg,White prawns,Bad,Manual_data
2024-01-17,IMG_20240117_101546087.jpg,White prawns,Bad,Manual_data
2024-01-17,IMG_20240117_101602363.jpg,White prawns,Bad,Manual_data
2024-01-17,IMG_20240117_101608530.jpg,White prawns,Bad,Manual_data
2024-01-17,IMG_20240117_101611307.jpg,White prawns,Bad,Manual_data
2024-01-17,IMG_20240117_101553264.jpg,White prawns,Bad,Manual_data
2024-01-17,IMG_20240117_101532420.jpg,White prawns,Bad,Manual_data
2024-01-17,IMG_20240117_101529745.jpg,White prawns,Bad,Manual_data
2024-01-17,IMG_20240117_101536116.jpg,White prawns,Bad,Manual_data
2024-01-17,IMG_20240117_101549279.jpg,White prawns,Bad,Manual_data
2024-01-17,IMG_20240117_101517584.jpg,White prawns,Bad,Manual_data
2024-01-17,IMG_20240117_101540038.jpg,White prawns,Bad,Manual_data
2024-01-17,IMG_20240117_101514497.jpg,White prawns,Bad,Manual_data
2024-01-17,IMG_20240117_101520441.jpg,White prawns,Bad,Manual_data
2024-01-17,IMG_20240117_101523282.jpg,White prawns,Bad,Manual_data
2024-01-17,IMG_20240117_101452347.jpg,White prawns,Bad,Manual_data
2024-01-17,IMG_20240117_101505961.jpg,White prawns,Bad,Manual_data
2024-01-17,IMG_20240117_101455007.jpg,White prawns,Bad,Manual_data
2024-01-17,IMG_20240117_101504001.jpg,White prawns,Bad,Manual_data
2024-01-17,IMG_20240117_101526155.jpg,White prawns,Bad,Manual_data
2024-01-17,IMG_20240117_101437433.jpg,White prawns,Bad,Manual_data
2024-01-17,IMG_20240117_101511186.jpg,White prawns,Bad,Manual_data
2024-01-17,IMG_20240117_101457026.jpg,White prawns,Bad,Manual_data
2024-01-17,IMG_20240117_101439849.jpg,White prawns,Bad,Manual_data
2024-01-17,IMG_20240117_101425962.jpg,White prawns,Bad,Manual_data
2024-01-17,IMG_20240117_101442340.jpg,White prawns,Bad,Manual_data
2024-01-17,IMG_20240117_101448915.jpg,White prawns,Bad,Manual_data
2024-01-17,IMG_20240117_101444318.jpg,White prawns,Bad,Manual_data
2024-01-17,IMG_20240117_101500546.jpg,White prawns,Bad,Manual_data
2024-01-17,IMG_20240117_101432756.jpg,White prawns,Bad,Manual_data
2024-01-17,IMG_20240117_101414504.jpg,White prawns,Bad,Manual_data
2024-01-17,IMG_20240117_101421740.jpg,White prawns,Bad,Manual_data
2024-01-17,IMG_20240117_101428432.jpg,White prawns,Bad,Manual_data
2024-01-17,IMG_20240117_101359424.jpg,White prawns,Bad,Manual_data
2024-01-17,IMG_20240117_101430245.jpg,White prawns,Bad,Manual_data
2024-01-17,IMG_20240117_101426636.jpg,White prawns,Bad,Manual_data
2024-01-17,IMG_20240117_101434867.jpg,White prawns,Bad,Manual_data
2024-01-17,IMG_20240117_101411847.jpg,White prawns,Bad,Manual_data
2024-01-17,IMG_20240117_101406738.jpg,White prawns,Bad,Manual_data
2024-01-17,IMG_20240117_101344313.jpg,White prawns,Bad,Manual_data
2024-01-17,IMG_20240117_101404584.jpg,White prawns,Bad,Manual_data
2024-01-17,IMG_20240117_101419315.jpg,White prawns,Bad,Manual_data
2024-01-17,IMG_20240117_101346528.jpg,White prawns,Bad,Manual_data
2024-01-17,IMG_20240117_101332694.jpg,White prawns,Bad,Manual_data
2024-01-17,IMG_20240117_101309280.jpg,White prawns,Bad,Manual_data
2024-01-17,IMG_20240117_101342157.jpg,White prawns,Bad,Manual_data
2024-01-17,IMG_20240117_101339905.jpg,White prawns,Bad,Manual_data
2024-01-17,IMG_20240117_101401726.jpg,White prawns,Bad,Manual_data
2024-01-17,IMG_20240117_101417049.jpg,White prawns,Bad,Manual_data
2024-01-17,IMG_20240117_101254799.jpg,White prawns,Bad,Manual_data
2024-01-17,IMG_20240117_101305726.jpg,White prawns,Bad,Manual_data
2024-01-17,IMG_20240117_101335686.jpg,White prawns,Bad,Manual_data
2024-01-17,IMG_20240117_101254799 (2).jpg,White prawns,Bad,Manual_data
2024-01-17,IMG_20240117_101312112.jpg,White prawns,Bad,Manual_data
2024-01-17,IMG_20240117_101251754.jpg,White prawns,Bad,Manual_data
2024-01-17,IMG_20240117_101328230.jpg,White prawns,Bad,Manual_data
2024-01-17,IMG_20240117_101324776.jpg,White prawns,Bad,Manual_data
2024-01-17,IMG_20240117_101214531.jpg,White prawns,Bad,Manual_data
2024-01-17,IMG_20240117_101150218.jpg,White prawns,Bad,Manual_data
2024-01-17,IMG_20240117_101220751.jpg,White prawns,Bad,Manual_data
2024-01-17,IMG_20240117_101159663.jpg,White prawns,Bad,Manual_data
2024-01-17,IMG_20240117_101321278.jpg,White prawns,Bad,Manual_data
2024-01-17,IMG_20240117_101318143.jpg,White prawns,Bad,Manual_data
2024-01-17,IMG_20240117_101302759.jpg,White prawns,Bad,Manual_data
2024-01-17,IMG_20240117_101217146.jpg,White prawns,Bad,Manual_data
2024-01-17,IMG_20240117_101110624.jpg,White prawns,Bad,Manual_data
2024-01-17,IMG_20240117_101238435.jpg,White prawns,Bad,Manual_data
2024-01-17,IMG_20240117_101146490.jpg,White prawns,Bad,Manual_data
2024-01-17,IMG_20240117_101139962.jpg,White prawns,Bad,Manual_data
2024-01-17,IMG_20240117_101131152.jpg,White prawns,Bad,Manual_data
2024-01-17,IMG_20240117_101153564.jpg,White prawns,Bad,Manual_data
2024-01-17,IMG_20240117_101156611.jpg,White prawns,Bad,Manual_data
2024-01-17,IMG_20240117_101240963.jpg,White prawns,Bad,Manual_data
2024-01-17,IMG_20240117_101315332.jpg,White prawns,Bad,Manual_data
2024-01-17,IMG_20240117_101142617.jpg,White prawns,Bad,Manual_data
2024-01-17,IMG_20240117_101103524.jpg,White prawns,Bad,Manual_data
2024-01-17,IMG_20240117_101134291.jpg,White prawns,Bad,Manual_data
2024-01-17,IMG_20240117_101137167.jpg,White prawns,Bad,Manual_data
2024-01-17,IMG_20240117_101126631.jpg,White prawns,Bad,Manual_data
2024-01-17,IMG_20240117_101055246.jpg,White prawns,Bad,Manual_data
2024-01-17,IMG_20240117_101052432.jpg,White prawns,Bad,Manual_data
2024-01-17,IMG_20240117_101040900.jpg,White prawns,Bad,Manual_data
2024-01-17,IMG_20240117_101031431.jpg,White prawns,Bad,Manual_data
2024-01-17,IMG_20240117_101014230.jpg,White prawns,Bad,Manual_data
2024-01-17,IMG_20240117_101046234.jpg,White prawns,Bad,Manual_data
2024-01-17,IMG_20240117_101025378.jpg,White prawns,Bad,Manual_data
2024-01-17,IMG_20240117_101043152.jpg,White prawns,Bad,Manual_data
2024-01-17,IMG_20240117_101035633.jpg,White prawns,Bad,Manual_data
2024-01-17,IMG_20240117_101049655.jpg,White prawns,Bad,Manual_data
2024-01-17,IMG_20240117_101028736.jpg,White prawns,Bad,Manual_data
2024-01-17,IMG_20240117_101016933.jpg,White prawns,Bad,Manual_data
2024-01-17,IMG_20240117_100954335.jpg,White prawns,Bad,Manual_data
2024-01-17,IMG_20240117_101038476.jpg,White prawns,Bad,Manual_data
2024-01-17,IMG_20240117_101020012.jpg,White prawns,Bad,Manual_data
2024-01-17,IMG_20240117_101022870.jpg,White prawns,Bad,Manual_data
2024-01-17,IMG_20240117_101100864.jpg,White prawns,Bad,Manual_data
2024-01-17,IMG_20240117_100957573.jpg,White prawns,Bad,Manual_data
2024-01-17,IMG_20240117_100949712.jpg,White prawns,Bad,Manual_data
2024-01-17,IMG_20240117_100945843.jpg,White prawns,Bad,Manual_data
2024-01-17,IMG_20240117_100929606.jpg,White prawns,Bad,Manual_data
2024-01-17,IMG_20240117_100926469.jpg,White prawns,Bad,Manual_data
2024-01-17,IMG_20240117_100933431.jpg,White prawns,Bad,Manual_data
2024-01-17,IMG_20240117_101000765.jpg,White prawns,Bad,Manual_data
2024-01-17,IMG_20240117_100942728.jpg,White prawns,Bad,Manual_data
2024-01-17,IMG_20240117_100855871.jpg,White prawns,Bad,Manual_data
2024-01-17,IMG_20240117_100859565.jpg,White prawns,Bad,Manual_data
2024-01-17,IMG_20240117_100903783.jpg,White prawns,Bad,Manual_data
2024-01-17,IMG_20240117_100923011.jpg,White prawns,Bad,Manual_data
2024-01-17,IMG_20240117_100909579.jpg,White prawns,Bad,Manual_data
2024-01-17,IMG_20240117_100914756.jpg,White prawns,Bad,Manual_data
2024-01-17,IMG_20240117_100920165.jpg,White prawns,Bad,Manual_data
2024-01-17,IMG_20240117_100847666.jpg,White prawns,Bad,Manual_data
2024-01-17,IMG_20240117_100836728.jpg,White prawns,Bad,Manual_data
2024-01-17,IMG_20240117_100844345.jpg,White prawns,Bad,Manual_data
2024-01-17,IMG_20240117_100803491.jpg,White prawns,Bad,Manual_data
2024-01-17,IMG_20240117_100800122.jpg,White prawns,Bad,Manual_data
2024-01-17,IMG_20240117_100852974.jpg,White prawns,Bad,Manual_data
2024-01-17,IMG_20240117_100850246.jpg,White prawns,Bad,Manual_data
2024-01-17,IMG_20240117_100833432.jpg,White prawns,Bad,Manual_data
2024-01-17,IMG_20240117_100807406.jpg,White prawns,Bad,Manual_data
2024-01-17,IMG_20240117_100817787.jpg,White prawns,Bad,Manual_data
2024-01-17,IMG_20240117_100840163.jpg,White prawns,Bad,Manual_data
2024-01-17,IMG_20240117_100747031.jpg,White prawns,Bad,Manual_data
2024-01-17,IMG_20240117_100826356.jpg,White prawns,Bad,Manual_data
2024-01-17,IMG_20240117_100821835.jpg,White prawns,Bad,Manual_data
2024-01-17,IMG_20240117_100829980.jpg,White prawns,Bad,Manual_data
2024-01-17,IMG_20240117_100753123.jpg,White prawns,Bad,Manual_data
2024-01-17,IMG_20240117_100715492.jpg,White prawns,Bad,Manual_data
2024-01-17,IMG_20240117_101058056.jpg,White prawns,Bad,Manual_data
2024-01-17,IMG_20240117_100744356.jpg,White prawns,Bad,Manual_data
2024-01-17,IMG_20240117_100756619.jpg,White prawns,Bad,Manual_data
2024-01-17,IMG_20240117_100718071.jpg,White prawns,Bad,Manual_data
2024-01-17,IMG_20240117_100749967.jpg,White prawns,Bad,Manual_data
2024-01-17,IMG_20240117_100735035.jpg,White prawns,Bad,Manual_data
2024-01-17,IMG_20240117_100657760.jpg,White prawns,Bad,Manual_data
2024-01-17,IMG_20240117_100721931.jpg,White prawns,Bad,Manual_data
2024-01-17,IMG_20240117_100731877.jpg,White prawns,Bad,Manual_data
2024-01-17,IMG_20240117_100702881.jpg,White prawns,Bad,Manual_data
2024-01-17,IMG_20240117_100650338.jpg,White prawns,Bad,Manual_data
2024-01-17,IMG_20240117_100638538.jpg,White prawns,Bad,Manual_data
2024-01-17,IMG_20240117_100707961.jpg,White prawns,Bad,Manual_data
2024-01-17,IMG_20240117_100636122.jpg,White prawns,Bad,Manual_data
2024-01-17,IMG_20240117_100641101.jpg,White prawns,Bad,Manual_data
2024-01-17,IMG_20240117_100647919.jpg,White prawns,Bad,Manual_data
2024-01-17,IMG_20240117_100644478.jpg,White prawns,Bad,Manual_data
2024-01-17,IMG_20240117_100712359.jpg,White prawns,Bad,Manual_data
2024-01-17,IMG_20240117_100726302.jpg,White prawns,Bad,Manual_data
2024-01-17,IMG_20240117_100631374.jpg,White prawns,Bad,Manual_data
2024-01-17,IMG_20240117_100621469.jpg,White prawns,Bad,Manual_data
2024-01-17,IMG_20240117_100617190.jpg,White prawns,Bad,Manual_data
2024-01-17,IMG_20240117_100633724.jpg,White prawns,Bad,Manual_data
2024-01-17,IMG_20240117_100705915.jpg,White prawns,Bad,Manual_data
2024-01-17,IMG_20240117_100741722.jpg,White prawns,Bad,Manual_data
2024-01-17,IMG_20240117_100625348.jpg,White prawns,Bad,Manual_data
2024-01-17,IMG_20240117_094206637 (2).jpg,White prawns,Bad,Manual_data
2024-01-17,IMG_20240117_101617566.jpg,White prawns,Bad,Manual_data
2024-01-17,IMG_20240117_100937906.jpg,White prawns,Bad,Manual_data
2024-06-13,IMG_20240613_103839850.jpg,White prawns,Bad,Manual_data
2024-06-13,IMG_20240613_103813918.jpg,White prawns,Bad,Manual_data
2024-06-13,IMG_20240613_104004960.jpg,White prawns,Bad,Manual_data
2024-06-13,IMG_20240613_103730247.jpg,White prawns,Bad,Manual_data
2024-06-13,IMG_20240613_103705869.jpg,White prawns,Bad,Manual_data
2024-06-13,IMG_20240613_103938938.jpg,White prawns,Bad,Manual_data
2024-06-13,IMG_20240613_104009201.jpg,White prawns,Bad,Manual_data
2024-06-13,IMG_20240613_103924476.jpg,White prawns,Bad,Manual_data
2024-06-13,IMG_20240613_103928648.jpg,White prawns,Bad,Manual_data
2024-06-13,IMG_20240613_103730533.jpg,White prawns,Bad,Manual_data
2024-06-13,IMG_20240613_103655120.jpg,White prawns,Bad,Manual_data
2024-06-13,IMG_20240613_103802038.jpg,White prawns,Bad,Manual_data
2024-06-13,IMG_20240613_103933333.jpg,White prawns,Bad,Manual_data
2024-06-13,IMG_20240613_103631836.jpg,White prawns,Bad,Manual_data
2024-06-13,IMG_20240613_103516268.jpg,White prawns,Bad,Manual_data
2024-06-13,IMG_20240613_103806593.jpg,White prawns,Bad,Manual_data
2024-06-13,IMG_20240613_103751909.jpg,White prawns,Bad,Manual_data
2024-06-13,IMG_20240613_103635869.jpg,White prawns,Bad,Manual_data
2024-06-13,IMG_20240613_103522731.jpg,White prawns,Bad,Manual_data
2024-06-13,IMG_20240613_103700671.jpg,White prawns,Bad,Manual_data
2024-06-13,IMG_20240613_103542043.jpg,White prawns,Bad,Manual_data
2024-06-13,IMG_20240613_103548250.jpg,White prawns,Bad,Manual_data
2024-06-13,IMG_20240613_103254620.jpg,White prawns,Bad,Manual_data
2024-06-13,IMG_20240613_103640703.jpg,White prawns,Bad,Manual_data
2024-06-13,IMG_20240613_103453018.jpg,White prawns,Bad,Manual_data
2024-06-13,IMG_20240613_103716717.jpg,White prawns,Bad,Manual_data
2024-06-13,IMG_20240613_103628591.jpg,White prawns,Bad,Manual_data
2024-06-13,IMG_20240613_103536326.jpg,White prawns,Bad,Manual_data
2024-06-13,IMG_20240613_103526935.jpg,White prawns,Bad,Manual_data
2024-06-13,IMG_20240613_103552502.jpg,White prawns,Bad,Manual_data
2024-06-13,IMG_20240613_103419321.jpg,White prawns,Bad,Manual_data
2024-06-13,IMG_20240613_103651132.jpg,White prawns,Bad,Manual_data
2024-06-13,IMG_20240613_103436418.jpg,White prawns,Bad,Manual_data
2024-06-13,IMG_20240613_103501033.jpg,White prawns,Bad,Manual_data
2024-06-13,IMG_20240613_102906303.jpg,White prawns,Bad,Manual_data
2024-06-13,IMG_20240613_103304747.jpg,White prawns,Bad,Manual_data
2024-06-13,IMG_20240613_103308567.jpg,White prawns,Bad,Manual_data
2024-06-13,IMG_20240613_103448799.jpg,White prawns,Bad,Manual_data
2024-06-13,IMG_20240613_103646263.jpg,White prawns,Bad,Manual_data
2024-06-13,IMG_20240613_103412880.jpg,White prawns,Bad,Manual_data
2024-06-13,IMG_20240613_102827274.jpg,White prawns,Bad,Manual_data
2024-06-13,IMG_20240613_102835816.jpg,White prawns,Bad,Manual_data
2024-06-13,IMG_20240613_102901059.jpg,White prawns,Bad,Manual_data
2024-06-13,IMG_20240613_103300032.jpg,White prawns,Bad,Manual_data
2024-06-13,IMG_20240613_102913711.jpg,White prawns,Bad,Manual_data
2024-06-13,IMG_20240613_102844532.jpg,White prawns,Bad,Manual_data
2024-06-13,IMG_20240613_102852889.jpg,White prawns,Bad,Manual_data
2024-06-13,IMG_20240613_102817828.jpg,White prawns,Bad,Manual_data
2024-06-13,IMG_20240613_103505116.jpg,White prawns,Bad,Manual_data
2024-06-13,IMG_20240613_102856887.jpg,White prawns,Bad,Manual_data
2024-06-13,IMG_20240613_102639388.jpg,White prawns,Bad,Manual_data
2024-06-13,IMG_20240613_103250692.jpg,White prawns,Bad,Manual_data
2024-06-13,IMG_20240613_102706257.jpg,White prawns,Bad,Manual_data
2024-06-13,IMG_20240613_102840296.jpg,White prawns,Bad,Manual_data
2024-06-13,IMG_20240613_102700435.jpg,White prawns,Bad,Manual_data
2024-06-13,IMG_20240613_103358647.jpg,White prawns,Bad,Manual_data
2024-06-13,IMG_20240613_102649240.jpg,White prawns,Bad,Manual_data
2024-06-13,IMG_20240613_103426153.jpg,White prawns,Bad,Manual_data
2024-06-13,IMG_20240613_102823321.jpg,White prawns,Bad,Manual_data
2024-06-13,IMG_20240613_102713740.jpg,White prawns,Bad,Manual_data
2024-06-13,IMG_20240613_102831020.jpg,White prawns,Bad,Manual_data
2024-06-13,IMG_20240613_103444500.jpg,White prawns,Bad,Manual_data
2024-06-13,IMG_20240613_102742516.jpg,White prawns,Bad,Manual_data
2024-06-13,IMG_20240613_102848824.jpg,White prawns,Bad,Manual_data
2024-06-13,IMG_20240613_103353793.jpg,White prawns,Bad,Manual_data
2024-06-13,IMG_20240613_102450420.jpg,White prawns,Bad,Manual_data
2024-06-13,IMG_20240613_102426859.jpg,White prawns,Bad,Manual_data
2024-06-13,IMG_20240613_102346923.jpg,White prawns,Bad,Manual_data
2024-06-13,IMG_20240613_102444812.jpg,White prawns,Bad,Manual_data
2024-06-13,IMG_20240613_102723713.jpg,White prawns,Bad,Manual_data
2024-06-13,IMG_20240613_102655858.jpg,White prawns,Bad,Manual_data
2024-06-13,IMG_20240613_102644368.jpg,White prawns,Bad,Manual_data
2024-06-13,IMG_20240613_102512808.jpg,White prawns,Bad,Manual_data
2024-06-13,IMG_20240613_102411741.jpg,White prawns,Bad,Manual_data
2024-06-13,IMG_20240613_102506878.jpg,White prawns,Bad,Manual_data
2024-06-13,IMG_20240613_102435630.jpg,White prawns,Bad,Manual_data
2024-06-13,IMG_20240613_102719270.jpg,White prawns,Bad,Manual_data
2024-06-13,IMG_20240613_102406642.jpg,White prawns,Bad,Manual_data
2024-06-13,IMG_20240613_102430864.jpg,White prawns,Bad,Manual_data
2024-06-13,IMG_20240613_102737537.jpg,White prawns,Bad,Manual_data
2024-06-13,IMG_20240613_102730768.jpg,White prawns,Bad,Manual_data
2024-06-13,IMG_20240613_102419997.jpg,White prawns,Bad,Manual_data
2024-06-13,IMG_20240613_102247795.jpg,White prawns,Bad,Manual_data
2024-06-13,IMG_20240613_102501708.jpg,White prawns,Bad,Manual_data
2024-06-13,IMG_20240613_102351335.jpg,White prawns,Bad,Manual_data
2024-06-13,IMG_20240613_102336995.jpg,White prawns,Bad,Manual_data
2024-06-13,IMG_20240613_102440115.jpg,White prawns,Bad,Manual_data
2024-06-13,IMG_20240613_102230768.jpg,White prawns,Bad,Manual_data
2024-06-13,IMG_20240613_102033977.jpg,White prawns,Bad,Manual_data
2024-06-13,IMG_20240613_102455381.jpg,White prawns,Bad,Manual_data
2024-06-13,IMG_20240613_102341350.jpg,White prawns,Bad,Manual_data
2024-06-13,IMG_20240613_102207746.jpg,White prawns,Bad,Manual_data
2024-06-13,IMG_20240613_102355538.jpg,White prawns,Bad,Manual_data
2024-06-13,IMG_20240613_102154031.jpg,White prawns,Bad,Manual_data
2024-06-13,IMG_20240613_102158357.jpg,White prawns,Bad,Manual_data
2024-06-13,IMG_20240613_102010309.jpg,White prawns,Bad,Manual_data
2024-06-13,IMG_20240613_102047768.jpg,White prawns,Bad,Manual_data
2024-06-13,IMG_20240613_102216072.jpg,White prawns,Bad,Manual_data
2024-06-13,IMG_20240613_102226208.jpg,White prawns,Bad,Manual_data
2024-06-13,IMG_20240613_102038473.jpg,White prawns,Bad,Manual_data
2024-06-13,IMG_20240613_102203570.jpg,White prawns,Bad,Manual_data
2024-06-13,IMG_20240613_102100410.jpg,White prawns,Bad,Manual_data
2024-06-13,IMG_20240613_102401777.jpg,White prawns,Bad,Manual_data
2024-06-13,IMG_20240613_102029087.jpg,White prawns,Bad,Manual_data
2024-06-13,IMG_20240613_102000558.jpg,White prawns,Bad,Manual_data
2024-06-13,IMG_20240613_102243354.jpg,White prawns,Bad,Manual_data
2024-06-13,IMG_20240613_102150352.jpg,White prawns,Bad,Manual_data
2024-06-13,IMG_20240613_101906728.jpg,White prawns,Bad,Manual_data
2024-06-13,IMG_20240613_102239209.jpg,White prawns,Bad,Manual_data
2024-06-13,IMG_20240613_101949240.jpg,White prawns,Bad,Manual_data
2024-06-13,IMG_20240613_102023572.jpg,White prawns,Bad,Manual_data
2024-06-13,IMG_20240613_102042980.jpg,White prawns,Bad,Manual_data
2024-06-13,IMG_20240613_102105916.jpg,White prawns,Bad,Manual_data
2024-06-13,IMG_20240613_101747157.jpg,White prawns,Bad,Manual_data
2024-06-13,IMG_20240613_101915055.jpg,White prawns,Bad,Manual_data
2024-06-13,IMG_20240613_101821614.jpg,White prawns,Bad,Manual_data
2024-06-13,IMG_20240613_101851986.jpg,White prawns,Bad,Manual_data
2024-06-13,IMG_20240613_101945198.jpg,White prawns,Bad,Manual_data
2024-06-13,IMG_20240613_102221118.jpg,White prawns,Bad,Manual_data
2024-06-13,IMG_20240613_102008409.jpg,White prawns,Bad,Manual_data
2024-06-13,IMG_20240613_101638446.jpg,White prawns,Bad,Manual_data
2024-06-13,IMG_20240613_102054860.jpg,White prawns,Bad,Manual_data
2024-06-13,IMG_20240613_101817085.jpg,White prawns,Bad,Manual_data
2024-06-13,IMG_20240613_101841549.jpg,White prawns,Bad,Manual_data
2024-06-13,IMG_20240613_102004668.jpg,White prawns,Bad,Manual_data
2024-06-13,IMG_20240613_102016169.jpg,White prawns,Bad,Manual_data
2024-06-13,IMG_20240613_101920617.jpg,White prawns,Bad,Manual_data
2024-06-13,IMG_20240613_101755667.jpg,White prawns,Bad,Manual_data
2024-06-13,IMG_20240613_101956206.jpg,White prawns,Bad,Manual_data
2024-06-13,IMG_20240613_101847282.jpg,White prawns,Bad,Manual_data
2024-06-13,IMG_20240613_101856384.jpg,White prawns,Bad,Manual_data
2024-06-13,IMG_20240613_101806878.jpg,White prawns,Bad,Manual_data
2024-06-13,IMG_20240613_101836555.jpg,White prawns,Bad,Manual_data
2024-06-13,IMG_20240613_101832006.jpg,White prawns,Bad,Manual_data
2024-06-13,IMG_20240613_101902520.jpg,White prawns,Bad,Manual_data
2024-06-13,IMG_20240613_101401346.jpg,White prawns,Bad,Manual_data
2024-06-13,IMG_20240613_101426889.jpg,White prawns,Bad,Manual_data
2024-06-13,IMG_20240613_101411722.jpg,White prawns,Bad,Manual_data
2024-06-13,IMG_20240613_101649438.jpg,White prawns,Bad,Manual_data
2024-06-13,IMG_20240613_101642981.jpg,White prawns,Bad,Manual_data
2024-06-13,IMG_20240613_101626289.jpg,White prawns,Bad,Manual_data
2024-06-13,IMG_20240613_101430792.jpg,White prawns,Bad,Manual_data
2024-06-13,IMG_20240613_101453738.jpg,White prawns,Bad,Manual_data
2024-06-13,IMG_20240613_101826994.jpg,White prawns,Bad,Manual_data
2024-06-13,IMG_20240613_101654742.jpg,White prawns,Bad,Manual_data
2024-06-13,IMG_20240613_101619512.jpg,White prawns,Bad,Manual_data
2024-06-13,IMG_20240613_095501261.jpg,White prawns,Bad,Manual_data
2024-06-13,IMG_20240613_101543974.jpg,White prawns,Bad,Manual_data
2024-06-13,IMG_20240613_101547785.jpg,White prawns,Bad,Manual_data
2024-06-13,IMG_20240613_101408080.jpg,White prawns,Bad,Manual_data
2024-06-13,IMG_20240613_101633860.jpg,White prawns,Bad,Manual_data
2024-06-13,IMG_20240613_101446349.jpg,White prawns,Bad,Manual_data
2024-06-13,IMG_20240613_101350753.jpg,White prawns,Bad,Manual_data
2024-06-13,IMG_20240613_101740495.jpg,White prawns,Bad,Manual_data
2024-06-13,IMG_20240613_101356259.jpg,White prawns,Bad,Manual_data
2024-06-13,IMG_20240613_101439511.jpg,White prawns,Bad,Manual_data
2024-06-13,IMG_20240613_101318816.jpg,White prawns,Bad,Manual_data
2024-06-13,IMG_20240613_101435961.jpg,White prawns,Bad,Manual_data
2024-06-13,IMG_20240613_101345295.jpg,White prawns,Bad,Manual_data
2024-06-13,IMG_20240613_101322933.jpg,White prawns,Bad,Manual_data
2024-06-13,IMG_20240613_101415319.jpg,White prawns,Bad,Manual_data
2024-06-13,IMG_20240613_101227419.jpg,White prawns,Bad,Manual_data
2024-06-13,IMG_20240613_101311418.jpg,White prawns,Bad,Manual_data
2024-06-13,IMG_20240613_101249928.jpg,White prawns,Bad,Manual_data
2024-06-13,IMG_20240613_101258226.jpg,White prawns,Bad,Manual_data
2024-06-13,IMG_20240613_095723002.jpg,White prawns,Bad,Manual_data
2024-06-13,IMG_20240613_101253342.jpg,White prawns,Bad,Manual_data
2024-06-13,IMG_20240613_101339535.jpg,White prawns,Bad,Manual_data
2024-06-13,IMG_20240613_095907557.jpg,White prawns,Bad,Manual_data
2024-06-13,IMG_20240613_101302436.jpg,White prawns,Bad,Manual_data
2024-06-13,IMG_20240613_095727110.jpg,White prawns,Bad,Manual_data
2024-06-13,IMG_20240613_095718285.jpg,White prawns,Bad,Manual_data
2024-06-13,IMG_20240613_101212514.jpg,White prawns,Bad,Manual_data
2024-06-13,IMG_20240613_095745844.jpg,White prawns,Bad,Manual_data
2024-06-13,IMG_20240613_095911535.jpg,White prawns,Bad,Manual_data
2024-06-13,IMG_20240613_101246347.jpg,White prawns,Bad,Manual_data
2024-06-13,IMG_20240613_095620577.jpg,White prawns,Bad,Manual_data
2024-06-13,IMG_20240613_095701394.jpg,White prawns,Bad,Manual_data
2024-06-13,IMG_20240613_095705267.jpg,White prawns,Bad,Manual_data
2024-06-13,IMG_20240613_095650312.jpg,White prawns,Bad,Manual_data
2024-06-13,IMG_20240613_095645078.jpg,White prawns,Bad,Manual_data
2024-06-13,IMG_20240613_095641361.jpg,White prawns,Bad,Manual_data
2024-06-13,IMG_20240613_095730958.jpg,White prawns,Bad,Manual_data
2024-06-13,IMG_20240613_095734561.jpg,White prawns,Bad,Manual_data
2024-06-13,IMG_20240613_095625141.jpg,White prawns,Bad,Manual_data
2024-06-13,IMG_20240613_095740845.jpg,White prawns,Bad,Manual_data
2024-06-13,IMG_20240613_095558929.jpg,White prawns,Bad,Manual_data
2024-06-13,IMG_20240613_095430750.jpg,White prawns,Bad,Manual_data
2024-06-13,IMG_20240613_095437537.jpg,White prawns,Bad,Manual_data
2024-06-13,IMG_20240613_095713650.jpg,White prawns,Bad,Manual_data
2024-06-13,IMG_20240613_095602996.jpg,White prawns,Bad,Manual_data
2024-06-13,IMG_20240613_095612840.jpg,White prawns,Bad,Manual_data
2024-06-13,IMG_20240613_095453452.jpg,White prawns,Bad,Manual_data
2024-06-13,IMG_20240613_095512664.jpg,White prawns,Bad,Manual_data
2024-06-13,IMG_20240613_095550735.jpg,White prawns,Bad,Manual_data
2024-06-13,IMG_20240613_095419598.jpg,White prawns,Bad,Manual_data
2024-06-13,IMG_20240613_095709332.jpg,White prawns,Bad,Manual_data
2024-06-13,IMG_20240613_095433561.jpg,White prawns,Bad,Manual_data
2024-06-13,IMG_20240613_095457208.jpg,White prawns,Bad,Manual_data
2024-06-13,IMG_20240613_095507792.jpg,White prawns,Bad,Manual_data
2024-06-13,IMG_20240613_095543477.jpg,White prawns,Bad,Manual_data
2024-06-13,IMG_20240613_095442376.jpg,White prawns,Bad,Manual_data
2024-06-13,IMG_20240613_095406224.jpg,White prawns,Bad,Manual_data
2024-06-13,IMG_20240613_095449182.jpg,White prawns,Bad,Manual_data
2024-06-13,IMG_20240613_095424658.jpg,White prawns,Bad,Manual_data
2024-06-13,IMG_20240613_095519384.jpg,White prawns,Bad,Manual_data
2024-06-13,IMG_20240613_095609319.jpg,White prawns,Bad,Manual_data
2024-06-13,IMG_20240613_095554832.jpg,White prawns,Bad,Manual_data
2024-06-13,IMG_20240613_094832713.jpg,Sardine,Bad,Manual_data
2024-06-13,IMG_20240613_094742385.jpg,Sardine,Bad,Manual_data
2024-06-13,IMG_20240613_094757533.jpg,Sardine,Bad,Manual_data
2024-06-13,IMG_20240613_094720165.jpg,Sardine,Bad,Manual_data
2024-06-13,IMG_20240613_094807634.jpg,Sardine,Bad,Manual_data
2024-06-13,IMG_20240613_094550611.jpg,Sardine,Bad,Manual_data
2024-06-13,IMG_20240613_094726507.jpg,Sardine,Bad,Manual_data
2024-06-13,IMG_20240613_094753233.jpg,Sardine,Bad,Manual_data
2024-06-13,IMG_20240613_094822567.jpg,Sardine,Bad,Manual_data
2024-06-13,IMG_20240613_094803007.jpg,Sardine,Bad,Manual_data
2024-06-13,IMG_20240613_094637347.jpg,Sardine,Bad,Manual_data
2024-06-13,IMG_20240613_094737540.jpg,Sardine,Bad,Manual_data
2024-06-13,IMG_20240613_094827544.jpg,Sardine,Bad,Manual_data
2024-06-13,IMG_20240613_094600488.jpg,Sardine,Bad,Manual_data
2024-06-13,IMG_20240613_094730674.jpg,Sardine,Bad,Manual_data
2024-06-13,IMG_20240613_094546142.jpg,Sardine,Bad,Manual_data
2024-06-13,IMG_20240613_094556625.jpg,Sardine,Bad,Manual_data
2024-06-13,IMG_20240613_094747344.jpg,Sardine,Bad,Manual_data
2024-06-13,IMG_20240613_094523707.jpg,Sardine,Bad,Manual_data
2024-06-13,IMG_20240613_094621838.jpg,Sardine,Bad,Manual_data
2024-06-13,IMG_20240613_094612137.jpg,Sardine,Bad,Manual_data
2024-06-13,IMG_20240613_094605400.jpg,Sardine,Bad,Manual_data
2024-06-13,IMG_20240613_094627811.jpg,Sardine,Bad,Manual_data
2024-06-13,IMG_20240613_094705799.jpg,Sardine,Bad,Manual_data
2024-06-13,IMG_20240613_094256725.jpg,Sardine,Bad,Manual_data
2024-06-13,IMG_20240613_094516063.jpg,Sardine,Bad,Manual_data
2024-06-13,IMG_20240613_094527461.jpg,Sardine,Bad,Manual_data
2024-06-13,IMG_20240613_094535154.jpg,Sardine,Bad,Manual_data
2024-06-13,IMG_20240613_094359016.jpg,Sardine,Bad,Manual_data
2024-06-13,IMG_20240613_094541597.jpg,Sardine,Bad,Manual_data
2024-06-13,IMG_20240613_094715194.jpg,Sardine,Bad,Manual_data
2024-06-13,IMG_20240613_094337575.jpg,Sardine,Bad,Manual_data
2024-06-13,IMG_20240613_094312761.jpg,Sardine,Bad,Manual_data
2024-06-13,IMG_20240613_094236946.jpg,Sardine,Bad,Manual_data
2024-06-13,IMG_20240613_094331013.jpg,Sardine,Bad,Manual_data
2024-06-13,IMG_20240613_094350085.jpg,Sardine,Bad,Manual_data
2024-06-13,IMG_20240613_094325998.jpg,Sardine,Bad,Manual_data
2024-06-13,IMG_20240613_094531462.jpg,Sardine,Bad,Manual_data
2024-06-13,IMG_20240613_094155214.jpg,Sardine,Bad,Manual_data
2024-06-13,IMG_20240613_094317367.jpg,Sardine,Bad,Manual_data
2024-06-13,IMG_20240613_094341826.jpg,Sardine,Bad,Manual_data
2024-06-13,IMG_20240613_094710514.jpg,Sardine,Bad,Manual_data
2024-06-13,IMG_20240613_094203070.jpg,Sardine,Bad,Manual_data
2024-06-13,IMG_20240613_094209578.jpg,Sardine,Bad,Manual_data
2024-06-13,IMG_20240613_094246658.jpg,Sardine,Bad,Manual_data
2024-06-13,IMG_20240613_094146477.jpg,Sardine,Bad,Manual_data
2024-06-13,IMG_20240613_093903688.jpg,Sardine,Bad,Manual_data
2024-06-13,IMG_20240613_094214944.jpg,Sardine,Bad,Manual_data
2024-06-13,IMG_20240613_094214684.jpg,Sardine,Bad,Manual_data
2024-06-13,IMG_20240613_094230777.jpg,Sardine,Bad,Manual_data
2024-06-13,IMG_20240613_094220973.jpg,Sardine,Bad,Manual_data
2024-06-13,IMG_20240613_094143015.jpg,Sardine,Bad,Manual_data
2024-06-13,IMG_20240613_093734312.jpg,Sardine,Bad,Manual_data
2024-06-13,IMG_20240613_094149781.jpg,Sardine,Bad,Manual_data
2024-06-13,IMG_20240613_093916735.jpg,Sardine,Bad,Manual_data
2024-06-13,IMG_20240613_093912302.jpg,Sardine,Bad,Manual_data
2024-06-13,IMG_20240613_094159118.jpg,Sardine,Bad,Manual_data
2024-06-13,IMG_20240613_093907886.jpg,Sardine,Bad,Manual_data
2024-06-13,IMG_20240613_094226314.jpg,Sardine,Bad,Manual_data
2024-06-13,IMG_20240613_093717164.jpg,Sardine,Bad,Manual_data
2024-06-13,IMG_20240613_093708953.jpg,Sardine,Bad,Manual_data
2024-06-13,IMG_20240613_093859804.jpg,Sardine,Bad,Manual_data
2024-06-13,IMG_20240613_093848359.jpg,Sardine,Bad,Manual_data
2024-06-13,IMG_20240613_093728009.jpg,Sardine,Bad,Manual_data
2024-06-13,IMG_20240613_093443982.jpg,Sardine,Bad,Manual_data
2024-06-13,IMG_20240613_093854107.jpg,Sardine,Bad,Manual_data
2024-06-13,IMG_20240613_093828942.jpg,Sardine,Bad,Manual_data
2024-06-13,IMG_20240613_093843745.jpg,Sardine,Bad,Manual_data
2024-06-13,IMG_20240613_093650205.jpg,Sardine,Bad,Manual_data
2024-06-13,IMG_20240613_094138391.jpg,Sardine,Bad,Manual_data
2024-06-13,IMG_20240613_093538059.jpg,Sardine,Bad,Manual_data
2024-06-13,IMG_20240613_093534029.jpg,Sardine,Bad,Manual_data
2024-06-13,IMG_20240613_093721299.jpg,Sardine,Bad,Manual_data
2024-06-13,IMG_20240613_093448341.jpg,Sardine,Bad,Manual_data
2024-06-13,IMG_20240613_093657489.jpg,Sardine,Bad,Manual_data
2024-06-13,IMG_20240613_093529890.jpg,Sardine,Bad,Manual_data
2024-06-13,IMG_20240613_093551250.jpg,Sardine,Bad,Manual_data
2024-06-13,IMG_20240613_093544046.jpg,Sardine,Bad,Manual_data
2024-06-13,IMG_20240613_093642859.jpg,Sardine,Bad,Manual_data
2024-06-13,IMG_20240613_093702960.jpg,Sardine,Bad,Manual_data
2024-06-13,IMG_20240613_093332914.jpg,Sardine,Bad,Manual_data
2024-06-13,IMG_20240613_093351811.jpg,Sardine,Bad,Manual_data
2024-06-13,IMG_20240613_093337814.jpg,Sardine,Bad,Manual_data
2024-06-13,IMG_20240613_093418880.jpg,Sardine,Bad,Manual_data
2024-06-13,IMG_20240613_093413974.jpg,Sardine,Bad,Manual_data
2024-06-13,IMG_20240613_093400592.jpg,Sardine,Bad,Manual_data
2024-06-13,IMG_20240613_093409909.jpg,Sardine,Bad,Manual_data
2024-06-13,IMG_20240613_093522451.jpg,Sardine,Bad,Manual_data
2024-06-13,IMG_20240613_093433833.jpg,Sardine,Bad,Manual_data
2024-06-13,IMG_20240613_093516505.jpg,Sardine,Bad,Manual_data
2024-06-13,IMG_20240613_093109508.jpg,Sardine,Bad,Manual_data
2024-06-13,IMG_20240613_093136577.jpg,Sardine,Bad,Manual_data
2024-06-13,IMG_20240613_093343321.jpg,Sardine,Bad,Manual_data
2024-06-13,IMG_20240613_093126695.jpg,Sardine,Bad,Manual_data
2024-06-13,IMG_20240613_093406015.jpg,Sardine,Bad,Manual_data
2024-06-13,IMG_20240613_093429496.jpg,Sardine,Bad,Manual_data
2024-06-13,IMG_20240613_093150618.jpg,Sardine,Bad,Manual_data
2024-06-13,IMG_20240613_093146492.jpg,Sardine,Bad,Manual_data
2024-06-13,IMG_20240613_093105195.jpg,Sardine,Bad,Manual_data
2024-06-13,IMG_20240613_093006849.jpg,Sardine,Bad,Manual_data
2024-06-13,IMG_20240613_093154518.jpg,Sardine,Bad,Manual_data
2024-06-13,IMG_20240613_093101323.jpg,Sardine,Bad,Manual_data
2024-06-13,IMG_20240613_093130882.jpg,Sardine,Bad,Manual_data
2024-06-13,IMG_20240613_092941511.jpg,Sardine,Bad,Manual_data
2024-06-13,IMG_20240613_093424252.jpg,Sardine,Bad,Manual_data
2024-06-13,IMG_20240613_093116499.jpg,Sardine,Bad,Manual_data
2024-06-13,IMG_20240613_092909174.jpg,Sardine,Bad,Manual_data
2024-06-13,IMG_20240613_092923914.jpg,Sardine,Bad,Manual_data
2024-06-13,IMG_20240613_093141271.jpg,Sardine,Bad,Manual_data
2024-06-13,IMG_20240613_092956092.jpg,Sardine,Bad,Manual_data
2024-06-13,IMG_20240613_092918914.jpg,Sardine,Bad,Manual_data
2024-06-13,IMG_20240613_093023493.jpg,Sardine,Bad,Manual_data
2024-06-13,IMG_20240613_093011267.jpg,Sardine,Bad,Manual_data
2024-06-13,IMG_20240613_093355997.jpg,Sardine,Bad,Manual_data
2024-06-13,IMG_20240613_093137653.jpg,Sardine,Bad,Manual_data
2024-06-13,IMG_20240613_093017737.jpg,Sardine,Bad,Manual_data
2024-06-13,IMG_20240613_092546382.jpg,Sardine,Bad,Manual_data
2024-06-13,IMG_20240613_092539668.jpg,Sardine,Bad,Manual_data
2024-06-13,IMG_20240613_092915146.jpg,Sardine,Bad,Manual_data
2024-06-13,IMG_20240613_092905455.jpg,Sardine,Bad,Manual_data
2024-06-13,IMG_20240613_092602522.jpg,Sardine,Bad,Manual_data
2024-06-13,IMG_20240613_093057625.jpg,Sardine,Bad,Manual_data
2024-06-13,IMG_20240613_092355892.jpg,Sardine,Bad,Manual_data
2024-06-13,IMG_20240613_092528512.jpg,Sardine,Bad,Manual_data
2024-06-13,IMG_20240613_092556720.jpg,Sardine,Bad,Manual_data
2024-06-13,IMG_20240613_092551344.jpg,Sardine,Bad,Manual_data
2024-06-13,IMG_20240613_092334774.jpg,Sardine,Bad,Manual_data
2024-06-13,IMG_20240613_092149519.jpg,Sardine,Bad,Manual_data
2024-06-13,IMG_20240613_092404583.jpg,Sardine,Bad,Manual_data
2024-06-13,IMG_20240613_092434376.jpg,Sardine,Bad,Manual_data
2024-06-13,IMG_20240613_092422996.jpg,Sardine,Bad,Manual_data
2024-06-13,IMG_20240613_092504047.jpg,Sardine,Bad,Manual_data
2024-06-13,IMG_20240613_092456993.jpg,Sardine,Bad,Manual_data
2024-06-13,IMG_20240613_092951130.jpg,Sardine,Bad,Manual_data
2024-06-13,IMG_20240613_092934211.jpg,Sardine,Bad,Manual_data
2024-06-13,IMG_20240613_092929454.jpg,Sardine,Bad,Manual_data
2024-06-13,IMG_20240613_092452118.jpg,Sardine,Bad,Manual_data
2024-06-13,IMG_20240613_092329342.jpg,Sardine,Bad,Manual_data
2024-06-13,IMG_20240613_092457658.jpg,Sardine,Bad,Manual_data
2024-06-13,IMG_20240613_092359957.jpg,Sardine,Bad,Manual_data
2024-06-13,IMG_20240613_092143450.jpg,Sardine,Bad,Manual_data
2024-06-13,IMG_20240613_092133030.jpg,Sardine,Bad,Manual_data
2024-06-13,IMG_20240613_092055884.jpg,Sardine,Bad,Manual_data
2024-06-13,IMG_20240613_092427992.jpg,Sardine,Bad,Manual_data
2024-06-13,IMG_20240613_092417433.jpg,Sardine,Bad,Manual_data
2024-06-13,IMG_20240613_092440165.jpg,Sardine,Bad,Manual_data
2024-06-13,IMG_20240613_092509332.jpg,Sardine,Bad,Manual_data
2024-06-13,IMG_20240613_092353087.jpg,Sardine,Bad,Manual_data
2024-06-13,IMG_20240613_092203505.jpg,Sardine,Bad,Manual_data
2024-06-13,IMG_20240613_092116136.jpg,Sardine,Bad,Manual_data
2024-06-13,IMG_20240613_092121469.jpg,Sardine,Bad,Manual_data
2024-06-13,IMG_20240613_092534227.jpg,Sardine,Bad,Manual_data
2024-06-27,IMG_20240627_102349389.jpg,White prawns,Good,Manual_data
2024-06-27,IMG_20240627_102509751.jpg,White prawns,Good,Manual_data
2024-06-27,IMG_20240627_102430460.jpg,White prawns,Good,Manual_data
2024-06-27,IMG_20240627_102526621.jpg,White prawns,Good,Manual_data
2024-06-27,IMG_20240627_102416154.jpg,White prawns,Good,Manual_data
2024-06-27,IMG_20240627_102520698.jpg,White prawns,Good,Manual_data
2024-06-27,IMG_20240627_102458545.jpg,White prawns,Good,Manual_data
2024-06-27,IMG_20240627_102448080.jpg,White prawns,Good,Manual_data
2024-06-27,IMG_20240627_102502147.jpg,White prawns,Good,Manual_data
2024-06-27,IMG_20240627_102506773.jpg,White prawns,Good,Manual_data
2024-06-27,IMG_20240627_102451140.jpg,White prawns,Good,Manual_data
2024-06-27,IMG_20240627_102516941.jpg,White prawns,Good,Manual_data
2024-06-27,IMG_20240627_102513252.jpg,White prawns,Good,Manual_data
2024-06-27,IMG_20240627_102421368.jpg,White prawns,Good,Manual_data
2024-06-27,IMG_20240627_102717645.jpg,White prawns,Good,Manual_data
2024-06-27,IMG_20240627_102206037.jpg,White prawns,Good,Manual_data
2024-06-27,IMG_20240627_102409028.jpg,White prawns,Good,Manual_data
2024-06-27,IMG_20240627_102412866.jpg,White prawns,Good,Manual_data
2024-06-27,IMG_20240627_102255263.jpg,White prawns,Good,Manual_data
2024-06-27,IMG_20240627_102454592.jpg,White prawns,Good,Manual_data
2024-06-27,IMG_20240627_102229732.jpg,White prawns,Good,Manual_data
2024-06-27,IMG_20240627_102336775.jpg,White prawns,Good,Manual_data
2024-06-27,IMG_20240627_102329908.jpg,White prawns,Good,Manual_data
2024-06-27,IMG_20240627_102325908.jpg,White prawns,Good,Manual_data
2024-06-27,IMG_20240627_102408293.jpg,White prawns,Good,Manual_data
2024-06-27,IMG_20240627_102114316.jpg,White prawns,Good,Manual_data
2024-06-27,IMG_20240627_102259968.jpg,White prawns,Good,Manual_data
2024-06-27,IMG_20240627_102054174.jpg,White prawns,Good,Manual_data
2024-06-27,IMG_20240627_102309622.jpg,White prawns,Good,Manual_data
2024-06-27,IMG_20240627_102158981.jpg,White prawns,Good,Manual_data
2024-06-27,IMG_20240627_102313421.jpg,White prawns,Good,Manual_data
2024-06-27,IMG_20240627_102305627.jpg,White prawns,Good,Manual_data
2024-06-27,IMG_20240627_102108982.jpg,White prawns,Good,Manual_data
2024-06-27,IMG_20240627_102321273.jpg,White prawns,Good,Manual_data
2024-06-27,IMG_20240627_102251893.jpg,White prawns,Good,Manual_data
2024-06-27,IMG_20240627_102235165.jpg,White prawns,Good,Manual_data
2024-06-27,IMG_20240627_102244459.jpg,White prawns,Good,Manual_data
2024-06-27,IMG_20240627_102202044.jpg,White prawns,Good,Manual_data
2024-06-27,IMG_20240627_102344343.jpg,White prawns,Good,Manual_data
2024-06-27,IMG_20240627_101949748.jpg,White prawns,Good,Manual_data
2024-06-27,IMG_20240627_102059346.jpg,White prawns,Good,Manual_data
2024-06-27,IMG_20240627_101905905.jpg,White prawns,Good,Manual_data
2024-06-27,IMG_20240627_102044040.jpg,White prawns,Good,Manual_data
2024-06-27,IMG_20240627_101945567.jpg,White prawns,Good,Manual_data
2024-06-27,IMG_20240627_102007162.jpg,White prawns,Good,Manual_data
2024-06-27,IMG_20240627_102100147.jpg,White prawns,Good,Manual_data
2024-06-27,IMG_20240627_102039196.jpg,White prawns,Good,Manual_data
2024-06-27,IMG_20240627_101941753.jpg,White prawns,Good,Manual_data
2024-06-27,IMG_20240627_102048554.jpg,White prawns,Good,Manual_data
2024-06-27,IMG_20240627_102033637.jpg,White prawns,Good,Manual_data
2024-06-27,IMG_20240627_102222875.jpg,White prawns,Good,Manual_data
2024-06-27,IMG_20240627_102115232.jpg,White prawns,Good,Manual_data
2024-06-27,IMG_20240627_101916961.jpg,White prawns,Good,Manual_data
2024-06-27,IMG_20240627_101954337.jpg,White prawns,Good,Manual_data
2024-06-27,IMG_20240627_102015740.jpg,White prawns,Good,Manual_data
2024-06-27,IMG_20240627_102104555.jpg,White prawns,Good,Manual_data
2024-06-27,IMG_20240627_101856287.jpg,White prawns,Good,Manual_data
2024-06-27,IMG_20240627_102020037.jpg,White prawns,Good,Manual_data
2024-06-27,IMG_20240627_101816087.jpg,White prawns,Good,Manual_data
2024-06-27,IMG_20240627_101932223.jpg,White prawns,Good,Manual_data
2024-06-27,IMG_20240627_101849993.jpg,White prawns,Good,Manual_data
2024-06-27,IMG_20240627_101742321.jpg,White prawns,Good,Manual_data
2024-06-27,IMG_20240627_101835742.jpg,White prawns,Good,Manual_data
2024-06-27,IMG_20240627_101735796.jpg,White prawns,Good,Manual_data
2024-06-27,IMG_20240627_102011385.jpg,White prawns,Good,Manual_data
2024-06-27,IMG_20240627_101748552.jpg,White prawns,Good,Manual_data
2024-06-27,IMG_20240627_101901924.jpg,White prawns,Good,Manual_data
2024-06-27,IMG_20240627_101843063.jpg,White prawns,Good,Manual_data
2024-06-27,IMG_20240627_101855802.jpg,White prawns,Good,Manual_data
2024-06-27,IMG_20240627_101811393.jpg,White prawns,Good,Manual_data
2024-06-27,IMG_20240627_101859302.jpg,White prawns,Good,Manual_data
2024-06-27,IMG_20240627_101831897.jpg,White prawns,Good,Manual_data
2024-06-27,IMG_20240627_101928274.jpg,White prawns,Good,Manual_data
2024-06-27,IMG_20240627_101912040.jpg,White prawns,Good,Manual_data
2024-06-27,IMG_20240627_101820491.jpg,White prawns,Good,Manual_data
2024-06-27,IMG_20240627_105011083.jpg,Sardine,Good,Manual_data
2024-06-27,IMG_20240627_105023776.jpg,Sardine,Good,Manual_data
2024-06-27,IMG_20240627_104842880.jpg,Sardine,Good,Manual_data
2024-06-27,IMG_20240627_104900442.jpg,Sardine,Good,Manual_data
2024-06-27,IMG_20240627_104758239.jpg,Sardine,Good,Manual_data
2024-06-27,IMG_20240627_105002351.jpg,Sardine,Good,Manual_data
2024-06-27,IMG_20240627_104927224.jpg,Sardine,Good,Manual_data
2024-06-27,IMG_20240627_105041211.jpg,Sardine,Good,Manual_data
2024-06-27,IMG_20240627_104813901.jpg,Sardine,Good,Manual_data
2024-06-27,IMG_20240627_104745740.jpg,Sardine,Good,Manual_data
2024-06-27,IMG_20240627_105043633.jpg,Sardine,Good,Manual_data
2024-06-27,IMG_20240627_105015460.jpg,Sardine,Good,Manual_data
2024-06-27,IMG_20240627_104825404.jpg,Sardine,Good,Manual_data
2024-06-27,IMG_20240627_104903770.jpg,Sardine,Good,Manual_data
2024-06-27,IMG_20240627_105017966.jpg,Sardine,Good,Manual_data
2024-06-27,IMG_20240627_105008500.jpg,Sardine,Good,Manual_data
2024-06-27,IMG_20240627_105037014.jpg,Sardine,Good,Manual_data
2024-06-27,IMG_20240627_104924700.jpg,Sardine,Good,Manual_data
2024-06-27,IMG_20240627_104802976.jpg,Sardine,Good,Manual_data
2024-06-27,IMG_20240627_105026528.jpg,Sardine,Good,Manual_data
2024-06-27,IMG_20240627_104913023.jpg,Sardine,Good,Manual_data
2024-06-27,IMG_20240627_105034602.jpg,Sardine,Good,Manual_data
2024-06-27,IMG_20240627_104811185.jpg,Sardine,Good,Manual_data
2024-06-27,IMG_20240627_104806279.jpg,Sardine,Good,Manual_data
2024-06-27,IMG_20240627_104910068.jpg,Sardine,Good,Manual_data
2024-06-27,IMG_20240627_104959125.jpg,Sardine,Good,Manual_data
2024-06-27,IMG_20240627_104457975.jpg,Sardine,Good,Manual_data
2024-06-27,IMG_20240627_104709030.jpg,Sardine,Good,Manual_data
2024-06-27,IMG_20240627_104522597.jpg,Sardine,Good,Manual_data
2024-06-27,IMG_20240627_104552668.jpg,Sardine,Good,Manual_data
2024-06-27,IMG_20240627_104718926.jpg,Sardine,Good,Manual_data
2024-06-27,IMG_20240627_104734294.jpg,Sardine,Good,Manual_data
2024-06-27,IMG_20240627_104534547.jpg,Sardine,Good,Manual_data
2024-06-27,IMG_20240627_104513737.jpg,Sardine,Good,Manual_data
2024-06-27,IMG_20240627_104652542.jpg,Sardine,Good,Manual_data
2024-06-27,IMG_20240627_104754696.jpg,Sardine,Good,Manual_data
2024-06-27,IMG_20240627_104645118.jpg,Sardine,Good,Manual_data
2024-06-27,IMG_20240627_104847355.jpg,Sardine,Good,Manual_data
2024-06-27,IMG_20240627_104500996.jpg,Sardine,Good,Manual_data
2024-06-27,IMG_20240627_104743057.jpg,Sardine,Good,Manual_data
2024-06-27,IMG_20240627_104716253.jpg,Sardine,Good,Manual_data
2024-06-27,IMG_20240627_104655040.jpg,Sardine,Good,Manual_data
2024-06-27,IMG_20240627_104700836.jpg,Sardine,Good,Manual_data
2024-06-27,IMG_20240627_104822362.jpg,Sardine,Good,Manual_data
2024-06-27,IMG_20240627_104737633.jpg,Sardine,Good,Manual_data
2024-06-27,IMG_20240627_104729819.jpg,Sardine,Good,Manual_data
2024-06-27,IMG_20240627_104726358.jpg,Sardine,Good,Manual_data
2024-06-27,IMG_20240627_104705525.jpg,Sardine,Good,Manual_data
2024-06-27,IMG_20240627_104341638.jpg,Sardine,Good,Manual_data
2024-06-27,IMG_20240627_104550215.jpg,Sardine,Good,Manual_data
2024-06-27,IMG_20240627_104508627.jpg,Sardine,Good,Manual_data
2024-06-27,IMG_20240627_104452418.jpg,Sardine,Good,Manual_data
2024-06-27,IMG_20240627_104324966.jpg,Sardine,Good,Manual_data
2024-06-27,IMG_20240627_104642937.jpg,Sardine,Good,Manual_data
2024-06-27,IMG_20240627_104518219.jpg,Sardine,Good,Manual_data
2024-06-27,IMG_20240627_104446331.jpg,Sardine,Good,Manual_data
2024-06-27,IMG_20240627_104439818.jpg,Sardine,Good,Manual_data
2024-06-27,IMG_20240627_104537204.jpg,Sardine,Good,Manual_data
2024-06-27,IMG_20240627_104443543.jpg,Sardine,Good,Manual_data
2024-06-27,IMG_20240627_104347250.jpg,Sardine,Good,Manual_data
2024-06-27,IMG_20240627_104401587.jpg,Sardine,Good,Manual_data
2024-06-27,IMG_20240627_104449779.jpg,Sardine,Good,Manual_data
2024-06-27,IMG_20240627_104437736.jpg,Sardine,Good,Manual_data
2024-06-27,IMG_20240627_104417126.jpg,Sardine,Good,Manual_data
2024-06-27,IMG_20240627_104352858.jpg,Sardine,Good,Manual_data
2024-06-27,IMG_20240627_104319158.jpg,Sardine,Good,Manual_data
2024-06-27,IMG_20240627_104408941.jpg,Sardine,Good,Manual_data
2024-06-27,IMG_20240627_104337249.jpg,Sardine,Good,Manual_data
2024-06-27,IMG_20240627_104333469.jpg,Sardine,Good,Manual_data
2024-06-29,IMG_20240629_103319997.jpg,White prawns,Bad,Manual_data
2024-06-29,IMG_20240629_103402034.jpg,White prawns,Bad,Manual_data
2024-06-29,IMG_20240629_103421975.jpg,White prawns,Bad,Manual_data
2024-06-29,IMG_20240629_103247721.jpg,White prawns,Bad,Manual_data
2024-06-29,IMG_20240629_103336483.jpg,White prawns,Bad,Manual_data
2024-06-29,IMG_20240629_103310433.jpg,White prawns,Bad,Manual_data
2024-06-29,IMG_20240629_103351117.jpg,White prawns,Bad,Manual_data
2024-06-29,IMG_20240629_103331685.jpg,White prawns,Bad,Manual_data
2024-06-29,IMG_20240629_103236293.jpg,White prawns,Bad,Manual_data
2024-06-29,IMG_20240629_103156622.jpg,White prawns,Bad,Manual_data
2024-06-29,IMG_20240629_103244006.jpg,White prawns,Bad,Manual_data
2024-06-29,IMG_20240629_103216202.jpg,White prawns,Bad,Manual_data
2024-06-29,IMG_20240629_103225623.jpg,White prawns,Bad,Manual_data
2024-06-29,IMG_20240629_103306142.jpg,White prawns,Bad,Manual_data
2024-06-29,IMG_20240629_103355661.jpg,White prawns,Bad,Manual_data
2024-06-29,IMG_20240629_103203057.jpg,White prawns,Bad,Manual_data
2024-06-29,IMG_20240629_103425137.jpg,White prawns,Bad,Manual_data
2024-06-29,IMG_20240629_103124025.jpg,White prawns,Bad,Manual_data
2024-06-29,IMG_20240629_103409929.jpg,White prawns,Bad,Manual_data
2024-06-29,IMG_20240629_103257884.jpg,White prawns,Bad,Manual_data
2024-06-29,IMG_20240629_103212055.jpg,White prawns,Bad,Manual_data
2024-06-29,IMG_20240629_103418221.jpg,White prawns,Bad,Manual_data
2024-06-29,IMG_20240629_103314751.jpg,White prawns,Bad,Manual_data
2024-06-29,IMG_20240629_103413747.jpg,White prawns,Bad,Manual_data
2024-06-29,IMG_20240629_103252744.jpg,White prawns,Bad,Manual_data
2024-06-29,IMG_20240629_102854113.jpg,White prawns,Bad,Manual_data
2024-06-29,IMG_20240629_103129403.jpg,White prawns,Bad,Manual_data
2024-06-29,IMG_20240629_102842281.jpg,White prawns,Bad,Manual_data
2024-06-29,IMG_20240629_103113337.jpg,White prawns,Bad,Manual_data
2024-06-29,IMG_20240629_103145097.jpg,White prawns,Bad,Manual_data
2024-06-29,IMG_20240629_102903727.jpg,White prawns,Bad,Manual_data
2024-06-29,IMG_20240629_102800771.jpg,White prawns,Bad,Manual_data
2024-06-29,IMG_20240629_103052567.jpg,White prawns,Bad,Manual_data
2024-06-29,IMG_20240629_103057862.jpg,White prawns,Bad,Manual_data
2024-06-29,IMG_20240629_103118936.jpg,White prawns,Bad,Manual_data
2024-06-29,IMG_20240629_103140343.jpg,White prawns,Bad,Manual_data
2024-06-29,IMG_20240629_103043293.jpg,White prawns,Bad,Manual_data
2024-06-29,IMG_20240629_103240328.jpg,White prawns,Bad,Manual_data
2024-06-29,IMG_20240629_103134510.jpg,White prawns,Bad,Manual_data
2024-06-29,IMG_20240629_103221763.jpg,White prawns,Bad,Manual_data
2024-06-29,IMG_20240629_103230659.jpg,White prawns,Bad,Manual_data
2024-06-29,IMG_20240629_103324512.jpg,White prawns,Bad,Manual_data
2024-06-29,IMG_20240629_103039020.jpg,White prawns,Bad,Manual_data
2024-06-29,IMG_20240629_102817003.jpg,White prawns,Bad,Manual_data
2024-06-29,IMG_20240629_102749626.jpg,White prawns,Bad,Manual_data
2024-06-29,IMG_20240629_102912560.jpg,White prawns,Bad,Manual_data
2024-06-29,IMG_20240629_102812002.jpg,White prawns,Bad,Manual_data
2024-06-29,IMG_20240629_103109006.jpg,White prawns,Bad,Manual_data
2024-06-29,IMG_20240629_102736952.jpg,White prawns,Bad,Manual_data
2024-06-29,IMG_20240629_102744649.jpg,White prawns,Bad,Manual_data
2024-06-29,IMG_20240629_102834226.jpg,White prawns,Bad,Manual_data
2024-06-29,IMG_20240629_102726069.jpg,White prawns,Bad,Manual_data
2024-06-29,IMG_20240629_103047612.jpg,White prawns,Bad,Manual_data
2024-06-29,IMG_20240629_102805887.jpg,White prawns,Bad,Manual_data
2024-06-29,IMG_20240629_102827904.jpg,White prawns,Bad,Manual_data
2024-06-29,IMG_20240629_102717571.jpg,White prawns,Bad,Manual_data
2024-06-29,IMG_20240629_102821840.jpg,White prawns,Bad,Manual_data
2024-06-29,IMG_20240629_102713237.jpg,White prawns,Bad,Manual_data
2024-06-29,IMG_20240629_102700035.jpg,White prawns,Bad,Manual_data
2024-06-29,IMG_20240629_102655996.jpg,White prawns,Bad,Manual_data
2024-06-29,IMG_20240629_102650679.jpg,White prawns,Bad,Manual_data
2024-06-29,IMG_20240629_102721434.jpg,White prawns,Bad,Manual_data
2024-06-29,IMG_20240629_102848070.jpg,White prawns,Bad,Manual_data
2024-06-29,IMG_20240629_102707547.jpg,White prawns,Bad,Manual_data
2024-06-29,IMG_20240629_102756309.jpg,White prawns,Bad,Manual_data
2024-06-29,IMG_20240629_102732991.jpg,White prawns,Bad,Manual_data
2024-06-29,IMG_20240629_102644622.jpg,White prawns,Bad,Manual_data
2024-06-29,IMG_20240629_102640396.jpg,White prawns,Bad,Manual_data
2024-07-11,IMG_20240711_100215315 (1).jpg,Sardine,Bad,Manual_data
2024-07-11,IMG_20240711_100300674 (1).jpg,Sardine,Bad,Manual_data
2024-07-11,IMG_20240711_100204921 (1).jpg,Sardine,Bad,Manual_data
2024-07-11,IMG_20240711_100210400 (1).jpg,Sardine,Bad,Manual_data
2024-07-11,IMG_20240711_100158474.jpg,Sardine,Bad,Manual_data
2024-07-11,IMG_20240711_100233914 (1).jpg,Sardine,Bad,Manual_data
2024-07-11,IMG_20240711_100254880 (1).jpg,Sardine,Bad,Manual_data
2024-07-11,IMG_20240711_100338250 (1).jpg,Sardine,Bad,Manual_data
2024-07-11,IMG_20240711_100315518 (1).jpg,Sardine,Bad,Manual_data
2024-07-11,IMG_20240711_100332103 (1).jpg,Sardine,Bad,Manual_data
2024-07-11,IMG_20240711_100224333 (1).jpg,Sardine,Bad,Manual_data
2024-07-11,IMG_20240711_100354137 (1).jpg,Sardine,Bad,Manual_data
2024-07-11,IMG_20240711_100310082 (1).jpg,Sardine,Bad,Manual_data
2024-07-11,IMG_20240711_100348418 (1).jpg,Sardine,Bad,Manual_data
2024-07-11,IMG_20240711_100359275 (1).jpg,Sardine,Bad,Manual_data
2024-07-11,IMG_20240711_100405520 (1).jpg,Sardine,Bad,Manual_data
2024-07-11,IMG_20240711_100623549.jpg,Sardine,Bad,Manual_data
2024-07-11,IMG_20240711_100629327.jpg,Sardine,Bad,Manual_data
2024-07-11,IMG_20240711_100600005 (1).jpg,Sardine,Bad,Manual_data
2024-07-11,IMG_20240711_100552570 (1).jpg,Sardine,Bad,Manual_data
2024-07-11,IMG_20240711_100605676.jpg,Sardine,Bad,Manual_data
2024-07-11,IMG_20240711_100342805 (1).jpg,Sardine,Bad,Manual_data
2024-07-11,IMG_20240711_100642011 (1).jpg,Sardine,Bad,Manual_data
2024-07-11,IMG_20240711_100647660.jpg,Sardine,Bad,Manual_data
2024-07-11,IMG_20240711_100642011.jpg,Sardine,Bad,Manual_data
2024-07-11,IMG_20240711_100647660 (1).jpg,Sardine,Bad,Manual_data
2024-07-11,IMG_20240711_100635580 (1).jpg,Sardine,Bad,Manual_data
2024-07-11,IMG_20240711_100654977.jpg,Sardine,Bad,Manual_data
2024-07-11,IMG_20240711_100749028.jpg,Sardine,Bad,Manual_data
2024-07-11,IMG_20240711_100635580.jpg,Sardine,Bad,Manual_data
2024-07-11,IMG_20240711_100754149.jpg,Sardine,Bad,Manual_data
2024-07-11,IMG_20240711_100736245.jpg,Sardine,Bad,Manual_data
2024-07-11,IMG_20240711_100702722.jpg,Sardine,Bad,Manual_data
2024-07-11,IMG_20240711_100808554 (1).jpg,Sardine,Bad,Manual_data
2024-07-11,IMG_20240711_100758571.jpg,Sardine,Bad,Manual_data
2024-07-11,IMG_20240711_100819030.jpg,Sardine,Bad,Manual_data
2024-07-11,IMG_20240711_100840227.jpg,Sardine,Bad,Manual_data
2024-07-11,IMG_20240711_100732525.jpg,Sardine,Bad,Manual_data
2024-07-11,IMG_20240711_100803146.jpg,Sardine,Bad,Manual_data
2024-07-11,IMG_20240711_100834103.jpg,Sardine,Bad,Manual_data
2024-07-11,IMG_20240711_100829375.jpg,Sardine,Bad,Manual_data
2024-07-11,IMG_20240711_100846425.jpg,Sardine,Bad,Manual_data
2024-07-11,IMG_20240711_100855642.jpg,Sardine,Bad,Manual_data
2024-07-11,IMG_20240711_100914102.jpg,Sardine,Bad,Manual_data
2024-07-11,IMG_20240711_100850857.jpg,Sardine,Bad,Manual_data
2024-07-11,IMG_20240711_100824126.jpg,Sardine,Bad,Manual_data
2024-07-11,IMG_20240711_100931506.jpg,Sardine,Bad,Manual_data
2024-07-11,IMG_20240711_100903175.jpg,Sardine,Bad,Manual_data
2024-07-11,IMG_20240711_100919300.jpg,Sardine,Bad,Manual_data
2024-07-11,IMG_20240711_100956715.jpg,Sardine,Bad,Manual_data
2024-07-11,IMG_20240711_100926953.jpg,Sardine,Bad,Manual_data
2024-07-11,IMG_20240711_100943342.jpg,Sardine,Bad,Manual_data
2024-07-11,IMG_20240711_100909028.jpg,Sardine,Bad,Manual_data
2024-07-11,IMG_20240711_101024372.jpg,Sardine,Bad,Manual_data
2024-07-11,IMG_20240711_100951840.jpg,Sardine,Bad,Manual_data
2024-07-11,IMG_20240711_101030064.jpg,Sardine,Bad,Manual_data
2024-07-11,IMG_20240711_100944143.jpg,Sardine,Bad,Manual_data
2024-07-11,IMG_20240711_101041651.jpg,Sardine,Bad,Manual_data
2024-07-11,IMG_20240711_100947851.jpg,Sardine,Bad,Manual_data
2024-07-11,IMG_20240711_101049897.jpg,Sardine,Bad,Manual_data
2024-07-11,IMG_20240711_101121360.jpg,Sardine,Bad,Manual_data
2024-07-11,IMG_20240711_101107315.jpg,Sardine,Bad,Manual_data
2024-07-11,IMG_20240711_101141817.jpg,Sardine,Bad,Manual_data
2024-07-11,IMG_20240711_101014624.jpg,Sardine,Bad,Manual_data
2024-07-11,IMG_20240711_101115299.jpg,Sardine,Bad,Manual_data
2024-07-11,IMG_20240711_101132062.jpg,Sardine,Bad,Manual_data
2024-07-11,IMG_20240711_101102355.jpg,Sardine,Bad,Manual_data
2024-07-11,IMG_20240711_101055385.jpg,Sardine,Bad,Manual_data
2024-07-11,IMG_20240711_100051374.jpg,Sardine,Bad,Manual_data
2024-07-11,IMG_20240711_100220041.jpg,Sardine,Bad,Manual_data
2024-07-11,IMG_20240711_101126876.jpg,Sardine,Bad,Manual_data
2024-07-11,IMG_20240711_100224333.jpg,Sardine,Bad,Manual_data
2024-07-11,IMG_20240711_100210400.jpg,Sardine,Bad,Manual_data
2024-07-11,IMG_20240711_100204921.jpg,Sardine,Bad,Manual_data
2024-07-11,IMG_20240711_100215315.jpg,Sardine,Bad,Manual_data
2024-07-11,IMG_20240711_100233914.jpg,Sardine,Bad,Manual_data
2024-07-11,IMG_20240711_100310082.jpg,Sardine,Bad,Manual_data
2024-07-11,IMG_20240711_100332103.jpg,Sardine,Bad,Manual_data
2024-07-11,IMG_20240711_100338250.jpg,Sardine,Bad,Manual_data
2024-07-11,IMG_20240711_100254880.jpg,Sardine,Bad,Manual_data
2024-07-11,IMG_20240711_100315518.jpg,Sardine,Bad,Manual_data
2024-07-11,IMG_20240711_100300674.jpg,Sardine,Bad,Manual_data
2024-07-11,IMG_20240711_100359275.jpg,Sardine,Bad,Manual_data
2024-07-11,IMG_20240711_100552570.jpg,Sardine,Bad,Manual_data
2024-07-11,IMG_20240711_100405520.jpg,Sardine,Bad,Manual_data
2024-07-11,IMG_20240711_100348418.jpg,Sardine,Bad,Manual_data
2024-07-11,IMG_20240711_100354137.jpg,Sardine,Bad,Manual_data
2024-07-11,IMG_20240711_100342805.jpg,Sardine,Bad,Manual_data
2024-07-11,IMG_20240711_100600005.jpg,Sardine,Bad,Manual_data
2024-07-11,IMG_20240711_100808554.jpg,Sardine,Bad,Manual_data
2024-07-11,IMG_20240711_094713262.jpg,Sardine,Bad,Manual_data
2024-07-11,IMG_20240711_094750339.jpg,Sardine,Bad,Manual_data
2024-07-11,IMG_20240711_094743405.jpg,Sardine,Bad,Manual_data
2024-07-11,IMG_20240711_094734355.jpg,Sardine,Bad,Manual_data
2024-07-11,IMG_20240711_094728515.jpg,Sardine,Bad,Manual_data
2024-07-11,IMG_20240711_094807559.jpg,Sardine,Bad,Manual_data
2024-07-11,IMG_20240711_094803678.jpg,Sardine,Bad,Manual_data
2024-07-11,IMG_20240711_094724617.jpg,Sardine,Bad,Manual_data
2024-07-11,IMG_20240711_094812820.jpg,Sardine,Bad,Manual_data
2024-07-11,IMG_20240711_094854573.jpg,Sardine,Bad,Manual_data
2024-07-11,IMG_20240711_094755057.jpg,Sardine,Bad,Manual_data
2024-07-11,IMG_20240711_094910875.jpg,Sardine,Bad,Manual_data
2024-07-11,IMG_20240711_094759336.jpg,Sardine,Bad,Manual_data
2024-07-11,IMG_20240711_094919211.jpg,Sardine,Bad,Manual_data
2024-07-11,IMG_20240711_094905373.jpg,Sardine,Bad,Manual_data
2024-07-11,IMG_20240711_094932500.jpg,Sardine,Bad,Manual_data
2024-07-11,IMG_20240711_095004696.jpg,Sardine,Bad,Manual_data
2024-07-11,IMG_20240711_094956947.jpg,Sardine,Bad,Manual_data
2024-07-11,IMG_20240711_094939958.jpg,Sardine,Bad,Manual_data
2024-07-11,IMG_20240711_094946304.jpg,Sardine,Bad,Manual_data
2024-07-11,IMG_20240711_094924188.jpg,Sardine,Bad,Manual_data
2024-07-11,IMG_20240711_095010559.jpg,Sardine,Bad,Manual_data
2024-07-11,IMG_20240711_095128668.jpg,Sardine,Bad,Manual_data
2024-07-11,IMG_20240711_095040301.jpg,Sardine,Bad,Manual_data
2024-07-11,IMG_20240711_095032842.jpg,Sardine,Bad,Manual_data
2024-07-11,IMG_20240711_095026645.jpg,Sardine,Bad,Manual_data
2024-07-11,IMG_20240711_095046301.jpg,Sardine,Bad,Manual_data
2024-07-11,IMG_20240711_095051979.jpg,Sardine,Bad,Manual_data
2024-07-11,IMG_20240711_095018129.jpg,Sardine,Bad,Manual_data
2024-07-11,IMG_20240711_095122318.jpg,Sardine,Bad,Manual_data
2024-07-11,IMG_20240711_095144312.jpg,Sardine,Bad,Manual_data
2024-07-11,IMG_20240711_095214691.jpg,Sardine,Bad,Manual_data
2024-07-11,IMG_20240711_095240888.jpg,Sardine,Bad,Manual_data
2024-07-11,IMG_20240711_095224171.jpg,Sardine,Bad,Manual_data
2024-07-11,IMG_20240711_095133903.jpg,Sardine,Bad,Manual_data
2024-07-11,IMG_20240711_095253125.jpg,Sardine,Bad,Manual_data
2024-07-11,IMG_20240711_095309049.jpg,Sardine,Bad,Manual_data
2024-07-11,IMG_20240711_095257987.jpg,Sardine,Bad,Manual_data
2024-07-11,IMG_20240711_095302986.jpg,Sardine,Bad,Manual_data
2024-07-11,IMG_20240711_095512749.jpg,Sardine,Bad,Manual_data
2024-07-11,IMG_20240711_095314160.jpg,Sardine,Bad,Manual_data
2024-07-11,IMG_20240711_095503082.jpg,Sardine,Bad,Manual_data
2024-07-11,IMG_20240711_095329753.jpg,Sardine,Bad,Manual_data
2024-07-11,IMG_20240711_095336993.jpg,Sardine,Bad,Manual_data
2024-07-11,IMG_20240711_095442002.jpg,Sardine,Bad,Manual_data
2024-07-11,IMG_20240711_095318302.jpg,Sardine,Bad,Manual_data
2024-07-11,IMG_20240711_095456000.jpg,Sardine,Bad,Manual_data
2024-07-11,IMG_20240711_095448074.jpg,Sardine,Bad,Manual_data
2024-07-11,IMG_20240711_095604206.jpg,Sardine,Bad,Manual_data
2024-07-11,IMG_20240711_095522915.jpg,Sardine,Bad,Manual_data
2024-07-11,IMG_20240711_095532995.jpg,Sardine,Bad,Manual_data
2024-07-11,IMG_20240711_095631543.jpg,Sardine,Bad,Manual_data
2024-07-11,IMG_20240711_095544652.jpg,Sardine,Bad,Manual_data
2024-07-11,IMG_20240711_095615925.jpg,Sardine,Bad,Manual_data
2024-07-11,IMG_20240711_095651573.jpg,Sardine,Bad,Manual_data
2024-07-11,IMG_20240711_095519219.jpg,Sardine,Bad,Manual_data
2024-07-11,IMG_20240711_095637004.jpg,Sardine,Bad,Manual_data
2024-07-11,IMG_20240711_095645923.jpg,Sardine,Bad,Manual_data
2024-07-11,IMG_20240711_095657511.jpg,Sardine,Bad,Manual_data
2024-07-11,IMG_20240711_095809735.jpg,Sardine,Bad,Manual_data
2024-07-11,IMG_20240711_095815262.jpg,Sardine,Bad,Manual_data
2024-07-11,IMG_20240711_095737186.jpg,Sardine,Bad,Manual_data
2024-07-11,IMG_20240711_095855347.jpg,Sardine,Bad,Manual_data
2024-07-11,IMG_20240711_095920472.jpg,Sardine,Bad,Manual_data
2024-07-11,IMG_20240711_100051374 (1).jpg,Sardine,Bad,Manual_data
2024-07-11,IMG_20240711_095820131.jpg,Sardine,Bad,Manual_data
2024-07-11,IMG_20240711_095902171.jpg,Sardine,Bad,Manual_data
2024-07-11,IMG_20240711_095825384.jpg,Sardine,Bad,Manual_data
2024-07-11,IMG_20240711_095848380.jpg,Sardine,Bad,Manual_data
2024-07-11,IMG_20240711_095929851.jpg,Sardine,Bad,Manual_data
2024-07-11,IMG_20240711_095910829.jpg,Sardine,Bad,Manual_data
2024-07-11,IMG_20240711_100042765.jpg,Sardine,Bad,Manual_data
2024-07-11,IMG_20240711_100019316.jpg,Sardine,Bad,Manual_data
2024-07-11,IMG_20240711_094650729.jpg,Sardine,Bad,Manual_data
2024-07-11,IMG_20240711_102956423(1).jpg,White prawns,Bad,Manual_data
2024-07-11,IMG_20240711_102950380(1).jpg,White prawns,Bad,Manual_data
2024-07-11,IMG_20240711_102947508(1).jpg,White prawns,Bad,Manual_data
2024-07-11,IMG_20240711_102956423.jpg,White prawns,Bad,Manual_data
2024-07-11,IMG_20240711_102950380.jpg,White prawns,Bad,Manual_data
2024-07-11,IMG_20240711_102947508.jpg,White prawns,Bad,Manual_data
2024-07-11,IMG_20240711_103014742.jpg,White prawns,Bad,Manual_data
2024-07-11,IMG_20240711_103007318.jpg,White prawns,Bad,Manual_data
2024-07-11,IMG_20240711_103010808.jpg,White prawns,Bad,Manual_data
2024-07-11,IMG_20240711_103002188.jpg,White prawns,Bad,Manual_data
2024-07-11,IMG_20240711_103033087 (1).jpg,White prawns,Bad,Manual_data
2024-07-11,IMG_20240711_103036721 (1).jpg,White prawns,Bad,Manual_data
2024-07-11,IMG_20240711_103104520 (1).jpg,White prawns,Bad,Manual_data
2024-07-11,IMG_20240711_103108151 (1).jpg,White prawns,Bad,Manual_data
2024-07-11,IMG_20240711_103025735 (1).jpg,White prawns,Bad,Manual_data
2024-07-11,IMG_20240711_103020606 (1).jpg,White prawns,Bad,Manual_data
2024-07-11,IMG_20240711_103057607 (1).jpg,White prawns,Bad,Manual_data
2024-07-11,IMG_20240711_103044591 (1).jpg,White prawns,Bad,Manual_data
2024-07-11,IMG_20240711_103120838 (1).jpg,White prawns,Bad,Manual_data
2024-07-11,IMG_20240711_103050589 (1).jpg,White prawns,Bad,Manual_data
2024-07-11,IMG_20240711_103040821 (1).jpg,White prawns,Bad,Manual_data
2024-07-11,IMG_20240711_103044591.jpg,White prawns,Bad,Manual_data
2024-07-11,IMG_20240711_103112985 (1).jpg,White prawns,Bad,Manual_data
2024-07-11,IMG_20240711_103025735.jpg,White prawns,Bad,Manual_data
2024-07-11,IMG_20240711_103116519 (1).jpg,White prawns,Bad,Manual_data
2024-07-11,IMG_20240711_103020606.jpg,White prawns,Bad,Manual_data
2024-07-11,IMG_20240711_103036721.jpg,White prawns,Bad,Manual_data
2024-07-11,IMG_20240711_103033087.jpg,White prawns,Bad,Manual_data
2024-07-11,IMG_20240711_103112985.jpg,White prawns,Bad,Manual_data
2024-07-11,IMG_20240711_103040821.jpg,White prawns,Bad,Manual_data
2024-07-11,IMG_20240711_103108151.jpg,White prawns,Bad,Manual_data
2024-07-11,IMG_20240711_103120838.jpg,White prawns,Bad,Manual_data
2024-07-11,IMG_20240711_103050589.jpg,White prawns,Bad,Manual_data
2024-07-11,IMG_20240711_103124793.jpg,White prawns,Bad,Manual_data
2024-07-11,IMG_20240711_103057607.jpg,White prawns,Bad,Manual_data
2024-07-11,IMG_20240711_103104520.jpg,White prawns,Bad,Manual_data
2024-07-11,IMG_20240711_103128916.jpg,White prawns,Bad,Manual_data
2024-07-11,IMG_20240711_103148268.jpg,White prawns,Bad,Manual_data
2024-07-11,IMG_20240711_103214499.jpg,White prawns,Bad,Manual_data
2024-07-11,IMG_20240711_103116519.jpg,White prawns,Bad,Manual_data
2024-07-11,IMG_20240711_103138451.jpg,White prawns,Bad,Manual_data
2024-07-11,IMG_20240711_103208521.jpg,White prawns,Bad,Manual_data
2024-07-11,IMG_20240711_103142441.jpg,White prawns,Bad,Manual_data
2024-07-11,IMG_20240711_103159482.jpg,White prawns,Bad,Manual_data
2024-07-11,IMG_20240711_103234298.jpg,White prawns,Bad,Manual_data
2024-07-11,IMG_20240711_103243629.jpg,White prawns,Bad,Manual_data
2024-07-11,IMG_20240711_103259101.jpg,White prawns,Bad,Manual_data
2024-07-11,IMG_20240711_103237664.jpg,White prawns,Bad,Manual_data
2024-07-11,IMG_20240711_103229729.jpg,White prawns,Bad,Manual_data
2024-07-11,IMG_20240711_103221239.jpg,White prawns,Bad,Manual_data
2024-07-11,IMG_20240711_103134563.jpg,White prawns,Bad,Manual_data
2024-07-11,IMG_20240711_103331376.jpg,White prawns,Bad,Manual_data
2024-07-11,IMG_20240711_103248524.jpg,White prawns,Bad,Manual_data
2024-07-11,IMG_20240711_103305436.jpg,White prawns,Bad,Manual_data
2024-07-11,IMG_20240711_103310283.jpg,White prawns,Bad,Manual_data
2024-07-11,IMG_20240711_103358521.jpg,White prawns,Bad,Manual_data
2024-07-11,IMG_20240711_103326199.jpg,White prawns,Bad,Manual_data
2024-07-11,IMG_20240711_103351828.jpg,White prawns,Bad,Manual_data
2024-07-11,IMG_20240711_103314031.jpg,White prawns,Bad,Manual_data
2024-07-11,IMG_20240711_103321888.jpg,White prawns,Bad,Manual_data
2024-07-11,IMG_20240711_103420321.jpg,White prawns,Bad,Manual_data
2024-07-11,IMG_20240711_103414737.jpg,White prawns,Bad,Manual_data
2024-07-11,IMG_20240711_103339203.jpg,White prawns,Bad,Manual_data
2024-07-11,IMG_20240711_103425419.jpg,White prawns,Bad,Manual_data
2024-07-11,IMG_20240711_103347089.jpg,White prawns,Bad,Manual_data
2024-07-11,IMG_20240711_103342790.jpg,White prawns,Bad,Manual_data
2024-07-11,IMG_20240711_103410233.jpg,White prawns,Bad,Manual_data
2024-07-11,IMG_20240711_103435369.jpg,White prawns,Bad,Manual_data
2024-07-11,IMG_20240711_103443666.jpg,White prawns,Bad,Manual_data
2024-07-11,IMG_20240711_103431404.jpg,White prawns,Bad,Manual_data
2024-07-11,IMG_20240711_103404113.jpg,White prawns,Bad,Manual_data
2024-07-11,IMG_20240711_103438913.jpg,White prawns,Bad,Manual_data
2024-07-11,IMG_20240711_103449794.jpg,White prawns,Bad,Manual_data
2024-07-11,IMG_20240711_103453879.jpg,White prawns,Bad,Manual_data
2024-07-11,IMG_20240711_103520967.jpg,White prawns,Bad,Manual_data
2024-07-11,IMG_20240711_104303810.jpg,White prawns,Bad,Manual_data
2024-07-11,IMG_20240711_104259024.jpg,White prawns,Bad,Manual_data
2024-07-11,IMG_20240711_104333161.jpg,White prawns,Bad,Manual_data
2024-07-11,IMG_20240711_104328736.jpg,White prawns,Bad,Manual_data
2024-07-11,IMG_20240711_104323561.jpg,White prawns,Bad,Manual_data
2024-07-11,IMG_20240711_104349719.jpg,White prawns,Bad,Manual_data
2024-07-11,IMG_20240711_104345517.jpg,White prawns,Bad,Manual_data
2024-07-11,IMG_20240711_104336952.jpg,White prawns,Bad,Manual_data
2024-07-11,IMG_20240711_104410857.jpg,White prawns,Bad,Manual_data
2024-07-11,IMG_20240711_104341281.jpg,White prawns,Bad,Manual_data
2024-07-11,IMG_20240711_104414939.jpg,White prawns,Bad,Manual_data
2024-07-11,IMG_20240711_104401211.jpg,White prawns,Bad,Manual_data
2024-07-11,IMG_20240711_104428708.jpg,White prawns,Bad,Manual_data
2024-07-11,IMG_20240711_104356442.jpg,White prawns,Bad,Manual_data
2024-07-11,IMG_20240711_104443297.jpg,White prawns,Bad,Manual_data
2024-07-11,IMG_20240711_104437782.jpg,White prawns,Bad,Manual_data
2024-07-11,IMG_20240711_104434028.jpg,White prawns,Bad,Manual_data
2024-07-11,IMG_20240711_104447226.jpg,White prawns,Bad,Manual_data
2024-07-11,IMG_20240711_104504770.jpg,White prawns,Bad,Manual_data
2024-07-11,IMG_20240711_104451461.jpg,White prawns,Bad,Manual_data
2024-07-11,IMG_20240711_104457559.jpg,White prawns,Bad,Manual_data
2024-07-11,IMG_20240711_104420567.jpg,White prawns,Bad,Manual_data
2024-07-11,IMG_20240711_104510716.jpg,White prawns,Bad,Manual_data
2024-07-11,IMG_20240711_104522774.jpg,White prawns,Bad,Manual_data
2024-07-11,IMG_20240711_104537088.jpg,White prawns,Bad,Manual_data
2024-07-11,IMG_20240711_104551385.jpg,White prawns,Bad,Manual_data
2024-07-11,IMG_20240711_104518666.jpg,White prawns,Bad,Manual_data
2024-07-11,IMG_20240711_104529722.jpg,White prawns,Bad,Manual_data
2024-07-11,IMG_20240711_104544972.jpg,White prawns,Bad,Manual_data
2024-07-11,IMG_20240711_104514569.jpg,White prawns,Bad,Manual_data
2024-07-11,IMG_20240711_104614481.jpg,White prawns,Bad,Manual_data
2024-07-11,IMG_20240711_104619955.jpg,White prawns,Bad,Manual_data
2024-07-11,IMG_20240711_104556787.jpg,White prawns,Bad,Manual_data
2024-07-11,IMG_20240711_104608810.jpg,White prawns,Bad,Manual_data
2024-07-11,IMG_20240711_104603488.jpg,White prawns,Bad,Manual_data
2024-07-11,IMG_20240711_104639001.jpg,White prawns,Bad,Manual_data
2024-07-11,IMG_20240711_104625220.jpg,White prawns,Bad,Manual_data
2024-07-11,IMG_20240711_104645513.jpg,White prawns,Bad,Manual_data
2024-07-11,IMG_20240711_104630294.jpg,White prawns,Bad,Manual_data
2024-07-11,IMG_20240711_104656720.jpg,White prawns,Bad,Manual_data
2024-07-11,IMG_20240711_104711739.jpg,White prawns,Bad,Manual_data
2024-07-11,IMG_20240711_104652628.jpg,White prawns,Bad,Manual_data
2024-07-11,IMG_20240711_104703373.jpg,White prawns,Bad,Manual_data
2024-07-11,IMG_20240711_104724034.jpg,White prawns,Bad,Manual_data
2024-07-11,IMG_20240711_104733786.jpg,White prawns,Bad,Manual_data
2024-07-11,IMG_20240711_104811298.jpg,White prawns,Bad,Manual_data
2024-07-11,IMG_20240711_104739601.jpg,White prawns,Bad,Manual_data
2024-07-11,IMG_20240711_104746916.jpg,White prawns,Bad,Manual_data
2024-07-11,IMG_20240711_104820507.jpg,White prawns,Bad,Manual_data
2024-07-11,IMG_20240711_104743378.jpg,White prawns,Bad,Manual_data
2024-07-11,IMG_20240711_104815064.jpg,White prawns,Bad,Manual_data
2024-07-11,IMG_20240711_104827846.jpg,White prawns,Bad,Manual_data
2024-07-11,IMG_20240711_104839587.jpg,White prawns,Bad,Manual_data
2024-07-11,IMG_20240711_104851671.jpg,White prawns,Bad,Manual_data
2024-07-11,IMG_20240711_104906480.jpg,White prawns,Bad,Manual_data
2024-07-11,IMG_20240711_104859428.jpg,White prawns,Bad,Manual_data
2024-07-11,IMG_20240711_104910212.jpg,White prawns,Bad,Manual_data
2024-07-11,IMG_20240711_104917271.jpg,White prawns,Bad,Manual_data
2024-07-11,IMG_20240711_104926852.jpg,White prawns,Bad,Manual_data
2024-07-11,IMG_20240711_104921756.jpg,White prawns,Bad,Manual_data
2024-07-11,IMG_20240711_104947764.jpg,White prawns,Bad,Manual_data
2024-07-11,IMG_20240711_104939344.jpg,White prawns,Bad,Manual_data
2024-07-11,IMG_20240711_105030605.jpg,White prawns,Bad,Manual_data
2024-07-11,IMG_20240711_105006437.jpg,White prawns,Bad,Manual_data
2024-07-11,IMG_20240711_105001164.jpg,White prawns,Bad,Manual_data
2024-07-11,IMG_20240711_105026444.jpg,White prawns,Bad,Manual_data
2024-07-11,IMG_20240711_103509491(1).jpg,White prawns,Bad,Manual_data
2024-07-11,IMG_20240711_103548087(1).jpg,White prawns,Bad,Manual_data
2024-07-11,IMG_20240711_103501742.jpg,White prawns,Bad,Manual_data
2024-07-11,IMG_20240711_103509491.jpg,White prawns,Bad,Manual_data
2024-07-11,IMG_20240711_103543766.jpg,White prawns,Bad,Manual_data
2024-07-11,IMG_20240711_103458256.jpg,White prawns,Bad,Manual_data
2024-07-11,IMG_20240711_103536339.jpg,White prawns,Bad,Manual_data
2024-07-11,IMG_20240711_103531355.jpg,White prawns,Bad,Manual_data
2024-07-11,IMG_20240711_103605005.jpg,White prawns,Bad,Manual_data
2024-07-11,IMG_20240711_103601004.jpg,White prawns,Bad,Manual_data
2024-07-11,IMG_20240711_103557030.jpg,White prawns,Bad,Manual_data
2024-07-11,IMG_20240711_103627361.jpg,White prawns,Bad,Manual_data
2024-07-11,IMG_20240711_103622533.jpg,White prawns,Bad,Manual_data
2024-07-11,IMG_20240711_103632433.jpg,White prawns,Bad,Manual_data
2024-07-11,IMG_20240711_103609891.jpg,White prawns,Bad,Manual_data
2024-07-11,IMG_20240711_103548087.jpg,White prawns,Bad,Manual_data
2024-07-11,IMG_20240711_103553151.jpg,White prawns,Bad,Manual_data
2024-07-11,IMG_20240711_103658027.jpg,White prawns,Bad,Manual_data
2024-07-11,IMG_20240711_103615143.jpg,White prawns,Bad,Manual_data
2024-07-11,IMG_20240711_103649191.jpg,White prawns,Bad,Manual_data
2024-07-11,IMG_20240711_103714977.jpg,White prawns,Bad,Manual_data
2024-07-11,IMG_20240711_103748374.jpg,White prawns,Bad,Manual_data
2024-07-11,IMG_20240711_103645192.jpg,White prawns,Bad,Manual_data
2024-07-11,IMG_20240711_103822108.jpg,White prawns,Bad,Manual_data
2024-07-11,IMG_20240711_103703088.jpg,White prawns,Bad,Manual_data
2024-07-11,IMG_20240711_103752798.jpg,White prawns,Bad,Manual_data
2024-07-11,IMG_20240711_103836179.jpg,White prawns,Bad,Manual_data
2024-07-11,IMG_20240711_103817414.jpg,White prawns,Bad,Manual_data
2024-07-11,IMG_20240711_103756930.jpg,White prawns,Bad,Manual_data
2024-07-11,IMG_20240711_103840883.jpg,White prawns,Bad,Manual_data
2024-07-11,IMG_20240711_103844344.jpg,White prawns,Bad,Manual_data
2024-07-11,IMG_20240711_103813585.jpg,White prawns,Bad,Manual_data
2024-07-11,IMG_20240711_103917465.jpg,White prawns,Bad,Manual_data
2024-07-11,IMG_20240711_103927846.jpg,White prawns,Bad,Manual_data
2024-07-11,IMG_20240711_103922369.jpg,White prawns,Bad,Manual_data
2024-07-11,IMG_20240711_103830883.jpg,White prawns,Bad,Manual_data
2024-07-11,IMG_20240711_103826214.jpg,White prawns,Bad,Manual_data
2024-07-11,IMG_20240711_103909428.jpg,White prawns,Bad,Manual_data
2024-07-11,IMG_20240711_104008621.jpg,White prawns,Bad,Manual_data
2024-07-11,IMG_20240711_103937211.jpg,White prawns,Bad,Manual_data
2024-07-11,IMG_20240711_103933465.jpg,White prawns,Bad,Manual_data
2024-07-11,IMG_20240711_103943126.jpg,White prawns,Bad,Manual_data
2024-07-11,IMG_20240711_103952181.jpg,White prawns,Bad,Manual_data
2024-07-11,IMG_20240711_104000034.jpg,White prawns,Bad,Manual_data
2024-07-11,IMG_20240711_104023192.jpg,White prawns,Bad,Manual_data
2024-07-11,IMG_20240711_104029674.jpg,White prawns,Bad,Manual_data
2024-07-11,IMG_20240711_104005019.jpg,White prawns,Bad,Manual_data
2024-07-11,IMG_20240711_103955852.jpg,White prawns,Bad,Manual_data
2024-07-11,IMG_20240711_104051371.jpg,White prawns,Bad,Manual_data
2024-07-11,IMG_20240711_104037231.jpg,White prawns,Bad,Manual_data
2024-07-11,IMG_20240711_104041369.jpg,White prawns,Bad,Manual_data
2024-07-11,IMG_20240711_104045621.jpg,White prawns,Bad,Manual_data
2024-07-11,IMG_20240711_104018564.jpg,White prawns,Bad,Manual_data
2024-07-11,IMG_20240711_104114334.jpg,White prawns,Bad,Manual_data
2024-07-11,IMG_20240711_104013375.jpg,White prawns,Bad,Manual_data
2024-07-11,IMG_20240711_104107400.jpg,White prawns,Bad,Manual_data
2024-07-11,IMG_20240711_104139362.jpg,White prawns,Bad,Manual_data
2024-07-11,IMG_20240711_104133301.jpg,White prawns,Bad,Manual_data
2024-07-11,IMG_20240711_104142943.jpg,White prawns,Bad,Manual_data
2024-07-11,IMG_20240711_104128859.jpg,White prawns,Bad,Manual_data
2024-07-11,IMG_20240711_104103124.jpg,White prawns,Bad,Manual_data
2024-07-11,IMG_20240711_104058507.jpg,White prawns,Bad,Manual_data
2024-07-11,IMG_20240711_104125259.jpg,White prawns,Bad,Manual_data
2024-07-11,IMG_20240711_104155342.jpg,White prawns,Bad,Manual_data
2024-07-11,IMG_20240711_104159310.jpg,White prawns,Bad,Manual_data
2024-07-11,IMG_20240711_104147309.jpg,White prawns,Bad,Manual_data
2024-07-11,IMG_20240711_104205699.jpg,White prawns,Bad,Manual_data
2024-07-11,IMG_20240711_104151560.jpg,White prawns,Bad,Manual_data
2024-07-11,IMG_20240711_104236198.jpg,White prawns,Bad,Manual_data
2024-07-11,IMG_20240711_104228136.jpg,White prawns,Bad,Manual_data
2024-07-11,IMG_20240711_104246915.jpg,White prawns,Bad,Manual_data
2024-07-11,IMG_20240711_104254467.jpg,White prawns,Bad,Manual_data
2024-07-11,IMG_20240711_104250560.jpg,White prawns,Bad,Manual_data
2024-07-11,IMG_20240711_104210501.jpg,White prawns,Bad,Manual_data
2024-07-11,IMG_20240711_104242839.jpg,White prawns,Bad,Manual_data
2024-07-11,IMG_20240711_104313268.jpg,White prawns,Bad,Manual_data
2024-07-11,IMG_20240711_104308779.jpg,White prawns,Bad,Manual_data
2024-07-11,IMG_20240711_112626059.jpg,White prawns,Bad,Manual_data
2024-07-11,IMG_20240711_112621097.jpg,White prawns,Bad,Manual_data
2024-07-11,IMG_20240711_112613276.jpg,White prawns,Bad,Manual_data
2024-07-11,IMG_20240711_112617290.jpg,White prawns,Bad,Manual_data
2024-07-11,IMG_20240711_112608331.jpg,White prawns,Bad,Manual_data
2024-07-11,IMG_20240711_112644564.jpg,White prawns,Bad,Manual_data
2024-07-11,IMG_20240711_112649316.jpg,White prawns,Bad,Manual_data
2024-07-11,IMG_20240711_112652927.jpg,White prawns,Bad,Manual_data
2024-07-11,IMG_20240711_112707803.jpg,White prawns,Bad,Manual_data
2024-07-11,IMG_20240711_112630149.jpg,White prawns,Bad,Manual_data
2024-07-11,IMG_20240711_112700386.jpg,White prawns,Bad,Manual_data
2024-07-11,IMG_20240711_112704506.jpg,White prawns,Bad,Manual_data
2024-07-11,IMG_20240711_112712562.jpg,White prawns,Bad,Manual_data
2024-07-11,IMG_20240711_112809647.jpg,White prawns,Bad,Manual_data
2024-07-11,IMG_20240711_112740160.jpg,White prawns,Bad,Manual_data
2024-07-11,IMG_20240711_112736255.jpg,White prawns,Bad,Manual_data
2024-07-11,IMG_20240711_112720665.jpg,White prawns,Bad,Manual_data
2024-07-11,IMG_20240711_112656775.jpg,White prawns,Bad,Manual_data
2024-07-11,IMG_20240711_112746052.jpg,White prawns,Bad,Manual_data
2024-07-11,IMG_20240711_112716321.jpg,White prawns,Bad,Manual_data
2024-07-11,IMG_20240711_112724671.jpg,White prawns,Bad,Manual_data
2024-07-11,IMG_20240711_112815063.jpg,White prawns,Bad,Manual_data
2024-07-11,IMG_20240711_112836289.jpg,White prawns,Bad,Manual_data
2024-07-11,IMG_20240711_112826433.jpg,White prawns,Bad,Manual_data
2024-07-11,IMG_20240711_112759054.jpg,White prawns,Bad,Manual_data
2024-07-11,IMG_20240711_112751319.jpg,White prawns,Bad,Manual_data
2024-07-11,IMG_20240711_112802938.jpg,White prawns,Bad,Manual_data
2024-07-11,IMG_20240711_112754990.jpg,White prawns,Bad,Manual_data
2024-07-11,IMG_20240711_112839980.jpg,White prawns,Bad,Manual_data
2024-07-11,IMG_20240711_112854300.jpg,White prawns,Bad,Manual_data
2024-07-11,IMG_20240711_112849510.jpg,White prawns,Bad,Manual_data
2024-07-11,IMG_20240711_112844472.jpg,White prawns,Bad,Manual_data
2024-07-11,IMG_20240711_112911591.jpg,White prawns,Bad,Manual_data
2024-07-11,IMG_20240711_112859231.jpg,White prawns,Bad,Manual_data
2024-07-11,IMG_20240711_112915940.jpg,White prawns,Bad,Manual_data
2024-07-11,IMG_20240711_112925638.jpg,White prawns,Bad,Manual_data
2024-07-11,IMG_20240711_112920870.jpg,White prawns,Bad,Manual_data
2024-07-11,IMG_20240711_112937371.jpg,White prawns,Bad,Manual_data
2024-07-11,IMG_20240711_112933274.jpg,White prawns,Bad,Manual_data
2024-07-11,IMG_20240711_112942143.jpg,White prawns,Bad,Manual_data
2024-07-11,IMG_20240711_112951701.jpg,White prawns,Bad,Manual_data
2024-07-11,IMG_20240711_113004962.jpg,White prawns,Bad,Manual_data
2024-07-11,IMG_20240711_113024636.jpg,White prawns,Bad,Manual_data
2024-07-11,IMG_20240711_113018046.jpg,White prawns,Bad,Manual_data
2024-07-11,IMG_20240711_113009839.jpg,White prawns,Bad,Manual_data
2024-07-11,IMG_20240711_113029200.jpg,White prawns,Bad,Manual_data
2024-07-11,IMG_20240711_113034345.jpg,White prawns,Bad,Manual_data
2024-07-11,IMG_20240711_113039449.jpg,White prawns,Bad,Manual_data
2024-07-11,IMG_20240711_113045863.jpg,White prawns,Bad,Manual_data
2024-07-11,IMG_20240711_113050735.jpg,White prawns,Bad,Manual_data
2024-07-11,IMG_20240711_113147486.jpg,White prawns,Bad,Manual_data
2024-07-11,IMG_20240711_113104036.jpg,White prawns,Bad,Manual_data
2024-07-11,IMG_20240711_113059882.jpg,White prawns,Bad,Manual_data
2024-07-11,IMG_20240711_113055215.jpg,White prawns,Bad,Manual_data
2024-07-11,IMG_20240711_113110186.jpg,White prawns,Bad,Manual_data
2024-07-11,IMG_20240711_113129315.jpg,White prawns,Bad,Manual_data
2024-07-11,IMG_20240711_113134817.jpg,White prawns,Bad,Manual_data
2024-07-11,IMG_20240711_113157515.jpg,White prawns,Bad,Manual_data
2024-07-11,IMG_20240711_113212297.jpg,White prawns,Bad,Manual_data
2024-07-11,IMG_20240711_113232755.jpg,White prawns,Bad,Manual_data
2024-07-11,IMG_20240711_113217856.jpg,White prawns,Bad,Manual_data
2024-07-11,IMG_20240711_113221853.jpg,White prawns,Bad,Manual_data
2024-07-11,IMG_20240711_113138847.jpg,White prawns,Bad,Manual_data
2024-07-11,IMG_20240711_113142984.jpg,White prawns,Bad,Manual_data
2024-07-11,IMG_20240711_113206772.jpg,White prawns,Bad,Manual_data
2024-07-11,IMG_20240711_113226899.jpg,White prawns,Bad,Manual_data
2024-07-11,IMG_20240711_113309592.jpg,White prawns,Bad,Manual_data
2024-07-11,IMG_20240711_113337063.jpg,White prawns,Bad,Manual_data
2024-07-11,IMG_20240711_113242287.jpg,White prawns,Bad,Manual_data
2024-07-11,IMG_20240711_113254882.jpg,White prawns,Bad,Manual_data
2024-07-11,IMG_20240711_113324766.jpg,White prawns,Bad,Manual_data
2024-07-11,IMG_20240711_113314505.jpg,White prawns,Bad,Manual_data
2024-07-11,IMG_20240711_113259706.jpg,White prawns,Bad,Manual_data
2024-07-11,IMG_20240711_113303553.jpg,White prawns,Bad,Manual_data
2024-07-11,IMG_20240711_113343283.jpg,White prawns,Bad,Manual_data
2024-07-11,IMG_20240711_113423003.jpg,White prawns,Bad,Manual_data
2024-07-11,IMG_20240711_113408859.jpg,White prawns,Bad,Manual_data
2024-07-11,IMG_20240711_113318857.jpg,White prawns,Bad,Manual_data
2024-07-11,IMG_20240711_113431185 (1).jpg,White prawns,Bad,Manual_data
2024-07-11,IMG_20240711_113427663.jpg,White prawns,Bad,Manual_data
2024-07-11,IMG_20240711_113347922.jpg,White prawns,Bad,Manual_data
2024-07-11,IMG_20240711_113353631.jpg,White prawns,Bad,Manual_data
2024-07-11,IMG_20240711_113431185.jpg,White prawns,Bad,Manual_data
2024-07-11,IMG_20240711_113435123 (1).jpg,White prawns,Bad,Manual_data
2024-07-11,IMG_20240711_113435123.jpg,White prawns,Bad,Manual_data
2024-07-11,IMG_20240711_113445327.jpg,White prawns,Bad,Manual_data
2024-07-11,IMG_20240711_113440107 (1).jpg,White prawns,Bad,Manual_data
2024-07-11,IMG_20240711_113440107.jpg,White prawns,Bad,Manual_data
2024-07-11,IMG_20240711_113454109.jpg,White prawns,Bad,Manual_data
2024-07-11,IMG_20240711_113449460.jpg,White prawns,Bad,Manual_data
2024-07-11,IMG_20240711_113458334.jpg,White prawns,Bad,Manual_data
2024-07-11,IMG_20240711_113515092.jpg,White prawns,Bad,Manual_data
2024-07-11,IMG_20240711_113538582.jpg,White prawns,Bad,Manual_data
2024-07-11,IMG_20240711_113519379.jpg,White prawns,Bad,Manual_data
2024-07-11,IMG_20240711_113529007.jpg,White prawns,Bad,Manual_data
2024-07-11,IMG_20240711_113552514.jpg,White prawns,Bad,Manual_data
2024-07-11,IMG_20240711_113511406.jpg,White prawns,Bad,Manual_data
2024-07-11,IMG_20240711_113556418.jpg,White prawns,Bad,Manual_data
2024-07-11,IMG_20240711_113525266.jpg,White prawns,Bad,Manual_data
2024-07-11,IMG_20240711_113507726.jpg,White prawns,Bad,Manual_data
2024-07-11,IMG_20240711_113625279.jpg,White prawns,Bad,Manual_data
2024-07-11,IMG_20240711_113601202.jpg,White prawns,Bad,Manual_data
2024-07-11,IMG_20240711_113628514.jpg,White prawns,Bad,Manual_data
2024-07-11,IMG_20240711_113640021.jpg,White prawns,Bad,Manual_data
2024-07-11,IMG_20240711_113632767.jpg,White prawns,Bad,Manual_data
2024-07-11,IMG_20240711_113607222.jpg,White prawns,Bad,Manual_data
2024-07-11,IMG_20240711_113610511.jpg,White prawns,Bad,Manual_data
2024-07-11,IMG_20240711_113636515.jpg,White prawns,Bad,Manual_data
2024-07-11,IMG_20240711_113703021.jpg,White prawns,Bad,Manual_data
2024-07-11,IMG_20240711_113644865.jpg,White prawns,Bad,Manual_data
2024-07-11,IMG_20240711_113659173.jpg,White prawns,Bad,Manual_data
2024-07-11,IMG_20240711_113712445.jpg,White prawns,Bad,Manual_data
2024-07-11,IMG_20240711_113708022.jpg,White prawns,Bad,Manual_data
2024-07-11,IMG_20240711_112604350.jpg,White prawns,Bad,Manual_data
2024-07-18,IMG_20240718_103607531.jpg,White prawns,Good,Manual_data
2024-07-18,IMG_20240718_103602467.jpg,White prawns,Good,Manual_data
2024-07-18,IMG_20240718_103557611.jpg,White prawns,Good,Manual_data
2024-07-18,IMG_20240718_103553335.jpg,White prawns,Good,Manual_data
2024-07-18,IMG_20240718_103526147.jpg,White prawns,Good,Manual_data
2024-07-18,IMG_20240718_103621946.jpg,White prawns,Good,Manual_data
2024-07-18,IMG_20240718_103643633.jpg,White prawns,Good,Manual_data
2024-07-18,IMG_20240718_103626031.jpg,White prawns,Good,Manual_data
2024-07-18,IMG_20240718_103618061.jpg,White prawns,Good,Manual_data
2024-07-18,IMG_20240718_103647836.jpg,White prawns,Good,Manual_data
2024-07-18,IMG_20240718_103718796.jpg,White prawns,Good,Manual_data
2024-07-18,IMG_20240718_103613144.jpg,White prawns,Good,Manual_data
2024-07-18,IMG_20240718_103709086.jpg,White prawns,Good,Manual_data
2024-07-18,IMG_20240718_103652846.jpg,White prawns,Good,Manual_data
2024-07-18,IMG_20240718_103704204.jpg,White prawns,Good,Manual_data
2024-07-18,IMG_20240718_103658393.jpg,White prawns,Good,Manual_data
2024-07-18,IMG_20240718_103712953.jpg,White prawns,Good,Manual_data
2024-07-18,IMG_20240718_103733072.jpg,White prawns,Good,Manual_data
2024-07-18,IMG_20240718_103739515.jpg,White prawns,Good,Manual_data
2024-07-18,IMG_20240718_103722549.jpg,White prawns,Good,Manual_data
2024-07-18,IMG_20240718_103747609.jpg,White prawns,Good,Manual_data
2024-07-18,IMG_20240718_103726513.jpg,White prawns,Good,Manual_data
2024-07-18,IMG_20240718_103848182.jpg,White prawns,Good,Manual_data
2024-07-18,IMG_20240718_103851984.jpg,White prawns,Good,Manual_data
2024-07-18,IMG_20240718_103900447.jpg,White prawns,Good,Manual_data
2024-07-18,IMG_20240718_103840571.jpg,White prawns,Good,Manual_data
2024-07-18,IMG_20240718_103856685.jpg,White prawns,Good,Manual_data
2024-07-18,IMG_20240718_103753630.jpg,White prawns,Good,Manual_data
2024-07-18,IMG_20240718_103743514.jpg,White prawns,Good,Manual_data
2024-07-18,IMG_20240718_103915369.jpg,White prawns,Good,Manual_data
2024-07-18,IMG_20240718_103919490.jpg,White prawns,Good,Manual_data
2024-07-18,IMG_20240718_103905629.jpg,White prawns,Good,Manual_data
2024-07-18,IMG_20240718_103954599.jpg,White prawns,Good,Manual_data
2024-07-18,IMG_20240718_103941930.jpg,White prawns,Good,Manual_data
2024-07-18,IMG_20240718_103933558.jpg,White prawns,Good,Manual_data
2024-07-18,IMG_20240718_103938251.jpg,White prawns,Good,Manual_data
2024-07-18,IMG_20240718_103927999.jpg,White prawns,Good,Manual_data
2024-07-18,IMG_20240718_103923107.jpg,White prawns,Good,Manual_data
2024-07-18,IMG_20240718_104015594.jpg,White prawns,Good,Manual_data
2024-07-18,IMG_20240718_103959501.jpg,White prawns,Good,Manual_data
2024-07-18,IMG_20240718_104024590.jpg,White prawns,Good,Manual_data
2024-07-18,IMG_20240718_104037857.jpg,White prawns,Good,Manual_data
2024-07-18,IMG_20240718_104005393.jpg,White prawns,Good,Manual_data
2024-07-18,IMG_20240718_104033277.jpg,White prawns,Good,Manual_data
2024-07-18,IMG_20240718_104010490.jpg,White prawns,Good,Manual_data
2024-07-18,IMG_20240718_104028528.jpg,White prawns,Good,Manual_data
2024-07-18,IMG_20240718_104020444.jpg,White prawns,Good,Manual_data
2024-07-18,IMG_20240718_104046911.jpg,White prawns,Good,Manual_data
2024-07-18,IMG_20240718_104042122.jpg,White prawns,Good,Manual_data
2024-07-18,IMG_20240718_104106794.jpg,White prawns,Good,Manual_data
2024-07-18,IMG_20240718_104114569.jpg,White prawns,Good,Manual_data
2024-07-18,IMG_20240718_104050599.jpg,White prawns,Good,Manual_data
2024-07-18,IMG_20240718_104055243.jpg,White prawns,Good,Manual_data
2024-07-18,IMG_20240718_104100485.jpg,White prawns,Good,Manual_data
2024-07-18,IMG_20240718_104307534.jpg,White prawns,Good,Manual_data
2024-07-18,IMG_20240718_104317878.jpg,White prawns,Good,Manual_data
2024-07-18,IMG_20240718_104259480.jpg,White prawns,Good,Manual_data
2024-07-18,IMG_20240718_104122505.jpg,White prawns,Good,Manual_data
2024-07-18,IMG_20240718_104133591.jpg,White prawns,Good,Manual_data
2024-07-18,IMG_20240718_104128231.jpg,White prawns,Good,Manual_data
2024-07-18,IMG_20240718_104303883.jpg,White prawns,Good,Manual_data
2024-07-18,IMG_20240718_104313834.jpg,White prawns,Good,Manual_data
2024-07-18,IMG_20240718_104325748.jpg,White prawns,Good,Manual_data
2024-07-18,IMG_20240718_104321928.jpg,White prawns,Good,Manual_data
2024-07-18,IMG_20240718_104403750.jpg,White prawns,Good,Manual_data
2024-07-18,IMG_20240718_104336340.jpg,White prawns,Good,Manual_data
2024-07-18,IMG_20240718_104340576.jpg,White prawns,Good,Manual_data
2024-07-18,IMG_20240718_104349605.jpg,White prawns,Good,Manual_data
2024-07-18,IMG_20240718_104356153.jpg,White prawns,Good,Manual_data
2024-07-18,IMG_20240718_104400410.jpg,White prawns,Good,Manual_data
2024-07-18,IMG_20240718_104345888.jpg,White prawns,Good,Manual_data
2024-07-18,IMG_20240718_104407498.jpg,White prawns,Good,Manual_data
2024-07-18,IMG_20240718_104410702.jpg,White prawns,Good,Manual_data
2024-07-18,IMG_20240718_104414452.jpg,White prawns,Good,Manual_data
2024-07-18,IMG_20240718_104515848.jpg,White prawns,Good,Manual_data
2024-07-18,IMG_20240718_104511916.jpg,White prawns,Good,Manual_data
2024-07-18,IMG_20240718_104423488.jpg,White prawns,Good,Manual_data
2024-07-18,IMG_20240718_104419917.jpg,White prawns,Good,Manual_data
2024-07-18,IMG_20240718_104444295.jpg,White prawns,Good,Manual_data
2024-07-18,IMG_20240718_104438719.jpg,White prawns,Good,Manual_data
2024-07-18,IMG_20240718_104524374.jpg,White prawns,Good,Manual_data
2024-07-18,IMG_20240718_105353629.jpg,White prawns,Good,Manual_data
2024-07-18,IMG_20240718_104505190.jpg,White prawns,Good,Manual_data
2024-07-18,IMG_20240718_105346898.jpg,White prawns,Good,Manual_data
2024-07-18,IMG_20240718_104556851.jpg,White prawns,Good,Manual_data
2024-07-18,IMG_20240718_104549773.jpg,White prawns,Good,Manual_data
2024-07-18,IMG_20240718_104528997.jpg,White prawns,Good,Manual_data
2024-07-18,IMG_20240718_104451185.jpg,White prawns,Good,Manual_data
2024-07-18,IMG_20240718_105418192.jpg,White prawns,Good,Manual_data
2024-07-18,IMG_20240718_105338767.jpg,White prawns,Good,Manual_data
2024-07-18,IMG_20240718_105412155.jpg,White prawns,Good,Manual_data
2024-07-18,IMG_20240718_105429767.jpg,White prawns,Good,Manual_data
2024-07-18,IMG_20240718_105407980.jpg,White prawns,Good,Manual_data
2024-07-18,IMG_20240718_105425469.jpg,White prawns,Good,Manual_data
2024-07-18,IMG_20240718_105438831.jpg,White prawns,Good,Manual_data
2024-07-18,IMG_20240718_105452013.jpg,White prawns,Good,Manual_data
2024-07-18,IMG_20240718_105400109.jpg,White prawns,Good,Manual_data
2024-07-18,IMG_20240718_105433560.jpg,White prawns,Good,Manual_data
2024-07-18,IMG_20240718_105445243.jpg,White prawns,Good,Manual_data
2024-07-18,IMG_20240718_114538333.jpg,Mackerel,Good,Manual_data
2024-07-18,IMG_20240718_114533676.jpg,Mackerel,Good,Manual_data
2024-07-18,IMG_20240718_114530502.jpg,Mackerel,Good,Manual_data
2024-07-18,IMG_20240718_114518146.jpg,Mackerel,Good,Manual_data
2024-07-18,IMG_20240718_114553853.jpg,Mackerel,Good,Manual_data
2024-07-18,IMG_20240718_114540830.jpg,Mackerel,Good,Manual_data
2024-07-18,IMG_20240718_114545387.jpg,Mackerel,Good,Manual_data
2024-07-18,IMG_20240718_114548515.jpg,Mackerel,Good,Manual_data
2024-07-18,IMG_20240718_114628676.jpg,Mackerel,Good,Manual_data
2024-07-18,IMG_20240718_114649578.jpg,Mackerel,Good,Manual_data
2024-07-18,IMG_20240718_114607192.jpg,Mackerel,Good,Manual_data
2024-07-18,IMG_20240718_114639747.jpg,Mackerel,Good,Manual_data
2024-07-18,IMG_20240718_114601948.jpg,Mackerel,Good,Manual_data
2024-07-18,IMG_20240718_114557155.jpg,Mackerel,Good,Manual_data
2024-07-18,IMG_20240718_114636649.jpg,Mackerel,Good,Manual_data
2024-07-18,IMG_20240718_114631161.jpg,Mackerel,Good,Manual_data
2024-07-18,IMG_20240718_114711163.jpg,Mackerel,Good,Manual_data
2024-07-18,IMG_20240718_114715142.jpg,Mackerel,Good,Manual_data
2024-07-18,IMG_20240718_114701781.jpg,Mackerel,Good,Manual_data
2024-07-18,IMG_20240718_114657209.jpg,Mackerel,Good,Manual_data
2024-07-18,IMG_20240718_114732200.jpg,Mackerel,Good,Manual_data
2024-07-18,IMG_20240718_114728481.jpg,Mackerel,Good,Manual_data
2024-07-18,IMG_20240718_114719009.jpg,Mackerel,Good,Manual_data
2024-07-18,IMG_20240718_114809231.jpg,Mackerel,Good,Manual_data
2024-07-18,IMG_20240718_114751724.jpg,Mackerel,Good,Manual_data
2024-07-18,IMG_20240718_114739653.jpg,Mackerel,Good,Manual_data
2024-07-18,IMG_20240718_114748198.jpg,Mackerel,Good,Manual_data
2024-07-18,IMG_20240718_114735864.jpg,Mackerel,Good,Manual_data
2024-07-18,IMG_20240718_114830714.jpg,Mackerel,Good,Manual_data
2024-07-18,IMG_20240718_114826690.jpg,Mackerel,Good,Manual_data
2024-07-18,IMG_20240718_114837320.jpg,Mackerel,Good,Manual_data
2024-07-18,IMG_20240718_114822205.jpg,Mackerel,Good,Manual_data
2024-07-18,IMG_20240718_114902026.jpg,Mackerel,Good,Manual_data
2024-07-18,IMG_20240718_114857260.jpg,Mackerel,Good,Manual_data
2024-07-18,IMG_20240718_114818787.jpg,Mackerel,Good,Manual_data
2024-07-18,IMG_20240718_114840502.jpg,Mackerel,Good,Manual_data
2024-07-18,IMG_20240718_114906608.jpg,Mackerel,Good,Manual_data
2024-07-18,IMG_20240718_114851958.jpg,Mackerel,Good,Manual_data
2024-07-18,IMG_20240718_114921070.jpg,Mackerel,Good,Manual_data
2024-07-18,IMG_20240718_114935183.jpg,Mackerel,Good,Manual_data
2024-07-18,IMG_20240718_114925850.jpg,Mackerel,Good,Manual_data
2024-07-18,IMG_20240718_115007751.jpg,Mackerel,Good,Manual_data
2024-07-18,IMG_20240718_115010359.jpg,Mackerel,Good,Manual_data
2024-07-18,IMG_20240718_114944147.jpg,Mackerel,Good,Manual_data
2024-07-18,IMG_20240718_114949589.jpg,Mackerel,Good,Manual_data
2024-07-18,IMG_20240718_114952600.jpg,Mackerel,Good,Manual_data
2024-07-18,IMG_20240718_115035541.jpg,Mackerel,Good,Manual_data
2024-07-18,IMG_20240718_115005435.jpg,Mackerel,Good,Manual_data
2024-07-18,IMG_20240718_115033099.jpg,Mackerel,Good,Manual_data
2024-07-18,IMG_20240718_115030694.jpg,Mackerel,Good,Manual_data
2024-07-18,IMG_20240718_115013116.jpg,Mackerel,Good,Manual_data
2024-07-18,IMG_20240718_115042083.jpg,Mackerel,Good,Manual_data
2024-07-18,IMG_20240718_115015940.jpg,Mackerel,Good,Manual_data
2024-07-18,IMG_20240718_115045952.jpg,Mackerel,Good,Manual_data
2024-07-18,IMG_20240718_115049332.jpg,Mackerel,Good,Manual_data
2024-07-18,IMG_20240718_115121477.jpg,Mackerel,Good,Manual_data
2024-07-18,IMG_20240718_115054089.jpg,Mackerel,Good,Manual_data
2024-07-18,IMG_20240718_115118838.jpg,Mackerel,Good,Manual_data
2024-07-18,IMG_20240718_115051657.jpg,Mackerel,Good,Manual_data
2024-07-18,IMG_20240718_115143226.jpg,Mackerel,Good,Manual_data
2024-07-18,IMG_20240718_115146721.jpg,Mackerel,Good,Manual_data
2024-07-18,IMG_20240718_115128190.jpg,Mackerel,Good,Manual_data
2024-07-18,IMG_20240718_115137764.jpg,Mackerel,Good,Manual_data
2024-07-18,IMG_20240718_115124515.jpg,Mackerel,Good,Manual_data
2024-07-18,IMG_20240718_115223226.jpg,Mackerel,Good,Manual_data
2024-07-18,IMG_20240718_115230521.jpg,Mackerel,Good,Manual_data
2024-07-18,IMG_20240718_115149962.jpg,Mackerel,Good,Manual_data
2024-07-18,IMG_20240718_115217587.jpg,Mackerel,Good,Manual_data
2024-07-18,IMG_20240718_115248321.jpg,Mackerel,Good,Manual_data
2024-07-18,IMG_20240718_115245196.jpg,Mackerel,Good,Manual_data
2024-07-18,IMG_20240718_115239264.jpg,Mackerel,Good,Manual_data
2024-07-18,IMG_20240718_115324154.jpg,Mackerel,Good,Manual_data
2024-07-18,IMG_20240718_115318218.jpg,Mackerel,Good,Manual_data
2024-07-18,IMG_20240718_115241959.jpg,Mackerel,Good,Manual_data
2024-07-18,IMG_20240718_115329337.jpg,Mackerel,Good,Manual_data
2024-07-18,IMG_20240718_115326879.jpg,Mackerel,Good,Manual_data
2024-07-18,IMG_20240718_115339670.jpg,Mackerel,Good,Manual_data
2024-07-18,IMG_20240718_115337276.jpg,Mackerel,Good,Manual_data
2024-07-18,IMG_20240718_115334831.jpg,Mackerel,Good,Manual_data
2024-07-18,IMG_20240718_115331950.jpg,Mackerel,Good,Manual_data
2024-07-18,IMG_20240718_115441860.jpg,Mackerel,Good,Manual_data
2024-07-18,IMG_20240718_115439187.jpg,Mackerel,Good,Manual_data
2024-07-18,IMG_20240718_115446167.jpg,Mackerel,Good,Manual_data
2024-07-18,IMG_20240718_115515283.jpg,Mackerel,Good,Manual_data
2024-07-18,IMG_20240718_115406576.jpg,Mackerel,Good,Manual_data
2024-07-18,IMG_20240718_115542780.jpg,Mackerel,Good,Manual_data
2024-07-18,IMG_20240718_115452578.jpg,Mackerel,Good,Manual_data
2024-07-18,IMG_20240718_115528971.jpg,Mackerel,Good,Manual_data
2024-07-18,IMG_20240718_115603258.jpg,Mackerel,Good,Manual_data
2024-07-18,IMG_20240718_115559578.jpg,Mackerel,Good,Manual_data
2024-07-18,IMG_20240718_115524224.jpg,Mackerel,Good,Manual_data
2024-07-18,IMG_20240718_115455766.jpg,Mackerel,Good,Manual_data
2024-07-18,IMG_20240718_115545913.jpg,Mackerel,Good,Manual_data
2024-07-18,IMG_20240718_115502838.jpg,Mackerel,Good,Manual_data
2024-07-18,IMG_20240718_115623140.jpg,Mackerel,Good,Manual_data
2024-07-18,IMG_20240718_115614751.jpg,Mackerel,Good,Manual_data
2024-07-18,IMG_20240718_115618851.jpg,Mackerel,Good,Manual_data
2024-07-18,IMG_20240718_115554579.jpg,Mackerel,Good,Manual_data
2024-07-18,IMG_20240718_115609869.jpg,Mackerel,Good,Manual_data
2024-07-18,IMG_20240718_115643352.jpg,Mackerel,Good,Manual_data
2024-07-18,IMG_20240718_115636054.jpg,Mackerel,Good,Manual_data
2024-07-18,IMG_20240718_115656983.jpg,Mackerel,Good,Manual_data
2024-07-18,IMG_20240718_115725814.jpg,Mackerel,Good,Manual_data
2024-07-18,IMG_20240718_115639679.jpg,Mackerel,Good,Manual_data
2024-07-18,IMG_20240718_115703099.jpg,Mackerel,Good,Manual_data
2024-07-18,IMG_20240718_115631446.jpg,Mackerel,Good,Manual_data
2024-07-18,IMG_20240718_115722287.jpg,Mackerel,Good,Manual_data
2024-07-18,IMG_20240718_115749773.jpg,Mackerel,Good,Manual_data
2024-07-18,IMG_20240718_115712411.jpg,Mackerel,Good,Manual_data
2024-07-18,IMG_20240718_115718298.jpg,Mackerel,Good,Manual_data
2024-07-18,IMG_20240718_115746940.jpg,Mackerel,Good,Manual_data
2024-07-18,IMG_20240718_115737102.jpg,Mackerel,Good,Manual_data
2024-07-18,IMG_20240718_115757149.jpg,Mackerel,Good,Manual_data
2024-07-18,IMG_20240718_115807427.jpg,Mackerel,Good,Manual_data
2024-07-18,IMG_20240718_115759411.jpg,Mackerel,Good,Manual_data
2024-07-18,IMG_20240718_115741971.jpg,Mackerel,Good,Manual_data
2024-07-18,IMG_20240718_115731407.jpg,Mackerel,Good,Manual_data
2024-07-18,IMG_20240718_115803892.jpg,Mackerel,Good,Manual_data
2024-07-18,IMG_20240718_115752996.jpg,Mackerel,Good,Manual_data
2024-07-18,IMG_20240718_115825127.jpg,Mackerel,Good,Manual_data
2024-07-18,IMG_20240718_115814912.jpg,Mackerel,Good,Manual_data
2024-07-18,IMG_20240718_115817966.jpg,Mackerel,Good,Manual_data
2024-07-18,IMG_20240718_115821539.jpg,Mackerel,Good,Manual_data
2024-07-18,IMG_20240718_115810535.jpg,Mackerel,Good,Manual_data
2024-07-18,IMG_20240718_120151575.jpg,Mackerel,Good,Manual_data
2024-07-18,IMG_20240718_120154910.jpg,Mackerel,Good,Manual_data
2024-07-18,IMG_20240718_120158437.jpg,Mackerel,Good,Manual_data
2024-07-18,IMG_20240718_120204451.jpg,Mackerel,Good,Manual_data
2024-07-18,IMG_20240718_120210042.jpg,Mackerel,Good,Manual_data
2024-07-18,IMG_20240718_120201463.jpg,Mackerel,Good,Manual_data
2024-07-18,IMG_20240718_120207540.jpg,Mackerel,Good,Manual_data
2024-07-18,IMG_20240718_120212557.jpg,Mackerel,Good,Manual_data
2024-07-18,IMG_20240718_120237866.jpg,Mackerel,Good,Manual_data
2024-07-18,IMG_20240718_120229583.jpg,Mackerel,Good,Manual_data
2024-07-18,IMG_20240718_120232882.jpg,Mackerel,Good,Manual_data
2024-07-18,IMG_20240718_120226751.jpg,Mackerel,Good,Manual_data
2024-07-18,IMG_20240718_120216951.jpg,Mackerel,Good,Manual_data
2024-07-18,IMG_20240718_120220878.jpg,Mackerel,Good,Manual_data
2024-07-18,IMG_20240718_120223304.jpg,Mackerel,Good,Manual_data
2024-07-18,IMG_20240718_120241238.jpg,Mackerel,Good,Manual_data
2024-07-18,IMG_20240718_120307645.jpg,Mackerel,Good,Manual_data
2024-07-18,IMG_20240718_120258073.jpg,Mackerel,Good,Manual_data
2024-07-18,IMG_20240718_120309478.jpg,Mackerel,Good,Manual_data
2024-07-18,IMG_20240718_120253386.jpg,Mackerel,Good,Manual_data
2024-07-18,IMG_20240718_120303859.jpg,Mackerel,Good,Manual_data
2024-07-18,IMG_20240718_120248905.jpg,Mackerel,Good,Manual_data
2024-07-18,IMG_20240718_120345582.jpg,Mackerel,Good,Manual_data
2024-07-18,IMG_20240718_120413212.jpg,Mackerel,Good,Manual_data
2024-07-18,IMG_20240718_120408405.jpg,Mackerel,Good,Manual_data
2024-07-18,IMG_20240718_120417201.jpg,Mackerel,Good,Manual_data
2024-07-18,IMG_20240718_120421430.jpg,Mackerel,Good,Manual_data
2024-07-18,IMG_20240718_120403383.jpg,Mackerel,Good,Manual_data
2024-07-18,IMG_20240718_120359961.jpg,Mackerel,Good,Manual_data
2024-07-18,IMG_20240718_120353703.jpg,Mackerel,Good,Manual_data
2024-07-18,IMG_20240718_120356656.jpg,Mackerel,Good,Manual_data
2024-07-18,IMG_20240718_120448050.jpg,Mackerel,Good,Manual_data
2024-07-18,IMG_20240718_120452104.jpg,Mackerel,Good,Manual_data
2024-07-18,IMG_20240718_120459387.jpg,Mackerel,Good,Manual_data
2024-07-18,IMG_20240718_120502399.jpg,Mackerel,Good,Manual_data
2024-07-18,IMG_20240718_120430740.jpg,Mackerel,Good,Manual_data
2024-07-18,IMG_20240718_120456153.jpg,Mackerel,Good,Manual_data
2024-07-18,IMG_20240718_120444575.jpg,Mackerel,Good,Manual_data
2024-07-18,IMG_20240718_120505765.jpg,Mackerel,Good,Manual_data
2024-07-18,IMG_20240718_120526955.jpg,Mackerel,Good,Manual_data
2024-07-18,IMG_20240718_120515756.jpg,Mackerel,Good,Manual_data
2024-07-18,IMG_20240718_120625330.jpg,Mackerel,Good,Manual_data
2024-07-18,IMG_20240718_120523702.jpg,Mackerel,Good,Manual_data
2024-07-18,IMG_20240718_120518779.jpg,Mackerel,Good,Manual_data
2024-07-18,IMG_20240718_120511919.jpg,Mackerel,Good,Manual_data
2024-07-18,IMG_20240718_120509114.jpg,Mackerel,Good,Manual_data
2024-07-18,IMG_20240718_120532717.jpg,Mackerel,Good,Manual_data
2024-07-18,IMG_20240718_120634400.jpg,Mackerel,Good,Manual_data
2024-07-18,IMG_20240718_120650435.jpg,Mackerel,Good,Manual_data
2024-07-18,IMG_20240718_120647918.jpg,Mackerel,Good,Manual_data
2024-07-18,IMG_20240718_120645522.jpg,Mackerel,Good,Manual_data
2024-07-18,IMG_20240718_120627948.jpg,Mackerel,Good,Manual_data
2024-07-18,IMG_20240718_120632026.jpg,Mackerel,Good,Manual_data
2024-07-18,IMG_20240718_120653294.jpg,Mackerel,Good,Manual_data
2024-07-18,IMG_20240718_120725333.jpg,Mackerel,Good,Manual_data
2024-07-18,IMG_20240718_120656673.jpg,Mackerel,Good,Manual_data
2024-07-18,IMG_20240718_120701123.jpg,Mackerel,Good,Manual_data
2024-07-18,IMG_20240718_120722009.jpg,Mackerel,Good,Manual_data
2024-07-18,IMG_20240718_120707358.jpg,Mackerel,Good,Manual_data
2024-07-18,IMG_20240718_120742447.jpg,Mackerel,Good,Manual_data
2024-07-18,IMG_20240718_120739254.jpg,Mackerel,Good,Manual_data
2024-07-18,IMG_20240718_120727396.jpg,Mackerel,Good,Manual_data
2024-07-18,IMG_20240718_120745343.jpg,Mackerel,Good,Manual_data
2024-07-18,IMG_20240718_120736660.jpg,Mackerel,Good,Manual_data
2024-07-18,IMG_20240718_120732923.jpg,Mackerel,Good,Manual_data
2024-07-18,IMG_20240718_120729786.jpg,Mackerel,Good,Manual_data
2024-08-13,IMG_20240813_015143799.jpg,Sardine,Good,Manual_data
2024-08-13,IMG_20240813_015203873.jpg,Sardine,Good,Manual_data
2024-08-13,IMG_20240813_015159058.jpg,Sardine,Good,Manual_data
2024-08-13,IMG_20240813_015232332_HDR.jpg,Sardine,Good,Manual_data
2024-08-13,IMG_20240813_015252101.jpg,Sardine,Good,Manual_data
2024-08-13,IMG_20240813_015154627.jpg,Sardine,Good,Manual_data
2024-08-13,IMG_20240813_015216006.jpg,Sardine,Good,Manual_data
2024-08-13,IMG_20240813_015355453.jpg,Sardine,Good,Manual_data
2024-08-13,IMG_20240813_015235471.jpg,Sardine,Good,Manual_data
2024-08-13,IMG_20240813_015404090.jpg,Sardine,Good,Manual_data
2024-08-13,IMG_20240813_015412406.jpg,Sardine,Good,Manual_data
2024-08-13,IMG_20240813_015407180.jpg,Sardine,Good,Manual_data
2024-08-13,IMG_20240813_015358938.jpg,Sardine,Good,Manual_data
2024-08-13,IMG_20240813_015423452.jpg,Sardine,Good,Manual_data
2024-08-13,IMG_20240813_015439537.jpg,Sardine,Good,Manual_data
2024-08-13,IMG_20240813_015431246.jpg,Sardine,Good,Manual_data
2024-08-13,IMG_20240813_015453119.jpg,Sardine,Good,Manual_data
2024-08-13,IMG_20240813_015415949.jpg,Sardine,Good,Manual_data
2024-08-13,IMG_20240813_015426796.jpg,Sardine,Good,Manual_data
2024-08-13,IMG_20240813_015435902_HDR.jpg,Sardine,Good,Manual_data
2024-08-13,IMG_20240813_015444803.jpg,Sardine,Good,Manual_data
2024-08-13,IMG_20240813_015447869.jpg,Sardine,Good,Manual_data
2024-08-13,IMG_20240813_015502484.jpg,Sardine,Good,Manual_data
2024-08-13,IMG_20240813_015522264.jpg,Sardine,Good,Manual_data
2024-08-13,IMG_20240813_015507093_HDR.jpg,Sardine,Good,Manual_data
2024-08-13,IMG_20240813_015527508_HDR.jpg,Sardine,Good,Manual_data
2024-08-13,IMG_20240813_015517437_HDR.jpg,Sardine,Good,Manual_data
2024-08-13,IMG_20240813_015456992.jpg,Sardine,Good,Manual_data
2024-08-13,IMG_20240813_015547308.jpg,Sardine,Good,Manual_data
2024-08-13,IMG_20240813_015555750_HDR.jpg,Sardine,Good,Manual_data
2024-08-13,IMG_20240813_015538103.jpg,Sardine,Good,Manual_data
2024-08-13,IMG_20240813_015550897_HDR.jpg,Sardine,Good,Manual_data
2024-08-13,IMG_20240813_015542109.jpg,Sardine,Good,Manual_data
2024-08-13,IMG_20240813_015603186.jpg,Sardine,Good,Manual_data
2024-08-13,IMG_20240813_015606476.jpg,Sardine,Good,Manual_data
2024-08-13,IMG_20240813_015615015.jpg,Sardine,Good,Manual_data
2024-08-13,IMG_20240813_015610754.jpg,Sardine,Good,Manual_data
2024-08-13,IMG_20240813_015619747.jpg,Sardine,Good,Manual_data
2024-08-13,IMG_20240813_015558888.jpg,Sardine,Good,Manual_data
2024-08-13,IMG_20240813_015623129.jpg,Sardine,Good,Manual_data
2024-08-13,IMG_20240813_015633360.jpg,Sardine,Good,Manual_data
2024-08-13,IMG_20240813_015724926.jpg,Sardine,Good,Manual_data
2024-08-13,IMG_20240813_015719515.jpg,Sardine,Good,Manual_data
2024-08-13,IMG_20240813_015654539.jpg,Sardine,Good,Manual_data
2024-08-13,IMG_20240813_015650663.jpg,Sardine,Good,Manual_data
2024-08-13,IMG_20240813_021034492_HDR.jpg,Sardine,Good,Manual_data
2024-08-13,IMG_20240813_015647543.jpg,Sardine,Good,Manual_data
2024-08-13,IMG_20240813_015716573.jpg,Sardine,Good,Manual_data
2024-08-13,IMG_20240813_015658801.jpg,Sardine,Good,Manual_data
2024-08-13,IMG_20240813_015629016.jpg,Sardine,Good,Manual_data
2024-08-13,IMG_20240813_015642947.jpg,Sardine,Good,Manual_data
2024-08-13,IMG_20240813_021115282.jpg,Sardine,Good,Manual_data
2024-08-13,IMG_20240813_021041544.jpg,Sardine,Good,Manual_data
2024-08-13,IMG_20240813_021054569_HDR.jpg,Sardine,Good,Manual_data
2024-08-13,IMG_20240813_021030778_HDR.jpg,Sardine,Good,Manual_data
2024-08-13,IMG_20240813_021045603.jpg,Sardine,Good,Manual_data
2024-08-13,IMG_20240813_021103117.jpg,Sardine,Good,Manual_data
2024-08-13,IMG_20240813_021058115.jpg,Sardine,Good,Manual_data
2024-08-13,IMG_20240813_021050032.jpg,Sardine,Good,Manual_data
2024-08-13,IMG_20240813_021038224.jpg,Sardine,Good,Manual_data
2024-08-13,IMG_20240813_015728467.jpg,Sardine,Good,Manual_data
2024-08-13,IMG_20240813_021147941 (1).jpg,Sardine,Good,Manual_data
2024-08-13,IMG_20240813_021119339.jpg,Sardine,Good,Manual_data
2024-08-13,IMG_20240813_021128397.jpg,Sardine,Good,Manual_data
2024-08-13,IMG_20240813_021132292.jpg,Sardine,Good,Manual_data
2024-08-13,IMG_20240813_021106383.jpg,Sardine,Good,Manual_data
2024-08-13,IMG_20240813_021123381.jpg,Sardine,Good,Manual_data
2024-08-13,IMG_20240813_021111442_HDR.jpg,Sardine,Good,Manual_data
2024-08-13,IMG_20240813_021151847 (1).jpg,Sardine,Good,Manual_data
2024-08-13,IMG_20240813_021139309_HDR.jpg,Sardine,Good,Manual_data
2024-08-13,IMG_20240813_021143568.jpg,Sardine,Good,Manual_data
2024-08-13,IMG_20240813_021243895.jpg,Sardine,Good,Manual_data
2024-08-13,IMG_20240813_021207801.jpg,Sardine,Good,Manual_data
2024-08-13,IMG_20240813_021226257.jpg,Sardine,Good,Manual_data
2024-08-13,IMG_20240813_021217278.jpg,Sardine,Good,Manual_data
2024-08-13,IMG_20240813_021203038.jpg,Sardine,Good,Manual_data
2024-08-13,IMG_20240813_021213079.jpg,Sardine,Good,Manual_data
2024-08-13,IMG_20240813_021234582.jpg,Sardine,Good,Manual_data
2024-08-13,IMG_20240813_021253269.jpg,Sardine,Good,Manual_data
2024-08-13,IMG_20240813_021248003.jpg,Sardine,Good,Manual_data
2024-08-13,IMG_20240813_021328911 (1).jpg,Sardine,Good,Manual_data
2024-08-13,IMG_20240813_021303997.jpg,Sardine,Good,Manual_data
2024-08-13,IMG_20240813_021258765.jpg,Sardine,Good,Manual_data
2024-08-13,IMG_20240813_021230768_HDR.jpg,Sardine,Good,Manual_data
2024-08-13,IMG_20240813_021324387 (1).jpg,Sardine,Good,Manual_data
2024-08-13,IMG_20240813_021526163.jpg,Mackerel,Good,Manual_data
2024-08-13,IMG_20240813_021523308.jpg,Mackerel,Good,Manual_data
2024-08-13,IMG_20240813_021519115.jpg,Mackerel,Good,Manual_data
2024-08-13,IMG_20240813_021551243_HDR.jpg,Mackerel,Good,Manual_data
2024-08-13,IMG_20240813_021548628.jpg,Mackerel,Good,Manual_data
2024-08-13,IMG_20240813_021541922_HDR.jpg,Mackerel,Good,Manual_data
2024-08-13,IMG_20240813_021603171.jpg,Mackerel,Good,Manual_data
2024-08-13,IMG_20240813_021613009.jpg,Mackerel,Good,Manual_data
2024-08-13,IMG_20240813_021629021.jpg,Mackerel,Good,Manual_data
2024-08-13,IMG_20240813_021555656.jpg,Mackerel,Good,Manual_data
2024-08-13,IMG_20240813_021605939.jpg,Mackerel,Good,Manual_data
2024-08-13,IMG_20240813_021558496.jpg,Mackerel,Good,Manual_data
2024-08-13,IMG_20240813_021626332_HDR.jpg,Mackerel,Good,Manual_data
2024-08-13,IMG_20240813_021653664.jpg,Mackerel,Good,Manual_data
2024-08-13,IMG_20240813_021615999.jpg,Mackerel,Good,Manual_data
2024-08-13,IMG_20240813_021641602.jpg,Mackerel,Good,Manual_data
2024-08-13,IMG_20240813_021656017.jpg,Mackerel,Good,Manual_data
2024-08-13,IMG_20240813_021637129.jpg,Mackerel,Good,Manual_data
2024-08-13,IMG_20240813_021634550.jpg,Mackerel,Good,Manual_data
2024-08-13,IMG_20240813_021645354_HDR.jpg,Mackerel,Good,Manual_data
2024-08-13,IMG_20240813_021702330.jpg,Mackerel,Good,Manual_data
2024-08-13,IMG_20240813_021706146.jpg,Mackerel,Good,Manual_data
2024-08-13,IMG_20240813_021713760 (1).jpg,Mackerel,Good,Manual_data
2024-08-13,IMG_20240813_021659503_HDR.jpg,Mackerel,Good,Manual_data
2024-08-13,IMG_20240813_021729416 (1).jpg,Mackerel,Good,Manual_data
2024-08-13,IMG_20240813_021708924 (1).jpg,Mackerel,Good,Manual_data
2024-08-13,IMG_20240813_021732441 (1).jpg,Mackerel,Good,Manual_data
2024-08-13,IMG_20240813_021729416.jpg,Mackerel,Good,Manual_data
2024-08-13,IMG_20240813_021732441.jpg,Mackerel,Good,Manual_data
2024-08-13,IMG_20240813_021725636.jpg,Mackerel,Good,Manual_data
2024-08-13,IMG_20240813_021722774.jpg,Mackerel,Good,Manual_data
2024-08-13,IMG_20240813_021718764.jpg,Mackerel,Good,Manual_data
2024-08-13,IMG_20240813_021725636 (1).jpg,Mackerel,Good,Manual_data
2024-08-13,IMG_20240813_021515045_HDR.jpg,Mackerel,Good,Manual_data
2024-08-13,IMG_20240813_021708924.jpg,Mackerel,Good,Manual_data
2024-08-13,IMG_20240813_021713760.jpg,Mackerel,Good,Manual_data
2024-08-24,IMG_20240824_002205805.jpg,White prawns,Good,Manual_data
2024-08-24,IMG_20240824_002201966_HDR.jpg,White prawns,Good,Manual_data
2024-08-24,IMG_20240824_002219232_HDR.jpg,White prawns,Good,Manual_data
2024-08-24,IMG_20240824_002215791.jpg,White prawns,Good,Manual_data
2024-08-24,IMG_20240824_002211221_HDR.jpg,White prawns,Good,Manual_data
2024-08-24,IMG_20240824_002234220.jpg,White prawns,Good,Manual_data
2024-08-24,IMG_20240824_002228706.jpg,White prawns,Good,Manual_data
2024-08-24,IMG_20240824_002223462.jpg,White prawns,Good,Manual_data
2024-08-24,IMG_20240824_002249909.jpg,White prawns,Good,Manual_data
2024-08-24,IMG_20240824_002244513.jpg,White prawns,Good,Manual_data
2024-08-24,IMG_20240824_002240277_HDR.jpg,White prawns,Good,Manual_data
2024-08-24,IMG_20240824_002255448_HDR.jpg,White prawns,Good,Manual_data
2024-08-24,IMG_20240824_002341255_HDR.jpg,White prawns,Good,Manual_data
2024-08-24,IMG_20240824_002330952_HDR.jpg,White prawns,Good,Manual_data
2024-08-24,IMG_20240824_002325157_HDR.jpg,White prawns,Good,Manual_data
2024-08-24,IMG_20240824_002400066.jpg,White prawns,Good,Manual_data
2024-08-24,IMG_20240824_002345544_HDR.jpg,White prawns,Good,Manual_data
2024-08-24,IMG_20240824_002420330.jpg,White prawns,Good,Manual_data
2024-08-24,IMG_20240824_002408277.jpg,White prawns,Good,Manual_data
2024-08-24,IMG_20240824_002426882.jpg,White prawns,Good,Manual_data
2024-08-24,IMG_20240824_002435632.jpg,White prawns,Good,Manual_data
2024-08-24,IMG_20240824_002430743.jpg,White prawns,Good,Manual_data
2024-08-24,IMG_20240824_002444472.jpg,White prawns,Good,Manual_data
2024-08-24,IMG_20240824_002457907.jpg,White prawns,Good,Manual_data
2024-08-24,IMG_20240824_002450137.jpg,White prawns,Good,Manual_data
2024-08-24,IMG_20240824_002510389.jpg,White prawns,Good,Manual_data
2024-08-24,IMG_20240824_002506514.jpg,White prawns,Good,Manual_data
2024-08-24,IMG_20240824_002518297.jpg,White prawns,Good,Manual_data
2024-08-24,IMG_20240824_002514490.jpg,White prawns,Good,Manual_data
2024-08-24,IMG_20240824_002537117.jpg,White prawns,Good,Manual_data
2024-08-24,IMG_20240824_002532933.jpg,White prawns,Good,Manual_data
2024-08-24,IMG_20240824_002529200.jpg,White prawns,Good,Manual_data
2024-08-24,IMG_20240824_002552880.jpg,White prawns,Good,Manual_data
2024-08-24,IMG_20240824_002547963.jpg,White prawns,Good,Manual_data
2024-08-24,IMG_20240824_002541250.jpg,White prawns,Good,Manual_data
2024-08-24,IMG_20240824_002604853.jpg,White prawns,Good,Manual_data
2024-08-24,IMG_20240824_002601259.jpg,White prawns,Good,Manual_data
2024-08-24,IMG_20240824_002618302.jpg,White prawns,Good,Manual_data
2024-08-24,IMG_20240824_002613127.jpg,White prawns,Good,Manual_data
2024-08-24,IMG_20240824_002609466.jpg,White prawns,Good,Manual_data
2024-08-24,IMG_20240824_002631591.jpg,White prawns,Good,Manual_data
2024-08-24,IMG_20240824_002628222.jpg,White prawns,Good,Manual_data
2024-08-24,IMG_20240824_002623934.jpg,White prawns,Good,Manual_data
2024-08-24,IMG_20240824_002645548.jpg,White prawns,Good,Manual_data
2024-08-24,IMG_20240824_002640476.jpg,White prawns,Good,Manual_data
2024-08-24,IMG_20240824_002636135.jpg,White prawns,Good,Manual_data
2024-08-24,IMG_20240824_002657817.jpg,White prawns,Good,Manual_data
2024-08-24,IMG_20240824_002650797.jpg,White prawns,Good,Manual_data
2024-08-24,IMG_20240824_002712707.jpg,White prawns,Good,Manual_data
2024-08-24,IMG_20240824_002708713.jpg,White prawns,Good,Manual_data
2024-08-24,IMG_20240824_002704567.jpg,White prawns,Good,Manual_data
2024-08-24,IMG_20240824_002725510.jpg,White prawns,Good,Manual_data
2024-08-24,IMG_20240824_002720880.jpg,White prawns,Good,Manual_data
2024-08-24,IMG_20240824_002832877.jpg,White prawns,Good,Manual_data
2024-08-24,IMG_20240824_002829155.jpg,White prawns,Good,Manual_data
2024-08-24,IMG_20240824_002753894.jpg,White prawns,Good,Manual_data
2024-08-24,IMG_20240824_002843112.jpg,White prawns,Good,Manual_data
2024-08-24,IMG_20240824_002839317.jpg,White prawns,Good,Manual_data
2024-08-24,IMG_20240824_002900549.jpg,White prawns,Good,Manual_data
2024-08-24,IMG_20240824_002856372.jpg,White prawns,Good,Manual_data
2024-08-24,IMG_20240824_002851286.jpg,White prawns,Good,Manual_data
2024-08-24,IMG_20240824_002911261.jpg,White prawns,Good,Manual_data
2024-08-24,IMG_20240824_002907849.jpg,White prawns,Good,Manual_data
2024-08-24,IMG_20240824_002903855.jpg,White prawns,Good,Manual_data
2024-08-24,IMG_20240824_003129723.jpg,White prawns,Good,Manual_data
2024-08-24,IMG_20240824_003126474.jpg,White prawns,Good,Manual_data
2024-08-24,IMG_20240824_003122964.jpg,White prawns,Good,Manual_data
2024-08-24,IMG_20240824_003119585.jpg,White prawns,Good,Manual_data
2024-08-24,IMG_20240824_002914364.jpg,White prawns,Good,Manual_data
2024-08-24,IMG_20240824_003141542.jpg,White prawns,Good,Manual_data
2024-08-24,IMG_20240824_003136921.jpg,White prawns,Good,Manual_data
2024-08-24,IMG_20240824_003132942.jpg,White prawns,Good,Manual_data
2024-08-24,IMG_20240824_003211882.jpg,White prawns,Good,Manual_data
2024-08-24,IMG_20240824_003234410.jpg,White prawns,Good,Manual_data
2024-08-24,IMG_20240824_003230002.jpg,White prawns,Good,Manual_data
2024-08-24,IMG_20240824_003225841.jpg,White prawns,Good,Manual_data
2024-08-24,IMG_20240824_003221683.jpg,White prawns,Good,Manual_data
2024-08-24,IMG_20240824_003243533.jpg,White prawns,Good,Manual_data
2024-08-24,IMG_20240824_003238860.jpg,White prawns,Good,Manual_data
2024-08-24,IMG_20240824_003259644.jpg,White prawns,Good,Manual_data
2024-08-24,IMG_20240824_003254962.jpg,White prawns,Good,Manual_data
2024-08-24,IMG_20240824_003251038.jpg,White prawns,Good,Manual_data
2024-08-24,IMG_20240824_003315245.jpg,White prawns,Good,Manual_data
2024-08-24,IMG_20240824_003309682.jpg,White prawns,Good,Manual_data
2024-08-24,IMG_20240824_003305686.jpg,White prawns,Good,Manual_data
2024-08-24,IMG_20240824_003349812.jpg,White prawns,Good,Manual_data
2024-08-24,IMG_20240824_003346148.jpg,White prawns,Good,Manual_data
2024-08-24,IMG_20240824_003342299.jpg,White prawns,Good,Manual_data
2024-08-24,IMG_20240824_003357686.jpg,White prawns,Good,Manual_data
2024-08-24,IMG_20240824_003353792.jpg,White prawns,Good,Manual_data
2024-08-24,IMG_20240824_003405980.jpg,White prawns,Good,Manual_data
2024-08-24,IMG_20240824_003414959.jpg,White prawns,Good,Manual_data
2024-08-24,IMG_20240824_003410127.jpg,White prawns,Good,Manual_data
2024-08-24,IMG_20240824_003418776.jpg,White prawns,Good,Manual_data
2024-08-24,IMG_20240824_003427469.jpg,White prawns,Good,Manual_data
2024-08-24,IMG_20240824_003423868.jpg,White prawns,Good,Manual_data
2024-08-24,IMG_20240824_003441464.jpg,White prawns,Good,Manual_data
2024-08-24,IMG_20240824_003437533.jpg,White prawns,Good,Manual_data
2024-08-24,IMG_20240824_003432620.jpg,White prawns,Good,Manual_data
2024-08-24,IMG_20240824_003456998.jpg,White prawns,Good,Manual_data
2024-08-24,IMG_20240824_003449158.jpg,White prawns,Good,Manual_data
2024-08-24,IMG_20240824_003445214.jpg,White prawns,Good,Manual_data
2024-08-24,IMG_20240824_003509904.jpg,White prawns,Good,Manual_data
2024-08-24,IMG_20240824_003506030.jpg,White prawns,Good,Manual_data
2024-08-24,IMG_20240824_003500411.jpg,White prawns,Good,Manual_data
2024-08-24,IMG_20240824_003524013.jpg,White prawns,Good,Manual_data
2024-08-24,IMG_20240824_003519854.jpg,White prawns,Good,Manual_data
2024-08-24,IMG_20240824_003514347.jpg,White prawns,Good,Manual_data
2024-08-24,IMG_20240824_003539207.jpg,White prawns,Good,Manual_data
2024-08-24,IMG_20240824_003535252.jpg,White prawns,Good,Manual_data
2024-08-24,IMG_20240824_003531337.jpg,White prawns,Good,Manual_data
2024-08-24,IMG_20240824_003554414.jpg,White prawns,Good,Manual_data
2024-08-24,IMG_20240824_003550569.jpg,White prawns,Good,Manual_data
2024-08-24,IMG_20240824_003546162.jpg,White prawns,Good,Manual_data
2024-08-24,IMG_20240824_003542649.jpg,White prawns,Good,Manual_data
2024-08-24,IMG_20240824_003604307.jpg,White prawns,Good,Manual_data
2024-08-24,IMG_20240824_003600064.jpg,White prawns,Good,Manual_data
2024-08-24,IMG_20240824_003622291.jpg,White prawns,Good,Manual_data
2024-08-24,IMG_20240824_003618317.jpg,White prawns,Good,Manual_data
2024-08-24,IMG_20240824_003614760.jpg,White prawns,Good,Manual_data
2024-08-24,IMG_20240824_003635546.jpg,White prawns,Good,Manual_data
2024-08-24,IMG_20240824_003630487.jpg,White prawns,Good,Manual_data
2024-08-24,IMG_20240824_003626278.jpg,White prawns,Good,Manual_data
2024-08-24,IMG_20240824_003645086.jpg,White prawns,Good,Manual_data
2024-08-24,IMG_20240824_003639229.jpg,White prawns,Good,Manual_data
2024-08-24,IMG_20240824_003659594.jpg,White prawns,Good,Manual_data
2024-08-24,IMG_20240824_003655660.jpg,White prawns,Good,Manual_data
2024-08-24,IMG_20240824_003648389.jpg,White prawns,Good,Manual_data
2024-08-24,IMG_20240824_004246281.jpg,White prawns,Good,Manual_data
2024-08-24,IMG_20240824_003707644.jpg,White prawns,Good,Manual_data
2024-08-24,IMG_20240824_003703385.jpg,White prawns,Good,Manual_data
2024-08-24,IMG_20240824_004305810.jpg,White prawns,Good,Manual_data
2024-08-24,IMG_20240824_004255592.jpg,White prawns,Good,Manual_data
2024-08-24,IMG_20240824_004251734.jpg,White prawns,Good,Manual_data
2024-08-24,IMG_20240824_004322589.jpg,White prawns,Good,Manual_data
2024-08-24,IMG_20240824_004318944.jpg,White prawns,Good,Manual_data
2024-08-24,IMG_20240824_004314780.jpg,White prawns,Good,Manual_data
2024-08-24,IMG_20240824_004311274.jpg,White prawns,Good,Manual_data
2024-08-24,IMG_20240824_004421170.jpg,White prawns,Good,Manual_data
2024-08-24,IMG_20240824_004415286.jpg,White prawns,Good,Manual_data
2024-08-24,IMG_20240824_004334948.jpg,White prawns,Good,Manual_data
2024-08-24,IMG_20240824_004330113.jpg,White prawns,Good,Manual_data
2024-08-24,IMG_20240824_004447236.jpg,White prawns,Good,Manual_data
2024-08-24,IMG_20240824_004440284.jpg,White prawns,Good,Manual_data
2024-08-24,IMG_20240824_004435858.jpg,White prawns,Good,Manual_data
2024-08-24,IMG_20240824_004430218.jpg,White prawns,Good,Manual_data
2024-08-24,IMG_20240824_004452987.jpg,White prawns,Good,Manual_data
2024-08-24,IMG_20240824_004513803.jpg,White prawns,Good,Manual_data
2024-08-24,IMG_20240824_004508720.jpg,White prawns,Good,Manual_data
2024-08-24,IMG_20240824_004459722.jpg,White prawns,Good,Manual_data
2024-08-24,IMG_20240824_004550240.jpg,White prawns,Good,Manual_data
2024-08-24,IMG_20240824_004544878.jpg,White prawns,Good,Manual_data
2024-08-24,IMG_20240824_004558878.jpg,White prawns,Good,Manual_data
2024-08-24,IMG_20240824_004554421.jpg,White prawns,Good,Manual_data
2024-08-24,IMG_20240824_004624998.jpg,White prawns,Good,Manual_data
2024-08-24,IMG_20240824_004621482.jpg,White prawns,Good,Manual_data
2024-08-24,IMG_20240824_004609335.jpg,White prawns,Good,Manual_data
2024-08-24,IMG_20240824_004642238.jpg,White prawns,Good,Manual_data
2024-08-24,IMG_20240824_004636137.jpg,White prawns,Good,Manual_data
2024-08-24,IMG_20240824_004629843.jpg,White prawns,Good,Manual_data
2024-08-24,IMG_20240824_004701268.jpg,White prawns,Good,Manual_data
2024-08-24,IMG_20240824_004652693.jpg,White prawns,Good,Manual_data
2024-08-24,IMG_20240824_004647411.jpg,White prawns,Good,Manual_data
2024-08-24,IMG_20240824_004714244.jpg,White prawns,Good,Manual_data
2024-08-24,IMG_20240824_004709699.jpg,White prawns,Good,Manual_data
2024-08-24,IMG_20240824_004743342.jpg,White prawns,Good,Manual_data
2024-08-24,IMG_20240824_004726114.jpg,White prawns,Good,Manual_data
2024-08-24,IMG_20240824_004719126.jpg,White prawns,Good,Manual_data
2024-08-24,IMG_20240824_004801871.jpg,White prawns,Good,Manual_data
2024-08-24,IMG_20240824_004756105.jpg,White prawns,Good,Manual_data
2024-08-24,IMG_20240824_004747615.jpg,White prawns,Good,Manual_data
2024-08-24,IMG_20240824_004831295.jpg,White prawns,Good,Manual_data
2024-08-24,IMG_20240824_004824791.jpg,White prawns,Good,Manual_data
2024-08-24,IMG_20240824_004811747.jpg,White prawns,Good,Manual_data
2024-08-24,IMG_20240824_005300463.jpg,White prawns,Good,Manual_data
2024-08-24,IMG_20240824_005252481.jpg,White prawns,Good,Manual_data
2024-08-24,IMG_20240824_005247621.jpg,White prawns,Good,Manual_data
2024-08-24,IMG_20240824_005304399.jpg,White prawns,Good,Manual_data
2024-08-24,IMG_20240824_005312507.jpg,White prawns,Good,Manual_data
2024-08-24,IMG_20240824_005308308.jpg,White prawns,Good,Manual_data
2024-08-24,IMG_20240824_005327170.jpg,White prawns,Good,Manual_data
2024-08-24,IMG_20240824_005334785.jpg,White prawns,Good,Manual_data
2024-08-24,IMG_20240824_005348090.jpg,White prawns,Good,Manual_data
2024-08-24,IMG_20240824_005340302.jpg,White prawns,Good,Manual_data
2024-08-24,IMG_20240824_005402427.jpg,White prawns,Good,Manual_data
2024-08-24,IMG_20240824_005357522.jpg,White prawns,Good,Manual_data
2024-08-24,IMG_20240824_005353299.jpg,White prawns,Good,Manual_data
2024-08-24,IMG_20240824_005415044.jpg,White prawns,Good,Manual_data
2024-08-24,IMG_20240824_005411152.jpg,White prawns,Good,Manual_data
2024-08-24,IMG_20240824_005406839.jpg,White prawns,Good,Manual_data
2024-08-24,IMG_20240824_005430199.jpg,White prawns,Good,Manual_data
2024-08-24,IMG_20240824_005424179.jpg,White prawns,Good,Manual_data
2024-08-24,IMG_20240824_005419672.jpg,White prawns,Good,Manual_data
2024-08-24,IMG_20240824_005445188.jpg,White prawns,Good,Manual_data
2024-08-24,IMG_20240824_005435046.jpg,White prawns,Good,Manual_data
2024-08-24,IMG_20240824_005501970.jpg,White prawns,Good,Manual_data
2024-08-24,IMG_20240824_005454015.jpg,White prawns,Good,Manual_data
2024-08-24,IMG_20240824_005449849.jpg,White prawns,Good,Manual_data
2024-08-24,IMG_20240824_005519452.jpg,White prawns,Good,Manual_data
2024-08-24,IMG_20240824_005513667.jpg,White prawns,Good,Manual_data
2024-08-24,IMG_20240824_005507806.jpg,White prawns,Good,Manual_data
2024-08-24,IMG_20240824_005529456.jpg,White prawns,Good,Manual_data
2024-08-24,IMG_20240824_005523826.jpg,White prawns,Good,Manual_data
2024-08-24,IMG_20240824_005550634.jpg,White prawns,Good,Manual_data
2024-08-24,IMG_20240824_005540466.jpg,White prawns,Good,Manual_data
2024-08-24,IMG_20240824_005533376.jpg,White prawns,Good,Manual_data
2024-08-24,IMG_20240824_005558924.jpg,White prawns,Good,Manual_data
2024-08-24,IMG_20240824_005555506.jpg,White prawns,Good,Manual_data
2024-08-24,IMG_20240824_005610160.jpg,White prawns,Good,Manual_data
2024-08-24,IMG_20240824_005606235.jpg,White prawns,Good,Manual_data
2024-08-24,IMG_20240824_005602609.jpg,White prawns,Good,Manual_data
2024-08-24,IMG_20240824_005621430.jpg,White prawns,Good,Manual_data
2024-08-24,IMG_20240824_005615869.jpg,White prawns,Good,Manual_data
2024-08-24,IMG_20240824_005634293.jpg,White prawns,Good,Manual_data
2024-08-24,IMG_20240824_005625547.jpg,White prawns,Good,Manual_data
2024-08-24,IMG_20240824_005647391.jpg,White prawns,Good,Manual_data
2024-08-24,IMG_20240824_005642957.jpg,White prawns,Good,Manual_data
2024-08-24,IMG_20240824_005637829.jpg,White prawns,Good,Manual_data
2024-08-24,IMG_20240824_005700771.jpg,White prawns,Good,Manual_data
2024-08-24,IMG_20240824_005657138.jpg,White prawns,Good,Manual_data
2024-08-24,IMG_20240824_005651784.jpg,White prawns,Good,Manual_data
2024-08-24,IMG_20240824_005720502.jpg,White prawns,Good,Manual_data
2024-08-24,IMG_20240824_005716863.jpg,White prawns,Good,Manual_data
2024-08-24,IMG_20240824_005705274.jpg,White prawns,Good,Manual_data
2024-08-24,IMG_20240824_005728167.jpg,White prawns,Good,Manual_data
2024-08-24,IMG_20240824_005722517.jpg,White prawns,Good,Manual_data
2024-08-24,IMG_20240824_002847167.jpg,White prawns,Good,Manual_data
2024-08-24,IMG_20240824_015245780.jpg,Mackerel,Good,Manual_data
2024-08-24,IMG_20240824_015243181.jpg,Mackerel,Good,Manual_data
2024-08-24,IMG_20240824_015239694.jpg,Mackerel,Good,Manual_data
2024-08-24,IMG_20240824_015237219.jpg,Mackerel,Good,Manual_data
2024-08-24,IMG_20240824_015259437.jpg,Mackerel,Good,Manual_data
2024-08-24,IMG_20240824_015256610.jpg,Mackerel,Good,Manual_data
2024-08-24,IMG_20240824_015254365.jpg,Mackerel,Good,Manual_data
2024-08-24,IMG_20240824_015251121.jpg,Mackerel,Good,Manual_data
2024-08-24,IMG_20240824_015248744.jpg,Mackerel,Good,Manual_data
2024-08-24,IMG_20240824_015307429.jpg,Mackerel,Good,Manual_data
2024-08-24,IMG_20240824_015304960.jpg,Mackerel,Good,Manual_data
2024-08-24,IMG_20240824_015301625.jpg,Mackerel,Good,Manual_data
2024-08-24,IMG_20240824_015313364.jpg,Mackerel,Good,Manual_data
2024-08-24,IMG_20240824_015310866.jpg,Mackerel,Good,Manual_data
2024-08-24,IMG_20240824_015344783.jpg,Mackerel,Good,Manual_data
2024-08-24,IMG_20240824_015341886.jpg,Mackerel,Good,Manual_data
2024-08-24,IMG_20240824_015339949.jpg,Mackerel,Good,Manual_data
2024-08-24,IMG_20240824_015358149.jpg,Mackerel,Good,Manual_data
2024-08-24,IMG_20240824_015355978.jpg,Mackerel,Good,Manual_data
2024-08-24,IMG_20240824_015352741.jpg,Mackerel,Good,Manual_data
2024-08-24,IMG_20240824_015350127.jpg,Mackerel,Good,Manual_data
2024-08-24,IMG_20240824_015346990.jpg,Mackerel,Good,Manual_data
2024-08-24,IMG_20240824_015401622.jpg,Mackerel,Good,Manual_data
2024-08-24,IMG_20240824_015404149.jpg,Mackerel,Good,Manual_data
2024-08-24,IMG_20240824_015407200.jpg,Mackerel,Good,Manual_data
2024-08-24,IMG_20240824_015419220.jpg,Mackerel,Good,Manual_data
2024-08-24,IMG_20240824_015415092.jpg,Mackerel,Good,Manual_data
2024-08-24,IMG_20240824_015412820.jpg,Mackerel,Good,Manual_data
2024-08-24,IMG_20240824_015409584.jpg,Mackerel,Good,Manual_data
2024-08-24,IMG_20240824_015436604.jpg,Mackerel,Good,Manual_data
2024-08-24,IMG_20240824_015432977.jpg,Mackerel,Good,Manual_data
2024-08-24,IMG_20240824_015430942.jpg,Mackerel,Good,Manual_data
2024-08-24,IMG_20240824_015427627.jpg,Mackerel,Good,Manual_data
2024-08-24,IMG_20240824_015425458.jpg,Mackerel,Good,Manual_data
2024-08-24,IMG_20240824_015421908.jpg,Mackerel,Good,Manual_data
2024-08-24,IMG_20240824_015522071.jpg,Mackerel,Good,Manual_data
2024-08-24,IMG_20240824_015520086.jpg,Mackerel,Good,Manual_data
2024-08-24,IMG_20240824_015516679.jpg,Mackerel,Good,Manual_data
2024-08-24,IMG_20240824_015514852.jpg,Mackerel,Good,Manual_data
2024-08-24,IMG_20240824_015439079.jpg,Mackerel,Good,Manual_data
2024-08-24,IMG_20240824_015539956.jpg,Mackerel,Good,Manual_data
2024-08-24,IMG_20240824_015537711.jpg,Mackerel,Good,Manual_data
2024-08-24,IMG_20240824_015534528.jpg,Mackerel,Good,Manual_data
2024-08-24,IMG_20240824_015531374.jpg,Mackerel,Good,Manual_data
2024-08-24,IMG_20240824_015528068.jpg,Mackerel,Good,Manual_data
2024-08-24,IMG_20240824_015525542.jpg,Mackerel,Good,Manual_data
2024-08-24,IMG_20240824_015608835.jpg,Mackerel,Good,Manual_data
2024-08-24,IMG_20240824_015606698.jpg,Mackerel,Good,Manual_data
2024-08-24,IMG_20240824_015546178.jpg,Mackerel,Good,Manual_data
2024-08-24,IMG_20240824_015543750.jpg,Mackerel,Good,Manual_data
2024-08-24,IMG_20240824_020305172.jpg,Mackerel,Good,Manual_data
2024-08-24,IMG_20240824_020258889.jpg,Mackerel,Good,Manual_data
2024-08-24,IMG_20240824_020256298.jpg,Mackerel,Good,Manual_data
2024-08-24,IMG_20240824_015618100.jpg,Mackerel,Good,Manual_data
2024-08-24,IMG_20240824_020323896.jpg,Mackerel,Good,Manual_data
2024-08-24,IMG_20240824_020318441.jpg,Mackerel,Good,Manual_data
2024-08-24,IMG_20240824_020314570.jpg,Mackerel,Good,Manual_data
2024-08-24,IMG_20240824_020307976.jpg,Mackerel,Good,Manual_data
2024-08-24,IMG_20240824_021440820.jpg,Mackerel,Good,Manual_data
2024-08-24,IMG_20240824_021438589.jpg,Mackerel,Good,Manual_data
2024-08-24,IMG_20240824_021435351.jpg,Mackerel,Good,Manual_data
2024-08-24,IMG_20240824_021433142.jpg,Mackerel,Good,Manual_data
2024-08-24,IMG_20240824_020332766.jpg,Mackerel,Good,Manual_data
2024-08-24,IMG_20240824_020326606.jpg,Mackerel,Good,Manual_data
2024-08-24,IMG_20240824_021449450.jpg,Mackerel,Good,Manual_data
2024-08-24,IMG_20240824_021446155.jpg,Mackerel,Good,Manual_data
2024-08-24,IMG_20240824_021443855.jpg,Mackerel,Good,Manual_data
2024-08-24,IMG_20240824_021849548.jpg,Mackerel,Good,Manual_data
2024-08-24,IMG_20240824_021847267.jpg,Mackerel,Good,Manual_data
2024-08-24,IMG_20240824_021843485.jpg,Mackerel,Good,Manual_data
2024-08-24,IMG_20240824_021841191.jpg,Mackerel,Good,Manual_data
2024-08-24,IMG_20240824_021451537.jpg,Mackerel,Good,Manual_data
2024-08-24,IMG_20240824_021901311.jpg,Mackerel,Good,Manual_data
2024-08-24,IMG_20240824_021859538.jpg,Mackerel,Good,Manual_data
2024-08-24,IMG_20240824_021857415.jpg,Mackerel,Good,Manual_data
2024-08-24,IMG_20240824_021854704.jpg,Mackerel,Good,Manual_data
2024-08-24,IMG_20240824_021852358.jpg,Mackerel,Good,Manual_data
2024-08-24,IMG_20240824_021945557.jpg,Mackerel,Good,Manual_data
2024-08-24,IMG_20240824_021943725.jpg,Mackerel,Good,Manual_data
2024-08-24,IMG_20240824_021941156.jpg,Mackerel,Good,Manual_data
2024-08-24,IMG_20240824_021939333.jpg,Mackerel,Good,Manual_data
2024-08-24,IMG_20240824_021903338.jpg,Mackerel,Good,Manual_data
2024-08-24,IMG_20240824_021957559.jpg,Mackerel,Good,Manual_data
2024-08-24,IMG_20240824_021954596.jpg,Mackerel,Good,Manual_data
2024-08-24,IMG_20240824_021952308.jpg,Mackerel,Good,Manual_data
2024-08-24,IMG_20240824_021949757.jpg,Mackerel,Good,Manual_data
2024-08-24,IMG_20240824_021947910.jpg,Mackerel,Good,Manual_data
2024-08-24,IMG_20240824_022025738.jpg,Mackerel,Good,Manual_data
2024-08-24,IMG_20240824_022023328.jpg,Mackerel,Good,Manual_data
2024-08-24,IMG_20240824_021959606.jpg,Mackerel,Good,Manual_data
2024-08-24,IMG_20240824_022040425.jpg,Mackerel,Good,Manual_data
2024-08-24,IMG_20240824_022035054.jpg,Mackerel,Good,Manual_data
2024-08-24,IMG_20240824_022032981.jpg,Mackerel,Good,Manual_data
2024-08-24,IMG_20240824_022030287.jpg,Mackerel,Good,Manual_data
2024-08-24,IMG_20240824_022028354.jpg,Mackerel,Good,Manual_data
2024-08-24,IMG_20240824_022046350.jpg,Mackerel,Good,Manual_data
2024-08-24,IMG_20240824_022044389.jpg,Mackerel,Good,Manual_data
2024-08-24,IMG_20240824_022042514.jpg,Mackerel,Good,Manual_data
2024-08-27,IMG_20240827_024125268.jpg,Mackerel,Good,Manual_data
2024-08-27,IMG_20240827_024135153.jpg,Mackerel,Good,Manual_data
2024-08-27,IMG_20240827_024141717.jpg,Mackerel,Good,Manual_data
2024-08-27,IMG_20240827_024137058.jpg,Mackerel,Good,Manual_data
2024-08-27,IMG_20240827_024127031.jpg,Mackerel,Good,Manual_data
2024-08-27,IMG_20240827_024139717.jpg,Mackerel,Good,Manual_data
2024-08-27,IMG_20240827_024223605.jpg,Mackerel,Good,Manual_data
2024-08-27,IMG_20240827_024218080.jpg,Mackerel,Good,Manual_data
2024-08-27,IMG_20240827_024231354.jpg,Mackerel,Good,Manual_data
2024-08-27,IMG_20240827_024226444.jpg,Mackerel,Good,Manual_data
2024-08-27,IMG_20240827_024228472.jpg,Mackerel,Good,Manual_data
2024-08-27,IMG_20240827_024221948.jpg,Mackerel,Good,Manual_data
2024-08-27,IMG_20240827_024216151.jpg,Mackerel,Good,Manual_data
2024-08-27,IMG_20240827_024233531.jpg,Mackerel,Good,Manual_data
2024-08-27,IMG_20240827_024239390.jpg,Mackerel,Good,Manual_data
2024-08-27,IMG_20240827_024256241.jpg,Mackerel,Good,Manual_data
2024-08-27,IMG_20240827_024243996.jpg,Mackerel,Good,Manual_data
2024-08-27,IMG_20240827_024251355.jpg,Mackerel,Good,Manual_data
2024-08-27,IMG_20240827_024241322.jpg,Mackerel,Good,Manual_data
2024-08-27,IMG_20240827_024246637.jpg,Mackerel,Good,Manual_data
2024-08-27,IMG_20240827_024249426.jpg,Mackerel,Good,Manual_data
2024-08-27,IMG_20240827_024333819.jpg,Mackerel,Good,Manual_data
2024-08-27,IMG_20240827_024335768.jpg,Mackerel,Good,Manual_data
2024-08-27,IMG_20240827_024338377.jpg,Mackerel,Good,Manual_data
2024-08-27,IMG_20240827_024258981.jpg,Mackerel,Good,Manual_data
2024-08-27,IMG_20240827_024330986.jpg,Mackerel,Good,Manual_data
2024-08-27,IMG_20240827_024328983.jpg,Mackerel,Good,Manual_data
2024-08-27,IMG_20240827_024303675.jpg,Mackerel,Good,Manual_data
2024-08-27,IMG_20240827_024305341.jpg,Mackerel,Good,Manual_data
2024-08-27,IMG_20240827_024300841.jpg,Mackerel,Good,Manual_data
2024-08-27,IMG_20240827_024344044.jpg,Mackerel,Good,Manual_data
2024-08-27,IMG_20240827_024345802.jpg,Mackerel,Good,Manual_data
2024-08-27,IMG_20240827_024353775.jpg,Mackerel,Good,Manual_data
2024-08-27,IMG_20240827_024348759.jpg,Mackerel,Good,Manual_data
2024-08-27,IMG_20240827_024431079.jpg,Mackerel,Good,Manual_data
2024-08-27,IMG_20240827_024357265.jpg,Mackerel,Good,Manual_data
2024-08-27,IMG_20240827_024340634.jpg,Mackerel,Good,Manual_data
2024-08-27,IMG_20240827_024350601.jpg,Mackerel,Good,Manual_data
2024-08-27,IMG_20240827_024429129.jpg,Mackerel,Good,Manual_data
2024-08-27,IMG_20240827_024438544.jpg,Mackerel,Good,Manual_data
2024-08-27,IMG_20240827_024455126.jpg,Mackerel,Good,Manual_data
2024-08-27,IMG_20240827_024440421.jpg,Mackerel,Good,Manual_data
2024-08-27,IMG_20240827_024456977.jpg,Mackerel,Good,Manual_data
2024-08-27,IMG_20240827_024451323.jpg,Mackerel,Good,Manual_data
2024-08-27,IMG_20240827_024433815.jpg,Mackerel,Good,Manual_data
2024-08-27,IMG_20240827_024454595.jpg,Mackerel,Good,Manual_data
2024-08-27,IMG_20240827_024436053.jpg,Mackerel,Good,Manual_data
2024-08-27,IMG_20240827_024449432.jpg,Mackerel,Good,Manual_data
2024-08-27,IMG_20240827_024504958.jpg,Mackerel,Good,Manual_data
2024-08-27,IMG_20240827_024500336.jpg,Mackerel,Good,Manual_data
2024-08-27,IMG_20240827_024501939.jpg,Mackerel,Good,Manual_data
2024-08-27,IMG_20240827_024536662.jpg,Mackerel,Good,Manual_data
2024-08-27,IMG_20240827_024534253.jpg,Mackerel,Good,Manual_data
2024-08-27,IMG_20240827_024459555.jpg,Mackerel,Good,Manual_data
2024-08-27,IMG_20240827_024532361.jpg,Mackerel,Good,Manual_data
2024-08-27,IMG_20240827_024538701.jpg,Mackerel,Good,Manual_data
2024-08-27,IMG_20240827_024506953.jpg,Mackerel,Good,Manual_data
2024-08-27,IMG_20240827_024543661.jpg,Mackerel,Good,Manual_data
2024-08-27,IMG_20240827_024552636.jpg,Mackerel,Good,Manual_data
2024-08-27,IMG_20240827_024600485.jpg,Mackerel,Good,Manual_data
2024-08-27,IMG_20240827_024554680.jpg,Mackerel,Good,Manual_data
2024-08-27,IMG_20240827_024558172.jpg,Mackerel,Good,Manual_data
2024-08-27,IMG_20240827_024546825.jpg,Mackerel,Good,Manual_data
2024-08-27,IMG_20240827_024548922.jpg,Mackerel,Good,Manual_data
2024-08-27,IMG_20240827_024603479.jpg,Mackerel,Good,Manual_data
2024-08-27,IMG_20240827_024541208.jpg,Mackerel,Good,Manual_data
2024-08-27,IMG_20240827_024605500.jpg,Mackerel,Good,Manual_data
2024-08-27,IMG_20240827_024613048.jpg,Mackerel,Good,Manual_data
2024-08-27,IMG_20240827_024614921.jpg,Mackerel,Good,Manual_data
2024-08-27,IMG_20240827_024608391.jpg,Mackerel,Good,Manual_data
2024-08-27,IMG_20240827_024610223.jpg,Mackerel,Good,Manual_data
2024-08-27,IMG_20240827_024653159.jpg,Mackerel,Good,Manual_data
2024-08-27,IMG_20240827_024651307.jpg,Mackerel,Good,Manual_data
2024-08-27,IMG_20240827_024655972.jpg,Mackerel,Good,Manual_data
2024-08-27,IMG_20240827_024646919.jpg,Mackerel,Good,Manual_data
2024-08-27,IMG_20240827_024620334.jpg,Mackerel,Good,Manual_data
2024-08-27,IMG_20240827_024618170.jpg,Mackerel,Good,Manual_data
2024-08-27,IMG_20240827_024658235.jpg,Mackerel,Good,Manual_data
2024-08-27,IMG_20240827_024648853.jpg,Mackerel,Good,Manual_data
2024-08-27,IMG_20240827_024702779.jpg,Mackerel,Good,Manual_data
2024-08-27,IMG_20240827_024706480.jpg,Mackerel,Good,Manual_data
2024-08-27,IMG_20240827_024729027.jpg,Mackerel,Good,Manual_data
2024-08-27,IMG_20240827_024704269.jpg,Mackerel,Good,Manual_data
2024-08-27,IMG_20240827_024731087.jpg,Mackerel,Good,Manual_data
2024-08-27,IMG_20240827_024734314.jpg,Mackerel,Good,Manual_data
2024-08-27,IMG_20240827_024736260.jpg,Mackerel,Good,Manual_data
2024-08-27,IMG_20240827_024700874.jpg,Mackerel,Good,Manual_data
2024-08-27,IMG_20240827_024738947.jpg,Mackerel,Good,Manual_data
2024-08-27,IMG_20240827_024823481.jpg,Mackerel,Good,Manual_data
2024-08-27,IMG_20240827_024902909.jpg,Mackerel,Good,Manual_data
2024-08-27,IMG_20240827_024826982.jpg,Mackerel,Good,Manual_data
2024-08-27,IMG_20240827_024828739.jpg,Mackerel,Good,Manual_data
2024-08-27,IMG_20240827_024908121.jpg,Mackerel,Good,Manual_data
2024-08-27,IMG_20240827_024906285.jpg,Mackerel,Good,Manual_data
2024-08-27,IMG_20240827_024740988.jpg,Mackerel,Good,Manual_data
2024-08-27,IMG_20240827_024900747.jpg,Mackerel,Good,Manual_data
2024-08-27,IMG_20240827_024821312.jpg,Mackerel,Good,Manual_data
2024-08-27,IMG_20240827_024825041.jpg,Mackerel,Good,Manual_data
2024-08-27,IMG_20240827_024942905.jpg,Mackerel,Good,Manual_data
2024-08-27,IMG_20240827_024940873.jpg,Mackerel,Good,Manual_data
2024-08-27,IMG_20240827_024913068.jpg,Mackerel,Good,Manual_data
2024-08-27,IMG_20240827_025015110.jpg,Mackerel,Good,Manual_data
2024-08-27,IMG_20240827_024911184.jpg,Mackerel,Good,Manual_data
2024-08-27,IMG_20240827_024917316.jpg,Mackerel,Good,Manual_data
2024-08-27,IMG_20240827_024915662.jpg,Mackerel,Good,Manual_data
2024-08-27,IMG_20240827_024921148.jpg,Mackerel,Good,Manual_data
2024-08-27,IMG_20240827_024919435.jpg,Mackerel,Good,Manual_data
2024-08-27,IMG_20240827_025033577.jpg,Mackerel,Good,Manual_data
2024-08-27,IMG_20240827_025021596.jpg,Mackerel,Good,Manual_data
2024-08-27,IMG_20240827_025019600.jpg,Mackerel,Good,Manual_data
2024-08-27,IMG_20240827_025031479.jpg,Mackerel,Good,Manual_data
2024-08-27,IMG_20240827_025028695.jpg,Mackerel,Good,Manual_data
2024-08-27,IMG_20240827_025017098.jpg,Mackerel,Good,Manual_data
2024-08-27,IMG_20240827_025023849.jpg,Mackerel,Good,Manual_data
2024-08-27,IMG_20240827_025026779.jpg,Mackerel,Good,Manual_data
2024-08-27,IMG_20240827_025035498.jpg,Mackerel,Good,Manual_data
2024-08-27,IMG_20240827_025037449.jpg,Mackerel,Good,Manual_data
2024-08-27,IMG_20240827_023027071.jpg,Mackerel,Bad,Manual_data
2024-08-27,IMG_20240827_023033678.jpg,Mackerel,Bad,Manual_data
2024-08-27,IMG_20240827_023030539.jpg,Mackerel,Bad,Manual_data
2024-08-27,IMG_20240827_023040548.jpg,Mackerel,Bad,Manual_data
2024-08-27,IMG_20240827_023044963.jpg,Mackerel,Bad,Manual_data
2024-08-27,IMG_20240827_023038024.jpg,Mackerel,Bad,Manual_data
2024-08-27,IMG_20240827_023100260.jpg,Mackerel,Bad,Manual_data
2024-08-27,IMG_20240827_023051874.jpg,Mackerel,Bad,Manual_data
2024-08-27,IMG_20240827_023054441.jpg,Mackerel,Bad,Manual_data
2024-08-27,IMG_20240827_023107946.jpg,Mackerel,Bad,Manual_data
2024-08-27,IMG_20240827_023103274.jpg,Mackerel,Bad,Manual_data
2024-08-27,IMG_20240827_023047549.jpg,Mackerel,Bad,Manual_data
2024-08-27,IMG_20240827_023125501.jpg,Mackerel,Bad,Manual_data
2024-08-27,IMG_20240827_023110331.jpg,Mackerel,Bad,Manual_data
2024-08-27,IMG_20240827_023235868.jpg,Mackerel,Bad,Manual_data
2024-08-27,IMG_20240827_023200806.jpg,Mackerel,Bad,Manual_data
2024-08-27,IMG_20240827_023113357.jpg,Mackerel,Bad,Manual_data
2024-08-27,IMG_20240827_023115675.jpg,Mackerel,Bad,Manual_data
2024-08-27,IMG_20240827_024035128.jpg,Mackerel,Bad,Manual_data
2024-08-27,IMG_20240827_023240319.jpg,Mackerel,Bad,Manual_data
2024-08-27,IMG_20240827_024033253.jpg,Mackerel,Bad,Manual_data
2024-08-27,IMG_20240827_024037752.jpg,Mackerel,Bad,Manual_data
2024-08-27,IMG_20240827_023242787.jpg,Mackerel,Bad,Manual_data
2024-08-27,IMG_20240827_024044848.jpg,Mackerel,Bad,Manual_data
2024-08-27,IMG_20240827_024040138.jpg,Mackerel,Bad,Manual_data
2024-08-27,IMG_20240827_024042748.jpg,Mackerel,Bad,Manual_data
2024-08-27,IMG_20240827_024108556.jpg,Mackerel,Bad,Manual_data
2024-08-27,IMG_20240827_024049016.jpg,Mackerel,Bad,Manual_data
2024-08-27,IMG_20240827_024111852.jpg,Mackerel,Bad,Manual_data
2024-08-27,IMG_20240827_024046644.jpg,Mackerel,Bad,Manual_data
2024-08-31,IMG_20240829_025303152.jpg,Mackerel,Good,Manual_data
2024-08-31,IMG_20240829_025300445.jpg,Mackerel,Good,Manual_data
2024-08-31,IMG_20240829_025313963.jpg,Mackerel,Good,Manual_data
2024-08-31,IMG_20240829_025311464.jpg,Mackerel,Good,Manual_data
2024-08-31,IMG_20240829_025306854.jpg,Mackerel,Good,Manual_data
2024-08-31,IMG_20240829_025317759.jpg,Mackerel,Good,Manual_data
2024-08-31,IMG_20240829_025320563.jpg,Mackerel,Good,Manual_data
2024-08-31,IMG_20240829_025326132.jpg,Mackerel,Good,Manual_data
2024-08-31,IMG_20240829_025323680.jpg,Mackerel,Good,Manual_data
2024-08-31,IMG_20240829_025329082.jpg,Mackerel,Good,Manual_data
2024-08-31,IMG_20240829_025334211.jpg,Mackerel,Good,Manual_data
2024-08-31,IMG_20240829_025420781.jpg,Mackerel,Good,Manual_data
2024-08-31,IMG_20240829_025331392.jpg,Mackerel,Good,Manual_data
2024-08-31,IMG_20240829_025422832.jpg,Mackerel,Good,Manual_data
2024-08-31,IMG_20240829_025433918.jpg,Mackerel,Good,Manual_data
2024-08-31,IMG_20240829_025436807.jpg,Mackerel,Good,Manual_data
2024-08-31,IMG_20240829_025335507.jpg,Mackerel,Good,Manual_data
2024-08-31,IMG_20240829_025425825.jpg,Mackerel,Good,Manual_data
2024-08-31,IMG_20240829_025338041.jpg,Mackerel,Good,Manual_data
2024-08-31,IMG_20240829_025444805.jpg,Mackerel,Good,Manual_data
2024-08-31,IMG_20240829_025439351.jpg,Mackerel,Good,Manual_data
2024-08-31,IMG_20240829_025442683.jpg,Mackerel,Good,Manual_data
2024-08-31,IMG_20240829_025428076.jpg,Mackerel,Good,Manual_data
2024-08-31,IMG_20240829_025430857.jpg,Mackerel,Good,Manual_data
2024-08-31,IMG_20240829_025455301.jpg,Mackerel,Good,Manual_data
2024-08-31,IMG_20240829_025451916.jpg,Mackerel,Good,Manual_data
2024-08-31,IMG_20240829_025530493.jpg,Mackerel,Good,Manual_data
2024-08-31,IMG_20240829_025532966.jpg,Mackerel,Good,Manual_data
2024-08-31,IMG_20240829_025528345.jpg,Mackerel,Good,Manual_data
2024-08-31,IMG_20240829_025457241.jpg,Mackerel,Good,Manual_data
2024-08-31,IMG_20240829_025539335.jpg,Mackerel,Good,Manual_data
2024-08-31,IMG_20240829_025542324.jpg,Mackerel,Good,Manual_data
2024-08-31,IMG_20240829_025552547.jpg,Mackerel,Good,Manual_data
2024-08-31,IMG_20240829_025535221.jpg,Mackerel,Good,Manual_data
2024-08-31,IMG_20240829_025554801.jpg,Mackerel,Good,Manual_data
2024-08-31,IMG_20240829_025546105.jpg,Mackerel,Good,Manual_data
2024-08-31,IMG_20240829_025548437.jpg,Mackerel,Good,Manual_data
2024-08-31,IMG_20240829_025606945.jpg,Mackerel,Good,Manual_data
2024-08-31,IMG_20240829_025600561.jpg,Mackerel,Good,Manual_data
2024-08-31,IMG_20240829_025635856.jpg,Mackerel,Good,Manual_data
2024-08-31,IMG_20240829_025558158.jpg,Mackerel,Good,Manual_data
2024-08-31,IMG_20240829_025604494.jpg,Mackerel,Good,Manual_data
2024-08-31,IMG_20240829_025709141.jpg,Mackerel,Good,Manual_data
2024-08-31,IMG_20240829_030408606.jpg,Mackerel,Good,Manual_data
2024-08-31,IMG_20240829_025705247.jpg,Mackerel,Good,Manual_data
2024-08-31,IMG_20240829_030401318.jpg,Mackerel,Good,Manual_data
2024-08-31,IMG_20240829_030406648.jpg,Mackerel,Good,Manual_data
2024-08-31,IMG_20240829_030403576.jpg,Mackerel,Good,Manual_data
2024-08-31,IMG_20240829_030411420.jpg,Mackerel,Good,Manual_data
2024-08-31,IMG_20240829_030420863.jpg,Mackerel,Good,Manual_data
2024-08-31,IMG_20240829_030425418.jpg,Mackerel,Good,Manual_data
2024-08-31,IMG_20240829_030422563.jpg,Mackerel,Good,Manual_data
2024-08-31,IMG_20240829_030413129.jpg,Mackerel,Good,Manual_data
2024-08-31,IMG_20240829_030415728.jpg,Mackerel,Good,Manual_data
2024-08-31,IMG_20240829_030417599.jpg,Mackerel,Good,Manual_data
2024-08-31,IMG_20240829_030448349.jpg,Mackerel,Good,Manual_data
2024-08-31,IMG_20240829_030450457.jpg,Mackerel,Good,Manual_data
2024-08-31,IMG_20240829_030459488.jpg,Mackerel,Good,Manual_data
2024-08-31,IMG_20240829_030433559.jpg,Mackerel,Good,Manual_data
2024-08-31,IMG_20240829_030537272.jpg,Mackerel,Good,Manual_data
2024-08-31,IMG_20240829_030535326.jpg,Mackerel,Good,Manual_data
2024-08-31,IMG_20240829_030545308.jpg,Mackerel,Good,Manual_data
2024-08-31,IMG_20240829_030547883.jpg,Mackerel,Good,Manual_data
2024-08-31,IMG_20240829_030543611.jpg,Mackerel,Good,Manual_data
2024-08-31,IMG_20240829_030554000.jpg,Mackerel,Good,Manual_data
2024-08-31,IMG_20240829_030549995.jpg,Mackerel,Good,Manual_data
2024-08-31,IMG_20240829_030556111.jpg,Mackerel,Good,Manual_data
2024-08-31,IMG_20240829_030630274.jpg,Mackerel,Good,Manual_data
2024-08-31,IMG_20240829_030608223.jpg,Mackerel,Good,Manual_data
2024-08-31,IMG_20240829_030627524.jpg,Mackerel,Good,Manual_data
2024-08-31,IMG_20240829_030805659.jpg,Mackerel,Good,Manual_data
2024-08-31,IMG_20240829_030733136.jpg,Mackerel,Good,Manual_data
2024-08-31,IMG_20240829_030758564.jpg,Mackerel,Good,Manual_data
2024-08-31,IMG_20240829_030803578.jpg,Mackerel,Good,Manual_data
2024-08-31,IMG_20240829_030800667.jpg,Mackerel,Good,Manual_data
2024-08-31,IMG_20240829_030816549.jpg,Mackerel,Good,Manual_data
2024-08-31,IMG_20240829_030812904.jpg,Mackerel,Good,Manual_data
2024-08-31,IMG_20240829_030808618.jpg,Mackerel,Good,Manual_data
2024-08-31,IMG_20240829_030823336.jpg,Mackerel,Good,Manual_data
2024-08-31,IMG_20240829_030818904.jpg,Mackerel,Good,Manual_data
2024-08-31,IMG_20240829_030905342.jpg,Mackerel,Good,Manual_data
2024-08-31,IMG_20240829_030829030.jpg,Mackerel,Good,Manual_data
2024-08-31,IMG_20240829_030857700.jpg,Mackerel,Good,Manual_data
2024-08-31,IMG_20240829_030825822.jpg,Mackerel,Good,Manual_data
2024-08-31,IMG_20240829_030831287.jpg,Mackerel,Good,Manual_data
2024-08-31,IMG_20240829_030925734.jpg,Mackerel,Good,Manual_data
2024-08-31,IMG_20240829_030901569.jpg,Mackerel,Good,Manual_data
2024-08-31,IMG_20240829_030916225.jpg,Mackerel,Good,Manual_data
2024-08-31,IMG_20240829_030910951.jpg,Mackerel,Good,Manual_data
2024-08-31,IMG_20240829_030914203.jpg,Mackerel,Good,Manual_data
2024-08-31,IMG_20240829_030939530.jpg,Mackerel,Good,Manual_data
2024-08-31,IMG_20240829_030937436.jpg,Mackerel,Good,Manual_data
2024-08-31,IMG_20240829_030919256.jpg,Mackerel,Good,Manual_data
2024-08-31,IMG_20240829_030927544.jpg,Mackerel,Good,Manual_data
2024-08-31,IMG_20240829_030931262.jpg,Mackerel,Good,Manual_data
2024-08-31,IMG_20240829_030921580.jpg,Mackerel,Good,Manual_data
2024-08-31,IMG_20240829_031027748.jpg,Mackerel,Good,Manual_data
2024-08-31,IMG_20240829_030945057.jpg,Mackerel,Good,Manual_data
2024-08-31,IMG_20240829_031029689.jpg,Mackerel,Good,Manual_data
2024-08-31,IMG_20240829_030943088.jpg,Mackerel,Good,Manual_data
2024-08-31,IMG_20240829_030948185.jpg,Mackerel,Good,Manual_data
2024-08-31,IMG_20240829_030934368.jpg,Mackerel,Good,Manual_data
2024-08-31,IMG_20240829_031039360.jpg,Mackerel,Good,Manual_data
2024-08-31,IMG_20240829_030950221.jpg,Mackerel,Good,Manual_data
2024-08-31,IMG_20240829_031036192.jpg,Mackerel,Good,Manual_data
2024-08-31,IMG_20240829_031032674.jpg,Mackerel,Good,Manual_data
2024-08-31,IMG_20240829_031053223.jpg,Mackerel,Good,Manual_data
2024-08-31,IMG_20240829_031045397.jpg,Mackerel,Good,Manual_data
2024-08-31,IMG_20240829_031048204.jpg,Mackerel,Good,Manual_data
2024-08-31,IMG_20240829_031041936.jpg,Mackerel,Good,Manual_data
2024-08-31,IMG_20240829_031056488.jpg,Mackerel,Good,Manual_data
2024-08-31,IMG_20240829_031105113.jpg,Mackerel,Good,Manual_data
2024-08-31,IMG_20240829_031051282.jpg,Mackerel,Good,Manual_data
2024-08-31,IMG_20240829_031058804.jpg,Mackerel,Good,Manual_data
2024-08-31,IMG_20240829_031103002.jpg,Mackerel,Good,Manual_data
2024-08-31,IMG_20240829_031144336.jpg,Mackerel,Good,Manual_data
2024-08-31,IMG_20240829_031110500.jpg,Mackerel,Good,Manual_data
2024-08-31,IMG_20240829_031149324.jpg,Mackerel,Good,Manual_data
2024-08-31,IMG_20240829_031108401.jpg,Mackerel,Good,Manual_data
2024-08-31,IMG_20240829_031146525.jpg,Mackerel,Good,Manual_data
2024-08-31,IMG_20240829_031155986.jpg,Mackerel,Good,Manual_data
2024-08-31,IMG_20240829_031154175.jpg,Mackerel,Good,Manual_data
2024-08-31,IMG_20240829_031151193.jpg,Mackerel,Good,Manual_data
2024-08-31,IMG_20240829_031201135.jpg,Mackerel,Good,Manual_data
2024-08-31,IMG_20240829_031158990.jpg,Mackerel,Good,Manual_data
2024-08-31,IMG_20240829_031204428.jpg,Mackerel,Good,Manual_data
2024-08-31,IMG_20240829_031252102.jpg,Mackerel,Good,Manual_data
2024-08-31,IMG_20240829_031206445.jpg,Mackerel,Good,Manual_data
2024-08-31,IMG_20240829_031248902.jpg,Mackerel,Good,Manual_data
2024-08-31,IMG_20240829_031304424.jpg,Mackerel,Good,Manual_data
2024-08-31,IMG_20240829_031254673.jpg,Mackerel,Good,Manual_data
2024-08-31,IMG_20240829_031256849.jpg,Mackerel,Good,Manual_data
2024-08-31,IMG_20240829_031259439.jpg,Mackerel,Good,Manual_data
2024-08-31,IMG_20240829_031306230.jpg,Mackerel,Good,Manual_data
2024-08-31,IMG_20240829_031309062.jpg,Mackerel,Good,Manual_data
2024-08-31,IMG_20240829_031314801.jpg,Mackerel,Good,Manual_data
2024-08-31,IMG_20240829_031526642.jpg,Mackerel,Good,Manual_data
2024-08-31,IMG_20240829_031318666.jpg,Mackerel,Good,Manual_data
2024-08-31,IMG_20240829_031534527.jpg,Mackerel,Good,Manual_data
2024-08-31,IMG_20240829_031532203.jpg,Mackerel,Good,Manual_data
2024-08-31,IMG_20240829_031529153.jpg,Mackerel,Good,Manual_data
2024-08-31,IMG_20240829_031544588.jpg,Mackerel,Good,Manual_data
2024-08-31,IMG_20240829_031548011.jpg,Mackerel,Good,Manual_data
2024-08-31,IMG_20240829_031602293.jpg,Mackerel,Good,Manual_data
2024-08-31,IMG_20240829_031549956.jpg,Mackerel,Good,Manual_data
2024-08-31,IMG_20240829_031553317.jpg,Mackerel,Good,Manual_data
2024-08-31,IMG_20240829_031537671.jpg,Mackerel,Good,Manual_data
2024-08-31,IMG_20240829_031630548.jpg,Mackerel,Good,Manual_data
2024-08-31,IMG_20240829_031555563.jpg,Mackerel,Good,Manual_data
2024-08-31,IMG_20240829_031559034.jpg,Mackerel,Good,Manual_data
2024-08-31,IMG_20240829_031628180.jpg,Mackerel,Good,Manual_data
2024-08-31,IMG_20240829_031649573.jpg,Mackerel,Good,Manual_data
2024-08-31,IMG_20240829_031607201.jpg,Mackerel,Good,Manual_data
2024-08-31,IMG_20240829_031635285.jpg,Mackerel,Good,Manual_data
2024-08-31,IMG_20240829_031642817.jpg,Mackerel,Good,Manual_data
2024-08-31,IMG_20240829_031637899.jpg,Mackerel,Good,Manual_data
2024-08-31,IMG_20240829_031730516.jpg,Mackerel,Good,Manual_data
2024-08-31,IMG_20240829_031654063.jpg,Mackerel,Good,Manual_data
2024-08-31,IMG_20240829_031647686.jpg,Mackerel,Good,Manual_data
2024-08-31,IMG_20240829_031644868.jpg,Mackerel,Good,Manual_data
2024-08-31,IMG_20240829_031736639.jpg,Mackerel,Good,Manual_data
2024-08-31,IMG_20240829_031652162.jpg,Mackerel,Good,Manual_data
2024-08-31,IMG_20240829_031732900.jpg,Mackerel,Good,Manual_data
2024-08-31,IMG_20240829_031803828.jpg,Mackerel,Good,Manual_data
2024-08-31,IMG_20240829_031801253.jpg,Mackerel,Good,Manual_data
2024-08-31,IMG_20240829_031821045.jpg,Mackerel,Good,Manual_data
2024-08-31,IMG_20240829_031739043.jpg,Mackerel,Good,Manual_data
2024-08-31,IMG_20240829_031812800.jpg,Mackerel,Good,Manual_data
2024-08-31,IMG_20240829_031823129.jpg,Mackerel,Good,Manual_data
2024-08-31,IMG_20240829_031807543.jpg,Mackerel,Good,Manual_data
2024-08-31,IMG_20240829_031816807.jpg,Mackerel,Good,Manual_data
2024-08-31,IMG_20240829_031833489.jpg,Mackerel,Good,Manual_data
2024-08-31,IMG_20240829_031828323.jpg,Mackerel,Good,Manual_data
2024-08-31,IMG_20240829_031826423.jpg,Mackerel,Good,Manual_data
2024-08-31,IMG_20240829_031840770.jpg,Mackerel,Good,Manual_data
2024-08-31,IMG_20240829_031846890.jpg,Mackerel,Good,Manual_data
2024-08-31,IMG_20240829_031836412.jpg,Mackerel,Good,Manual_data
2024-08-31,IMG_20240829_031838590.jpg,Mackerel,Good,Manual_data
2024-08-31,IMG_20240829_031854306.jpg,Mackerel,Good,Manual_data
2024-08-31,IMG_20240829_031857595.jpg,Mackerel,Good,Manual_data
2024-08-31,IMG_20240829_031852438.jpg,Mackerel,Good,Manual_data
2024-08-31,IMG_20240829_031906343.jpg,Mackerel,Good,Manual_data
2024-08-31,IMG_20240829_031848765.jpg,Mackerel,Good,Manual_data
2024-08-31,IMG_20240831_023528495.jpg,Mackerel,Bad,Manual_data
2024-08-31,IMG_20240831_023530710.jpg,Mackerel,Bad,Manual_data
2024-08-31,IMG_20240831_023533817 (1).jpg,Mackerel,Bad,Manual_data
2024-08-31,IMG_20240831_023536038.jpg,Mackerel,Bad,Manual_data
2024-08-31,IMG_20240831_023553495.jpg,Mackerel,Bad,Manual_data
2024-08-31,IMG_20240831_023555788.jpg,Mackerel,Bad,Manual_data
2024-08-31,IMG_20240831_023603041.jpg,Mackerel,Bad,Manual_data
2024-08-31,IMG_20240831_023612315.jpg,Mackerel,Bad,Manual_data
2024-08-31,IMG_20240831_023610349.jpg,Mackerel,Bad,Manual_data
2024-08-31,IMG_20240831_023605974.jpg,Mackerel,Bad,Manual_data
2024-08-31,IMG_20240831_023615143.jpg,Mackerel,Bad,Manual_data
2024-08-31,IMG_20240831_023635909.jpg,Mackerel,Bad,Manual_data
2024-08-31,IMG_20240831_023620126.jpg,Mackerel,Bad,Manual_data
2024-08-31,IMG_20240831_023622234.jpg,Mackerel,Bad,Manual_data
2024-08-31,IMG_20240831_023617125.jpg,Mackerel,Bad,Manual_data
2024-08-31,IMG_20240831_023637526.jpg,Mackerel,Bad,Manual_data
2024-08-31,IMG_20240831_023645469.jpg,Mackerel,Bad,Manual_data
2024-08-31,IMG_20240831_023650391.jpg,Mackerel,Bad,Manual_data
2024-08-31,IMG_20240831_023648082.jpg,Mackerel,Bad,Manual_data
2024-08-31,IMG_20240831_023639688.jpg,Mackerel,Bad,Manual_data
2024-08-31,IMG_20240831_023642329.jpg,Mackerel,Bad,Manual_data
2024-08-31,IMG_20240831_023652602.jpg,Mackerel,Bad,Manual_data
2024-08-31,IMG_20240831_023655691.jpg,Mackerel,Bad,Manual_data
2024-08-31,IMG_20240831_023657595.jpg,Mackerel,Bad,Manual_data
2024-08-31,IMG_20240831_023533817.jpg,Mackerel,Bad,Manual_data
2024-08-31,IMG_20240831_023719436.jpg,Mackerel,Bad,Manual_data
2024-08-31,IMG_20240831_023705342.jpg,Mackerel,Bad,Manual_data
2024-08-31,IMG_20240831_023714795.jpg,Mackerel,Bad,Manual_data
2024-08-31,IMG_20240831_023702628.jpg,Mackerel,Bad,Manual_data
2024-08-31,IMG_20240831_023712248.jpg,Mackerel,Bad,Manual_data
2024-08-31,IMG_20240831_023733691.jpg,Mackerel,Bad,Manual_data
2024-08-31,IMG_20240831_023727002.jpg,Mackerel,Bad,Manual_data
2024-08-31,IMG_20240831_023724771.jpg,Mackerel,Bad,Manual_data
2024-08-31,IMG_20240831_023731585.jpg,Mackerel,Bad,Manual_data
2024-08-31,IMG_20240831_023721976.jpg,Mackerel,Bad,Manual_data
2024-08-31,IMG_20240831_023755127.jpg,Mackerel,Bad,Manual_data
2024-08-31,IMG_20240831_023813214.jpg,Mackerel,Bad,Manual_data
2024-08-31,IMG_20240831_023748554.jpg,Mackerel,Bad,Manual_data
2024-08-31,IMG_20240831_023752469.jpg,Mackerel,Bad,Manual_data
2024-08-31,IMG_20240831_023801721.jpg,Mackerel,Bad,Manual_data
2024-08-31,IMG_20240831_023759387.jpg,Mackerel,Bad,Manual_data
2024-08-31,IMG_20240831_023746270.jpg,Mackerel,Bad,Manual_data
2024-08-31,IMG_20240831_023808957.jpg,Mackerel,Bad,Manual_data
2024-08-31,IMG_20240831_023828941.jpg,Mackerel,Bad,Manual_data
2024-08-31,IMG_20240831_023815421.jpg,Mackerel,Bad,Manual_data
2024-08-31,IMG_20240831_023821746.jpg,Mackerel,Bad,Manual_data
2024-08-31,IMG_20240831_023826575.jpg,Mackerel,Bad,Manual_data
2024-08-31,IMG_20240831_023819330.jpg,Mackerel,Bad,Manual_data
2024-08-31,IMG_20240831_023848288.jpg,Mackerel,Bad,Manual_data
2024-08-31,IMG_20240831_023834696.jpg,Mackerel,Bad,Manual_data
2024-08-31,IMG_20240831_023836991.jpg,Mackerel,Bad,Manual_data
2024-08-31,IMG_20240831_023840816.jpg,Mackerel,Bad,Manual_data
2024-08-31,IMG_20240831_023855130.jpg,Mackerel,Bad,Manual_data
2024-08-31,IMG_20240831_023852360.jpg,Mackerel,Bad,Manual_data
2024-08-31,IMG_20240831_023915314.jpg,Mackerel,Bad,Manual_data
2024-08-31,IMG_20240831_023859518.jpg,Mackerel,Bad,Manual_data
2024-08-31,IMG_20240831_023907808.jpg,Mackerel,Bad,Manual_data
2024-08-31,IMG_20240831_023905251.jpg,Mackerel,Bad,Manual_data
2024-08-31,IMG_20240831_023913071.jpg,Mackerel,Bad,Manual_data
2024-08-31,IMG_20240831_023901658.jpg,Mackerel,Bad,Manual_data
2024-08-31,IMG_20240831_023935727.jpg,Mackerel,Bad,Manual_data
2024-08-31,IMG_20240831_023928599.jpg,Mackerel,Bad,Manual_data
2024-08-31,IMG_20240831_023926200.jpg,Mackerel,Bad,Manual_data
2024-08-31,IMG_20240831_023921974.jpg,Mackerel,Bad,Manual_data
2024-08-31,IMG_20240831_023919431.jpg,Mackerel,Bad,Manual_data
2024-08-31,IMG_20240831_023933301.jpg,Mackerel,Bad,Manual_data
2024-08-31,IMG_20240831_023942672.jpg,Mackerel,Bad,Manual_data
2024-08-31,IMG_20240831_024008294.jpg,Mackerel,Bad,Manual_data
2024-08-31,IMG_20240831_023939915.jpg,Mackerel,Bad,Manual_data
2024-08-31,IMG_20240831_023958086.jpg,Mackerel,Bad,Manual_data
2024-08-31,IMG_20240831_023953550.jpg,Mackerel,Bad,Manual_data
2024-08-31,IMG_20240831_023951250.jpg,Mackerel,Bad,Manual_data
2024-08-31,IMG_20240831_024005610.jpg,Mackerel,Bad,Manual_data
2024-08-31,IMG_20240831_024000970.jpg,Mackerel,Bad,Manual_data
2024-08-31,IMG_20240831_024029581.jpg,Mackerel,Bad,Manual_data
2024-08-31,IMG_20240831_024013443.jpg,Mackerel,Bad,Manual_data
2024-08-31,IMG_20240831_024015896.jpg,Mackerel,Bad,Manual_data
2024-08-31,IMG_20240831_024031878.jpg,Mackerel,Bad,Manual_data
2024-08-31,IMG_20240831_024025451.jpg,Mackerel,Bad,Manual_data
2024-08-31,IMG_20240831_024020810.jpg,Mackerel,Bad,Manual_data
2024-08-31,IMG_20240831_024039402.jpg,Mackerel,Bad,Manual_data
2024-08-31,IMG_20240831_024045382.jpg,Mackerel,Bad,Manual_data
2024-08-31,IMG_20240831_024052569.jpg,Mackerel,Bad,Manual_data
2024-08-31,IMG_20240831_024050150.jpg,Mackerel,Bad,Manual_data
2024-08-31,IMG_20240831_024043145.jpg,Mackerel,Bad,Manual_data
2024-08-31,IMG_20240831_024036620.jpg,Mackerel,Bad,Manual_data
2024-08-31,IMG_20240831_024106364.jpg,Mackerel,Bad,Manual_data
2024-08-31,IMG_20240831_024103314.jpg,Mackerel,Bad,Manual_data
2024-08-31,IMG_20240831_024111004.jpg,Mackerel,Bad,Manual_data
2024-08-31,IMG_20240831_024058528.jpg,Mackerel,Bad,Manual_data
2024-08-31,IMG_20240831_024117582.jpg,Mackerel,Bad,Manual_data
2024-08-31,IMG_20240831_024113865.jpg,Mackerel,Bad,Manual_data
2024-08-31,IMG_20240831_024056355.jpg,Mackerel,Bad,Manual_data
2024-08-31,IMG_20240831_024132998.jpg,Mackerel,Bad,Manual_data
2024-08-31,IMG_20240831_024136002.jpg,Mackerel,Bad,Manual_data
2024-08-31,IMG_20240831_024148761.jpg,Mackerel,Bad,Manual_data
2024-08-31,IMG_20240831_024145931.jpg,Mackerel,Bad,Manual_data
2024-08-31,IMG_20240831_024119917.jpg,Mackerel,Bad,Manual_data
2024-08-31,IMG_20240831_024206806.jpg,Mackerel,Bad,Manual_data
2024-08-31,IMG_20240831_024200209.jpg,Mackerel,Bad,Manual_data
2024-08-31,IMG_20240831_024211094.jpg,Mackerel,Bad,Manual_data
2024-08-31,IMG_20240831_024153263.jpg,Mackerel,Bad,Manual_data
2024-08-31,IMG_20240831_024213373.jpg,Mackerel,Bad,Manual_data
2024-08-31,IMG_20240831_024155591.jpg,Mackerel,Bad,Manual_data
2024-08-31,IMG_20240831_024219894.jpg,Mackerel,Bad,Manual_data
2024-08-31,IMG_20240831_024231312.jpg,Mackerel,Bad,Manual_data
2024-08-31,IMG_20240831_024217827.jpg,Mackerel,Bad,Manual_data
2024-08-31,IMG_20240831_024241903.jpg,Mackerel,Bad,Manual_data
2024-08-31,IMG_20240831_024238229.jpg,Mackerel,Bad,Manual_data
2024-08-31,IMG_20240831_024243992.jpg,Mackerel,Bad,Manual_data
2024-08-31,IMG_20240831_024227159.jpg,Mackerel,Bad,Manual_data
2024-08-31,IMG_20240831_024233335.jpg,Mackerel,Bad,Manual_data
2024-08-31,IMG_20240831_024225050.jpg,Mackerel,Bad,Manual_data
2024-08-31,IMG_20240831_024249232.jpg,Mackerel,Bad,Manual_data
2024-08-31,IMG_20240831_024302469.jpg,Mackerel,Bad,Manual_data
2024-08-31,IMG_20240831_024304667.jpg,Mackerel,Bad,Manual_data
2024-08-31,IMG_20240831_024255802.jpg,Mackerel,Bad,Manual_data
2024-08-31,IMG_20240831_024258048.jpg,Mackerel,Bad,Manual_data
2024-08-31,IMG_20240831_024251603.jpg,Mackerel,Bad,Manual_data
2024-08-31,20240829_104723.jpg,Mackerel,Bad,Manual_data
2024-08-31,20240829_104713.jpg,Mackerel,Bad,Manual_data
2024-08-31,20240829_104726.jpg,Mackerel,Bad,Manual_data
2024-08-31,20240829_104707.jpg,Mackerel,Bad,Manual_data
2024-08-31,20240829_104702.jpg,Mackerel,Bad,Manual_data
2024-08-31,20240829_104717.jpg,Mackerel,Bad,Manual_data
2024-08-31,20240829_104720.jpg,Mackerel,Bad,Manual_data
2024-08-31,20240829_104606.jpg,Mackerel,Bad,Manual_data
2024-08-31,20240829_104620.jpg,Mackerel,Bad,Manual_data
2024-08-31,20240829_104611.jpg,Mackerel,Bad,Manual_data
2024-08-31,20240829_104631.jpg,Mackerel,Bad,Manual_data
2024-08-31,20240829_104640.jpg,Mackerel,Bad,Manual_data
2024-08-31,20240829_104552.jpg,Mackerel,Bad,Manual_data
2024-08-31,20240829_104624.jpg,Mackerel,Bad,Manual_data
2024-08-31,20240829_104518.jpg,Mackerel,Bad,Manual_data
2024-08-31,20240829_104541.jpg,Mackerel,Bad,Manual_data
2024-08-31,20240829_104548.jpg,Mackerel,Bad,Manual_data
2024-08-31,20240829_104504.jpg,Mackerel,Bad,Manual_data
2024-08-31,20240829_104447.jpg,Mackerel,Bad,Manual_data
2024-08-31,20240829_104535.jpg,Mackerel,Bad,Manual_data
2024-08-31,20240829_104522.jpg,Mackerel,Bad,Manual_data
2024-08-31,20240829_104512.jpg,Mackerel,Bad,Manual_data
2024-08-31,20240829_104434.jpg,Mackerel,Bad,Manual_data
2024-08-31,20240829_104428.jpg,Mackerel,Bad,Manual_data
2024-08-31,20240829_104442.jpg,Mackerel,Bad,Manual_data
2024-08-31,20240829_104422.jpg,Mackerel,Bad,Manual_data
2024-08-31,20240829_104400.jpg,Mackerel,Bad,Manual_data
2024-08-31,20240829_104438.jpg,Mackerel,Bad,Manual_data
2024-08-31,20240829_104430.jpg,Mackerel,Bad,Manual_data
2024-08-31,20240829_104403.jpg,Mackerel,Bad,Manual_data
2024-08-31,20240829_104305.jpg,Mackerel,Bad,Manual_data
2024-08-31,20240829_104257.jpg,Mackerel,Bad,Manual_data
2024-08-31,20240829_104344.jpg,Mackerel,Bad,Manual_data
2024-08-31,20240829_104334.jpg,Mackerel,Bad,Manual_data
2024-08-31,20240829_104309.jpg,Mackerel,Bad,Manual_data
2024-08-31,20240829_104357.jpg,Mackerel,Bad,Manual_data
2024-08-31,20240829_104301.jpg,Mackerel,Bad,Manual_data
2024-08-31,20240829_104352.jpg,Mackerel,Bad,Manual_data
2024-08-31,20240829_104200.jpg,Mackerel,Bad,Manual_data
2024-08-31,20240829_104217.jpg,Mackerel,Bad,Manual_data
2024-08-31,20240829_104253.jpg,Mackerel,Bad,Manual_data
2024-08-31,20240829_104248.jpg,Mackerel,Bad,Manual_data
2024-08-31,20240829_104226.jpg,Mackerel,Bad,Manual_data
2024-08-31,20240829_104205.jpg,Mackerel,Bad,Manual_data
2024-08-31,20240829_104149.jpg,Mackerel,Bad,Manual_data
2024-08-31,20240829_104128.jpg,Mackerel,Bad,Manual_data
2024-08-31,20240829_104054.jpg,Mackerel,Bad,Manual_data
2024-08-31,20240829_104031.jpg,Mackerel,Bad,Manual_data
2024-08-31,20240829_104100.jpg,Mackerel,Bad,Manual_data
2024-08-31,20240829_104140.jpg,Mackerel,Bad,Manual_data
2024-08-31,20240829_104123.jpg,Mackerel,Bad,Manual_data
2024-08-31,20240829_104145.jpg,Mackerel,Bad,Manual_data
2024-08-31,20240829_104136.jpg,Mackerel,Bad,Manual_data
2024-08-31,20240829_104016.jpg,Mackerel,Bad,Manual_data
2024-08-31,20240829_104019.jpg,Mackerel,Bad,Manual_data
2024-09-03,IMG_20240903_030508354.jpg,Sardine,Good,Manual_data
2024-09-03,IMG_20240903_030526107.jpg,Sardine,Good,Manual_data
2024-09-03,IMG_20240903_030520626.jpg,Sardine,Good,Manual_data
2024-09-03,IMG_20240903_030517235.jpg,Sardine,Good,Manual_data
2024-09-03,IMG_20240903_030505168.jpg,Sardine,Good,Manual_data
2024-09-03,IMG_20240903_030602253.jpg,Sardine,Good,Manual_data
2024-09-03,IMG_20240903_030530105.jpg,Sardine,Good,Manual_data
2024-09-03,IMG_20240903_030559079.jpg,Sardine,Good,Manual_data
2024-09-03,IMG_20240903_031053461.jpg,Sardine,Good,Manual_data
2024-09-03,IMG_20240903_030540350.jpg,Sardine,Good,Manual_data
2024-09-03,IMG_20240903_030543273.jpg,Sardine,Good,Manual_data
2024-09-03,IMG_20240903_031114050.jpg,Sardine,Good,Manual_data
2024-09-03,IMG_20240903_031108797.jpg,Sardine,Good,Manual_data
2024-09-03,IMG_20240903_030621133.jpg,Sardine,Good,Manual_data
2024-09-03,IMG_20240903_030616927.jpg,Sardine,Good,Manual_data
2024-09-03,IMG_20240903_031105515.jpg,Sardine,Good,Manual_data
2024-09-03,IMG_20240903_031132731.jpg,Sardine,Good,Manual_data
2024-09-03,IMG_20240903_031116932.jpg,Sardine,Good,Manual_data
2024-09-03,IMG_20240903_031136768.jpg,Sardine,Good,Manual_data
2024-09-03,IMG_20240903_031123525.jpg,Sardine,Good,Manual_data
2024-09-03,IMG_20240903_031056630.jpg,Sardine,Good,Manual_data
2024-09-03,IMG_20240903_031120736.jpg,Sardine,Good,Manual_data
2024-09-03,IMG_20240903_031129885.jpg,Sardine,Good,Manual_data
2024-09-03,IMG_20240903_031203286.jpg,Sardine,Good,Manual_data
2024-09-03,IMG_20240903_031139213.jpg,Sardine,Good,Manual_data
2024-09-03,IMG_20240903_031144168.jpg,Sardine,Good,Manual_data
2024-09-03,IMG_20240903_031152444.jpg,Sardine,Good,Manual_data
2024-09-03,IMG_20240903_031148277.jpg,Sardine,Good,Manual_data
2024-09-03,IMG_20240903_031207106.jpg,Sardine,Good,Manual_data
2024-09-03,IMG_20240903_031217231.jpg,Sardine,Good,Manual_data
2024-09-03,IMG_20240903_031155512.jpg,Sardine,Good,Manual_data
2024-09-03,IMG_20240903_031209697.jpg,Sardine,Good,Manual_data
2024-09-03,IMG_20240903_031221865.jpg,Sardine,Good,Manual_data
2024-09-03,IMG_20240903_031159798.jpg,Sardine,Good,Manual_data
2024-09-03,IMG_20240903_031214282.jpg,Sardine,Good,Manual_data
2024-09-03,IMG_20240903_031241816.jpg,Sardine,Good,Manual_data
2024-09-03,IMG_20240903_031226284.jpg,Sardine,Good,Manual_data
2024-09-03,IMG_20240903_031234671.jpg,Sardine,Good,Manual_data
2024-09-03,IMG_20240903_031237456.jpg,Sardine,Good,Manual_data
2024-09-03,IMG_20240903_031252594.jpg,Sardine,Good,Manual_data
2024-09-03,IMG_20240903_031246269.jpg,Sardine,Good,Manual_data
2024-09-03,IMG_20240903_031258221.jpg,Sardine,Good,Manual_data
2024-09-03,IMG_20240903_031305328.jpg,Sardine,Good,Manual_data
2024-09-03,IMG_20240903_031326566.jpg,Sardine,Good,Manual_data
2024-09-03,IMG_20240903_031309583.jpg,Sardine,Good,Manual_data
2024-09-03,IMG_20240903_031318276.jpg,Sardine,Good,Manual_data
2024-09-03,IMG_20240903_031322121.jpg,Sardine,Good,Manual_data
2024-09-03,IMG_20240903_031343018.jpg,Sardine,Good,Manual_data
2024-09-03,IMG_20240903_031346127.jpg,Sardine,Good,Manual_data
2024-09-03,IMG_20240903_031336571.jpg,Sardine,Good,Manual_data
2024-09-03,IMG_20240903_025818300.jpg,Sardine,Good,Manual_data
2024-09-03,IMG_20240903_031333562.jpg,Sardine,Good,Manual_data
2024-09-03,IMG_20240903_025810150.jpg,Sardine,Good,Manual_data
2024-09-03,IMG_20240903_025814533.jpg,Sardine,Good,Manual_data
2024-09-03,IMG_20240903_031329566.jpg,Sardine,Good,Manual_data
2024-09-03,IMG_20240903_025806792.jpg,Sardine,Good,Manual_data
2024-09-03,IMG_20240903_025840852.jpg,Sardine,Good,Manual_data
2024-09-03,IMG_20240903_030102616.jpg,Sardine,Good,Manual_data
2024-09-03,IMG_20240903_025848337.jpg,Sardine,Good,Manual_data
2024-09-03,IMG_20240903_025837737.jpg,Sardine,Good,Manual_data
2024-09-03,IMG_20240903_025856371.jpg,Sardine,Good,Manual_data
2024-09-03,IMG_20240903_025845397.jpg,Sardine,Good,Manual_data
2024-09-03,IMG_20240903_025827746.jpg,Sardine,Good,Manual_data
2024-09-03,IMG_20240903_025853628.jpg,Sardine,Good,Manual_data
2024-09-03,IMG_20240903_025830773.jpg,Sardine,Good,Manual_data
2024-09-03,IMG_20240903_030144416.jpg,Sardine,Good,Manual_data
2024-09-03,IMG_20240903_030134180.jpg,Sardine,Good,Manual_data
2024-09-03,IMG_20240903_030125558.jpg,Sardine,Good,Manual_data
2024-09-03,IMG_20240903_030137142.jpg,Sardine,Good,Manual_data
2024-09-03,IMG_20240903_030058547.jpg,Sardine,Good,Manual_data
2024-09-03,IMG_20240903_030112135.jpg,Sardine,Good,Manual_data
2024-09-03,IMG_20240903_030120642.jpg,Sardine,Good,Manual_data
2024-09-03,IMG_20240903_025905189.jpg,Sardine,Good,Manual_data
2024-09-03,IMG_20240903_025909223.jpg,Sardine,Good,Manual_data
2024-09-03,IMG_20240903_030316775.jpg,Sardine,Good,Manual_data
2024-09-03,IMG_20240903_030117885.jpg,Sardine,Good,Manual_data
2024-09-03,IMG_20240903_030333086.jpg,Sardine,Good,Manual_data
2024-09-03,IMG_20240903_030147744.jpg,Sardine,Good,Manual_data
2024-09-03,IMG_20240903_030402620.jpg,Sardine,Good,Manual_data
2024-09-03,IMG_20240903_030329444.jpg,Sardine,Good,Manual_data
2024-09-03,IMG_20240903_030321470.jpg,Sardine,Good,Manual_data
2024-09-03,IMG_20240903_030324478.jpg,Sardine,Good,Manual_data
2024-09-03,IMG_20240903_030313351.jpg,Sardine,Good,Manual_data
2024-09-03,IMG_20240903_030433215.jpg,Sardine,Good,Manual_data
2024-09-03,IMG_20240903_030418895.jpg,Sardine,Good,Manual_data
2024-09-03,IMG_20240903_030354590.jpg,Sardine,Good,Manual_data
2024-09-03,IMG_20240903_030409060.jpg,Sardine,Good,Manual_data
2024-09-03,IMG_20240903_030500036.jpg,Sardine,Good,Manual_data
2024-09-03,IMG_20240903_030415392.jpg,Sardine,Good,Manual_data
2024-09-03,IMG_20240903_030437606.jpg,Sardine,Good,Manual_data
2024-09-03,IMG_20240903_030346600.jpg,Sardine,Good,Manual_data
2024-09-03,IMG_20240903_030426812.jpg,Sardine,Good,Manual_data
2024-09-03,IMG_20240903_030456954.jpg,Sardine,Good,Manual_data
2024-09-03,IMG_20240903_030450058.jpg,Sardine,Good,Manual_data
2024-09-03,IMG_20240903_030447122.jpg,Sardine,Good,Manual_data
2024-09-14,IMG_20240914_004351218.jpg,Sardine,Good,Manual_data
2024-09-14,IMG_20240914_004458664.jpg,Sardine,Good,Manual_data
2024-09-14,IMG_20240914_004515302.jpg,Sardine,Good,Manual_data
2024-09-14,IMG_20240914_004503926.jpg,Sardine,Good,Manual_data
2024-09-14,IMG_20240914_004512227.jpg,Sardine,Good,Manual_data
2024-09-14,IMG_20240914_004444815.jpg,Sardine,Good,Manual_data
2024-09-14,IMG_20240914_004448237.jpg,Sardine,Good,Manual_data
2024-09-14,IMG_20240914_004602794.jpg,Sardine,Good,Manual_data
2024-09-14,IMG_20240914_004537894.jpg,Sardine,Good,Manual_data
2024-09-14,IMG_20240914_004545816.jpg,Sardine,Good,Manual_data
2024-09-14,IMG_20240914_004558575.jpg,Sardine,Good,Manual_data
2024-09-14,IMG_20240914_004526292.jpg,Sardine,Good,Manual_data
2024-09-14,IMG_20240914_004533582.jpg,Sardine,Good,Manual_data
2024-09-14,IMG_20240914_004522418.jpg,Sardine,Good,Manual_data
2024-09-14,IMG_20240914_004548736.jpg,Sardine,Good,Manual_data
2024-09-14,IMG_20240914_004655679.jpg,Sardine,Good,Manual_data
2024-09-14,IMG_20240914_004633736.jpg,Sardine,Good,Manual_data
2024-09-14,IMG_20240914_004617988.jpg,Sardine,Good,Manual_data
2024-09-14,IMG_20240914_004613060.jpg,Sardine,Good,Manual_data
2024-09-14,IMG_20240914_004620940.jpg,Sardine,Good,Manual_data
2024-09-14,IMG_20240914_004609374.jpg,Sardine,Good,Manual_data
2024-09-14,IMG_20240914_004629070.jpg,Sardine,Good,Manual_data
2024-09-14,IMG_20240914_004725328.jpg,Sardine,Good,Manual_data
2024-09-14,IMG_20240914_004708396.jpg,Sardine,Good,Manual_data
2024-09-14,IMG_20240914_004717593.jpg,Sardine,Good,Manual_data
2024-09-14,IMG_20240914_004728498.jpg,Sardine,Good,Manual_data
2024-09-14,IMG_20240914_004714438.jpg,Sardine,Good,Manual_data
2024-09-14,IMG_20240914_004704782.jpg,Sardine,Good,Manual_data
2024-09-14,IMG_20240914_004659569.jpg,Sardine,Good,Manual_data
2024-09-14,IMG_20240914_004735170.jpg,Sardine,Good,Manual_data
2024-09-14,IMG_20240914_005147327.jpg,Sardine,Good,Manual_data
2024-09-14,IMG_20240914_005205547.jpg,Sardine,Good,Manual_data
2024-09-14,IMG_20240914_005209648.jpg,Sardine,Good,Manual_data
2024-09-14,IMG_20240914_004738848.jpg,Sardine,Good,Manual_data
2024-09-14,IMG_20240914_005125514.jpg,Sardine,Good,Manual_data
2024-09-14,IMG_20240914_005129248.jpg,Sardine,Good,Manual_data
2024-09-14,IMG_20240914_005151065.jpg,Sardine,Good,Manual_data
2024-09-14,IMG_20240914_005155819.jpg,Sardine,Good,Manual_data
2024-09-14,IMG_20240914_005158904.jpg,Sardine,Good,Manual_data
2024-09-14,IMG_20240914_005214626.jpg,Sardine,Good,Manual_data
2024-09-14,IMG_20240914_005218365.jpg,Sardine,Good,Manual_data
2024-09-14,IMG_20240914_005244703.jpg,Sardine,Good,Manual_data
2024-09-14,IMG_20240914_005232881.jpg,Sardine,Good,Manual_data
2024-09-14,IMG_20240914_005236619.jpg,Sardine,Good,Manual_data
2024-09-14,IMG_20240914_005253919.jpg,Sardine,Good,Manual_data
2024-09-14,IMG_20240914_005250471.jpg,Sardine,Good,Manual_data
2024-09-14,IMG_20240914_005259037.jpg,Sardine,Good,Manual_data
2024-09-14,IMG_20240914_005241284.jpg,Sardine,Good,Manual_data
2024-09-14,IMG_20240914_005223917.jpg,Sardine,Good,Manual_data
2024-09-14,IMG_20240914_005227851.jpg,Sardine,Good,Manual_data
2024-09-14,IMG_20240914_005349420.jpg,Sardine,Good,Manual_data
2024-09-14,IMG_20240914_005311717.jpg,Sardine,Good,Manual_data
2024-09-14,IMG_20240914_005302690.jpg,Sardine,Good,Manual_data
2024-09-14,IMG_20240914_005334694.jpg,Sardine,Good,Manual_data
2024-09-14,IMG_20240914_005352541.jpg,Sardine,Good,Manual_data
2024-09-14,IMG_20240914_005356727.jpg,Sardine,Good,Manual_data
2024-09-14,IMG_20240914_005359841.jpg,Sardine,Good,Manual_data
2024-09-14,IMG_20240914_005308098.jpg,Sardine,Good,Manual_data
2024-09-14,IMG_20240914_005343392.jpg,Sardine,Good,Manual_data
2024-09-14,IMG_20240914_005449237.jpg,Sardine,Good,Manual_data
2024-09-14,IMG_20240914_005424415.jpg,Sardine,Good,Manual_data
2024-09-14,IMG_20240914_005444308.jpg,Sardine,Good,Manual_data
2024-09-14,IMG_20240914_005506322.jpg,Sardine,Good,Manual_data
2024-09-14,IMG_20240914_005430367.jpg,Sardine,Good,Manual_data
2024-09-14,IMG_20240914_005500509.jpg,Sardine,Good,Manual_data
2024-09-14,IMG_20240914_005434522.jpg,Sardine,Good,Manual_data
2024-09-14,IMG_20240914_005419832.jpg,Sardine,Good,Manual_data
2024-09-14,IMG_20240914_005440590.jpg,Sardine,Good,Manual_data
2024-09-14,IMG_20240914_005452574.jpg,Sardine,Good,Manual_data
2024-09-14,IMG_20240914_005457197.jpg,Sardine,Good,Manual_data
2024-09-14,IMG_20240914_005510118.jpg,Sardine,Good,Manual_data
2024-09-14,IMG_20240914_005525352.jpg,Sardine,Good,Manual_data
2024-09-14,IMG_20240914_005515524.jpg,Sardine,Good,Manual_data
2024-09-14,IMG_20240914_005529011.jpg,Sardine,Good,Manual_data
2024-09-14,IMG_20240914_005520247.jpg,Sardine,Good,Manual_data
2024-09-14,IMG_20240914_004311513.jpg,Sardine,Good,Manual_data
2024-09-14,IMG_20240914_004315007.jpg,Sardine,Good,Manual_data
2024-09-14,IMG_20240914_004321569.jpg,Sardine,Good,Manual_data
2024-09-14,IMG_20240914_004340586.jpg,Sardine,Good,Manual_data
2024-09-14,IMG_20240914_004347668.jpg,Sardine,Good,Manual_data
2024-09-14,IMG_20240914_004325932.jpg,Sardine,Good,Manual_data
2024-09-14,IMG_20240914_004337413.jpg,Sardine,Good,Manual_data
2024-09-14,IMG_20240914_005606453.jpg,Sardine,Good,Manual_data
2024-09-14,IMG_20240914_005602974.jpg,Sardine,Good,Manual_data
2024-09-14,IMG_20240914_005635607.jpg,Sardine,Good,Manual_data
2024-09-14,IMG_20240914_005621730.jpg,Sardine,Good,Manual_data
2024-09-14,IMG_20240914_005618653.jpg,Sardine,Good,Manual_data
2024-09-14,IMG_20240914_005643916.jpg,Sardine,Good,Manual_data
2024-09-14,IMG_20240914_005638904.jpg,Sardine,Good,Manual_data
2024-09-14,IMG_20240914_005627290.jpg,Sardine,Good,Manual_data
2024-09-14,IMG_20240914_005611261.jpg,Sardine,Good,Manual_data
2024-09-14,IMG_20240914_005613927.jpg,Sardine,Good,Manual_data
2024-09-14,IMG_20240914_005658783.jpg,Sardine,Good,Manual_data
2024-09-14,IMG_20240914_005647078.jpg,Sardine,Good,Manual_data
2024-09-14,IMG_20240914_005651364.jpg,Sardine,Good,Manual_data
2024-09-14,IMG_20240914_005707162.jpg,Sardine,Good,Manual_data
2024-09-14,IMG_20240914_005654474.jpg,Sardine,Good,Manual_data
2024-09-14,IMG_20240914_005702417.jpg,Sardine,Good,Manual_data
2024-09-14,IMG_20240914_005745330.jpg,Sardine,Good,Manual_data
2024-09-14,IMG_20240914_005741862.jpg,Sardine,Good,Manual_data
2024-09-14,IMG_20240914_005711453.jpg,Sardine,Good,Manual_data
2024-09-14,IMG_20240914_005728620.jpg,Sardine,Good,Manual_data
2024-09-14,IMG_20240914_005736371.jpg,Sardine,Good,Manual_data
2024-09-14,IMG_20240914_005720573.jpg,Sardine,Good,Manual_data
2024-09-14,IMG_20240914_005725741.jpg,Sardine,Good,Manual_data
2024-09-14,IMG_20240914_005750780.jpg,Sardine,Good,Manual_data
2024-09-14,IMG_20240914_005755682.jpg,Sardine,Good,Manual_data
2024-09-14,IMG_20240914_005732990.jpg,Sardine,Good,Manual_data
2024-09-14,IMG_20240914_005717148.jpg,Sardine,Good,Manual_data
2024-09-14,IMG_20240914_005802231.jpg,Sardine,Good,Manual_data
2024-09-14,IMG_20240914_005937949.jpg,Sardine,Good,Manual_data
2024-09-14,IMG_20240914_005859871.jpg,Sardine,Good,Manual_data
2024-09-14,IMG_20240914_005941280.jpg,Sardine,Good,Manual_data
2024-09-14,IMG_20240914_005805869.jpg,Sardine,Good,Manual_data
2024-09-14,IMG_20240914_005903024.jpg,Sardine,Good,Manual_data
2024-09-14,IMG_20240914_010002347.jpg,Sardine,Good,Manual_data
2024-09-14,IMG_20240914_005954013.jpg,Sardine,Good,Manual_data
2024-09-14,IMG_20240914_010009707.jpg,Sardine,Good,Manual_data
2024-09-14,IMG_20240914_010019494.jpg,Sardine,Good,Manual_data
2024-09-14,IMG_20240914_010012739.jpg,Sardine,Good,Manual_data
2024-09-14,IMG_20240914_005957409.jpg,Sardine,Good,Manual_data
2024-09-14,IMG_20240914_010005032.jpg,Sardine,Good,Manual_data
2024-09-14,IMG_20240914_010022594.jpg,Sardine,Good,Manual_data
2024-09-14,IMG_20240914_005945997.jpg,Sardine,Good,Manual_data
2024-09-14,IMG_20240914_005950051.jpg,Sardine,Good,Manual_data
2024-09-14,IMG_20240914_010058227.jpg,Sardine,Good,Manual_data
2024-09-14,IMG_20240914_010032319.jpg,Sardine,Good,Manual_data
2024-09-14,IMG_20240914_010028422.jpg,Sardine,Good,Manual_data
2024-09-14,IMG_20240914_010049661.jpg,Sardine,Good,Manual_data
2024-09-14,IMG_20240914_010053453.jpg,Sardine,Good,Manual_data
2024-09-14,IMG_20240914_010040020.jpg,Sardine,Good,Manual_data
2024-09-14,IMG_20240914_010101732.jpg,Sardine,Good,Manual_data
2024-09-14,IMG_20240914_010036546.jpg,Sardine,Good,Manual_data
2024-09-14,IMG_20240914_010116486.jpg,Sardine,Good,Manual_data
2024-09-14,IMG_20240914_010120953.jpg,Sardine,Good,Manual_data
2024-09-14,IMG_20240914_010111443.jpg,Sardine,Good,Manual_data
2024-09-14,IMG_20240914_010153279.jpg,Sardine,Good,Manual_data
2024-09-14,IMG_20240914_010108141.jpg,Sardine,Good,Manual_data
2024-09-14,IMG_20240914_010156889.jpg,Sardine,Good,Manual_data
2024-09-14,IMG_20240914_010129741.jpg,Sardine,Good,Manual_data
2024-09-14,IMG_20240914_010148576.jpg,Sardine,Good,Manual_data
2024-09-14,IMG_20240914_010145368.jpg,Sardine,Good,Manual_data
2024-09-14,IMG_20240914_010126827.jpg,Sardine,Good,Manual_data
2024-09-14,IMG_20240914_010229734.jpg,Sardine,Good,Manual_data
2024-09-14,IMG_20240914_010207176.jpg,Sardine,Good,Manual_data
2024-09-14,IMG_20240914_010201630.jpg,Sardine,Good,Manual_data
2024-09-14,IMG_20240914_010219983.jpg,Sardine,Good,Manual_data
2024-09-14,IMG_20240914_010225566.jpg,Sardine,Good,Manual_data
2024-09-14,IMG_20240914_010215264.jpg,Sardine,Good,Manual_data
2024-09-14,IMG_20240914_010212122.jpg,Sardine,Good,Manual_data
2024-09-14,IMG_20240914_004213865.jpg,Sardine,Good,Manual_data
2024-09-14,IMG_20240914_004221482.jpg,Sardine,Good,Manual_data
2024-09-14,IMG_20240914_004219602.jpg,Sardine,Good,Manual_data
2024-09-14,IMG_20240914_004224197.jpg,Sardine,Good,Manual_data
2024-09-14,IMG_20240914_004228140.jpg,Sardine,Good,Manual_data
2024-09-14,IMG_20240914_004300980.jpg,Sardine,Good,Manual_data
2024-09-14,IMG_20240914_004233856.jpg,Sardine,Good,Manual_data
2024-09-14,IMG_20240914_004237250.jpg,Sardine,Good,Manual_data
2024-09-14,IMG_20240914_004246754.jpg,Sardine,Good,Manual_data
2024-09-14,IMG_20240914_004251308.jpg,Sardine,Good,Manual_data
2024-09-14,IMG_20240914_004305090.jpg,Sardine,Good,Manual_data
2024-09-14,IMG_20240914_010344786.jpg,Sardine,Good,Manual_data
2024-09-14,IMG_20240914_010342062.jpg,Sardine,Good,Manual_data
2024-09-14,IMG_20240914_010235224.jpg,Sardine,Good,Manual_data
2024-09-14,IMG_20240914_010331218.jpg,Sardine,Good,Manual_data
2024-09-14,IMG_20240914_010349211.jpg,Sardine,Good,Manual_data
2024-09-14,IMG_20240914_010337858.jpg,Sardine,Good,Manual_data
2024-09-14,IMG_20240914_010328112.jpg,Sardine,Good,Manual_data
2024-09-14,IMG_20240914_010334905.jpg,Sardine,Good,Manual_data
2024-09-14,IMG_20240914_010424935.jpg,Sardine,Good,Manual_data
2024-09-14,IMG_20240914_010405019.jpg,Sardine,Good,Manual_data
2024-09-14,IMG_20240914_010357563.jpg,Sardine,Good,Manual_data
2024-09-14,IMG_20240914_010400771.jpg,Sardine,Good,Manual_data
2024-09-14,IMG_20240914_010408620.jpg,Sardine,Good,Manual_data
2024-09-14,IMG_20240914_010353191.jpg,Sardine,Good,Manual_data
2024-09-14,IMG_20240914_010421814.jpg,Sardine,Good,Manual_data
2024-09-14,IMG_20240914_010416737.jpg,Sardine,Good,Manual_data
2024-09-14,IMG_20240914_010412952.jpg,Sardine,Good,Manual_data
2024-09-14,IMG_20240914_010443950.jpg,Sardine,Good,Manual_data
2024-09-14,IMG_20240914_010511347.jpg,Sardine,Good,Manual_data
2024-09-14,IMG_20240914_010459746.jpg,Sardine,Good,Manual_data
2024-09-14,IMG_20240914_010429644.jpg,Sardine,Good,Manual_data
2024-09-14,IMG_20240914_010451911.jpg,Sardine,Good,Manual_data
2024-09-14,IMG_20240914_010506997.jpg,Sardine,Good,Manual_data
2024-09-14,IMG_20240914_010456425.jpg,Sardine,Good,Manual_data
2024-09-14,IMG_20240914_010448044.jpg,Sardine,Good,Manual_data
2024-09-14,IMG_20240914_010440109.jpg,Sardine,Good,Manual_data
2024-09-14,IMG_20240914_010504072.jpg,Sardine,Good,Manual_data
2024-09-14,IMG_20240914_010432858.jpg,Sardine,Good,Manual_data
2024-09-14,IMG_20240914_010528038.jpg,Sardine,Good,Manual_data
2024-09-14,IMG_20240914_010524287.jpg,Sardine,Good,Manual_data
2024-09-14,IMG_20240914_010534690.jpg,Sardine,Good,Manual_data
2024-09-14,IMG_20240914_010538172.jpg,Sardine,Good,Manual_data
2024-09-14,IMG_20240914_010517992.jpg,Sardine,Good,Manual_data
2024-09-14,IMG_20240903_025806792 (1).jpg,Sardine,Good,Manual_data
2024-09-14,IMG_20240903_025810150 (1).jpg,Sardine,Good,Manual_data
2024-09-14,IMG_20240903_025814533 (1).jpg,Sardine,Good,Manual_data
2024-09-14,IMG_20240903_025818300 (1).jpg,Sardine,Good,Manual_data
2024-09-14,IMG_20240903_025827746 (1).jpg,Sardine,Good,Manual_data
2024-09-14,IMG_20240903_025830773 (1).jpg,Sardine,Good,Manual_data
2024-09-14,IMG_20240903_025837737 (1).jpg,Sardine,Good,Manual_data
2024-09-14,IMG_20240903_025840852 (1).jpg,Sardine,Good,Manual_data
2024-09-14,IMG_20240903_030102616 (1).jpg,Sardine,Good,Manual_data
2024-09-14,IMG_20240903_025856371 (1).jpg,Sardine,Good,Manual_data
2024-09-14,IMG_20240903_030112135 (1).jpg,Sardine,Good,Manual_data
2024-09-14,IMG_20240903_030058547 (1).jpg,Sardine,Good,Manual_data
2024-09-14,IMG_20240903_025909223 (1).jpg,Sardine,Good,Manual_data
2024-09-14,IMG_20240903_025905189 (1).jpg,Sardine,Good,Manual_data
2024-09-14,IMG_20240903_025853628 (1).jpg,Sardine,Good,Manual_data
2024-09-14,IMG_20240903_025848337 (1).jpg,Sardine,Good,Manual_data
2024-09-14,IMG_20240903_025845397 (1).jpg,Sardine,Good,Manual_data
2024-09-14,IMG_20240903_030134180 (1).jpg,Sardine,Good,Manual_data
2024-09-14,IMG_20240903_030137142 (1).jpg,Sardine,Good,Manual_data
2024-09-14,IMG_20240903_030117885 (1).jpg,Sardine,Good,Manual_data
2024-09-14,IMG_20240903_030313351 (1).jpg,Sardine,Good,Manual_data
2024-09-14,IMG_20240903_030147744 (1).jpg,Sardine,Good,Manual_data
2024-09-14,IMG_20240903_030125558 (1).jpg,Sardine,Good,Manual_data
2024-09-14,IMG_20240903_030120642 (1).jpg,Sardine,Good,Manual_data
2024-09-14,IMG_20240903_030316775 (1).jpg,Sardine,Good,Manual_data
2024-09-14,IMG_20240903_030321470 (1).jpg,Sardine,Good,Manual_data
2024-09-14,IMG_20240903_030144416 (1).jpg,Sardine,Good,Manual_data
2024-09-14,IMG_20240903_030415392 (1).jpg,Sardine,Good,Manual_data
2024-09-14,IMG_20240903_030402620 (1).jpg,Sardine,Good,Manual_data
2024-09-14,IMG_20240903_030418895 (1).jpg,Sardine,Good,Manual_data
2024-09-14,IMG_20240903_030329444 (1).jpg,Sardine,Good,Manual_data
2024-09-14,IMG_20240903_030409060 (1).jpg,Sardine,Good,Manual_data
2024-09-14,IMG_20240903_030324478 (1).jpg,Sardine,Good,Manual_data
2024-09-14,IMG_20240903_030346600 (1).jpg,Sardine,Good,Manual_data
2024-09-14,IMG_20240903_030333086 (1).jpg,Sardine,Good,Manual_data
2024-09-14,IMG_20240903_030354590 (1).jpg,Sardine,Good,Manual_data
2024-09-14,IMG_20240903_030450058 (1).jpg,Sardine,Good,Manual_data
2024-09-14,IMG_20240903_030433215 (1).jpg,Sardine,Good,Manual_data
2024-09-14,IMG_20240903_030437606 (1).jpg,Sardine,Good,Manual_data
2024-09-14,IMG_20240903_030456954 (1).jpg,Sardine,Good,Manual_data
2024-09-14,IMG_20240903_030500036 (1).jpg,Sardine,Good,Manual_data
2024-09-14,IMG_20240903_030447122 (1).jpg,Sardine,Good,Manual_data
2024-09-14,IMG_20240903_030426812 (1).jpg,Sardine,Good,Manual_data
2024-09-14,IMG_20240903_031209697 (1).jpg,Sardine,Good,Manual_data
2024-09-14,IMG_20240912_023722735.jpg,Sardine,Good,Manual_data
2024-09-14,IMG_20240912_023726803.jpg,Sardine,Good,Manual_data
2024-09-14,IMG_20240912_023735964.jpg,Sardine,Good,Manual_data
2024-09-14,IMG_20240912_023739471.jpg,Sardine,Good,Manual_data
2024-09-14,IMG_20240912_023748950.jpg,Sardine,Good,Manual_data
2024-09-14,IMG_20240912_023800701.jpg,Sardine,Good,Manual_data
2024-09-14,IMG_20240912_023745252.jpg,Sardine,Good,Manual_data
2024-09-14,IMG_20240914_003148859.jpg,Sardine,Good,Manual_data
2024-09-14,IMG_20240914_003158329.jpg,Sardine,Good,Manual_data
2024-09-14,IMG_20240914_003153398.jpg,Sardine,Good,Manual_data
2024-09-14,IMG_20240914_003202918.jpg,Sardine,Good,Manual_data
2024-09-14,IMG_20240914_003208215.jpg,Sardine,Good,Manual_data
2024-09-14,IMG_20240914_003212919.jpg,Sardine,Good,Manual_data
2024-09-14,IMG_20240914_003250442.jpg,Sardine,Good,Manual_data
2024-09-14,IMG_20240914_003255965.jpg,Sardine,Good,Manual_data
2024-09-14,IMG_20240914_003311736.jpg,Sardine,Good,Manual_data
2024-09-14,IMG_20240914_003259932.jpg,Sardine,Good,Manual_data
2024-09-14,IMG_20240914_003306854.jpg,Sardine,Good,Manual_data
2024-09-14,IMG_20240914_003317407.jpg,Sardine,Good,Manual_data
2024-09-14,IMG_20240914_003321783.jpg,Sardine,Good,Manual_data
2024-09-14,IMG_20240914_003351168.jpg,Sardine,Good,Manual_data
2024-09-14,IMG_20240914_003341643.jpg,Sardine,Good,Manual_data
2024-09-14,IMG_20240914_003355928.jpg,Sardine,Good,Manual_data
2024-09-14,IMG_20240914_003345143.jpg,Sardine,Good,Manual_data
2024-09-14,IMG_20240914_003446407.jpg,Sardine,Good,Manual_data
2024-09-14,IMG_20240914_003411868.jpg,Sardine,Good,Manual_data
2024-09-14,IMG_20240914_003401180.jpg,Sardine,Good,Manual_data
2024-09-14,IMG_20240914_003406213.jpg,Sardine,Good,Manual_data
2024-09-14,IMG_20240914_003416086.jpg,Sardine,Good,Manual_data
2024-09-14,IMG_20240914_003455388.jpg,Sardine,Good,Manual_data
2024-09-14,IMG_20240914_003450113.jpg,Sardine,Good,Manual_data
2024-09-14,IMG_20240914_003218048.jpg,Sardine,Good,Manual_data
2024-09-14,IMG_20240914_003221964.jpg,Sardine,Good,Manual_data
2024-09-14,IMG_20240914_003247103.jpg,Sardine,Good,Manual_data
2024-09-14,IMG_20240914_003918232(2).jpg,Sardine,Good,Manual_data
2024-09-14,IMG_20240914_003922255(2).jpg,Sardine,Good,Manual_data
2024-09-14,IMG_20240914_003937933(2).jpg,Sardine,Good,Manual_data
2024-09-14,IMG_20240914_003935053(2).jpg,Sardine,Good,Manual_data
2024-09-14,IMG_20240914_003942678(2).jpg,Sardine,Good,Manual_data
2024-09-14,IMG_20240914_003929773(2).jpg,Sardine,Good,Manual_data
2024-09-14,IMG_20240914_003926217(2).jpg,Sardine,Good,Manual_data
2024-09-14,IMG_20240914_004003574(2).jpg,Sardine,Good,Manual_data
2024-09-14,IMG_20240914_004037688(2).jpg,Sardine,Good,Manual_data
2024-09-14,IMG_20240914_003958762(2).jpg,Sardine,Good,Manual_data
2024-09-14,IMG_20240914_004054067(2).jpg,Sardine,Good,Manual_data
2024-09-14,IMG_20240914_004041396(2).jpg,Sardine,Good,Manual_data
2024-09-14,IMG_20240914_004026955(2).jpg,Sardine,Good,Manual_data
2024-09-14,IMG_20240914_004032007(2).jpg,Sardine,Good,Manual_data
2024-09-14,IMG_20240914_003945607(2).jpg,Sardine,Good,Manual_data
2024-09-14,IMG_20240914_004012861(2).jpg,Sardine,Good,Manual_data
2024-09-14,IMG_20240914_003955378(2).jpg,Sardine,Good,Manual_data
2024-09-14,IMG_20240914_004047651(2).jpg,Sardine,Good,Manual_data
2024-09-14,IMG_20240914_004007122(2).jpg,Sardine,Good,Manual_data
2024-09-14,IMG_20240914_004016079(2).jpg,Sardine,Good,Manual_data
2024-09-14,IMG_20240914_004136185(2).jpg,Sardine,Good,Manual_data
2024-09-14,IMG_20240914_004145125(2).jpg,Sardine,Good,Manual_data
2024-09-14,IMG_20240914_004204316(2).jpg,Sardine,Good,Manual_data
2024-09-14,IMG_20240914_004121066(2).jpg,Sardine,Good,Manual_data
2024-09-14,IMG_20240914_004141666(2).jpg,Sardine,Good,Manual_data
2024-09-14,IMG_20240914_004112477(2).jpg,Sardine,Good,Manual_data
2024-09-14,IMG_20240914_004124608(2).jpg,Sardine,Good,Manual_data
2024-09-14,IMG_20240914_004159887(2).jpg,Sardine,Good,Manual_data
2024-09-14,IMG_20240914_004150860(2).jpg,Sardine,Good,Manual_data
2024-09-14,IMG_20240914_004115570(2).jpg,Sardine,Good,Manual_data
2024-09-14,IMG_20240914_003458802.jpg,Sardine,Good,Manual_data
2024-09-14,IMG_20240914_004106750(2).jpg,Sardine,Good,Manual_data
2024-09-14,IMG_20240914_004102487(2).jpg,Sardine,Good,Manual_data
2024-09-14,IMG_20240914_004154905(2).jpg,Sardine,Good,Manual_data
2024-09-14,IMG_20240914_004132593(2).jpg,Sardine,Good,Manual_data
2024-09-14,IMG_20240903_031258221(2).jpg,Sardine,Good,Manual_data
2024-09-14,IMG_20240903_031237456(2).jpg,Sardine,Good,Manual_data
2024-09-14,IMG_20240903_031214282(2).jpg,Sardine,Good,Manual_data
2024-09-14,IMG_20240903_031252594(2).jpg,Sardine,Good,Manual_data
2024-09-14,IMG_20240903_031226284(2).jpg,Sardine,Good,Manual_data
2024-09-14,IMG_20240903_031305328(2).jpg,Sardine,Good,Manual_data
2024-09-14,IMG_20240903_031217231(2).jpg,Sardine,Good,Manual_data
2024-09-14,IMG_20240903_031209697(2).jpg,Sardine,Good,Manual_data
2024-09-14,IMG_20240903_031234671(2).jpg,Sardine,Good,Manual_data
2024-09-14,IMG_20240903_031241816(2).jpg,Sardine,Good,Manual_data
2024-09-14,IMG_20240903_031246269(2).jpg,Sardine,Good,Manual_data
2024-09-14,IMG_20240903_031221865(2).jpg,Sardine,Good,Manual_data
2024-09-14,IMG_20240914_004209975(2).jpg,Sardine,Good,Manual_data
2024-09-14,IMG_20240903_031309583(2).jpg,Sardine,Good,Manual_data
2024-09-14,IMG_20240903_031322121(2).jpg,Sardine,Good,Manual_data
2024-09-14,IMG_20240903_031318276(2).jpg,Sardine,Good,Manual_data
2024-09-14,IMG_20240903_031326566(2).jpg,Sardine,Good,Manual_data
2024-09-14,IMG_20240903_031346127(2).jpg,Sardine,Good,Manual_data
2024-09-14,IMG_20240903_031336571(2).jpg,Sardine,Good,Manual_data
2024-09-14,IMG_20240903_031343018(2).jpg,Sardine,Good,Manual_data
2024-09-14,IMG_20240903_031329566(2).jpg,Sardine,Good,Manual_data
2024-09-14,IMG_20240903_031333562(2).jpg,Sardine,Good,Manual_data
2024-09-14,IMG_20240903_030147744(2).jpg,Sardine,Good,Manual_data
2024-09-14,IMG_20240903_030134180(2).jpg,Sardine,Good,Manual_data
2024-09-14,IMG_20240903_030144416(2).jpg,Sardine,Good,Manual_data
2024-09-14,IMG_20240903_030125558(2).jpg,Sardine,Good,Manual_data
2024-09-14,IMG_20240903_030137142(2).jpg,Sardine,Good,Manual_data
2024-09-14,IMG_20240914_003918232(1).jpg,Sardine,Good,Manual_data
2024-09-14,IMG_20240914_003926217(1).jpg,Sardine,Good,Manual_data
2024-09-14,IMG_20240914_003935053(1).jpg,Sardine,Good,Manual_data
2024-09-14,IMG_20240914_003937933(1).jpg,Sardine,Good,Manual_data
2024-09-14,IMG_20240914_003922255(1).jpg,Sardine,Good,Manual_data
2024-09-14,IMG_20240914_003929773(1).jpg,Sardine,Good,Manual_data
2024-09-14,IMG_20240914_003945607(1).jpg,Sardine,Good,Manual_data
2024-09-14,IMG_20240914_004007122(1).jpg,Sardine,Good,Manual_data
2024-09-14,IMG_20240914_004012861(1).jpg,Sardine,Good,Manual_data
2024-09-14,IMG_20240914_003955378(1).jpg,Sardine,Good,Manual_data
2024-09-14,IMG_20240914_003942678(1).jpg,Sardine,Good,Manual_data
2024-09-14,IMG_20240914_003958762(1).jpg,Sardine,Good,Manual_data
2024-09-14,IMG_20240914_004003574(1).jpg,Sardine,Good,Manual_data
2024-09-14,IMG_20240914_004047651(1).jpg,Sardine,Good,Manual_data
2024-09-14,IMG_20240914_004026955(1).jpg,Sardine,Good,Manual_data
2024-09-14,IMG_20240914_004037688(1).jpg,Sardine,Good,Manual_data
2024-09-14,IMG_20240914_004054067(1).jpg,Sardine,Good,Manual_data
2024-09-14,IMG_20240914_004016079(1).jpg,Sardine,Good,Manual_data
2024-09-14,IMG_20240914_004032007(1).jpg,Sardine,Good,Manual_data
2024-09-14,IMG_20240914_004041396(1).jpg,Sardine,Good,Manual_data
2024-09-14,IMG_20240914_004115570(1).jpg,Sardine,Good,Manual_data
2024-09-14,IMG_20240914_004102487(1).jpg,Sardine,Good,Manual_data
2024-09-14,IMG_20240914_004112477(1).jpg,Sardine,Good,Manual_data
2024-09-14,IMG_20240914_004106750(1).jpg,Sardine,Good,Manual_data
2024-09-14,IMG_20240914_004124608(1).jpg,Sardine,Good,Manual_data
2024-09-14,IMG_20240914_004121066(1).jpg,Sardine,Good,Manual_data
2024-09-14,IMG_20240914_004132593(1).jpg,Sardine,Good,Manual_data
2024-09-14,IMG_20240914_004141666(1).jpg,Sardine,Good,Manual_data
2024-09-14,IMG_20240914_004145125(1).jpg,Sardine,Good,Manual_data
2024-09-14,IMG_20240914_004159887(1).jpg,Sardine,Good,Manual_data
2024-09-14,IMG_20240914_004150860(1).jpg,Sardine,Good,Manual_data
2024-09-14,IMG_20240914_004154905(1).jpg,Sardine,Good,Manual_data
2024-09-14,IMG_20240914_004136185(1).jpg,Sardine,Good,Manual_data
2024-09-14,IMG_20240903_031209697(1).jpg,Sardine,Good,Manual_data
2024-09-14,IMG_20240903_031241816(1).jpg,Sardine,Good,Manual_data
2024-09-14,IMG_20240903_031226284(1).jpg,Sardine,Good,Manual_data
2024-09-14,IMG_20240914_004209975(1).jpg,Sardine,Good,Manual_data
2024-09-14,IMG_20240914_004204316(1).jpg,Sardine,Good,Manual_data
2024-09-14,IMG_20240903_031214282(1).jpg,Sardine,Good,Manual_data
2024-09-14,IMG_20240903_031237456(1).jpg,Sardine,Good,Manual_data
2024-09-14,IMG_20240903_031217231(1).jpg,Sardine,Good,Manual_data
2024-09-14,IMG_20240903_031221865(1).jpg,Sardine,Good,Manual_data
2024-09-14,IMG_20240903_031234671(1).jpg,Sardine,Good,Manual_data
2024-09-14,IMG_20240903_031309583(1).jpg,Sardine,Good,Manual_data
2024-09-14,IMG_20240903_031305328(1).jpg,Sardine,Good,Manual_data
2024-09-14,IMG_20240903_031258221(1).jpg,Sardine,Good,Manual_data
2024-09-14,IMG_20240903_031252594(1).jpg,Sardine,Good,Manual_data
2024-09-14,IMG_20240903_031318276(1).jpg,Sardine,Good,Manual_data
2024-09-14,IMG_20240903_031322121(1).jpg,Sardine,Good,Manual_data
2024-09-14,IMG_20240903_031246269(1).jpg,Sardine,Good,Manual_data
2024-09-14,IMG_20240903_031326566(1).jpg,Sardine,Good,Manual_data
2024-09-14,IMG_20240903_031346127(1).jpg,Sardine,Good,Manual_data
2024-09-14,IMG_20240903_031333562(1).jpg,Sardine,Good,Manual_data
2024-09-14,IMG_20240903_031329566(1).jpg,Sardine,Good,Manual_data
2024-09-14,IMG_20240903_031336571(1).jpg,Sardine,Good,Manual_data
2024-09-14,IMG_20240903_031343018(1).jpg,Sardine,Good,Manual_data
2024-09-14,IMG_20240903_030120642(1).jpg,Sardine,Good,Manual_data
2024-09-14,IMG_20240903_030144416(1).jpg,Sardine,Good,Manual_data
2024-09-14,IMG_20240903_030125558(1).jpg,Sardine,Good,Manual_data
2024-09-14,IMG_20240903_030137142(1).jpg,Sardine,Good,Manual_data
2024-09-14,IMG_20240903_030134180(1).jpg,Sardine,Good,Manual_data
2024-09-14,IMG_20240903_030147744(1).jpg,Sardine,Good,Manual_data
2024-09-14,IMG_20240914_003918232.jpg,Sardine,Good,Manual_data
2024-09-14,IMG_20240914_003922255.jpg,Sardine,Good,Manual_data
2024-09-14,IMG_20240914_003926217.jpg,Sardine,Good,Manual_data
2024-09-14,IMG_20240914_003929773.jpg,Sardine,Good,Manual_data
2024-09-14,IMG_20240914_003935053.jpg,Sardine,Good,Manual_data
2024-09-14,IMG_20240914_003955378.jpg,Sardine,Good,Manual_data
2024-09-14,IMG_20240914_004003574.jpg,Sardine,Good,Manual_data
2024-09-14,IMG_20240914_003937933.jpg,Sardine,Good,Manual_data
2024-09-14,IMG_20240914_003958762.jpg,Sardine,Good,Manual_data
2024-09-14,IMG_20240914_004012861.jpg,Sardine,Good,Manual_data
2024-09-14,IMG_20240914_003945607.jpg,Sardine,Good,Manual_data
2024-09-14,IMG_20240914_004007122.jpg,Sardine,Good,Manual_data
2024-09-14,IMG_20240914_003942678.jpg,Sardine,Good,Manual_data
2024-09-14,IMG_20240914_004041396.jpg,Sardine,Good,Manual_data
2024-09-14,IMG_20240914_004037688.jpg,Sardine,Good,Manual_data
2024-09-14,IMG_20240914_004102487.jpg,Sardine,Good,Manual_data
2024-09-14,IMG_20240914_004026955.jpg,Sardine,Good,Manual_data
2024-09-14,IMG_20240914_004106750.jpg,Sardine,Good,Manual_data
2024-09-14,IMG_20240914_004032007.jpg,Sardine,Good,Manual_data
2024-09-14,IMG_20240914_004054067.jpg,Sardine,Good,Manual_data
2024-09-14,IMG_20240914_004047651.jpg,Sardine,Good,Manual_data
2024-09-14,IMG_20240914_004016079.jpg,Sardine,Good,Manual_data
2024-09-14,IMG_20240914_004132593.jpg,Sardine,Good,Manual_data
2024-09-14,IMG_20240914_004115570.jpg,Sardine,Good,Manual_data
2024-09-14,IMG_20240914_004136185.jpg,Sardine,Good,Manual_data
2024-09-14,IMG_20240914_004124608.jpg,Sardine,Good,Manual_data
2024-09-14,IMG_20240914_004121066.jpg,Sardine,Good,Manual_data
2024-09-14,IMG_20240914_004112477.jpg,Sardine,Good,Manual_data
2024-09-14,IMG_20240914_004154905.jpg,Sardine,Good,Manual_data
2024-09-14,IMG_20240914_004204316.jpg,Sardine,Good,Manual_data
2024-09-14,IMG_20240914_004150860.jpg,Sardine,Good,Manual_data
2024-09-14,IMG_20240914_004141666.jpg,Sardine,Good,Manual_data
2024-09-14,IMG_20240914_004159887.jpg,Sardine,Good,Manual_data
2024-09-14,IMG_20240914_004145125.jpg,Sardine,Good,Manual_data
2024-09-14,IMG_20240914_004209975.jpg,Sardine,Good,Manual_data
2025-01-09,20250109_114822.jpg,White prawns,Good,Manual_data
2025-01-09,20250109_114803.jpg,White prawns,Good,Manual_data
2025-01-09,20250109_114808.jpg,White prawns,Good,Manual_data
2025-01-09,20250109_114855.jpg,White prawns,Good,Manual_data
2025-01-09,20250109_114842.jpg,White prawns,Good,Manual_data
2025-01-09,20250109_114827.jpg,White prawns,Good,Manual_data
2025-01-09,20250109_114759.jpg,White prawns,Good,Manual_data
2025-01-09,20250109_114833.jpg,White prawns,Good,Manual_data
2025-01-09,20250109_114848.jpg,White prawns,Good,Manual_data
2025-01-09,20250109_114917.jpg,White prawns,Good,Manual_data
2025-01-09,20250109_115047.jpg,White prawns,Good,Manual_data
2025-01-09,20250109_115208.jpg,White prawns,Good,Manual_data
2025-01-09,20250109_115110.jpg,White prawns,Good,Manual_data
2025-01-09,20250109_115029.jpg,White prawns,Good,Manual_data
2025-01-09,20250109_114955.jpg,White prawns,Good,Manual_data
2025-01-09,20250109_115119.jpg,White prawns,Good,Manual_data
2025-01-09,20250109_115039.jpg,White prawns,Good,Manual_data
2025-01-09,20250109_115150.jpg,White prawns,Good,Manual_data
2025-01-09,20250109_115258.jpg,White prawns,Good,Manual_data
2025-01-09,20250109_115217.jpg,White prawns,Good,Manual_data
2025-01-09,20250109_115225.jpg,White prawns,Good,Manual_data
2025-01-09,20250109_114924.jpg,White prawns,Good,Manual_data
2025-01-09,20250109_114930.jpg,White prawns,Good,Manual_data
2025-01-09,20250109_115159.jpg,White prawns,Good,Manual_data
2025-01-09,20250109_115248.jpg,White prawns,Good,Manual_data
2025-01-09,20250109_115014.jpg,White prawns,Good,Manual_data
2025-01-09,20250109_115033.jpg,White prawns,Good,Manual_data
2025-01-09,20250109_115133.jpg,White prawns,Good,Manual_data
2025-01-09,20250109_115004.jpg,White prawns,Good,Manual_data
2025-01-09,20250109_115053.jpg,White prawns,Good,Manual_data
2025-01-09,20250109_115142.jpg,White prawns,Good,Manual_data
2025-01-09,20250109_115239.jpg,White prawns,Good,Manual_data
2025-01-09,20250109_115155.jpg,White prawns,Good,Manual_data
2025-01-09,20250109_115231.jpg,White prawns,Good,Manual_data
2025-01-09,20250109_114948.jpg,White prawns,Good,Manual_data
2025-01-09,20250109_114939.jpg,White prawns,Good,Manual_data
2025-01-09,20250109_115539.jpg,White prawns,Good,Manual_data
2025-01-09,20250109_115555.jpg,White prawns,Good,Manual_data
2025-01-09,20250109_115702.jpg,White prawns,Good,Manual_data
2025-01-09,20250109_115531.jpg,White prawns,Good,Manual_data
2025-01-09,20250109_115708.jpg,White prawns,Good,Manual_data
2025-01-09,20250109_115508.jpg,White prawns,Good,Manual_data
2025-01-09,20250109_115545.jpg,White prawns,Good,Manual_data
2025-01-09,20250109_115650.jpg,White prawns,Good,Manual_data
2025-01-09,20250109_115524.jpg,White prawns,Good,Manual_data
2025-01-09,20250109_115613.jpg,White prawns,Good,Manual_data
2025-01-09,20250109_115632.jpg,White prawns,Good,Manual_data
2025-01-09,20250109_115637.jpg,White prawns,Good,Manual_data
2025-01-09,20250109_115723.jpg,White prawns,Good,Manual_data
2025-01-09,20250109_115655.jpg,White prawns,Good,Manual_data
2025-01-09,20250109_115519.jpg,White prawns,Good,Manual_data
2025-01-09,20250109_115503.jpg,White prawns,Good,Manual_data
2025-01-09,20250109_115513.jpg,White prawns,Good,Manual_data
2025-01-09,20250109_115627.jpg,White prawns,Good,Manual_data
2025-01-09,20250109_115715.jpg,White prawns,Good,Manual_data
2025-01-09,20250109_115926.jpg,White prawns,Good,Manual_data
2025-01-09,20250109_115735.jpg,White prawns,Good,Manual_data
2025-01-09,20250109_115948.jpg,White prawns,Good,Manual_data
2025-01-09,20250109_115959.jpg,White prawns,Good,Manual_data
2025-01-09,20250109_115742.jpg,White prawns,Good,Manual_data
2025-01-09,20250109_120059.jpg,White prawns,Good,Manual_data
2025-01-09,20250109_115843.jpg,White prawns,Good,Manual_data
2025-01-09,20250109_115954.jpg,White prawns,Good,Manual_data
2025-01-09,20250109_120006.jpg,White prawns,Good,Manual_data
2025-01-09,20250109_115730.jpg,White prawns,Good,Manual_data
2025-01-09,20250109_115853.jpg,White prawns,Good,Manual_data
2025-01-09,20250109_115836.jpg,White prawns,Good,Manual_data
2025-01-09,20250109_115805.jpg,White prawns,Good,Manual_data
2025-01-09,20250109_115821.jpg,White prawns,Good,Manual_data
2025-01-09,20250109_115933.jpg,White prawns,Good,Manual_data
2025-01-09,20250109_115920.jpg,White prawns,Good,Manual_data
2025-01-09,20250109_115826.jpg,White prawns,Good,Manual_data
2025-01-09,20250109_115940.jpg,White prawns,Good,Manual_data
2025-01-09,20250109_115848.jpg,White prawns,Good,Manual_data
2025-01-09,20250109_115814.jpg,White prawns,Good,Manual_data
2025-01-09,20250109_115903.jpg,White prawns,Good,Manual_data
2025-01-09,20250109_115749.jpg,White prawns,Good,Manual_data
2025-01-09,20250109_120203.jpg,White prawns,Good,Manual_data
2025-01-09,20250109_120210.jpg,White prawns,Good,Manual_data
2025-01-09,20250109_120218.jpg,White prawns,Good,Manual_data
2025-01-09,20250109_120149.jpg,White prawns,Good,Manual_data
2025-01-09,20250109_120136.jpg,White prawns,Good,Manual_data
2025-01-09,20250109_120117.jpg,White prawns,Good,Manual_data
2025-01-09,20250109_120104.jpg,White prawns,Good,Manual_data
2025-01-09,20250109_120225.jpg,White prawns,Good,Manual_data
2025-01-09,20250109_120130.jpg,White prawns,Good,Manual_data
2025-01-09,20250109_120155.jpg,White prawns,Good,Manual_data
2025-01-09,20250109_120142.jpg,White prawns,Good,Manual_data
2025-01-09,20250109_120112.jpg,White prawns,Good,Manual_data
2025-01-09,20250109_100645.jpg,White prawns,Good,Manual_data
2025-01-09,20250109_100859.jpg,White prawns,Good,Manual_data
2025-01-09,20250109_100733.jpg,White prawns,Good,Manual_data
2025-01-09,20250109_100748.jpg,White prawns,Good,Manual_data
2025-01-09,20250109_100725.jpg,White prawns,Good,Manual_data
2025-01-09,20250109_100707.jpg,White prawns,Good,Manual_data
2025-01-09,20250109_100734.jpg,White prawns,Good,Manual_data
2025-01-09,20250109_100655.jpg,White prawns,Good,Manual_data
2025-01-09,20250109_100851.jpg,White prawns,Good,Manual_data
2025-01-09,20250109_100918.jpg,White prawns,Good,Manual_data
2025-01-09,20250109_100907.jpg,White prawns,Good,Manual_data
2025-01-09,20250109_101301.jpg,White prawns,Good,Manual_data
2025-01-09,20250109_101028.jpg,White prawns,Good,Manual_data
2025-01-09,20250109_101202.jpg,White prawns,Good,Manual_data
2025-01-09,20250109_100932.jpg,White prawns,Good,Manual_data
2025-01-09,20250109_101047.jpg,White prawns,Good,Manual_data
2025-01-09,20250109_101002.jpg,White prawns,Good,Manual_data
2025-01-09,20250109_101012.jpg,White prawns,Good,Manual_data
2025-01-09,20250109_101326.jpg,White prawns,Good,Manual_data
2025-01-09,20250109_101332.jpg,White prawns,Good,Manual_data
2025-01-09,20250109_101155.jpg,White prawns,Good,Manual_data
2025-01-09,20250109_101341.jpg,White prawns,Good,Manual_data
2025-01-09,20250109_101020.jpg,White prawns,Good,Manual_data
2025-01-09,20250109_100943.jpg,White prawns,Good,Manual_data
2025-01-09,20250109_101136.jpg,White prawns,Good,Manual_data
2025-01-09,20250109_101316.jpg,White prawns,Good,Manual_data
2025-01-09,20250109_101109.jpg,White prawns,Good,Manual_data
2025-01-09,20250109_101119.jpg,White prawns,Good,Manual_data
2025-01-09,20250109_100954.jpg,White prawns,Good,Manual_data
2025-01-09,20250109_101350.jpg,White prawns,Good,Manual_data
2025-01-09,20250109_101822.jpg,White prawns,Good,Manual_data
2025-01-09,20250109_101525.jpg,White prawns,Good,Manual_data
2025-01-09,20250109_101532.jpg,White prawns,Good,Manual_data
2025-01-09,20250109_101649.jpg,White prawns,Good,Manual_data
2025-01-09,20250109_101451.jpg,White prawns,Good,Manual_data
2025-01-09,20250109_101758.jpg,White prawns,Good,Manual_data
2025-01-09,20250109_101822(0).jpg,White prawns,Good,Manual_data
2025-01-09,20250109_101435.jpg,White prawns,Good,Manual_data
2025-01-09,20250109_101738.jpg,White prawns,Good,Manual_data
2025-01-09,20250109_101713.jpg,White prawns,Good,Manual_data
2025-01-09,20250109_101508.jpg,White prawns,Good,Manual_data
2025-01-09,20250109_101546.jpg,White prawns,Good,Manual_data
2025-01-09,20250109_101539.jpg,White prawns,Good,Manual_data
2025-01-09,20250109_101558.jpg,White prawns,Good,Manual_data
2025-01-09,20250109_101358.jpg,White prawns,Good,Manual_data
2025-01-09,20250109_101442.jpg,White prawns,Good,Manual_data
2025-01-09,20250109_101414.jpg,White prawns,Good,Manual_data
2025-01-09,20250109_101517.jpg,White prawns,Good,Manual_data
2025-01-09,20250109_101703.jpg,White prawns,Good,Manual_data
2025-01-09,20250109_101632.jpg,White prawns,Good,Manual_data
2025-01-09,20250109_101605.jpg,White prawns,Good,Manual_data
2025-01-09,20250109_101723.jpg,White prawns,Good,Manual_data
2025-01-09,20250109_101611.jpg,White prawns,Good,Manual_data
2025-01-09,20250109_102017.jpg,White prawns,Good,Manual_data
2025-01-09,20250109_102334.jpg,White prawns,Good,Manual_data
2025-01-09,20250109_102030.jpg,White prawns,Good,Manual_data
2025-01-09,20250109_102205.jpg,White prawns,Good,Manual_data
2025-01-09,20250109_102107.jpg,White prawns,Good,Manual_data
2025-01-09,20250109_102226.jpg,White prawns,Good,Manual_data
2025-01-09,20250109_102022.jpg,White prawns,Good,Manual_data
2025-01-09,20250109_102158.jpg,White prawns,Good,Manual_data
2025-01-09,20250109_102255.jpg,White prawns,Good,Manual_data
2025-01-09,20250109_102305.jpg,White prawns,Good,Manual_data
2025-01-09,20250109_102138.jpg,White prawns,Good,Manual_data
2025-01-09,20250109_102324.jpg,White prawns,Good,Manual_data
2025-01-09,20250109_102054.jpg,White prawns,Good,Manual_data
2025-01-09,20250109_102151.jpg,White prawns,Good,Manual_data
2025-01-09,20250109_102124.jpg,White prawns,Good,Manual_data
2025-01-09,20250109_102234.jpg,White prawns,Good,Manual_data
2025-01-09,20250109_102247.jpg,White prawns,Good,Manual_data
2025-01-09,20250109_102347.jpg,White prawns,Good,Manual_data
2025-01-09,20250109_102212.jpg,White prawns,Good,Manual_data
2025-01-09,20250109_102242.jpg,White prawns,Good,Manual_data
2025-01-09,20250109_102102.jpg,White prawns,Good,Manual_data
2025-01-09,20250109_102049.jpg,White prawns,Good,Manual_data
2025-01-09,20250109_102403.jpg,White prawns,Good,Manual_data
2025-01-09,20250109_102144.jpg,White prawns,Good,Manual_data
2025-01-09,20250109_102118.jpg,White prawns,Good,Manual_data
2025-01-09,20250109_101838.jpg,White prawns,Good,Manual_data
2025-01-09,20250109_102525.jpg,White prawns,Good,Manual_data
2025-01-09,20250109_102558.jpg,White prawns,Good,Manual_data
2025-01-09,20250109_102455.jpg,White prawns,Good,Manual_data
2025-01-09,20250109_102519.jpg,White prawns,Good,Manual_data
2025-01-09,20250109_102416.jpg,White prawns,Good,Manual_data
2025-01-09,20250109_102436.jpg,White prawns,Good,Manual_data
2025-01-09,20250109_102554.jpg,White prawns,Good,Manual_data
2025-01-09,20250109_102513.jpg,White prawns,Good,Manual_data
2025-01-09,20250109_102532.jpg,White prawns,Good,Manual_data
2025-01-09,20250109_102538.jpg,White prawns,Good,Manual_data
2025-01-09,20250109_102427.jpg,White prawns,Good,Manual_data
2025-01-09,20250109_102546.jpg,White prawns,Good,Manual_data
2025-01-09,20250109_102605.jpg,White prawns,Good,Manual_data
2025-01-09,20250109_102818.jpg,White prawns,Good,Manual_data
2025-01-09,20250109_102950.jpg,White prawns,Good,Manual_data
2025-01-09,20250109_102846.jpg,White prawns,Good,Manual_data
2025-01-09,20250109_102930.jpg,White prawns,Good,Manual_data
2025-01-09,20250109_102709.jpg,White prawns,Good,Manual_data
2025-01-09,20250109_102758.jpg,White prawns,Good,Manual_data
2025-01-09,20250109_102641.jpg,White prawns,Good,Manual_data
2025-01-09,20250109_102617.jpg,White prawns,Good,Manual_data
2025-01-09,20250109_102825.jpg,White prawns,Good,Manual_data
2025-01-09,20250109_102809.jpg,White prawns,Good,Manual_data
2025-01-09,20250109_102701.jpg,White prawns,Good,Manual_data
2025-01-09,20250109_103007.jpg,White prawns,Good,Manual_data
2025-01-09,20250109_102631.jpg,White prawns,Good,Manual_data
2025-01-09,20250109_102938.jpg,White prawns,Good,Manual_data
2025-01-09,20250109_102803.jpg,White prawns,Good,Manual_data
2025-01-09,20250109_102959.jpg,White prawns,Good,Manual_data
2025-01-09,20250109_102752.jpg,White prawns,Good,Manual_data
2025-01-09,20250109_102648.jpg,White prawns,Good,Manual_data
2025-01-09,20250109_102624.jpg,White prawns,Good,Manual_data
2025-01-09,20250109_102853.jpg,White prawns,Good,Manual_data
2025-01-09,20250109_102926.jpg,White prawns,Good,Manual_data
2025-01-09,20250109_103011.jpg,White prawns,Good,Manual_data
2025-01-09,20250109_103031.jpg,White prawns,Good,Manual_data
2025-01-09,20250109_103220.jpg,White prawns,Good,Manual_data
2025-01-09,20250109_103107.jpg,White prawns,Good,Manual_data
2025-01-09,20250109_103018.jpg,White prawns,Good,Manual_data
2025-01-09,20250109_103153.jpg,White prawns,Good,Manual_data
2025-01-09,20250109_103254.jpg,White prawns,Good,Manual_data
2025-01-09,20250109_103145.jpg,White prawns,Good,Manual_data
2025-01-09,20250109_103048.jpg,White prawns,Good,Manual_data
2025-01-09,20250109_103301.jpg,White prawns,Good,Manual_data
2025-01-09,20250109_103346.jpg,White prawns,Good,Manual_data
2025-01-09,20250109_103134.jpg,White prawns,Good,Manual_data
2025-01-09,20250109_103310.jpg,White prawns,Good,Manual_data
2025-01-09,20250109_103316.jpg,White prawns,Good,Manual_data
2025-01-09,20250109_103054.jpg,White prawns,Good,Manual_data
2025-01-09,20250109_103209.jpg,White prawns,Good,Manual_data
2025-01-09,20250109_103128.jpg,White prawns,Good,Manual_data
2025-01-09,20250109_103202.jpg,White prawns,Good,Manual_data
2025-01-09,20250109_103327.jpg,White prawns,Good,Manual_data
2025-01-09,20250109_103037.jpg,White prawns,Good,Manual_data
2025-01-09,20250109_103119.jpg,White prawns,Good,Manual_data
2025-01-09,20250109_103226.jpg,White prawns,Good,Manual_data
2025-01-09,20250109_103453.jpg,White prawns,Good,Manual_data
2025-01-09,20250109_103751.jpg,White prawns,Good,Manual_data
2025-01-09,20250109_103439.jpg,White prawns,Good,Manual_data
2025-01-09,20250109_103822.jpg,White prawns,Good,Manual_data
2025-01-09,20250109_103527.jpg,White prawns,Good,Manual_data
2025-01-09,20250109_103534.jpg,White prawns,Good,Manual_data
2025-01-09,20250109_103352.jpg,White prawns,Good,Manual_data
2025-01-09,20250109_103509.jpg,White prawns,Good,Manual_data
2025-01-09,20250109_103411.jpg,White prawns,Good,Manual_data
2025-01-09,20250109_103800.jpg,White prawns,Good,Manual_data
2025-01-09,20250109_103735.jpg,White prawns,Good,Manual_data
2025-01-09,20250109_103501.jpg,White prawns,Good,Manual_data
2025-01-09,20250109_103404.jpg,White prawns,Good,Manual_data
2025-01-09,20250109_103520.jpg,White prawns,Good,Manual_data
2025-01-09,20250109_103418.jpg,White prawns,Good,Manual_data
2025-01-09,20250109_103828.jpg,White prawns,Good,Manual_data
2025-01-09,20250109_103434.jpg,White prawns,Good,Manual_data
2025-01-09,20250109_103427.jpg,White prawns,Good,Manual_data
2025-01-09,20250109_103745.jpg,White prawns,Good,Manual_data
2025-01-09,20250109_103447.jpg,White prawns,Good,Manual_data
2025-01-09,20250109_104124.jpg,White prawns,Good,Manual_data
2025-01-09,20250109_103834.jpg,White prawns,Good,Manual_data
2025-01-09,20250109_104017.jpg,White prawns,Good,Manual_data
2025-01-09,20250109_104118.jpg,White prawns,Good,Manual_data
2025-01-09,20250109_104034.jpg,White prawns,Good,Manual_data
2025-01-09,20250109_103906.jpg,White prawns,Good,Manual_data
2025-01-09,20250109_104207.jpg,White prawns,Good,Manual_data
2025-01-09,20250109_104041.jpg,White prawns,Good,Manual_data
2025-01-09,20250109_103852.jpg,White prawns,Good,Manual_data
2025-01-09,20250109_104143.jpg,White prawns,Good,Manual_data
2025-01-09,20250109_104010.jpg,White prawns,Good,Manual_data
2025-01-09,20250109_103918.jpg,White prawns,Good,Manual_data
2025-01-09,20250109_103930.jpg,White prawns,Good,Manual_data
2025-01-09,20250109_103846.jpg,White prawns,Good,Manual_data
2025-01-09,20250109_104104.jpg,White prawns,Good,Manual_data
2025-01-09,20250109_103900.jpg,White prawns,Good,Manual_data
2025-01-09,20250109_104131.jpg,White prawns,Good,Manual_data
2025-01-09,20250109_103946.jpg,White prawns,Good,Manual_data
2025-01-09,20250109_104201.jpg,White prawns,Good,Manual_data
2025-01-09,20250109_104028.jpg,White prawns,Good,Manual_data
2025-01-09,20250109_104112.jpg,White prawns,Good,Manual_data
2025-01-09,20250109_103913.jpg,White prawns,Good,Manual_data
2025-01-09,20250109_104237.jpg,White prawns,Good,Manual_data
2025-01-09,20250109_104217.jpg,White prawns,Good,Manual_data
2025-01-09,20250109_104227.jpg,White prawns,Good,Manual_data
2025-01-09,20250109_104434.jpg,White prawns,Good,Manual_data
2025-01-09,20250109_104344.jpg,White prawns,Good,Manual_data
2025-01-09,20250109_104425.jpg,White prawns,Good,Manual_data
2025-01-09,20250109_104303.jpg,White prawns,Good,Manual_data
2025-01-09,20250109_104251.jpg,White prawns,Good,Manual_data
2025-01-09,20250109_104409.jpg,White prawns,Good,Manual_data
2025-01-09,20250109_104400.jpg,White prawns,Good,Manual_data
2025-01-09,20250109_104353.jpg,White prawns,Good,Manual_data
2025-01-09,20250109_104244.jpg,White prawns,Good,Manual_data
2025-01-09,20250109_104311.jpg,White prawns,Good,Manual_data
2025-01-09,20250109_104319.jpg,White prawns,Good,Manual_data
2025-01-09,20250109_104725.jpg,White prawns,Good,Manual_data
2025-01-09,20250109_104552.jpg,White prawns,Good,Manual_data
2025-01-09,20250109_104618.jpg,White prawns,Good,Manual_data
2025-01-09,20250109_104810.jpg,White prawns,Good,Manual_data
2025-01-09,20250109_104827.jpg,White prawns,Good,Manual_data
2025-01-09,20250109_104531.jpg,White prawns,Good,Manual_data
2025-01-09,20250109_104754.jpg,White prawns,Good,Manual_data
2025-01-09,20250109_104748.jpg,White prawns,Good,Manual_data
2025-01-09,20250109_104538.jpg,White prawns,Good,Manual_data
2025-01-09,20250109_104523.jpg,White prawns,Good,Manual_data
2025-01-09,20250109_104517.jpg,White prawns,Good,Manual_data
2025-01-09,20250109_104635.jpg,White prawns,Good,Manual_data
2025-01-09,20250109_104659.jpg,White prawns,Good,Manual_data
2025-01-09,20250109_104803.jpg,White prawns,Good,Manual_data
2025-01-09,20250109_104834.jpg,White prawns,Good,Manual_data
2025-01-09,20250109_104641.jpg,White prawns,Good,Manual_data
2025-01-09,20250109_104738.jpg,White prawns,Good,Manual_data
2025-01-09,20250109_104822.jpg,White prawns,Good,Manual_data
2025-01-09,20250109_114045.jpg,White prawns,Good,Manual_data
2025-01-09,20250109_104924.jpg,White prawns,Good,Manual_data
2025-01-09,20250109_104930.jpg,White prawns,Good,Manual_data
2025-01-09,20250109_104910.jpg,White prawns,Good,Manual_data
2025-01-09,20250109_105008.jpg,White prawns,Good,Manual_data
2025-01-09,20250109_105028.jpg,White prawns,Good,Manual_data
2025-01-09,20250109_104856.jpg,White prawns,Good,Manual_data
2025-01-09,20250109_114052.jpg,White prawns,Good,Manual_data
2025-01-09,20250109_104902.jpg,White prawns,Good,Manual_data
2025-01-09,20250109_104849.jpg,White prawns,Good,Manual_data
2025-01-09,20250109_114035.jpg,White prawns,Good,Manual_data
2025-01-09,20250109_104918.jpg,White prawns,Good,Manual_data
2025-01-09,20250109_114101.jpg,White prawns,Good,Manual_data
2025-01-09,20250109_114110.jpg,White prawns,Good,Manual_data
2025-01-09,20250109_114210.jpg,White prawns,Good,Manual_data
2025-01-09,20250109_114227.jpg,White prawns,Good,Manual_data
2025-01-09,20250109_114118.jpg,White prawns,Good,Manual_data
2025-01-09,20250109_114424.jpg,White prawns,Good,Manual_data
2025-01-09,20250109_114236.jpg,White prawns,Good,Manual_data
2025-01-09,20250109_114218.jpg,White prawns,Good,Manual_data
2025-01-09,20250109_114125.jpg,White prawns,Good,Manual_data
2025-01-09,20250109_114204.jpg,White prawns,Good,Manual_data
2025-01-09,20250109_114355.jpg,White prawns,Good,Manual_data
2025-01-09,20250109_114415.jpg,White prawns,Good,Manual_data
2025-01-09,20250109_114320.jpg,White prawns,Good,Manual_data
2025-01-09,20250109_114137.jpg,White prawns,Good,Manual_data
2025-01-09,20250109_114244.jpg,White prawns,Good,Manual_data
2025-01-09,20250109_114433.jpg,White prawns,Good,Manual_data
2025-01-09,20250109_114403.jpg,White prawns,Good,Manual_data
2025-01-09,20250109_114301.jpg,White prawns,Good,Manual_data
2025-01-09,20250109_114511.jpg,White prawns,Good,Manual_data
2025-01-09,20250109_114532.jpg,White prawns,Good,Manual_data
2025-01-09,20250109_114447.jpg,White prawns,Good,Manual_data
2025-01-09,20250109_114524.jpg,White prawns,Good,Manual_data
2025-01-09,20250109_114722.jpg,White prawns,Good,Manual_data
2025-01-09,20250109_114738.jpg,White prawns,Good,Manual_data
2025-01-09,20250109_114543.jpg,White prawns,Good,Manual_data
2025-01-09,20250109_114729.jpg,White prawns,Good,Manual_data
2025-01-09,20250109_114609.jpg,White prawns,Good,Manual_data
2025-01-09,20250109_114553.jpg,White prawns,Good,Manual_data
2025-01-09,20250109_114751.jpg,White prawns,Good,Manual_data
2025-01-09,20250109_114600.jpg,White prawns,Good,Manual_data
2025-01-09,20250109_114743.jpg,White prawns,Good,Manual_data
2025-01-09,20250109_120507.jpg,Sardine,Good,Manual_data
2025-01-09,20250109_120524.jpg,Sardine,Good,Manual_data
2025-01-09,20250109_120518.jpg,Sardine,Good,Manual_data
2025-01-09,20250109_120445.jpg,Sardine,Good,Manual_data
2025-01-09,20250109_120531.jpg,Sardine,Good,Manual_data
2025-01-09,20250109_120453.jpg,Sardine,Good,Manual_data
2025-01-09,20250109_120501.jpg,Sardine,Good,Manual_data
2025-01-09,20250109_121001.jpg,Sardine,Good,Manual_data
2025-01-09,20250109_120738.jpg,Sardine,Good,Manual_data
2025-01-09,20250109_120659.jpg,Sardine,Good,Manual_data
2025-01-09,20250109_121015.jpg,Sardine,Good,Manual_data
2025-01-09,20250109_120605.jpg,Sardine,Good,Manual_data
2025-01-09,20250109_120539.jpg,Sardine,Good,Manual_data
2025-01-09,20250109_120549.jpg,Sardine,Good,Manual_data
2025-01-09,20250109_120731.jpg,Sardine,Good,Manual_data
2025-01-09,20250109_120651.jpg,Sardine,Good,Manual_data
2025-01-09,20250109_120704.jpg,Sardine,Good,Manual_data
2025-01-09,20250109_120721.jpg,Sardine,Good,Manual_data
2025-01-09,20250109_120841.jpg,Sardine,Good,Manual_data
2025-01-09,20250109_120612.jpg,Sardine,Good,Manual_data
2025-01-09,20250109_120711.jpg,Sardine,Good,Manual_data
2025-01-09,20250109_120829.jpg,Sardine,Good,Manual_data
2025-01-09,20250109_120632.jpg,Sardine,Good,Manual_data
2025-01-09,20250109_120555.jpg,Sardine,Good,Manual_data
2025-01-09,20250109_121543.jpg,Sardine,Good,Manual_data
2025-01-09,20250109_121116.jpg,Sardine,Good,Manual_data
2025-01-09,20250109_121536.jpg,Sardine,Good,Manual_data
2025-01-09,20250109_121040.jpg,Sardine,Good,Manual_data
2025-01-09,20250109_121047.jpg,Sardine,Good,Manual_data
2025-01-09,20250109_121453.jpg,Sardine,Good,Manual_data
2025-01-09,20250109_121520.jpg,Sardine,Good,Manual_data
2025-01-09,20250109_121632.jpg,Sardine,Good,Manual_data
2025-01-09,20250109_121431.jpg,Sardine,Good,Manual_data
2025-01-09,20250109_121159.jpg,Sardine,Good,Manual_data
2025-01-09,20250109_121131.jpg,Sardine,Good,Manual_data
2025-01-09,20250109_121032.jpg,Sardine,Good,Manual_data
2025-01-09,20250109_121056.jpg,Sardine,Good,Manual_data
2025-01-09,20250109_121639.jpg,Sardine,Good,Manual_data
2025-01-09,20250109_121205.jpg,Sardine,Good,Manual_data
2025-01-09,20250109_121707.jpg,Sardine,Good,Manual_data
2025-01-09,20250109_121423.jpg,Sardine,Good,Manual_data
2025-01-09,20250109_121607.jpg,Sardine,Good,Manual_data
2025-01-09,20250109_121655.jpg,Sardine,Good,Manual_data
2025-01-09,20250109_121111.jpg,Sardine,Good,Manual_data
2025-01-09,20250109_121647.jpg,Sardine,Good,Manual_data
2025-01-09,20250109_121415.jpg,Sardine,Good,Manual_data
2025-01-09,20250109_121123.jpg,Sardine,Good,Manual_data
2025-01-09,20250109_121443.jpg,Sardine,Good,Manual_data
2025-01-09,20250109_121512.jpg,Sardine,Good,Manual_data
2025-01-09,20250109_121821.jpg,Sardine,Good,Manual_data
2025-01-09,20250109_121725.jpg,Sardine,Good,Manual_data
2025-01-09,20250109_124304.jpg,Sardine,Good,Manual_data
2025-01-09,20250109_121742.jpg,Sardine,Good,Manual_data
2025-01-09,20250109_122028.jpg,Sardine,Good,Manual_data
2025-01-09,20250109_124142.jpg,Sardine,Good,Manual_data
2025-01-09,20250109_124155.jpg,Sardine,Good,Manual_data
2025-01-09,20250109_122017.jpg,Sardine,Good,Manual_data
2025-01-09,20250109_121801.jpg,Sardine,Good,Manual_data
2025-01-09,20250109_121958.jpg,Sardine,Good,Manual_data
2025-01-09,20250109_122035.jpg,Sardine,Good,Manual_data
2025-01-09,20250109_124315.jpg,Sardine,Good,Manual_data
2025-01-09,20250109_124214.jpg,Sardine,Good,Manual_data
2025-01-09,20250109_121715.jpg,Sardine,Good,Manual_data
2025-01-09,20250109_122012.jpg,Sardine,Good,Manual_data
2025-01-09,20250109_124250.jpg,Sardine,Good,Manual_data
2025-01-09,20250109_122044.jpg,Sardine,Good,Manual_data
2025-01-09,20250109_122006.jpg,Sardine,Good,Manual_data
2025-01-09,20250109_121815.jpg,Sardine,Good,Manual_data
2025-01-09,20250109_121734.jpg,Sardine,Good,Manual_data
2025-01-09,20250109_121832.jpg,Sardine,Good,Manual_data
2025-01-09,20250109_124444.jpg,Sardine,Good,Manual_data
2025-01-09,20250109_124402.jpg,Sardine,Good,Manual_data
2025-01-09,20250109_124355.jpg,Sardine,Good,Manual_data
2025-01-09,20250109_124449.jpg,Sardine,Good,Manual_data
2025-01-09,20250109_124417.jpg,Sardine,Good,Manual_data
2025-01-09,20250109_124552.jpg,Sardine,Good,Manual_data
2025-01-09,20250109_124409.jpg,Sardine,Good,Manual_data
2025-01-09,20250109_124634.jpg,Sardine,Good,Manual_data
2025-01-09,20250109_125029.jpg,Mackerel,Good,Manual_data
2025-01-09,20250109_124841.jpg,Mackerel,Good,Manual_data
2025-01-09,20250109_124902.jpg,Mackerel,Good,Manual_data
2025-01-09,20250109_124719.jpg,Mackerel,Good,Manual_data
2025-01-09,20250109_125023.jpg,Mackerel,Good,Manual_data
2025-01-09,20250109_124713.jpg,Mackerel,Good,Manual_data
2025-01-09,20250109_124916.jpg,Mackerel,Good,Manual_data
2025-01-09,20250109_124856.jpg,Mackerel,Good,Manual_data
2025-01-09,20250109_124848.jpg,Mackerel,Good,Manual_data
2025-01-09,20250109_124927.jpg,Mackerel,Good,Manual_data
2025-01-09,20250109_124735.jpg,Mackerel,Good,Manual_data
2025-01-09,20250109_124741.jpg,Mackerel,Good,Manual_data
2025-01-09,20250109_125226.jpg,Mackerel,Good,Manual_data
2025-01-09,20250109_125407.jpg,Mackerel,Good,Manual_data
2025-01-09,20250109_125400.jpg,Mackerel,Good,Manual_data
2025-01-09,20250109_125247.jpg,Mackerel,Good,Manual_data
2025-01-09,20250109_125157.jpg,Mackerel,Good,Manual_data
2025-01-09,20250109_125033.jpg,Mackerel,Good,Manual_data
2025-01-09,20250109_125105.jpg,Mackerel,Good,Manual_data
2025-01-09,20250109_125047.jpg,Mackerel,Good,Manual_data
2025-01-09,20250109_125145.jpg,Mackerel,Good,Manual_data
2025-01-09,20250109_125112.jpg,Mackerel,Good,Manual_data
2025-01-09,20250109_125203.jpg,Mackerel,Good,Manual_data
2025-01-09,20250109_125443.jpg,Mackerel,Good,Manual_data
2025-01-09,20250109_125213.jpg,Mackerel,Good,Manual_data
2025-01-09,20250109_125219.jpg,Mackerel,Good,Manual_data
2025-01-09,20250109_125054.jpg,Mackerel,Good,Manual_data
2025-01-09,20250109_125232.jpg,Mackerel,Good,Manual_data
2025-01-09,20250109_125346.jpg,Mackerel,Good,Manual_data
2025-01-09,20250109_125239.jpg,Mackerel,Good,Manual_data
2025-01-09,20250109_125119.jpg,Mackerel,Good,Manual_data
2025-01-09,20250109_125208.jpg,Mackerel,Good,Manual_data
2025-01-09,20250109_125354.jpg,Mackerel,Good,Manual_data
2025-01-09,20250109_125152.jpg,Mackerel,Good,Manual_data
2025-01-09,20250109_125041.jpg,Mackerel,Good,Manual_data
2025-01-09,20250109_125730.jpg,Mackerel,Good,Manual_data
2025-01-09,20250109_125459.jpg,Mackerel,Good,Manual_data
2025-01-09,20250109_125522.jpg,Mackerel,Good,Manual_data
2025-01-09,20250109_125652.jpg,Mackerel,Good,Manual_data
2025-01-09,20250109_125527.jpg,Mackerel,Good,Manual_data
2025-01-09,20250109_125644.jpg,Mackerel,Good,Manual_data
2025-01-09,20250109_125451.jpg,Mackerel,Good,Manual_data
2025-01-09,20250109_125631.jpg,Mackerel,Good,Manual_data
2025-01-09,20250109_125723.jpg,Mackerel,Good,Manual_data
2025-01-09,20250109_125515.jpg,Mackerel,Good,Manual_data
2025-01-09,20250109_125539.jpg,Mackerel,Good,Manual_data
2025-01-09,20250109_125636.jpg,Mackerel,Good,Manual_data
2025-01-09,20250109_125658.jpg,Mackerel,Good,Manual_data
2025-01-09,20250109_125736.jpg,Mackerel,Good,Manual_data
2025-01-09,20250109_125855.jpg,Mackerel,Good,Manual_data
2025-01-09,20250109_125707.jpg,Mackerel,Good,Manual_data
2025-01-09,20250109_125625.jpg,Mackerel,Good,Manual_data
2025-01-09,20250109_125901.jpg,Mackerel,Good,Manual_data
2025-01-09,20250109_125714.jpg,Mackerel,Good,Manual_data
2025-01-09,20250109_130137.jpg,Mackerel,Good,Manual_data
2025-01-09,20250109_130119.jpg,Mackerel,Good,Manual_data
2025-01-09,20250109_130014.jpg,Mackerel,Good,Manual_data
2025-01-09,20250109_130126.jpg,Mackerel,Good,Manual_data
2025-01-09,20250109_125929.jpg,Mackerel,Good,Manual_data
2025-01-09,20250109_130107.jpg,Mackerel,Good,Manual_data
2025-01-09,20250109_125941.jpg,Mackerel,Good,Manual_data
2025-01-09,20250109_130151.jpg,Mackerel,Good,Manual_data
2025-01-09,20250109_130142.jpg,Mackerel,Good,Manual_data
2025-01-09,20250109_130039.jpg,Mackerel,Good,Manual_data
2025-01-09,20250109_130027.jpg,Mackerel,Good,Manual_data
2025-01-09,20250109_125915.jpg,Mackerel,Good,Manual_data
2025-01-09,20250109_130114.jpg,Mackerel,Good,Manual_data
2025-01-09,20250109_125920.jpg,Mackerel,Good,Manual_data
2025-01-09,20250109_125945.jpg,Mackerel,Good,Manual_data
2025-01-09,20250109_130020.jpg,Mackerel,Good,Manual_data
2025-01-09,20250109_130046.jpg,Mackerel,Good,Manual_data
2025-01-09,20250109_130051.jpg,Mackerel,Good,Manual_data
2025-01-09,20250109_125909.jpg,Mackerel,Good,Manual_data
2025-01-09,20250109_130041.jpg,Mackerel,Good,Manual_data
